gid,beta,total_errors,playoff,season,date,home,away,home_elo,away_elo,team1,team2,elo1_pre,elo2_pre,elo_diff,season_int,AR
12100023,1,2,0,2022,2021-10-07,PHI,TOR,PHI,TOR,,,,,40.56189140000015,2022,0.5
21400880,2,2,0,2015,2015-03-01,BOS,GSW,BOS,GSW,BOS,GSW,1427.5938,1726.9042,-299.31039999999985,2015,1.0
21400883,1,3,0,2015,2015-03-01,HOU,CLE,HOU,CLE,HOU,CLE,1619.2689,1601.0841,18.184799999999996,2015,0.3333333333333333
21400884,0,1,0,2015,2015-03-01,DEN,NOP,DEN,NOP,DEN,NOP,1361.0129,1485.3468,-124.33390000000009,2015,0.0
21400888,2,4,0,2015,2015-03-02,MIN,LAC,MIN,LAC,MIN,LAC,1362.9276,1672.9873,-310.0597,2015,0.5
21400890,0,1,0,2015,2015-03-03,CHA,LAL,CHO,LAL,CHO,LAL,1464.8566,1356.0547,108.80190000000016,2015,0.0
21400893,0,4,0,2015,2015-03-03,CHI,WAS,CHI,WAS,CHI,WAS,1553.1472,1460.9078,92.23940000000016,2015,0.0
21400901,0,3,0,2015,2015-03-04,HOU,MEM,HOU,MEM,HOU,MEM,1617.4182,1604.6254,12.79280000000017,2015,0.0
21400904,1,1,0,2015,2015-03-04,OKC,PHI,OKC,PHI,OKC,PHI,1624.5492,1287.8823,336.66689999999994,2015,1.0
21400905,1,1,0,2015,2015-03-04,MIA,LAL,MIA,LAL,MIA,LAL,1465.8827,1354.4537,111.42900000000009,2015,1.0
21400908,4,5,0,2015,2015-03-04,LAC,POR,LAC,POR,LAC,POR,1675.7568,1622.5796,53.177200000000084,2015,0.8
21400909,0,1,0,2015,2015-03-05,CHI,OKC,CHI,OKC,CHI,OKC,1556.1786,1625.3306,-69.15200000000004,2015,0.0
21400913,1,1,0,2015,2015-03-06,ORL,SAC,ORL,SAC,ORL,SAC,1305.6655,1408.1774,-102.51189999999997,2015,1.0
21400916,2,5,0,2015,2015-03-06,BKN,PHX,BRK,PHO,BRK,PHO,1470.2637,1506.5392,-36.275499999999965,2015,0.4
21400918,0,2,0,2015,2015-03-06,MEM,LAL,MEM,LAL,MEM,LAL,1611.6025,1351.4318,260.1706999999999,2015,0.0
21400920,0,1,0,2015,2015-03-06,WAS,MIA,WAS,MIA,WAS,MIA,1457.8765,1468.9047,-11.02819999999997,2015,0.0
21400923,1,2,0,2015,2015-03-07,NOP,MEM,NOP,MEM,NOP,MEM,1478.9233,1613.0618,-134.13850000000002,2015,0.5
21400925,0,1,0,2015,2015-03-07,MIA,SAC,MIA,SAC,MIA,SAC,1465.5244,1401.0748,64.44959999999992,2015,0.0
21400926,0,1,0,2015,2015-03-07,NYK,IND,NYK,IND,NYK,IND,1279.8043,1513.2635,-233.4592,2015,0.0
21400929,1,1,0,2015,2015-03-07,MIL,WAS,MIL,WAS,MIL,WAS,1499.8068,1461.2567,38.55010000000016,2015,1.0
21400942,1,1,0,2015,2015-03-09,MIL,NOP,MIL,NOP,MIL,NOP,1504.1302,1487.6519,16.47829999999999,2015,1.0
21400951,0,1,0,2015,2015-03-10,LAL,DET,LAL,DET,LAL,DET,1345.0282,1429.8944,-84.86619999999994,2015,0.0
21400953,3,4,0,2015,2015-03-11,PHI,CHI,PHI,CHI,PHI,CHI,1302.8069,1533.4741,-230.66719999999987,2015,0.75
21400954,0,2,0,2015,2015-03-11,BOS,MEM,BOS,MEM,BOS,MEM,1443.986,1616.3285,-172.34249999999997,2015,0.0
21400962,1,3,0,2015,2015-03-12,IND,MIL,IND,MIL,IND,MIL,1523.3566,1490.2418,33.11480000000006,2015,0.3333333333333333
21400964,2,2,0,2015,2015-03-12,SAS,CLE,SAS,CLE,SAS,CLE,1653.1711,1644.6669,8.504200000000083,2015,1.0
21400969,0,2,0,2015,2015-03-13,BOS,ORL,BOS,ORL,BOS,ORL,1451.1381,1312.5569,138.58119999999985,2015,0.0
21400980,0,1,0,2015,2015-03-14,UTA,DET,UTA,DET,UTA,DET,1545.056,1416.6588,128.3972000000001,2015,0.0
21400982,1,1,0,2015,2015-03-15,OKC,CHI,OKC,CHI,OKC,CHI,1611.2052,1529.7437,81.46150000000011,2015,1.0
21400983,1,1,0,2015,2015-03-15,LAC,HOU,LAC,HOU,LAC,HOU,1652.2621,1601.9164,50.34569999999985,2015,1.0
21400984,6,10,0,2015,2015-03-15,NOP,DEN,NOP,DEN,NOP,DEN,1522.9375,1427.5206,95.41689999999994,2015,0.6
21400998,1,1,0,2015,2015-03-16,SAC,ATL,SAC,ATL,SAC,ATL,1394.6455,1654.6151,-259.9695999999999,2015,1.0
21400999,1,2,0,2015,2015-03-16,GSW,LAL,GSW,LAL,GSW,LAL,1723.3567,1336.0887,387.26800000000003,2015,0.5
21401001,3,7,0,2015,2015-03-17,NYK,SAS,NYK,SAS,NYK,SAS,1276.3857,1648.0088,-371.6231,2015,0.42857142857142855
21401003,0,2,0,2015,2015-03-17,NOP,MIL,NOP,MIL,NOP,MIL,1507.8823,1480.8778,27.004500000000007,2015,0.0
21401012,1,2,0,2015,2015-03-18,DAL,ORL,DAL,ORL,DAL,ORL,1581.9098,1303.5917,278.31809999999996,2015,0.5
21401016,1,6,0,2015,2015-03-19,NYK,MIN,NYK,MIN,NYK,MIN,1289.7482,1331.9044,-42.1561999999999,2015,0.16666666666666666
21401018,1,3,0,2015,2015-03-19,PHX,NOP,PHO,NOP,PHO,NOP,1501.4518,1510.267,-8.815200000000004,2015,0.3333333333333333
21401022,4,5,0,2015,2015-03-20,BKN,MIL,BRK,MIL,BRK,MIL,1443.1869,1469.6437,-26.456800000000158,2015,0.8
21401023,0,1,0,2015,2015-03-20,CLE,IND,CLE,IND,CLE,IND,1643.8861,1487.1711,156.71499999999992,2015,0.0
21401043,3,5,0,2015,2015-03-22,BOS,DET,BOS,DET,BOS,DET,1464.0114,1431.5424,32.46900000000005,2015,0.6
21401046,3,8,0,2015,2015-03-22,PHX,DAL,PHO,DAL,PHO,DAL,1529.691,1567.8274,-38.13639999999987,2015,0.375
21401052,1,3,0,2015,2015-03-23,UTA,MIN,UTA,MIN,UTA,MIN,1548.9791,1328.3145,220.66460000000006,2015,0.3333333333333333
21401054,0,1,0,2015,2015-03-24,DET,TOR,DET,TOR,DET,TOR,1445.3927,1542.5321,-97.1393999999998,2015,0.0
21401055,0,1,0,2015,2015-03-24,MIL,MIA,MIL,MIA,MIL,MIA,1454.9366,1481.4974,-26.560799999999972,2015,0.0
21401058,1,2,0,2015,2015-03-24,SAC,PHI,SAC,PHI,SAC,PHI,1414.632,1306.4329,108.19910000000004,2015,0.5
21401060,0,1,0,2015,2015-03-25,CHA,BKN,CHO,BRK,CHO,BRK,1458.2108,1441.8984,16.312400000000025,2015,0.0
21401063,1,1,0,2015,2015-03-25,WAS,IND,WAS,IND,WAS,IND,1502.514,1457.8428,44.6712,2015,1.0
21401067,4,6,0,2015,2015-03-25,MIN,LAL,MIN,LAL,MIN,LAL,1339.5403,1336.7478,2.792499999999791,2015,0.6666666666666666
21401069,2,2,0,2015,2015-03-25,DEN,PHI,DEN,PHI,DEN,PHI,1443.4148,1304.8269,138.5879,2015,1.0
21401070,2,2,0,2015,2015-03-25,UTA,POR,UTA,POR,UTA,POR,1537.7533,1595.2953,-57.541999999999916,2015,1.0
21401073,0,1,0,2015,2015-03-26,MIL,IND,MIL,IND,MIL,IND,1457.9591,1465.4594,-7.500299999999925,2015,0.0
21401076,2,5,0,2015,2015-03-27,WAS,CHA,WAS,CHO,WAS,CHO,1494.8975,1450.0568,44.84069999999997,2015,0.4
21401086,1,1,0,2015,2015-03-27,PHX,POR,PHO,POR,PHO,POR,1517.3494,1601.7861,-84.43669999999997,2015,1.0
21401092,1,1,0,2015,2015-03-29,CLE,PHI,CLE,PHI,CLE,PHI,1664.4309,1324.3451,340.08580000000006,2015,1.0
21401093,2,2,0,2015,2015-03-29,BKN,LAL,BRK,LAL,BRK,LAL,1463.7366,1340.4608,123.27579999999989,2015,1.0
21401099,1,3,0,2015,2015-03-29,IND,DAL,IND,DAL,IND,DAL,1461.1024,1564.2224,-103.12000000000012,2015,0.3333333333333333
21401102,1,2,0,2015,2015-03-30,PHI,LAL,PHI,LAL,PHI,LAL,1323.9053,1337.1229,-13.217600000000175,2015,0.5
21401104,1,1,0,2015,2015-03-30,TOR,HOU,TOR,HOU,TOR,HOU,1522.1833,1614.2944,-92.11110000000008,2015,1.0
21401108,0,2,0,2015,2015-03-31,BKN,IND,BRK,IND,BRK,IND,1467.0745,1468.2207,-1.1462000000001353,2015,0.0
21401117,1,2,0,2015,2015-04-01,HOU,SAC,HOU,SAC,HOU,SAC,1608.865,1424.0077,184.8572999999999,2015,0.5
21401118,1,2,0,2015,2015-04-01,MIL,CHI,MIL,CHI,MIL,CHI,1453.5896,1554.4697,-100.88010000000008,2015,0.5
21401120,1,2,0,2015,2015-04-01,OKC,DAL,OKC,DAL,OKC,DAL,1616.4795,1557.1041,59.3753999999999,2015,0.5
21401126,2,2,0,2015,2015-04-02,GSW,PHX,GSW,PHO,GSW,PHO,1779.6458,1490.397,289.2488000000001,2015,1.0
21401132,0,2,0,2015,2015-04-03,MEM,OKC,MEM,OKC,MEM,OKC,1578.1235,1606.121,-27.997500000000173,2015,0.0
21401135,0,2,0,2015,2015-04-03,SAC,NOP,SAC,NOP,SAC,NOP,1422.3337,1521.0076,-98.6739,2015,0.0
21401137,1,1,0,2015,2015-04-04,CHA,PHI,CHO,PHI,CHO,PHI,1451.1337,1313.9576,137.17610000000013,2015,1.0
21401140,1,3,0,2015,2015-04-04,TOR,BOS,TOR,BOS,TOR,BOS,1529.6567,1467.6959,61.96080000000006,2015,0.3333333333333333
21401143,0,1,0,2015,2015-04-04,MIL,ORL,MIL,ORL,MIL,ORL,1474.3682,1303.9574,170.41079999999988,2015,0.0
21401145,2,2,0,2015,2015-04-04,PHX,UTA,PHO,UTA,PHO,UTA,1489.8042,1539.6965,-49.89229999999998,2015,1.0
21401147,2,3,0,2015,2015-04-05,OKC,HOU,OKC,HOU,OKC,HOU,1599.2903,1620.7844,-21.494100000000117,2015,0.6666666666666666
21401148,1,2,0,2015,2015-04-05,CLE,CHI,CLE,CHI,CLE,CHI,1670.1493,1551.4613,118.6880000000001,2015,0.5
21401156,2,3,0,2015,2015-04-07,NOP,GSW,NOP,GSW,NOP,GSW,1524.5966,1774.8202,-250.22360000000003,2015,0.6666666666666666
21401161,1,1,0,2015,2015-04-08,ORL,CHI,ORL,CHI,ORL,CHI,1321.6888,1548.8119,-227.12310000000002,2015,1.0
21401171,0,1,0,2015,2015-04-08,DAL,PHX,DAL,PHO,DAL,PHO,1549.8549,1486.1526,63.70230000000015,2015,0.0
21401175,0,1,0,2015,2015-04-10,ORL,TOR,ORL,TOR,ORL,TOR,1328.9524,1539.6512,-210.69880000000012,2015,0.0
21401181,1,1,0,2015,2015-04-10,HOU,SAS,HOU,SAS,HOU,SAS,1623.349,1736.6826,-113.33360000000016,2015,1.0
21401184,2,3,0,2015,2015-04-10,DEN,DAL,DEN,DAL,DEN,DAL,1421.3248,1552.6273,-131.3025,2015,0.6666666666666666
21401185,1,1,0,2015,2015-04-10,UTA,MEM,UTA,MEM,UTA,MEM,1546.929,1582.0204,-35.09140000000002,2015,1.0
21401187,2,3,0,2015,2015-04-11,ORL,NYK,ORL,NYK,ORL,NYK,1325.882,1242.407,83.47500000000014,2015,0.6666666666666666
21401188,0,1,0,2015,2015-04-11,MIA,TOR,MIA,TOR,MIA,TOR,1453.8867,1542.7217,-88.83500000000004,2015,0.0
21401189,1,1,0,2015,2015-04-11,CHI,PHI,CHI,PHI,CHI,PHI,1553.5645,1289.8251,263.73939999999993,2015,1.0
21401191,1,1,0,2015,2015-04-11,POR,UTA,POR,UTA,POR,UTA,1611.9924,1541.8783,70.11410000000001,2015,1.0
21401197,1,2,0,2015,2015-04-12,IND,OKC,IND,OKC,IND,OKC,1495.1185,1577.9204,-82.80189999999993,2015,0.5
21401213,1,3,0,2015,2015-04-13,LAC,DEN,LAC,DEN,LAC,DEN,1697.5142,1424.59,272.92420000000016,2015,0.3333333333333333
21401215,4,6,0,2015,2015-04-14,IND,WAS,IND,WAS,IND,WAS,1506.0291,1515.874,-9.844900000000052,2015,0.6666666666666666
21401225,2,4,0,2015,2015-04-15,CLE,WAS,CLE,WAS,CLE,WAS,1627.9393,1511.4723,116.4670000000001,2015,0.5
21401227,1,1,0,2015,2015-04-15,PHI,MIA,PHI,MIA,PHI,MIA,1280.986,1451.0632,-170.07719999999995,2015,1.0
21401229,1,1,0,2015,2015-04-15,GSW,DEN,GSW,DEN,GSW,DEN,1771.4749,1423.2339,348.241,2015,1.0
21500009,1,3,0,2016,2015-10-28,TOR,IND,TOR,IND,TOR,IND,1501.545425,1504.903475,-3.3580500000000484,2016,0.3333333333333333
21500013,0,1,0,2016,2015-10-28,OKC,SAS,OKC,SAS,OKC,SAS,1563.671375,1666.97255,-103.30117500000006,2016,0.0
21500022,1,2,0,2016,2015-10-30,ORL,OKC,ORL,OKC,ORL,OKC,1357.17448,1571.498244,-214.3237640000002,2016,0.5
21500025,0,1,0,2016,2015-10-30,DET,CHI,DET,CHI,DET,CHI,1498.408109,1587.19088,-88.78277100000014,2016,0.0
21500026,2,2,0,2016,2015-10-30,ATL,CHA,ATL,CHO,ATL,CHO,1549.123263,1421.071319,128.05194400000005,2016,1.0
21500034,1,2,0,2016,2015-10-31,WAS,NYK,WAS,NYK,WAS,NYK,1545.398308,1348.170798,197.22750999999994,2016,0.5
21500039,1,2,0,2016,2015-11-01,CHA,ATL,CHO,ATL,CHO,ATL,1419.066415,1551.128167,-132.06175200000007,2016,0.5
21500047,0,1,0,2016,2015-11-02,BKN,MIL,BRK,MIL,BRK,MIL,1447.509117,1407.863724,39.64539300000001,2016,0.0
21500050,0,2,0,2016,2015-11-02,MIN,POR,MIN,POR,MIN,POR,1359.540925,1519.859497,-160.3185719999999,2016,0.0
21500052,0,1,0,2016,2015-11-02,LAC,PHX,LAC,PHO,LAC,PHO,1660.169234,1493.576643,166.59259099999986,2016,0.0
21500056,1,1,0,2016,2015-11-03,NOP,ORL,NOP,ORL,NOP,ORL,1502.281289,1352.209222,150.07206700000006,2016,1.0
21500057,0,2,0,2016,2015-11-03,DAL,TOR,DAL,TOR,DAL,TOR,1559.574148,1528.651209,30.922938999999815,2016,0.0
21500064,0,1,0,2016,2015-11-04,HOU,ORL,HOU,ORL,HOU,ORL,1558.685948,1371.88227,186.803678,2016,0.0
21500065,1,1,0,2016,2015-11-04,MIL,PHI,MIL,PHI,MIL,PHI,1420.948598,1313.480469,107.46812899999986,2016,1.0
21500066,2,2,0,2016,2015-11-04,OKC,TOR,OKC,TOR,OKC,TOR,1576.418708,1545.378036,31.04067199999986,2016,1.0
21500069,1,1,0,2016,2015-11-04,GSW,LAC,GSW,LAC,GSW,LAC,1773.666187,1662.429475,111.23671200000013,2016,1.0
21500070,1,2,0,2016,2015-11-05,CHI,OKC,CHI,OKC,CHI,OKC,1558.417007,1565.725131,-7.308123999999907,2016,0.5
21500075,2,4,0,2016,2015-11-06,ORL,TOR,ORL,TOR,ORL,TOR,1370.039391,1556.071614,-186.03222299999993,2016,0.5
21500085,0,1,0,2016,2015-11-07,CHI,MIN,CHI,MIN,CHI,MIN,1563.739631,1343.387617,220.35201399999983,2016,0.0
21500093,0,1,0,2016,2015-11-07,LAC,HOU,LAC,HOU,LAC,HOU,1659.955479,1567.12606,92.82941899999992,2016,0.0
21500094,1,1,0,2016,2015-11-08,CLE,IND,CLE,IND,CLE,IND,1673.599094,1493.639392,179.95970199999988,2016,1.0
21500095,1,3,0,2016,2015-11-08,NYK,LAL,NYK,LAL,NYK,LAL,1351.690534,1324.895438,26.795096000000058,2016,0.3333333333333333
21500101,3,3,0,2016,2015-11-09,ATL,MIN,ATL,MIN,ATL,MIN,1583.705723,1365.988919,217.71680400000014,2016,1.0
21500102,1,1,0,2016,2015-11-09,DEN,POR,DEN,POR,DEN,POR,1438.475732,1535.457421,-96.98168899999996,2016,1.0
21500109,0,2,0,2016,2015-11-10,TOR,NYK,TOR,NYK,TOR,NYK,1532.573698,1355.425299,177.14839899999993,2016,0.0
21500113,0,2,0,2016,2015-11-11,CHA,NYK,CHO,NYK,CHO,NYK,1469.478524,1365.748263,103.73026100000016,2016,0.0
21500118,0,1,0,2016,2015-11-11,DAL,LAC,DAL,LAC,DAL,LAC,1513.310044,1650.794247,-137.48420299999998,2016,0.0
21500121,2,2,0,2016,2015-11-11,DEN,MIL,DEN,MIL,DEN,MIL,1444.730058,1423.1193,21.610758000000033,2016,1.0
21500130,2,2,0,2016,2015-11-13,NYK,CLE,NYK,CLE,NYK,CLE,1363.784286,1677.8223,-314.038014,2016,1.0
21500135,1,2,0,2016,2015-11-13,DAL,LAL,DAL,LAL,DAL,LAL,1525.158141,1315.445256,209.71288499999991,2016,0.5
21500139,1,2,0,2016,2015-11-14,WAS,ORL,WAS,ORL,WAS,ORL,1491.854948,1399.40746,92.44748800000002,2016,0.5
21500141,3,4,0,2016,2015-11-14,MIL,CLE,MIL,CLE,MIL,CLE,1420.674888,1680.804047,-260.1291590000001,2016,0.75
21500144,1,2,0,2016,2015-11-14,GSW,BKN,GSW,BRK,GSW,BRK,1793.837115,1425.25127,368.58584500000006,2016,0.5
21500150,1,1,0,2016,2015-11-15,SAC,TOR,SAC,TOR,SAC,TOR,1415.983534,1538.564713,-122.58117900000002,2016,1.0
21500152,0,1,0,2016,2015-11-16,PHI,DAL,PHI,DAL,PHI,DAL,1279.383824,1544.492468,-265.1086439999999,2016,0.0
21500153,1,1,0,2016,2015-11-16,CHI,IND,CHI,IND,CHI,IND,1554.349954,1515.734705,38.61524899999995,2016,1.0
21500155,0,2,0,2016,2015-11-16,MEM,OKC,MEM,OKC,MEM,OKC,1555.839645,1569.353411,-13.513766000000032,2016,0.0
21500159,0,1,0,2016,2015-11-17,BKN,ATL,BRK,ATL,BRK,ATL,1424.417517,1547.895889,-123.47837199999981,2016,0.0
21500162,0,1,0,2016,2015-11-17,NYK,CHA,NYK,CHO,NYK,CHO,1370.128515,1477.768192,-107.63967699999989,2016,0.0
21500164,0,1,0,2016,2015-11-17,GSW,TOR,GSW,TOR,GSW,TOR,1794.670869,1530.178617,264.492252,2016,0.0
21500165,1,2,0,2016,2015-11-18,CHA,BKN,CHO,BRK,CHO,BRK,1468.432211,1429.674138,38.75807299999997,2016,0.5
21500166,0,1,0,2016,2015-11-18,ORL,MIN,ORL,MIN,ORL,MIN,1395.218924,1390.369246,4.84967800000004,2016,0.0
21500168,1,1,0,2016,2015-11-18,BOS,DAL,BOS,DAL,BOS,DAL,1561.33325,1548.301104,13.032146000000012,2016,1.0
21500170,2,2,0,2016,2015-11-18,HOU,POR,HOU,POR,HOU,POR,1512.930982,1504.440773,8.49020900000005,2016,1.0
21500173,0,1,0,2016,2015-11-18,UTA,TOR,UTA,TOR,UTA,TOR,1553.66667,1528.987845,24.67882499999996,2016,0.0
21500177,1,2,0,2016,2015-11-19,LAC,GSW,LAC,GSW,LAC,GSW,1625.848222,1795.861641,-170.01341899999989,2016,0.5
21500192,0,1,0,2016,2015-11-21,DET,WAS,DET,WAS,DET,WAS,1511.319038,1506.49558,4.823458000000073,2016,0.0
21500199,1,1,0,2016,2015-11-22,OKC,DAL,OKC,DAL,OKC,DAL,1553.826589,1563.927717,-10.101128000000017,2016,1.0
21500206,2,2,0,2016,2015-11-23,MIN,PHI,MIN,PHI,MIN,PHI,1376.901926,1258.286092,118.61583399999995,2016,1.0
21500213,2,2,0,2016,2015-11-24,POR,CHI,POR,CHI,POR,CHI,1520.534814,1563.585846,-43.05103199999985,2016,1.0
21500240,2,3,0,2016,2015-11-28,CLE,BKN,CLE,BRK,CLE,BRK,1669.782462,1427.270137,242.51232499999992,2016,0.6666666666666666
21500248,0,1,0,2016,2015-11-29,BKN,DET,BRK,DET,BRK,DET,1426.343134,1493.893708,-67.5505740000001,2016,0.0
21500250,0,1,0,2016,2015-11-29,TOR,PHX,TOR,PHO,TOR,PHO,1563.200925,1482.616981,80.5839440000002,2016,0.0
21500252,1,6,0,2016,2015-11-29,NYK,HOU,NYK,HOU,NYK,HOU,1375.269159,1488.155324,-112.88616500000012,2016,0.16666666666666666
21500255,1,2,0,2016,2015-11-30,MIA,BOS,MIA,BOS,MIA,BOS,1499.70731,1529.54028,-29.832969999999932,2016,0.5
21500256,1,2,0,2016,2015-11-30,ATL,OKC,ATL,OKC,ATL,OKC,1560.640414,1591.385579,-30.745165000000043,2016,0.5
21500257,4,4,0,2016,2015-11-30,CHI,SAS,CHI,SAS,CHI,SAS,1563.76449,1697.120408,-133.35591799999997,2016,1.0
21500264,1,1,0,2016,2015-12-01,BKN,PHX,BRK,PHO,BRK,PHO,1431.933416,1494.770622,-62.837205999999924,2016,1.0
21500265,1,1,0,2016,2015-12-01,MIN,ORL,MIN,ORL,MIN,ORL,1401.942983,1425.031383,-23.088400000000092,2016,1.0
21500267,0,1,0,2016,2015-12-01,POR,DAL,POR,DAL,POR,DAL,1508.482907,1538.908897,-30.425989999999956,2016,0.0
21500269,0,1,0,2016,2015-12-02,WAS,LAL,WAS,LAL,WAS,LAL,1493.780407,1292.215886,201.564521,2016,0.0
21500270,2,3,0,2016,2015-12-02,DET,PHX,DET,PHO,DET,PHO,1495.858018,1489.919937,5.938081000000011,2016,0.6666666666666666
21500277,2,3,0,2016,2015-12-03,MIA,OKC,MIA,OKC,MIA,OKC,1486.521872,1585.500204,-98.97833199999991,2016,0.6666666666666666
21500287,1,1,0,2016,2015-12-04,DAL,HOU,DAL,HOU,DAL,HOU,1545.998933,1492.08357,53.91536300000007,2016,1.0
21500288,0,1,0,2016,2015-12-04,NOP,CLE,NOP,CLE,NOP,CLE,1447.217535,1644.557059,-197.33952399999998,2016,0.0
21500296,2,4,0,2016,2015-12-05,SAS,BOS,SAS,BOS,SAS,BOS,1708.857974,1552.18116,156.67681399999992,2016,0.5
21500297,1,3,0,2016,2015-12-05,UTA,IND,UTA,IND,UTA,IND,1530.693419,1572.569367,-41.87594800000011,2016,0.3333333333333333
21500299,0,2,0,2016,2015-12-06,MEM,PHX,MEM,PHO,MEM,PHO,1558.298073,1481.529536,76.76853699999992,2016,0.0
21500306,0,1,0,2016,2015-12-07,MIA,WAS,MIA,WAS,MIA,WAS,1506.971763,1469.68358,37.28818300000012,2016,0.0
21500310,2,2,0,2016,2015-12-07,MIL,POR,MIL,POR,MIL,POR,1405.933758,1519.51232,-113.57856200000015,2016,1.0
21500311,1,1,0,2016,2015-12-07,MIN,LAC,MIN,LAC,MIN,LAC,1387.44837,1582.168667,-194.72029699999985,2016,1.0
21500315,2,4,0,2016,2015-12-08,BKN,HOU,BRK,HOU,BRK,HOU,1420.675774,1506.221624,-85.54584999999997,2016,0.5
21500321,1,1,0,2016,2015-12-09,WAS,HOU,WAS,HOU,WAS,HOU,1486.702043,1499.553952,-12.851908999999978,2016,1.0
21500322,0,1,0,2016,2015-12-09,DET,MEM,DET,MEM,DET,MEM,1496.410759,1527.324297,-30.91353799999979,2016,0.0
21500325,0,1,0,2016,2015-12-09,MIN,LAL,MIN,LAL,MIN,LAL,1383.133663,1298.341316,84.79234700000006,2016,0.0
21500326,0,3,0,2016,2015-12-09,PHX,ORL,PHO,ORL,PHO,ORL,1487.61737,1463.164702,24.452667999999903,2016,0.0
21500328,1,2,0,2016,2015-12-09,DAL,ATL,DAL,ATL,DAL,ATL,1555.858035,1553.742937,2.115097999999989,2016,0.5
21500332,1,1,0,2016,2015-12-10,SAC,NYK,SAC,NYK,SAC,NYK,1430.018561,1365.828794,64.18976700000007,2016,1.0
21500339,1,2,0,2016,2015-12-11,NOP,WAS,NOP,WAS,NOP,WAS,1442.243585,1476.347471,-34.1038860000001,2016,0.5
21500340,2,4,0,2016,2015-12-11,DEN,MIN,DEN,MIN,DEN,MIN,1411.716294,1384.940767,26.77552700000001,2016,0.5
21500341,0,1,0,2016,2015-12-11,UTA,OKC,UTA,OKC,UTA,OKC,1530.861162,1621.980341,-91.11917900000003,2016,0.0
21500344,1,1,0,2016,2015-12-12,BKN,LAC,BRK,LAC,BRK,LAC,1429.988814,1591.424008,-161.4351939999999,2016,1.0
21500345,1,2,0,2016,2015-12-12,CHA,BOS,CHO,BOS,CHO,BOS,1544.026359,1567.018875,-22.992516000000023,2016,0.5
21500348,1,3,0,2016,2015-12-12,CHI,NOP,CHI,NOP,CHI,NOP,1551.296782,1445.973234,105.32354799999985,2016,0.3333333333333333
21500356,1,3,0,2016,2015-12-13,OKC,UTA,OKC,UTA,OKC,UTA,1628.512742,1524.328761,104.1839809999999,2016,0.3333333333333333
21500359,4,4,0,2016,2015-12-14,DET,LAC,DET,LAC,DET,LAC,1513.278133,1596.957834,-83.67970100000002,2016,1.0
21500374,1,3,0,2016,2015-12-16,DET,BOS,DET,BOS,DET,BOS,1508.152545,1562.944965,-54.79241999999999,2016,0.3333333333333333
21500383,0,4,0,2016,2015-12-17,CHA,TOR,CHO,TOR,CHO,TOR,1522.85871,1558.232275,-35.3735650000001,2016,0.0
21500391,2,7,0,2016,2015-12-18,CHI,DET,CHI,DET,CHI,DET,1562.435909,1512.849915,49.58599400000003,2016,0.2857142857142857
21500392,1,2,0,2016,2015-12-18,MIN,SAC,MIN,SAC,MIN,SAC,1359.483413,1441.836413,-82.35300000000007,2016,0.5
21500395,1,1,0,2016,2015-12-18,UTA,DEN,UTA,DEN,UTA,DEN,1497.482747,1436.83983,60.642917000000125,2016,1.0
21500397,2,2,0,2016,2015-12-18,GSW,MIL,GSW,MIL,GSW,MIL,1811.30933,1407.885989,403.42334099999994,2016,1.0
21500399,1,1,0,2016,2015-12-19,WAS,CHA,WAS,CHO,WAS,CHO,1470.423448,1530.911526,-60.48807800000009,2016,1.0
21500407,1,1,0,2016,2015-12-20,ORL,ATL,ORL,ATL,ORL,ATL,1483.624278,1537.120949,-53.496671000000106,2016,1.0
21500415,0,1,0,2016,2015-12-21,HOU,CHA,HOU,CHO,HOU,CHO,1519.086755,1523.107023,-4.020267999999987,2016,0.0
21500418,0,3,0,2016,2015-12-21,LAC,OKC,LAC,OKC,LAC,OKC,1591.877335,1636.169843,-44.292508,2016,0.0
21500420,2,2,0,2016,2015-12-22,MIA,DET,MIA,DET,MIA,DET,1496.568186,1521.777407,-25.20922100000007,2016,1.0
21500422,1,1,0,2016,2015-12-22,DEN,LAL,DEN,LAL,DEN,LAL,1422.646613,1293.499843,129.14676999999983,2016,1.0
21500425,0,2,0,2016,2015-12-23,IND,SAC,IND,SAC,IND,SAC,1563.218046,1448.244655,114.97339099999999,2016,0.0
21500426,0,2,0,2016,2015-12-23,ORL,HOU,ORL,HOU,ORL,HOU,1487.053752,1524.794578,-37.74082599999997,2016,0.0
21500428,1,1,0,2016,2015-12-23,BKN,DAL,BRK,DAL,BRK,DAL,1381.996703,1533.407646,-151.4109430000001,2016,1.0
21500438,0,1,0,2016,2015-12-25,GSW,CLE,GSW,CLE,GSW,CLE,1814.13311,1659.997527,154.135583,2016,0.0
21500439,0,1,0,2016,2015-12-25,HOU,SAS,HOU,SAS,HOU,SAS,1520.413407,1747.610519,-227.19711200000006,2016,0.0
21500443,1,1,0,2016,2015-12-26,CHA,MEM,CHO,MEM,CHO,MEM,1501.879536,1506.901263,-5.021727000000055,2016,1.0
21500444,0,1,0,2016,2015-12-26,ORL,MIA,ORL,MIA,ORL,MIA,1491.434924,1496.124556,-4.689632000000074,2016,0.0
21500445,1,2,0,2016,2015-12-26,NOP,HOU,NOP,HOU,NOP,HOU,1469.179242,1529.922593,-60.743351000000075,2016,0.5
21500452,1,1,0,2016,2015-12-26,UTA,LAC,UTA,LAC,UTA,LAC,1509.992742,1591.501708,-81.5089660000001,2016,1.0
21500470,0,1,0,2016,2015-12-29,HOU,ATL,HOU,ATL,HOU,ATL,1525.764941,1553.792182,-28.027241000000004,2016,0.0
21500475,2,2,0,2016,2015-12-30,ORL,BKN,ORL,BRK,ORL,BRK,1488.606452,1381.291774,107.31467799999996,2016,1.0
21500476,2,3,0,2016,2015-12-30,BOS,LAL,BOS,LAL,BOS,LAL,1575.768125,1287.194525,288.57359999999994,2016,0.6666666666666666
21500478,1,1,0,2016,2015-12-30,CHI,IND,CHI,IND,CHI,IND,1543.387459,1568.636655,-25.249195999999984,2016,1.0
21500483,1,1,0,2016,2015-12-30,SAC,PHI,SAC,PHI,SAC,PHI,1448.283648,1232.488213,215.795435,2016,1.0
21500501,2,4,0,2016,2016-01-02,DAL,NOP,DAL,NOP,DAL,NOP,1558.651139,1458.411207,100.23993199999995,2016,0.5
21500503,2,2,0,2016,2016-01-02,UTA,MEM,UTA,MEM,UTA,MEM,1498.073425,1511.023847,-12.95042199999989,2016,1.0
21500504,0,2,0,2016,2016-01-02,GSW,DEN,GSW,DEN,GSW,DEN,1790.488068,1412.389054,378.0990140000001,2016,0.0
21500507,1,1,0,2016,2016-01-03,TOR,CHI,TOR,CHI,TOR,CHI,1566.760343,1553.500643,13.259699999999839,2016,1.0
21500515,2,2,0,2016,2016-01-04,MIA,IND,MIA,IND,MIA,IND,1527.949407,1558.233203,-30.28379599999994,2016,1.0
21500518,1,3,0,2016,2016-01-04,UTA,HOU,UTA,HOU,UTA,HOU,1503.037864,1509.738546,-6.700682000000143,2016,0.3333333333333333
21500521,1,2,0,2016,2016-01-05,ATL,NYK,ATL,NYK,ATL,NYK,1547.245466,1408.266617,138.97884900000008,2016,0.5
21500523,3,6,0,2016,2016-01-05,DAL,SAC,DAL,SAC,DAL,SAC,1543.424583,1469.655979,73.7686040000001,2016,0.5
21500533,1,4,0,2016,2016-01-06,PHX,CHA,PHO,CHO,PHO,CHO,1389.548322,1482.287283,-92.73896099999979,2016,0.25
21500544,1,1,0,2016,2016-01-08,NOP,IND,NOP,IND,NOP,IND,1462.868838,1564.162715,-101.29387699999984,2016,1.0
21500547,0,1,0,2016,2016-01-08,PHX,MIA,PHO,MIA,PHO,MIA,1399.023713,1515.439867,-116.416154,2016,0.0
21500549,1,2,0,2016,2016-01-08,LAL,OKC,LAL,OKC,LAL,OKC,1326.787926,1630.131823,-303.34389699999997,2016,0.5
21500558,1,1,0,2016,2016-01-10,LAC,NOP,LAC,NOP,LAC,NOP,1642.654532,1455.86492,186.78961200000003,2016,1.0
21500560,0,1,0,2016,2016-01-10,MEM,BOS,MEM,BOS,MEM,BOS,1520.712832,1531.529622,-10.816790000000083,2016,0.0
21500561,2,3,0,2016,2016-01-10,HOU,IND,HOU,IND,HOU,IND,1522.171872,1571.166633,-48.99476100000015,2016,0.6666666666666666
21500575,4,6,0,2016,2016-01-12,DAL,CLE,DAL,CLE,DAL,CLE,1556.242828,1667.860897,-111.6180690000001,2016,0.6666666666666666
21500576,1,2,0,2016,2016-01-12,LAL,NOP,LAL,NOP,LAL,NOP,1315.513817,1454.400791,-138.886974,2016,0.5
21500579,1,1,0,2016,2016-01-13,BKN,NYK,BRK,NYK,BRK,NYK,1353.689855,1454.133292,-100.4434369999999,2016,1.0
21500580,0,2,0,2016,2016-01-13,BOS,IND,BOS,IND,BOS,IND,1520.430099,1570.379173,-49.94907400000011,2016,0.0
21500581,0,1,0,2016,2016-01-13,HOU,MIN,HOU,MIN,HOU,MIN,1546.766697,1326.728856,220.03784100000007,2016,0.0
21500583,0,1,0,2016,2016-01-13,DEN,GSW,DEN,GSW,DEN,GSW,1412.9241,1807.238097,-394.313997,2016,0.0
21500587,2,3,0,2016,2016-01-14,PHI,CHI,PHI,CHI,PHI,CHI,1236.931388,1529.356489,-292.42510100000004,2016,0.6666666666666666
21500588,1,2,0,2016,2016-01-14,ORL,TOR,ORL,TOR,,,,,-186.03222299999993,2016,0.5
21500589,2,2,0,2016,2016-01-14,MEM,DET,MEM,DET,MEM,DET,1505.216223,1521.234891,-16.01866800000016,2016,1.0
21500591,0,2,0,2016,2016-01-14,UTA,SAC,UTA,SAC,UTA,SAC,1497.254724,1448.484213,48.77051099999994,2016,0.0
21500598,0,1,0,2016,2016-01-15,NOP,CHA,NOP,CHO,NOP,CHO,1464.218331,1481.472048,-17.25371700000005,2016,0.0
21500599,1,2,0,2016,2016-01-15,MIL,ATL,MIL,ATL,MIL,ATL,1418.969639,1534.455893,-115.48625400000014,2016,0.5
21500604,2,2,0,2016,2016-01-16,WAS,BOS,WAS,BOS,WAS,BOS,1515.686208,1532.728771,-17.042562999999973,2016,1.0
21500613,0,1,0,2016,2016-01-17,DEN,IND,DEN,IND,DEN,IND,1417.679073,1540.816037,-123.13696400000003,2016,0.0
21500615,5,7,0,2016,2016-01-18,NYK,PHI,NYK,PHI,NYK,PHI,1441.854358,1266.941212,174.9131460000001,2016,0.7142857142857143
21500616,2,2,0,2016,2016-01-18,CHA,UTA,CHO,UTA,CHO,UTA,1458.405448,1495.447403,-37.041954999999916,2016,1.0
21500623,2,2,0,2016,2016-01-18,DAL,BOS,DAL,BOS,DAL,BOS,1549.201442,1539.116858,10.08458399999995,2016,1.0
21500624,1,1,0,2016,2016-01-18,LAC,HOU,LAC,HOU,LAC,HOU,1630.113984,1545.091675,85.02230900000018,2016,1.0
21500632,3,4,0,2016,2016-01-20,NYK,UTA,NYK,UTA,NYK,UTA,1444.015054,1489.948441,-45.93338700000004,2016,0.75
21500633,1,1,0,2016,2016-01-20,TOR,BOS,TOR,BOS,TOR,BOS,1582.958384,1534.632459,48.3259250000001,2016,1.0
21500637,1,3,0,2016,2016-01-20,DAL,MIN,DAL,MIN,DAL,MIN,1553.685841,1337.059137,216.62670400000002,2016,0.3333333333333333
21500639,2,2,0,2016,2016-01-20,POR,ATL,POR,ATL,POR,ATL,1493.179249,1538.049447,-44.87019800000007,2016,1.0
21500642,1,1,0,2016,2016-01-21,DEN,MEM,DEN,MEM,DEN,MEM,1419.045398,1515.818303,-96.77290500000004,2016,1.0
21500643,2,2,0,2016,2016-01-21,SAC,ATL,SAC,ATL,SAC,ATL,1486.828356,1547.411902,-60.58354600000007,2016,1.0
21500645,2,2,0,2016,2016-01-22,ORL,CHA,ORL,CHO,ORL,CHO,1422.365581,1460.496865,-38.13128400000005,2016,1.0
21500658,1,1,0,2016,2016-01-23,MIN,MEM,MIN,MEM,MIN,MEM,1334.475902,1519.908315,-185.432413,2016,1.0
21500661,0,1,0,2016,2016-01-23,DEN,DET,DEN,DET,DEN,DET,1414.955386,1529.986169,-115.03078299999993,2016,0.0
21500670,1,2,0,2016,2016-01-25,MEM,ORL,MEM,ORL,MEM,ORL,1510.533835,1414.539416,95.99441899999988,2016,0.5
21500673,2,2,0,2016,2016-01-25,UTA,DET,UTA,DET,UTA,DET,1497.876739,1524.082856,-26.20611699999995,2016,1.0
21500674,2,4,0,2016,2016-01-25,SAC,CHA,SAC,CHO,SAC,CHO,1500.541626,1475.358187,25.183438999999908,2016,0.5
21500676,1,2,0,2016,2016-01-26,IND,LAC,IND,LAC,IND,LAC,1528.124258,1629.855676,-101.73141799999985,2016,0.5
21500679,1,2,0,2016,2016-01-26,NYK,OKC,NYK,OKC,NYK,OKC,1428.42337,1637.406444,-208.983074,2016,0.5
21500683,0,1,0,2016,2016-01-26,LAL,DAL,LAL,DAL,LAL,DAL,1289.348688,1542.568832,-253.2201439999999,2016,0.0
21500687,1,1,0,2016,2016-01-27,ATL,LAC,ATL,LAC,ATL,LAC,1547.289066,1634.656812,-87.3677459999999,2016,1.0
21500688,1,1,0,2016,2016-01-27,MIN,OKC,MIN,OKC,MIN,OKC,1342.696292,1642.358383,-299.6620909999999,2016,1.0
21500693,1,2,0,2016,2016-01-28,WAS,DEN,WAS,DEN,WAS,DEN,1474.982241,1405.916836,69.06540499999983,2016,0.5
21500703,0,1,0,2016,2016-01-29,MIL,MIA,MIL,MIA,MIL,MIA,1450.496337,1488.157768,-37.66143099999999,2016,0.0
21500709,1,1,0,2016,2016-01-30,IND,DEN,IND,DEN,IND,DEN,1534.764784,1416.532597,118.23218700000007,2016,1.0
21500711,1,2,0,2016,2016-01-30,HOU,WAS,HOU,WAS,HOU,WAS,1534.720921,1464.36648,70.35444100000018,2016,0.5
21500721,2,3,0,2016,2016-02-01,IND,CLE,IND,CLE,IND,CLE,1537.151349,1670.492209,-133.34086000000002,2016,0.6666666666666666
21500722,1,1,0,2016,2016-02-01,BKN,DET,BRK,DET,BRK,DET,1334.315431,1522.227026,-187.91159500000003,2016,1.0
21500728,0,1,0,2016,2016-02-01,UTA,CHI,UTA,CHI,UTA,CHI,1507.967489,1533.520642,-25.553153000000066,2016,0.0
21500734,2,2,0,2016,2016-02-02,LAL,MIN,LAL,MIN,LAL,MIN,1264.585688,1335.13193,-70.54624200000012,2016,1.0
21500740,1,1,0,2016,2016-02-03,OKC,ORL,OKC,ORL,OKC,ORL,1652.201174,1409.679261,242.52191300000004,2016,1.0
21500741,1,1,0,2016,2016-02-03,DAL,MIA,DAL,MIA,DAL,MIA,1538.037257,1500.325402,37.711855000000014,2016,1.0
21500743,1,2,0,2016,2016-02-03,UTA,DEN,UTA,DEN,UTA,DEN,1515.215285,1436.314955,78.90032999999994,2016,0.5
21500744,0,1,0,2016,2016-02-03,SAC,CHI,SAC,CHI,SAC,CHI,1480.187429,1526.272846,-46.08541700000001,2016,0.0
21500745,2,2,0,2016,2016-02-03,LAC,MIN,LAC,MIN,LAC,MIN,1649.263085,1329.475706,319.7873790000001,2016,1.0
21500746,0,1,0,2016,2016-02-04,DET,NYK,DET,NYK,DET,NYK,1522.669854,1416.17914,106.49071400000003,2016,0.0
21500749,1,1,0,2016,2016-02-04,PHX,HOU,PHO,HOU,PHO,HOU,1334.982258,1535.374914,-200.392656,2016,1.0
21500750,1,2,0,2016,2016-02-05,ATL,IND,ATL,IND,ATL,IND,1543.268497,1539.465558,3.802938999999924,2016,0.5
21500751,2,2,0,2016,2016-02-05,CHA,MIA,CHO,MIA,CHO,MIA,1484.019006,1508.97577,-24.95676400000002,2016,1.0
21500755,0,1,0,2016,2016-02-05,CLE,BOS,CLE,BOS,CLE,BOS,1662.888455,1579.465075,83.42337999999995,2016,0.0
21500756,2,4,0,2016,2016-02-05,NYK,MEM,NYK,MEM,NYK,MEM,1413.079931,1542.77828,-129.698349,2016,0.5
21500757,1,1,0,2016,2016-02-05,DEN,CHI,DEN,CHI,DEN,CHI,1433.403545,1534.75964,-101.3560950000001,2016,1.0
21500758,0,1,0,2016,2016-02-05,UTA,MIL,UTA,MIL,UTA,MIL,1518.126695,1432.218425,85.9082699999999,2016,0.0
21500761,1,2,0,2016,2016-02-06,CHA,WAS,CHO,WAS,CHO,WAS,1476.806283,1466.558492,10.247791000000007,2016,0.5
21500765,4,5,0,2016,2016-02-06,MEM,DAL,MEM,DAL,MEM,DAL,1549.687476,1518.140577,31.546899000000167,2016,0.8
21500767,1,1,0,2016,2016-02-06,SAS,LAL,SAS,LAL,SAS,LAL,1774.924927,1282.866922,492.0580050000001,2016,1.0
21500769,1,1,0,2016,2016-02-06,GSW,OKC,GSW,OKC,GSW,OKC,1833.25517,1653.273687,179.9814829999998,2016,1.0
21500770,2,3,0,2016,2016-02-07,NYK,DEN,NYK,DEN,NYK,DEN,1406.170735,1440.476062,-34.305327000000034,2016,0.6666666666666666
21500771,0,1,0,2016,2016-02-07,ORL,ATL,ORL,ATL,ORL,ATL,1400.745132,1548.336445,-147.5913129999999,2016,0.0
21500777,1,2,0,2016,2016-02-08,PHI,LAC,PHI,LAC,PHI,LAC,1273.031529,1643.564305,-370.532776,2016,0.5
21500780,1,3,0,2016,2016-02-08,ATL,ORL,ATL,ORL,ATL,ORL,1542.629547,1406.45203,136.17751700000008,2016,0.3333333333333333
21500781,1,1,0,2016,2016-02-08,MEM,POR,MEM,POR,MEM,POR,1540.064035,1526.80543,13.258605000000216,2016,1.0
21500787,2,3,0,2016,2016-02-09,DAL,UTA,DAL,UTA,DAL,UTA,1527.764019,1527.368693,0.39532600000006823,2016,0.6666666666666666
21500792,1,2,0,2016,2016-02-10,BOS,LAC,BOS,LAC,BOS,LAC,1585.038277,1645.77693,-60.738652999999886,2016,0.5
21500805,2,3,0,2016,2016-02-19,ORL,DAL,ORL,DAL,ORL,DAL,1421.492826,1521.032923,-99.54009700000006,2016,0.6666666666666666
21500808,0,1,0,2016,2016-02-19,ATL,MIA,ATL,MIA,ATL,MIA,1549.740385,1500.93208,48.80830500000002,2016,0.0
21500810,1,2,0,2016,2016-02-19,MEM,MIN,MEM,MIN,MEM,MIN,1539.504541,1360.725528,178.77901300000008,2016,0.5
21500813,0,1,0,2016,2016-02-19,MIL,CHA,MIL,CHO,MIL,CHO,1441.203874,1520.133701,-78.92982699999993,2016,0.0
21500819,1,3,0,2016,2016-02-20,ATL,MIL,ATL,MIL,ATL,MIL,1539.661755,1435.172973,104.48878200000013,2016,0.3333333333333333
21500829,0,1,0,2016,2016-02-21,TOR,MEM,TOR,MEM,TOR,MEM,1597.800698,1541.430023,56.37067500000012,2016,0.0
21500832,0,1,0,2016,2016-02-21,POR,UTA,POR,UTA,POR,UTA,1586.175419,1531.125195,55.050223999999844,2016,0.0
21500834,2,18,0,2016,2016-02-22,MIA,IND,MIA,IND,MIA,IND,1520.58293,1530.106716,-9.523785999999973,2016,0.1111111111111111
21500842,2,2,0,2016,2016-02-23,DEN,SAC,DEN,SAC,DEN,SAC,1442.529997,1462.481872,-19.951874999999973,2016,1.0
21500843,0,6,0,2016,2016-02-23,UTA,HOU,UTA,HOU,UTA,HOU,1527.855256,1518.712418,9.142837999999983,2016,0.0
21500844,0,2,0,2016,2016-02-23,POR,BKN,POR,BRK,POR,BRK,1589.445358,1323.782793,265.66256499999986,2016,0.0
21500846,1,3,0,2016,2016-02-24,IND,NYK,IND,NYK,IND,NYK,1523.796469,1380.124204,143.67226499999992,2016,0.3333333333333333
21500848,3,3,0,2016,2016-02-24,MIA,GSW,MIA,GSW,MIA,GSW,1526.893177,1807.158999,-280.26582200000007,2016,1.0
21500849,2,3,0,2016,2016-02-24,TOR,MIN,TOR,MIN,TOR,MIN,1616.945816,1354.625645,262.32017099999985,2016,0.6666666666666666
21500853,0,2,0,2016,2016-02-24,LAC,DEN,LAC,DEN,LAC,DEN,1656.197208,1434.243077,221.95413099999996,2016,0.0
21500861,1,1,0,2016,2016-02-26,IND,CHA,IND,CHO,IND,CHO,1525.643476,1528.558976,-2.9155000000000655,2016,1.0
21500862,3,4,0,2016,2016-02-26,PHI,WAS,PHI,WAS,PHI,WAS,1249.806223,1479.390157,-229.583934,2016,0.75
21500864,0,1,0,2016,2016-02-26,TOR,CLE,TOR,CLE,TOR,CLE,1618.613523,1673.543193,-54.92966999999999,2016,0.0
21500866,3,5,0,2016,2016-02-26,DAL,DEN,DAL,DEN,DAL,DEN,1505.116136,1452.25153,52.864606000000094,2016,0.6
21500874,2,2,0,2016,2016-02-27,OKC,GSW,OKC,GSW,OKC,GSW,1630.078986,1814.524913,-184.44592699999998,2016,1.0
21500884,0,1,0,2016,2016-02-29,CLE,IND,CLE,IND,CLE,IND,1652.401022,1508.810665,143.59035700000004,2016,0.0
21500886,0,2,0,2016,2016-02-29,BOS,UTA,BOS,UTA,BOS,UTA,1593.138115,1512.552116,80.5859989999999,2016,0.0
21500888,2,3,0,2016,2016-02-29,DEN,MEM,DEN,MEM,DEN,MEM,1448.211352,1532.697559,-84.48620699999992,2016,0.6666666666666666
21500895,5,6,0,2016,2016-03-01,GSW,ATL,GSW,ATL,GSW,ATL,1818.513394,1534.059073,284.45432100000016,2016,0.8333333333333334
21500896,1,1,0,2016,2016-03-01,LAL,BKN,LAL,BRK,LAL,BRK,1265.913213,1344.978421,-79.06520799999998,2016,1.0
21500901,1,1,0,2016,2016-03-02,HOU,NOP,HOU,NOP,HOU,NOP,1523.267249,1471.751483,51.515765999999985,2016,1.0
21500902,0,1,0,2016,2016-03-02,MEM,SAC,MEM,SAC,MEM,SAC,1541.596164,1446.848146,94.748018,2016,0.0
21500915,1,2,0,2016,2016-03-04,BOS,NYK,BOS,NYK,BOS,NYK,1608.584254,1365.364371,243.2198830000002,2016,0.5
21500916,0,1,0,2016,2016-03-04,TOR,POR,TOR,POR,TOR,POR,1614.038479,1587.665488,26.372990999999956,2016,0.0
21500920,1,3,0,2016,2016-03-04,DEN,BKN,DEN,BRK,DEN,BRK,1442.351627,1337.830775,104.5208520000001,2016,0.3333333333333333
21500933,4,4,0,2016,2016-03-06,DEN,DAL,DEN,DAL,DEN,DAL,1434.962911,1511.365775,-76.40286399999991,2016,1.0
21500936,2,3,0,2016,2016-03-06,TOR,HOU,TOR,HOU,TOR,HOU,1616.897424,1518.996001,97.90142300000002,2016,0.6666666666666666
21500938,1,3,0,2016,2016-03-07,CLE,MEM,CLE,MEM,CLE,MEM,1668.507285,1526.320883,142.18640199999982,2016,0.3333333333333333
21500939,1,1,0,2016,2016-03-07,IND,SAS,IND,SAS,IND,SAS,1515.304673,1794.944778,-279.64010499999995,2016,1.0
21500941,1,1,0,2016,2016-03-07,NOP,SAC,NOP,SAC,NOP,SAC,1450.202462,1452.013639,-1.8111770000000433,2016,1.0
21500944,2,5,0,2016,2016-03-08,TOR,BKN,TOR,BRK,TOR,BRK,1602.978072,1336.576459,266.401613,2016,0.4
21500948,2,3,0,2016,2016-03-08,POR,WAS,POR,WAS,POR,WAS,1569.546767,1498.293955,71.25281199999995,2016,0.6666666666666666
21500950,1,1,0,2016,2016-03-09,CHA,NOP,CHO,NOP,CHO,NOP,1545.467047,1453.958811,91.50823600000012,2016,1.0
21500952,2,5,0,2016,2016-03-09,MIL,MIA,MIL,MIA,MIL,MIA,1431.732258,1546.383507,-114.651249,2016,0.4
21500954,1,2,0,2016,2016-03-09,DAL,DET,DAL,DET,DAL,DET,1492.603483,1518.959199,-26.355715999999802,2016,0.5
21500957,0,2,0,2016,2016-03-09,SAC,CLE,SAC,CLE,SAC,CLE,1448.257291,1657.395378,-209.13808700000004,2016,0.0
21500967,4,7,0,2016,2016-03-11,MEM,NOP,MEM,NOP,MEM,NOP,1529.330006,1449.750488,79.57951800000001,2016,0.5714285714285714
21500968,0,1,0,2016,2016-03-11,OKC,MIN,OKC,MIN,OKC,MIN,1643.041028,1346.255712,296.7853160000002,2016,0.0
21500977,3,4,0,2016,2016-03-12,TOR,MIA,TOR,MIA,TOR,MIA,1609.408996,1558.097938,51.311057999999775,2016,0.75
21500985,1,2,0,2016,2016-03-13,BKN,MIL,BRK,MIL,BRK,MIL,1327.273979,1447.422702,-120.14872300000002,2016,0.5
21500987,0,2,0,2016,2016-03-13,LAL,NYK,LAL,NYK,LAL,NYK,1308.734543,1399.340916,-90.60637300000008,2016,0.0
21500995,1,3,0,2016,2016-03-14,PHX,MIN,PHO,MIN,PHO,MIN,1310.954878,1361.122322,-50.16744399999993,2016,0.3333333333333333
21501005,2,6,0,2016,2016-03-16,CLE,DAL,CLE,DAL,CLE,DAL,1678.940198,1492.249135,186.69106299999999,2016,0.3333333333333333
21501007,2,2,0,2016,2016-03-16,DET,ATL,DET,ATL,DET,ATL,1502.445402,1586.542512,-84.09710999999993,2016,1.0
21501012,2,4,0,2016,2016-03-17,IND,TOR,IND,TOR,IND,TOR,1535.084308,1616.880704,-81.79639599999996,2016,0.5
21501013,1,7,0,2016,2016-03-17,PHI,WAS,PHI,WAS,PHI,WAS,1218.051629,1506.247753,-288.19612400000005,2016,0.14285714285714285
21501014,2,2,0,2016,2016-03-17,MIA,CHA,MIA,CHO,MIA,CHO,1556.373916,1550.130467,6.243449000000055,2016,1.0
21501027,0,4,0,2016,2016-03-18,LAL,PHX,LAL,PHO,LAL,PHO,1294.36955,1310.355036,-15.985486000000037,2016,0.0
21501036,0,1,0,2016,2016-03-19,SAS,GSW,SAS,GSW,SAS,GSW,1794.011891,1796.474909,-2.46301799999992,2016,0.0
21501037,2,6,0,2016,2016-03-20,DAL,POR,DAL,POR,DAL,POR,1484.84724,1569.72275,-84.87550999999985,2016,0.3333333333333333
21501038,1,1,0,2016,2016-03-20,TOR,ORL,TOR,ORL,TOR,ORL,1632.562129,1392.956554,239.60557499999982,2016,1.0
21501043,0,3,0,2016,2016-03-21,CHA,SAS,CHO,SAS,CHO,SAS,1541.229063,1800.129862,-258.900799,2016,0.0
21501047,6,6,0,2016,2016-03-21,DET,MIL,DET,MIL,DET,MIL,1502.625462,1441.818863,60.806599000000006,2016,1.0
21501049,2,2,0,2016,2016-03-21,CHI,SAC,CHI,SAC,CHI,SAC,1467.113567,1417.194793,49.91877400000021,2016,1.0
21501050,0,3,0,2016,2016-03-21,MIN,GSW,MIN,GSW,MIN,GSW,1370.136401,1790.356938,-420.2205369999999,2016,0.0
21501051,0,2,0,2016,2016-03-21,PHX,MEM,PHO,MEM,PHO,MEM,1319.689088,1495.621235,-175.932147,2016,0.0
21501054,2,3,0,2016,2016-03-22,OKC,HOU,OKC,HOU,OKC,HOU,1666.664434,1538.870705,127.79372899999998,2016,0.6666666666666666
21501061,2,5,0,2016,2016-03-23,HOU,UTA,HOU,UTA,HOU,UTA,1536.599609,1543.664529,-7.064919999999802,2016,0.4
21501072,4,5,0,2016,2016-03-24,LAC,POR,LAC,POR,LAC,POR,1603.794391,1562.575826,41.2185649999999,2016,0.8
21501073,5,14,0,2016,2016-03-25,WAS,MIN,WAS,MIN,WAS,MIN,1516.713573,1376.43716,140.27641300000005,2016,0.35714285714285715
21501090,1,2,0,2016,2016-03-26,PHX,BOS,PHO,BOS,PHO,BOS,1313.295519,1582.880119,-269.5845999999999,2016,0.5
21501091,1,2,0,2016,2016-03-26,POR,PHI,POR,PHI,POR,PHI,1559.907876,1205.741167,354.1667090000001,2016,0.5
21501093,1,4,0,2016,2016-03-27,IND,HOU,IND,HOU,IND,HOU,1512.3623,1535.481402,-23.119101999999884,2016,0.25
21501099,2,2,0,2016,2016-03-28,CHI,ATL,CHI,ATL,CHI,ATL,1430.635348,1619.803385,-189.1680369999999,2016,1.0
21501102,1,5,0,2016,2016-03-28,NOP,NYK,NOP,NYK,NOP,NYK,1425.971032,1404.874911,21.096120999999812,2016,0.2
21501107,1,1,0,2016,2016-03-29,IND,CHI,IND,CHI,IND,CHI,1516.482229,1427.257959,89.22426999999993,2016,1.0
21501110,2,2,0,2016,2016-03-29,DET,OKC,DET,OKC,DET,OKC,1501.480566,1710.732467,-209.2519010000001,2016,1.0
21501111,1,1,0,2016,2016-03-29,CLE,HOU,CLE,HOU,CLE,HOU,1659.079977,1531.361474,127.71850300000006,2016,1.0
21501117,2,5,0,2016,2016-03-30,DAL,NYK,DAL,NYK,DAL,NYK,1487.743893,1399.371109,88.37278400000014,2016,0.4
21501119,0,4,0,2016,2016-03-30,UTA,GSW,UTA,GSW,UTA,GSW,1556.353201,1798.489487,-242.13628600000015,2016,0.0
21501121,0,1,0,2016,2016-03-30,LAL,MIA,LAL,MIA,LAL,MIA,1269.524758,1580.732699,-311.2079409999999,2016,0.0
21501124,3,3,0,2016,2016-03-31,HOU,CHI,HOU,CHI,HOU,CHI,1546.256414,1435.778629,110.47778500000004,2016,1.0
21501125,0,3,0,2016,2016-03-31,NOP,DEN,NOP,DEN,NOP,DEN,1430.56173,1459.8372,-29.27547000000004,2016,0.0
21501126,0,4,0,2016,2016-03-31,OKC,LAC,OKC,LAC,OKC,LAC,1699.679189,1631.234545,68.44464399999993,2016,0.0
21501127,1,2,0,2016,2016-03-31,POR,BOS,POR,BOS,POR,BOS,1564.564299,1574.509244,-9.944945000000189,2016,0.5
21501131,5,9,0,2016,2016-04-01,ATL,CLE,ATL,CLE,ATL,CLE,1616.876648,1646.282746,-29.406098000000156,2016,0.5555555555555556
21501132,3,4,0,2016,2016-04-01,MEM,TOR,MEM,TOR,MEM,TOR,1472.833437,1620.183825,-147.35038800000007,2016,0.75
21501133,2,4,0,2016,2016-04-01,MIL,ORL,MIL,ORL,MIL,ORL,1421.120488,1437.970855,-16.850367000000006,2016,0.5
21501135,1,3,0,2016,2016-04-01,SAC,MIA,SAC,MIA,SAC,MIA,1434.063562,1571.763291,-137.69972899999993,2016,0.3333333333333333
21501139,1,2,0,2016,2016-04-02,CHI,DET,CHI,DET,CHI,DET,1446.139244,1498.081031,-51.94178699999998,2016,0.5
21501145,3,4,0,2016,2016-04-03,HOU,OKC,HOU,OKC,HOU,OKC,1535.895799,1702.020709,-166.12491,2016,0.75
21501150,0,1,0,2016,2016-04-03,MIL,CHI,MIL,CHI,MIL,CHI,1425.131311,1438.65798,-13.526668999999856,2016,0.0
21501151,0,1,0,2016,2016-04-03,NYK,IND,NYK,IND,NYK,IND,1403.507324,1484.013222,-80.50589800000012,2016,0.0
21501163,1,4,0,2016,2016-04-05,GSW,MIN,GSW,MIN,GSW,MIN,1794.226453,1361.445153,432.7813000000001,2016,0.25
21501166,3,3,0,2016,2016-04-06,ORL,DET,ORL,DET,ORL,DET,1442.923167,1497.975587,-55.052419999999984,2016,1.0
21501170,3,6,0,2016,2016-04-06,DAL,HOU,DAL,HOU,DAL,HOU,1513.445052,1547.285033,-33.83998100000008,2016,0.5
21501173,2,2,0,2016,2016-04-07,ATL,TOR,ATL,TOR,ATL,TOR,1612.15158,1626.868717,-14.717137000000093,2016,1.0
21501175,4,4,0,2016,2016-04-07,HOU,PHX,HOU,PHO,HOU,PHO,1543.559494,1288.946794,254.61270000000013,2016,1.0
21501179,1,2,0,2016,2016-04-08,ORL,MIA,ORL,MIA,ORL,MIA,1435.518909,1579.025887,-143.50697800000012,2016,0.5
21501186,0,1,0,2016,2016-04-08,DEN,SAS,DEN,SAS,DEN,SAS,1430.156593,1782.952557,-352.79596400000014,2016,0.0
21501187,1,2,0,2016,2016-04-08,UTA,LAC,UTA,LAC,UTA,LAC,1559.106566,1636.385144,-77.27857800000015,2016,0.5
21501190,3,4,0,2016,2016-04-09,MEM,GSW,MEM,GSW,MEM,GSW,1461.998623,1774.384028,-312.385405,2016,0.75
21501193,2,2,0,2016,2016-04-09,SAC,OKC,SAC,OKC,SAC,OKC,1419.700775,1692.399991,-272.699216,2016,1.0
21501197,4,4,0,2016,2016-04-10,PHI,MIL,PHI,MIL,PHI,MIL,1208.877243,1401.245412,-192.36816900000008,2016,1.0
21501202,2,2,0,2016,2016-04-10,NYK,TOR,NYK,TOR,NYK,TOR,1392.39527,1625.185357,-232.79008700000009,2016,1.0
21501204,0,2,0,2016,2016-04-11,ORL,MIL,ORL,MIL,ORL,MIL,1435.832235,1404.031497,31.800738000000138,2016,0.0
21501208,1,2,0,2016,2016-04-11,NOP,CHI,NOP,CHI,NOP,CHI,1398.762662,1443.279038,-44.51637599999981,2016,0.5
21501215,2,2,0,2016,2016-04-12,SAS,OKC,SAS,OKC,SAS,OKC,1759.522555,1685.797963,73.72459200000003,2016,1.0
21501220,2,4,0,2016,2016-04-13,CLE,DET,CLE,DET,CLE,DET,1652.061831,1504.929215,147.13261599999987,2016,0.5
21501223,1,2,0,2016,2016-04-13,DAL,SAS,DAL,SAS,DAL,SAS,1534.967346,1762.509151,-227.54180500000007,2016,0.5
21600002,0,1,0,2017,2016-10-25,POR,UTA,POR,UTA,POR,UTA,1584.628972,1530.321395,54.30757700000004,2017,0.0
21600009,2,4,0,2017,2016-10-26,MEM,MIN,MEM,MIN,MEM,MIN,1455.039799,1434.229488,20.810310999999956,2017,0.5
21600010,2,2,0,2017,2016-10-26,NOP,DEN,NOP,DEN,NOP,DEN,1406.924908,1446.212616,-39.287708000000066,2017,1.0
21600011,0,1,0,2017,2016-10-26,PHI,OKC,PHI,OKC,PHI,OKC,1278.436303,1684.605999,-406.16969600000016,2017,0.0
21600013,0,2,0,2017,2016-10-26,LAL,HOU,LAL,HOU,LAL,HOU,1332.678135,1527.886672,-195.20853699999998,2017,0.0
21600015,0,2,0,2017,2016-10-27,CHI,BOS,CHI,BOS,CHI,BOS,1466.563037,1542.059933,-75.4968960000001,2017,0.0
21600018,0,1,0,2017,2016-10-28,TOR,CLE,TOR,CLE,TOR,CLE,1576.15675,1698.804089,-122.64733899999987,2017,0.0
21600021,0,1,0,2017,2016-10-28,OKC,PHX,OKC,PHO,OKC,PHO,1686.425715,1374.757018,311.66869700000007,2017,0.0
21600033,1,3,0,2017,2016-10-29,DEN,POR,DEN,POR,DEN,POR,1454.888764,1576.825838,-121.93707399999994,2017,0.3333333333333333
21600039,1,1,0,2017,2016-10-30,MEM,WAS,MEM,WAS,MEM,WAS,1452.012488,1516.500545,-64.48805700000003,2017,1.0
21600042,1,2,0,2017,2016-10-31,TOR,DEN,TOR,DEN,TOR,DEN,1571.02305,1450.439659,120.58339100000012,2017,0.5
21600047,0,1,0,2017,2016-11-01,CLE,HOU,CLE,HOU,CLE,HOU,1705.196173,1531.394347,173.80182600000012,2017,0.0
21600048,0,1,0,2017,2016-11-01,IND,LAL,IND,LAL,IND,LAL,1513.176527,1339.486823,173.68970400000012,2017,0.0
21600049,1,1,0,2017,2016-11-01,MIA,SAC,MIA,SAC,MIA,SAC,1566.589176,1458.276064,108.31311200000005,2017,1.0
21600060,0,1,0,2017,2016-11-02,MEM,NOP,MEM,NOP,MEM,NOP,1441.2798,1383.589355,57.690444999999954,2017,0.0
21600061,0,2,0,2017,2016-11-02,BOS,CHI,BOS,CHI,BOS,CHI,1546.7977,1505.010662,41.787038000000166,2017,0.0
21600063,1,2,0,2017,2016-11-02,PHX,POR,PHO,POR,PHO,POR,1367.630149,1562.536383,-194.9062339999998,2017,0.5
21600067,3,4,0,2017,2016-11-03,MIN,DEN,MIN,DEN,MIN,DEN,1446.350415,1448.355463,-2.005047999999988,2017,0.75
21600072,1,2,0,2017,2016-11-04,BKN,CHA,BRK,CHO,BRK,CHO,1344.804412,1557.462973,-212.65856099999996,2017,0.5
21600075,3,4,0,2017,2016-11-04,NOP,PHX,NOP,PHO,NOP,PHO,1379.641628,1375.292815,4.348813000000064,2017,0.75
21600081,0,1,0,2017,2016-11-05,ORL,WAS,ORL,WAS,ORL,WAS,1441.727661,1501.336031,-59.60837000000015,2017,0.0
21600088,1,1,0,2017,2016-11-06,MEM,POR,MEM,POR,MEM,POR,1436.345949,1566.099033,-129.75308399999994,2017,1.0
21600089,0,1,0,2017,2016-11-06,TOR,SAC,TOR,SAC,TOR,SAC,1590.955267,1432.953146,158.002121,2017,0.0
21600090,0,2,0,2017,2016-11-06,DAL,MIL,DAL,MIL,DAL,MIL,1465.493356,1444.440575,21.052780999999868,2017,0.0
21600101,1,1,0,2017,2016-11-08,BKN,MIN,BRK,MIN,BRK,MIN,1340.820822,1435.462556,-94.64173400000004,2017,1.0
21600102,0,2,0,2017,2016-11-08,MEM,DEN,MEM,DEN,MEM,DEN,1429.438229,1473.584546,-44.146316999999954,2017,0.0
21600103,0,1,0,2017,2016-11-08,POR,PHX,POR,PHO,POR,PHO,1573.006752,1373.960239,199.046513,2017,0.0
21600113,0,2,0,2017,2016-11-09,PHX,DET,PHO,DET,PHO,DET,1372.59164,1499.957794,-127.36615399999982,2017,0.0
21600114,0,1,0,2017,2016-11-09,SAS,HOU,SAS,HOU,SAS,HOU,1683.179704,1546.827733,136.35197099999982,2017,0.0
21600118,1,1,0,2017,2016-11-10,MIA,CHI,MIA,CHI,MIA,CHI,1560.720806,1479.300356,81.42045000000007,2017,1.0
21600121,0,1,0,2017,2016-11-11,PHI,IND,PHI,IND,PHI,IND,1250.928544,1501.515708,-250.5871639999998,2017,0.0
21600123,1,2,0,2017,2016-11-11,CHA,TOR,CHO,TOR,CHO,TOR,1575.605467,1595.771272,-20.165804999999864,2017,0.5
21600126,1,2,0,2017,2016-11-11,OKC,LAC,OKC,LAC,OKC,LAC,1668.716952,1661.990156,6.726795999999922,2017,0.5
21600128,1,3,0,2017,2016-11-11,POR,SAC,POR,SAC,POR,SAC,1563.980693,1434.359847,129.62084600000003,2017,0.3333333333333333
21600131,1,1,0,2017,2016-11-12,TOR,NYK,TOR,NYK,TOR,NYK,1602.098367,1411.086521,191.0118460000001,2017,1.0
21600148,0,1,0,2017,2016-11-14,NOP,BOS,NOP,BOS,NOP,BOS,1354.765017,1527.612204,-172.84718700000008,2017,0.0
21600151,1,1,0,2017,2016-11-14,UTA,MEM,UTA,MEM,UTA,MEM,1583.01306,1425.528308,157.48475200000007,2017,1.0
21600153,0,1,0,2017,2016-11-15,CLE,TOR,CLE,TOR,CLE,TOR,1708.76319,1604.916074,103.84711599999991,2017,0.0
21600154,1,1,0,2017,2016-11-15,MIA,ATL,MIA,ATL,MIA,ATL,1534.453826,1592.044157,-57.590331000000106,2017,1.0
21600157,0,2,0,2017,2016-11-15,LAL,BKN,LAL,BRK,LAL,BRK,1416.138042,1364.561246,51.57679600000006,2017,0.0
21600158,1,3,0,2017,2016-11-16,PHI,WAS,PHI,WAS,PHI,WAS,1256.128536,1486.074585,-229.94604900000013,2017,0.3333333333333333
21600159,2,3,0,2017,2016-11-16,ORL,NOP,ORL,NOP,ORL,NOP,1406.293291,1359.944015,46.34927599999992,2017,0.6666666666666666
21600161,0,1,0,2017,2016-11-16,BOS,DAL,BOS,DAL,BOS,DAL,1522.433205,1467.834832,54.59837300000004,2017,0.0
21600164,4,4,0,2017,2016-11-16,OKC,HOU,OKC,HOU,OKC,HOU,1633.18533,1552.099983,81.08534699999996,2017,1.0
21600167,0,3,0,2017,2016-11-16,LAC,MEM,LAC,MEM,LAC,MEM,1679.57005,1441.400703,238.16934700000002,2017,0.0
21600174,1,2,0,2017,2016-11-18,CHA,ATL,CHO,ATL,CHO,ATL,1574.327281,1600.992888,-26.66560699999991,2017,0.5
21600181,1,2,0,2017,2016-11-18,DEN,TOR,DEN,TOR,DEN,TOR,1447.435339,1594.258694,-146.823355,2017,0.5
21600183,1,1,0,2017,2016-11-18,SAC,LAC,SAC,LAC,SAC,LAC,1428.967544,1664.396343,-235.4287989999998,2017,1.0
21600192,1,2,0,2017,2016-11-19,LAC,CHI,LAC,CHI,LAC,CHI,1668.78349,1542.979019,125.80447099999992,2017,0.5
21600196,1,2,0,2017,2016-11-20,SAC,TOR,SAC,TOR,SAC,TOR,1424.580397,1598.2922,-173.71180300000015,2017,0.5
21600203,3,4,0,2017,2016-11-21,DET,HOU,DET,HOU,DET,HOU,1501.588165,1565.40647,-63.81830500000001,2017,0.75
21600205,2,2,0,2017,2016-11-21,MIN,BOS,MIN,BOS,MIN,BOS,1437.755054,1522.74729,-84.99223600000005,2017,1.0
21600206,2,2,0,2017,2016-11-21,SAS,DAL,SAS,DAL,SAS,DAL,1694.072862,1436.549176,257.523686,2017,1.0
21600208,2,2,0,2017,2016-11-22,NYK,POR,NYK,POR,NYK,POR,1435.301308,1525.568493,-90.26718499999993,2017,1.0
21600210,2,2,0,2017,2016-11-22,DEN,CHI,DEN,CHI,DEN,CHI,1456.422616,1548.218022,-91.79540599999996,2017,1.0
21600212,3,3,0,2017,2016-11-23,PHI,MEM,PHI,MEM,PHI,MEM,1292.06446,1510.136806,-218.07234599999992,2017,1.0
21600213,0,1,0,2017,2016-11-23,CHA,SAS,CHO,SAS,CHO,SAS,1545.668333,1695.312202,-149.643869,2017,0.0
21600226,0,1,0,2017,2016-11-25,ORL,WAS,ORL,WAS,ORL,WAS,1402.446982,1474.250972,-71.80399000000011,2017,0.0
21600235,1,2,0,2017,2016-11-25,DEN,OKC,DEN,OKC,DEN,OKC,1452.710109,1599.648798,-146.93868899999984,2017,0.5
21600253,2,3,0,2017,2016-11-28,WAS,SAC,WAS,SAC,WAS,SAC,1473.5632,1451.800455,21.762744999999995,2017,0.6666666666666666
21600261,1,2,0,2017,2016-11-29,BKN,LAC,BRK,LAC,BRK,LAC,1312.931263,1646.722589,-333.791326,2017,0.5
21600269,1,2,0,2017,2016-11-30,CHI,LAL,CHI,LAL,CHI,LAL,1550.063626,1409.546848,140.51677800000016,2017,0.5
21600271,1,2,0,2017,2016-11-30,MIN,NYK,MIN,NYK,MIN,NYK,1422.154279,1435.678838,-13.524558999999954,2017,0.5
21600272,2,2,0,2017,2016-11-30,DAL,SAS,DAL,SAS,DAL,SAS,1429.035325,1681.425515,-252.39018999999985,2017,1.0
21600276,1,2,0,2017,2016-12-01,CHA,DAL,CHO,DAL,CHO,DAL,1530.016861,1424.629864,105.38699700000006,2017,0.5
21600278,0,1,0,2017,2016-12-01,MEM,ORL,MEM,ORL,MEM,ORL,1484.175335,1417.139614,67.03572099999997,2017,0.0
21600280,2,4,0,2017,2016-12-01,UTA,MIA,UTA,MIA,UTA,MIA,1577.671545,1518.091836,59.579708999999866,2017,0.5
21600281,2,4,0,2017,2016-12-01,GSW,HOU,GSW,HOU,GSW,HOU,1740.160658,1573.058341,167.10231700000008,2017,0.5
21600283,0,1,0,2017,2016-12-02,BOS,SAC,BOS,SAC,BOS,SAC,1536.147686,1447.127212,89.02047399999992,2017,0.0
21600285,0,2,0,2017,2016-12-02,NYK,MIN,NYK,MIN,NYK,MIN,1442.135797,1415.697321,26.43847599999981,2017,0.0
21600292,1,1,0,2017,2016-12-03,CHA,MIN,CHO,MIN,CHO,MIN,1534.199536,1411.956412,122.24312400000008,2017,1.0
21600294,2,4,0,2017,2016-12-03,PHI,BOS,PHI,BOS,PHI,BOS,1264.15789,1539.228368,-275.0704780000001,2017,0.5
21600295,2,3,0,2017,2016-12-03,MEM,LAL,MEM,LAL,MEM,LAL,1486.147543,1418.874415,67.27312800000004,2017,0.6666666666666666
21600298,1,2,0,2017,2016-12-03,POR,MIA,POR,MIA,POR,MIA,1515.993488,1524.715417,-8.721928999999818,2017,0.5
21600306,1,1,0,2017,2016-12-05,BKN,WAS,BRK,WAS,BRK,WAS,1309.974713,1473.431219,-163.456506,2017,1.0
21600310,3,4,0,2017,2016-12-05,NOP,MEM,NOP,MEM,NOP,MEM,1412.891001,1488.872272,-75.9812710000001,2017,0.75
21600311,1,3,0,2017,2016-12-05,HOU,BOS,HOU,BOS,HOU,BOS,1600.735602,1541.12452,59.6110819999999,2017,0.3333333333333333
21600332,0,2,0,2017,2016-12-08,WAS,DEN,WAS,DEN,WAS,DEN,1464.967352,1428.706651,36.260700999999926,2017,0.0
21600333,0,1,0,2017,2016-12-08,MEM,POR,MEM,POR,MEM,POR,1495.517387,1520.786305,-25.268917999999985,2017,0.0
21600340,1,1,0,2017,2016-12-09,MIL,ATL,MIL,ATL,MIL,ATL,1477.011022,1482.928842,-5.91782000000012,2017,1.0
21600341,2,3,0,2017,2016-12-09,OKC,HOU,OKC,HOU,OKC,HOU,1629.399493,1609.499174,19.900318999999854,2017,0.6666666666666666
21600345,2,2,0,2017,2016-12-09,SAC,NYK,SAC,NYK,SAC,NYK,1468.602328,1454.193434,14.408893999999918,2017,1.0
21600346,1,2,0,2017,2016-12-10,WAS,MIL,WAS,MIL,WAS,MIL,1469.721805,1468.363912,1.3578929999998763,2017,0.5
21600359,1,2,0,2017,2016-12-11,PHX,NOP,PHO,NOP,PHO,NOP,1355.50098,1381.267677,-25.766697000000022,2017,0.5
21600363,0,1,0,2017,2016-12-12,MIA,WAS,MIA,WAS,MIA,WAS,1483.780195,1474.384409,9.395786000000044,2017,0.0
21600364,2,2,0,2017,2016-12-12,HOU,BKN,HOU,BRK,HOU,BRK,1621.823916,1310.490419,311.3334970000001,2017,1.0
21600366,2,4,0,2017,2016-12-12,LAC,POR,LAC,POR,LAC,POR,1634.24844,1511.034174,123.21426600000018,2017,0.5
21600370,2,3,0,2017,2016-12-13,CHI,MIN,CHI,MIN,CHI,MIN,1522.498436,1396.190573,126.307863,2017,0.6666666666666666
21600371,0,1,0,2017,2016-12-13,NOP,GSW,NOP,GSW,NOP,GSW,1386.469179,1730.245413,-343.77623400000016,2017,0.0
21600372,3,6,0,2017,2016-12-13,PHX,NYK,PHO,NYK,PHO,NYK,1350.299478,1470.927515,-120.62803700000018,2017,0.5
21600375,1,1,0,2017,2016-12-14,WAS,CHA,WAS,CHO,WAS,CHO,1467.345928,1530.935774,-63.58984600000008,2017,1.0
21600377,1,1,0,2017,2016-12-14,MIA,IND,MIA,IND,MIA,IND,1490.818676,1512.922317,-22.103640999999925,2017,1.0
21600385,0,2,0,2017,2016-12-15,NOP,IND,NOP,IND,NOP,IND,1384.380907,1507.2484,-122.86749299999997,2017,0.0
21600394,4,6,0,2017,2016-12-16,MEM,SAC,MEM,SAC,MEM,SAC,1533.510794,1455.887964,77.62283000000002,2017,0.6666666666666666
21600398,0,3,0,2017,2016-12-16,UTA,DAL,UTA,DAL,UTA,DAL,1593.890179,1409.087356,184.802823,2017,0.0
21600401,0,1,0,2017,2016-12-17,ATL,CHA,ATL,CHO,ATL,CHO,1486.117067,1520.571965,-34.454898000000185,2017,0.0
21600406,2,2,0,2017,2016-12-18,WAS,LAC,WAS,LAC,WAS,LAC,1484.207356,1645.722774,-161.51541800000018,2017,1.0
21600408,0,3,0,2017,2016-12-18,PHI,BKN,PHI,BRK,PHI,BRK,1301.123281,1315.471114,-14.347833000000037,2017,0.0
21600415,0,2,0,2017,2016-12-19,OKC,ATL,OKC,ATL,OKC,ATL,1597.357831,1474.748837,122.60899399999994,2017,0.0
21600419,2,3,0,2017,2016-12-20,CHA,LAL,CHO,LAL,CHO,LAL,1531.940194,1377.729271,154.2109230000001,2017,0.6666666666666666
21600422,1,4,0,2017,2016-12-20,MIA,ORL,MIA,ORL,MIA,ORL,1479.270342,1417.624678,61.645664000000124,2017,0.25
21600423,1,2,0,2017,2016-12-20,MIL,CLE,MIL,CLE,MIL,CLE,1497.885639,1679.059752,-181.1741129999998,2017,0.5
21600424,0,1,0,2017,2016-12-20,MEM,BOS,MEM,BOS,MEM,BOS,1511.936016,1564.750366,-52.81434999999988,2017,0.0
21600425,2,4,0,2017,2016-12-20,HOU,SAS,HOU,SAS,HOU,SAS,1636.288381,1698.356647,-62.068265999999994,2017,0.5
21600428,1,1,0,2017,2016-12-20,SAC,POR,SAC,POR,SAC,POR,1452.727344,1508.046948,-55.31960400000003,2017,1.0
21600434,1,2,0,2017,2016-12-21,UTA,SAC,UTA,SAC,UTA,SAC,1598.528848,1458.652862,139.875986,2017,0.5
21600436,1,1,0,2017,2016-12-21,POR,DAL,POR,DAL,POR,DAL,1502.12143,1415.391318,86.73011199999996,2017,1.0
21600439,1,1,0,2017,2016-12-22,MIA,LAL,MIA,LAL,MIA,LAL,1466.531513,1375.75366,90.77785299999982,2017,1.0
21600445,1,2,0,2017,2016-12-23,BOS,OKC,BOS,OKC,BOS,OKC,1581.141986,1595.975384,-14.833397999999988,2017,0.5
21600446,0,1,0,2017,2016-12-23,DET,GSW,DET,GSW,DET,GSW,1485.945455,1751.167526,-265.2220709999999,2017,0.0
21600449,0,1,0,2017,2016-12-23,NOP,MIA,NOP,MIA,NOP,MIA,1394.837069,1470.47126,-75.6341910000001,2017,0.0
21600450,1,1,0,2017,2016-12-23,MIN,SAC,MIN,SAC,MIN,SAC,1426.477772,1466.646914,-40.169141999999965,2017,1.0
21600451,1,2,0,2017,2016-12-23,DEN,ATL,DEN,ATL,DEN,ATL,1447.503099,1468.566596,-21.06349699999987,2017,0.5
21600455,1,2,0,2017,2016-12-23,LAC,DAL,LAC,DAL,LAC,DAL,1645.370951,1422.476443,222.8945080000001,2017,0.5
21600457,2,2,0,2017,2016-12-25,CLE,GSW,CLE,GSW,CLE,GSW,1688.8653,1754.974064,-66.10876400000006,2017,1.0
21600461,0,1,0,2017,2016-12-26,WAS,MIL,WAS,MIL,WAS,MIL,1491.506814,1504.008523,-12.501708999999892,2017,0.0
21600465,1,1,0,2017,2016-12-26,CHI,IND,CHI,IND,CHI,IND,1465.111401,1504.917583,-39.806182000000035,2017,1.0
21600466,0,1,0,2017,2016-12-26,NOP,DAL,NOP,DAL,NOP,DAL,1400.606178,1433.748844,-33.14266599999996,2017,0.0
21600471,1,1,0,2017,2016-12-26,SAC,PHI,SAC,PHI,SAC,PHI,1474.421891,1285.26664,189.1552509999999,2017,1.0
21600475,2,2,0,2017,2016-12-27,LAL,UTA,LAL,UTA,LAL,UTA,1379.928145,1581.546222,-201.61807699999986,2017,1.0
21600476,1,2,0,2017,2016-12-28,WAS,IND,WAS,IND,WAS,IND,1496.461608,1499.355246,-2.89363800000001,2017,0.5
21600478,0,2,0,2017,2016-12-28,ATL,NYK,ATL,NYK,ATL,NYK,1462.889633,1461.322918,1.566714999999931,2017,0.0
21600480,2,2,0,2017,2016-12-28,CHI,BKN,CHI,BRK,CHI,BRK,1470.673739,1314.469003,156.20473600000014,2017,1.0
21600486,0,1,0,2017,2016-12-29,CHA,MIA,CHO,MIA,CHO,MIA,1548.821535,1454.865344,93.95619099999999,2017,0.0
21600488,1,1,0,2017,2016-12-29,CLE,BOS,CLE,BOS,CLE,BOS,1672.262881,1583.97509,88.2877910000002,2017,1.0
21600494,0,1,0,2017,2016-12-30,BOS,MIA,BOS,MIA,BOS,MIA,1580.57759,1450.708441,129.8691490000001,2017,0.0
21600506,1,2,0,2017,2016-12-31,UTA,PHX,UTA,PHO,UTA,PHO,1586.752893,1356.50341,230.24948300000005,2017,0.5
21600508,1,2,0,2017,2017-01-01,ATL,SAS,ATL,SAS,ATL,SAS,1472.891481,1716.095447,-243.2039659999998,2017,0.5
21600513,0,1,0,2017,2017-01-02,MIL,OKC,MIL,OKC,MIL,OKC,1531.02226,1606.54814,-75.52588000000014,2017,0.0
21600518,0,1,0,2017,2017-01-02,HOU,WAS,HOU,WAS,HOU,WAS,1651.818594,1506.36453,145.45406400000002,2017,0.0
21600521,0,1,0,2017,2017-01-03,PHI,MIN,PHI,MIN,PHI,MIN,1292.318234,1429.223063,-136.90482899999984,2017,0.0
21600531,2,2,0,2017,2017-01-04,NYK,MIL,NYK,MIL,NYK,MIL,1428.441513,1536.788954,-108.34744100000012,2017,1.0
21600533,1,1,0,2017,2017-01-04,LAC,MEM,LAC,MEM,LAC,MEM,1575.14183,1535.00978,40.132049999999936,2017,1.0
21600535,0,1,0,2017,2017-01-04,SAC,MIA,SAC,MIA,SAC,MIA,1464.851221,1426.855539,37.99568199999999,2017,0.0
21600537,1,3,0,2017,2017-01-05,TOR,UTA,TOR,UTA,TOR,UTA,1634.06705,1585.82894,48.238110000000006,2017,0.3333333333333333
21600539,0,2,0,2017,2017-01-05,NOP,ATL,NOP,ATL,NOP,ATL,1423.491089,1499.755115,-76.26402599999983,2017,0.0
21600540,1,1,0,2017,2017-01-05,HOU,OKC,HOU,OKC,HOU,OKC,1655.214891,1591.077538,64.13735300000008,2017,1.0
21600544,1,2,0,2017,2017-01-06,WAS,MIN,WAS,MIN,WAS,MIN,1494.806958,1423.717326,71.08963199999994,2017,0.5
21600546,2,2,0,2017,2017-01-06,BOS,PHI,BOS,PHI,BOS,PHI,1590.264835,1297.823971,292.4408639999999,2017,1.0
21600554,1,2,0,2017,2017-01-07,CHI,TOR,CHI,TOR,CHI,TOR,1482.075709,1638.916566,-156.84085700000014,2017,0.5
21600559,1,2,0,2017,2017-01-08,POR,DET,POR,DET,POR,DET,1496.05225,1476.773146,19.27910399999996,2017,0.5
21600562,1,1,0,2017,2017-01-08,MIL,WAS,MIL,WAS,MIL,WAS,1527.495885,1498.831427,28.664457999999968,2017,1.0
21600571,1,1,0,2017,2017-01-10,WAS,CHI,WAS,CHI,WAS,CHI,1510.505291,1477.282493,33.22279800000001,2017,1.0
21600572,0,1,0,2017,2017-01-10,TOR,BOS,TOR,BOS,TOR,BOS,1619.730601,1593.888655,25.841946000000007,2017,0.0
21600574,1,1,0,2017,2017-01-10,HOU,CHA,HOU,CHO,HOU,CHO,1672.91584,1536.279291,136.63654899999983,2017,1.0
21600586,1,2,0,2017,2017-01-12,BKN,NOP,BRK,NOP,BRK,NOP,1273.94453,1432.002572,-158.0580420000001,2017,0.5
21600597,0,1,0,2017,2017-01-13,ATL,BOS,ATL,BOS,ATL,BOS,1530.911127,1593.066216,-62.15508899999986,2017,0.0
21600604,1,2,0,2017,2017-01-14,UTA,ORL,UTA,ORL,UTA,ORL,1595.150242,1415.658063,179.49217899999985,2017,0.5
21600605,1,2,0,2017,2017-01-14,PHX,SAS,PHO,SAS,,,,,-336.6133090000001,2017,0.5
21600611,1,1,0,2017,2017-01-15,MEM,CHI,MEM,CHI,MEM,CHI,1567.902459,1468.15995,99.74250899999993,2017,1.0
21600616,0,1,0,2017,2017-01-16,IND,NOP,IND,NOP,IND,NOP,1494.728221,1434.30672,60.421501000000035,2017,0.0
21600620,2,3,0,2017,2017-01-16,PHX,UTA,PHO,UTA,PHO,UTA,1380.998588,1597.443114,-216.444526,2017,0.6666666666666666
21600624,0,1,0,2017,2017-01-17,CHI,DAL,CHI,DAL,CHI,DAL,1479.593355,1419.366809,60.22654599999987,2017,0.0
21600635,1,1,0,2017,2017-01-18,SAC,IND,SAC,IND,SAC,IND,1434.113663,1497.545024,-63.431360999999924,2017,1.0
21600637,2,2,0,2017,2017-01-19,MIA,DAL,MIA,DAL,MIA,DAL,1423.581618,1426.001355,-2.4197370000001683,2017,1.0
21600638,1,2,0,2017,2017-01-19,NYK,WAS,NYK,WAS,NYK,WAS,1437.844417,1527.259661,-89.41524400000003,2017,0.5
21600641,1,1,0,2017,2017-01-20,PHI,POR,PHI,POR,PHI,POR,1359.754391,1488.322125,-128.56773399999997,2017,1.0
21600648,1,1,0,2017,2017-01-20,DAL,UTA,DAL,UTA,DAL,UTA,1421.740578,1601.800487,-180.05990900000006,2017,1.0
21600650,0,1,0,2017,2017-01-21,BOS,POR,BOS,POR,BOS,POR,1579.241366,1483.846326,95.39503999999988,2017,0.0
21600651,1,1,0,2017,2017-01-21,DET,WAS,DET,WAS,DET,WAS,1487.877651,1533.069744,-45.192092999999886,2017,1.0
21600660,1,3,0,2017,2017-01-21,CHI,SAC,CHI,SAC,CHI,SAC,1467.772153,1420.239257,47.53289599999994,2017,0.3333333333333333
21600664,1,2,0,2017,2017-01-22,MIN,DEN,MIN,DEN,MIN,DEN,1457.242225,1485.370871,-28.128646000000117,2017,0.5
21600668,0,1,0,2017,2017-01-23,MIA,GSW,MIA,GSW,MIA,GSW,1437.559738,1779.440319,-341.8805810000001,2017,0.0
21600673,1,1,0,2017,2017-01-23,UTA,OKC,UTA,OKC,UTA,OKC,1610.666676,1585.972094,24.694582000000082,2017,1.0
21600674,0,1,0,2017,2017-01-24,TOR,SAS,TOR,SAS,TOR,SAS,1569.740589,1724.396299,-154.65571,2017,0.0
21600679,1,2,0,2017,2017-01-24,PHX,MIN,PHO,MIN,PHO,MIN,1408.915063,1461.450603,-52.53554000000008,2017,0.5
21600680,1,2,0,2017,2017-01-25,CLE,SAC,CLE,SAC,CLE,SAC,1626.753719,1429.198794,197.55492500000014,2017,0.5
21600683,0,1,0,2017,2017-01-25,CHI,ATL,CHI,ATL,CHI,ATL,1481.049923,1518.709016,-37.659092999999984,2017,0.0
21600685,0,1,0,2017,2017-01-25,MEM,TOR,MEM,TOR,MEM,TOR,1536.536996,1565.833462,-29.29646600000001,2017,0.0
21600696,1,2,0,2017,2017-01-27,IND,SAC,IND,SAC,IND,SAC,1486.560955,1443.262733,43.298221999999896,2017,0.5
21600699,1,1,0,2017,2017-01-27,NYK,CHA,NYK,CHO,NYK,CHO,1430.861124,1529.59819,-98.73706599999991,2017,1.0
21600703,2,2,0,2017,2017-01-27,POR,MEM,POR,MEM,POR,MEM,1498.029902,1540.192175,-42.162272999999914,2017,1.0
21600706,1,1,0,2017,2017-01-28,MIL,BOS,MIL,BOS,MIL,BOS,1468.056048,1574.203382,-106.147334,2017,1.0
21600708,0,1,0,2017,2017-01-28,UTA,MEM,UTA,MEM,UTA,MEM,1593.998517,1535.730185,58.2683320000001,2017,0.0
21600711,7,12,0,2017,2017-01-29,ATL,NYK,ATL,NYK,ATL,NYK,1502.202957,1436.425797,65.77715999999987,2017,0.5833333333333334
21600717,0,1,0,2017,2017-01-29,SAS,DAL,SAS,DAL,SAS,DAL,1700.933176,1436.728882,264.2042939999999,2017,0.0
21600718,2,3,0,2017,2017-01-29,POR,GSW,POR,GSW,POR,GSW,1502.491893,1781.522879,-279.0309860000002,2017,0.6666666666666666
21600719,1,2,0,2017,2017-01-30,MIA,BKN,MIA,BRK,MIA,BRK,1478.832518,1286.26092,192.571598,2017,0.5
21600721,1,1,0,2017,2017-01-30,BOS,DET,BOS,DET,BOS,DET,1580.38546,1470.697562,109.6878979999999,2017,1.0
21600725,1,2,0,2017,2017-01-31,TOR,NOP,TOR,NOP,TOR,NOP,1559.699052,1413.279676,146.41937599999983,2017,0.5
21600743,0,1,0,2017,2017-02-02,HOU,ATL,HOU,ATL,HOU,ATL,1613.620011,1491.593105,122.02690600000005,2017,0.0
21600747,3,3,0,2017,2017-02-03,BKN,IND,BRK,IND,BRK,IND,1278.048662,1517.856358,-239.80769600000008,2017,1.0
21600749,0,3,0,2017,2017-02-03,HOU,CHI,HOU,CHI,HOU,CHI,1600.234195,1501.178686,99.05550900000003,2017,0.0
21600764,4,5,0,2017,2017-02-04,SAC,GSW,SAC,GSW,SAC,GSW,1431.236725,1793.521622,-362.284897,2017,0.8
21600769,3,5,0,2017,2017-02-06,WAS,CLE,WAS,CLE,WAS,CLE,1599.508215,1624.80847,-25.30025499999988,2017,0.6
21600774,0,1,0,2017,2017-02-06,NOP,PHX,NOP,PHO,NOP,PHO,1400.039639,1356.657281,43.38235800000007,2017,0.0
21600781,1,1,0,2017,2017-02-07,DAL,POR,DAL,POR,DAL,POR,1468.150668,1496.831061,-28.680393000000095,2017,1.0
21600784,1,3,0,2017,2017-02-08,BKN,WAS,BRK,WAS,BRK,WAS,1267.025662,1590.438679,-323.4130170000001,2017,0.3333333333333333
21600785,1,1,0,2017,2017-02-08,ATL,DEN,ATL,DEN,ATL,DEN,1492.124725,1492.397193,-0.27246800000011717,2017,1.0
21600790,1,1,0,2017,2017-02-08,MIN,TOR,MIN,TOR,MIN,TOR,1438.132929,1556.499623,-118.36669399999982,2017,1.0
21600791,0,2,0,2017,2017-02-08,NYK,LAC,NYK,LAC,NYK,LAC,1407.457974,1553.690997,-146.233023,2017,0.0
21600797,0,1,0,2017,2017-02-09,DAL,UTA,DAL,UTA,DAL,UTA,1462.99644,1625.40204,-162.40560000000005,2017,0.0
21600799,1,2,0,2017,2017-02-10,BKN,MIA,BRK,MIA,BRK,MIA,1264.702237,1526.05139,-261.3491530000001,2017,0.5
21600805,0,1,0,2017,2017-02-10,WAS,IND,WAS,IND,WAS,IND,1592.762104,1523.241702,69.52040199999988,2017,0.0
21600806,2,3,0,2017,2017-02-10,SAC,ATL,SAC,ATL,SAC,ATL,1451.805977,1499.473163,-47.66718600000013,2017,0.6666666666666666
21600808,2,4,0,2017,2017-02-11,CHA,LAC,CHO,LAC,CHO,LAC,1488.040646,1558.982986,-70.94234000000006,2017,0.5
21600817,0,1,0,2017,2017-02-12,NYK,SAS,NYK,SAS,NYK,SAS,1392.50746,1693.192344,-300.684884,2017,0.0
21600818,0,1,0,2017,2017-02-12,TOR,DET,TOR,DET,TOR,DET,1550.525968,1477.984985,72.54098299999987,2017,0.0
21600825,2,3,0,2017,2017-02-13,IND,SAS,IND,SAS,IND,SAS,1495.545206,1681.733761,-186.18855499999995,2017,0.6666666666666666
21600829,2,2,0,2017,2017-02-13,PHX,NOP,PHO,NOP,PHO,NOP,1363.991717,1407.265591,-43.27387399999998,2017,1.0
21600830,0,2,0,2017,2017-02-13,POR,ATL,POR,ATL,POR,ATL,1491.293381,1496.173644,-4.880263000000014,2017,0.0
21600831,1,3,0,2017,2017-02-14,CHI,TOR,CHI,TOR,CHI,TOR,1466.768372,1543.682362,-76.91399000000001,2017,0.3333333333333333
21600840,2,3,0,2017,2017-02-15,MEM,NOP,MEM,NOP,MEM,NOP,1591.577445,1413.146294,178.431151,2017,0.6666666666666666
21600851,0,1,0,2017,2017-02-23,DET,CHA,DET,CHO,DET,CHO,1481.357785,1462.714528,18.64325699999995,2017,0.0
21600858,0,3,0,2017,2017-02-24,TOR,BOS,TOR,BOS,TOR,BOS,1537.014971,1609.007789,-71.99281799999994,2017,0.0
21600859,2,2,0,2017,2017-02-24,CHI,PHX,CHI,PHO,CHI,PHO,1481.465873,1376.697489,104.7683840000002,2017,1.0
21600868,2,3,0,2017,2017-02-25,NYK,PHI,NYK,PHI,NYK,PHI,1397.891504,1402.828203,-4.93669900000009,2017,0.6666666666666666
21600878,1,1,0,2017,2017-02-26,TOR,POR,TOR,POR,TOR,POR,1546.348623,1483.997512,62.351111000000174,2017,1.0
21600881,1,2,0,2017,2017-02-26,LAC,CHA,LAC,CHO,LAC,CHO,1582.627386,1476.639277,105.9881089999999,2017,0.5
21600882,0,3,0,2017,2017-02-27,NYK,TOR,NYK,TOR,NYK,TOR,1400.64489,1550.208535,-149.56364499999995,2017,0.0
21600889,1,1,0,2017,2017-02-28,WAS,GSW,WAS,GSW,WAS,GSW,1589.133663,1779.361776,-190.2281129999999,2017,1.0
21600890,2,3,0,2017,2017-02-28,DET,POR,DET,POR,DET,POR,1478.747178,1480.137599,-1.390420999999833,2017,0.6666666666666666
21600893,1,1,0,2017,2017-02-28,OKC,UTA,OKC,UTA,OKC,UTA,1558.962492,1614.218207,-55.25571499999978,2017,1.0
21600894,1,1,0,2017,2017-02-28,LAL,CHA,LAL,CHO,LAL,CHO,1355.353791,1474.39286,-119.03906899999993,2017,1.0
21600901,1,1,0,2017,2017-03-01,BOS,CLE,BOS,CLE,BOS,CLE,1578.984571,1624.739818,-45.755247000000054,2017,1.0
21600902,1,2,0,2017,2017-03-01,SAS,IND,SAS,IND,SAS,IND,1709.48736,1498.48975,210.99761000000012,2017,0.5
21600906,0,1,0,2017,2017-03-02,CHI,GSW,CHI,GSW,CHI,GSW,1493.63502,1770.813934,-277.1789140000001,2017,0.0
21600909,0,2,0,2017,2017-03-03,PHI,NYK,PHI,NYK,PHI,NYK,1390.211675,1412.103966,-21.892290999999886,2017,0.0
21600913,0,1,0,2017,2017-03-03,ATL,CLE,ATL,CLE,ATL,CLE,1495.545812,1619.61722,-124.07140800000002,2017,0.0
21600917,0,1,0,2017,2017-03-03,NOP,SAS,NOP,SAS,NOP,SAS,1418.195844,1710.413315,-292.21747099999993,2017,0.0
21600925,1,1,0,2017,2017-03-04,SAS,MIN,SAS,MIN,SAS,MIN,1712.821776,1517.012055,195.80972100000008,2017,1.0
21600929,1,2,0,2017,2017-03-05,PHX,BOS,PHO,BOS,PHO,BOS,1393.210174,1593.405822,-200.1956479999999,2017,0.5
21600931,0,2,0,2017,2017-03-05,SAC,UTA,SAC,UTA,SAC,UTA,1415.049643,1571.981375,-156.931732,2017,0.0
21600940,0,2,0,2017,2017-04-03,MIN,POR,MIN,POR,MIN,POR,1480.391321,1567.424049,-87.0327279999999,2017,0.0
21600942,1,3,0,2017,2017-03-06,SAS,HOU,SAS,HOU,SAS,HOU,1714.918391,1632.993235,81.92515600000002,2017,0.3333333333333333
21600949,0,1,0,2017,2017-03-08,ORL,CHI,ORL,CHI,ORL,CHI,1372.157725,1486.740816,-114.58309099999997,2017,0.0
21600950,1,2,0,2017,2017-03-08,ATL,BKN,ATL,BRK,ATL,BRK,1479.383531,1297.978155,181.40537599999993,2017,0.5
21600954,1,2,0,2017,2017-03-08,HOU,UTA,HOU,UTA,HOU,UTA,1630.801957,1577.473023,53.32893399999989,2017,0.5
21600968,1,1,0,2017,2017-03-10,MIN,GSW,MIN,GSW,MIN,GSW,1526.958224,1736.667574,-209.7093500000001,2017,1.0
21600972,1,2,0,2017,2017-03-10,SAC,WAS,SAC,WAS,SAC,WAS,1405.466538,1610.325316,-204.85877800000003,2017,0.5
21600978,1,2,0,2017,2017-03-11,MIL,MIN,MIL,MIN,MIL,MIN,1497.115936,1532.743401,-35.62746500000003,2017,0.5
21600982,1,3,0,2017,2017-03-11,DAL,PHX,DAL,PHO,DAL,PHO,1492.24788,1377.070527,115.17735299999981,2017,0.3333333333333333
21600983,2,4,0,2017,2017-03-11,POR,WAS,POR,WAS,POR,WAS,1498.041107,1616.24787,-118.20676299999991,2017,0.5
21600987,0,2,0,2017,2017-03-12,IND,MIA,IND,MIA,IND,MIA,1495.351932,1577.487796,-82.13586399999986,2017,0.0
21600996,0,3,0,2017,2017-03-13,UTA,LAC,UTA,LAC,UTA,LAC,1583.432967,1582.875379,0.5575879999998961,2017,0.0
21600997,1,2,0,2017,2017-03-13,SAC,ORL,SAC,ORL,SAC,ORL,1387.998189,1362.86611,25.132078999999976,2017,0.5
21601003,1,3,0,2017,2017-03-14,GSW,PHI,GSW,PHI,GSW,PHI,1717.781649,1358.856002,358.925647,2017,0.3333333333333333
21601009,1,1,0,2017,2017-03-15,CHI,MEM,CHI,MEM,CHI,MEM,1469.00831,1505.287041,-36.27873100000011,2017,1.0
21601012,0,1,0,2017,2017-03-15,PHX,SAC,PHO,SAC,PHO,SAC,1376.676944,1392.185958,-15.50901399999998,2017,0.0
21601013,1,1,0,2017,2017-03-15,LAC,MIL,LAC,MIL,LAC,MIL,1577.733866,1492.254795,85.47907099999998,2017,1.0
21601037,1,3,0,2017,2017-03-19,PHI,BOS,PHI,BOS,PHI,BOS,1389.525557,1601.259914,-211.73435700000005,2017,0.3333333333333333
21601045,0,2,0,2017,2017-03-20,ORL,PHI,ORL,PHI,ORL,PHI,1367.631719,1400.657871,-33.02615199999991,2017,0.0
21601046,1,2,0,2017,2017-03-20,IND,UTA,IND,UTA,IND,UTA,1493.015948,1584.353171,-91.337223,2017,0.5
21601048,0,1,0,2017,2017-03-20,HOU,DEN,HOU,DEN,HOU,DEN,1626.607348,1536.102147,90.50520099999994,2017,0.0
21601051,1,3,0,2017,2017-03-21,TOR,CHI,TOR,CHI,TOR,CHI,1551.476938,1467.284534,84.19240400000012,2017,0.3333333333333333
21601052,0,3,0,2017,2017-03-21,BKN,DET,BRK,DET,BRK,DET,1305.36843,1472.733923,-167.36549300000001,2017,0.0
21601057,1,1,0,2017,2017-03-21,POR,MIL,POR,MIL,POR,MIL,1539.243411,1499.869302,39.37410899999986,2017,1.0
21601069,0,3,0,2017,2017-03-23,DAL,LAC,DAL,LAC,DAL,LAC,1454.81427,1589.57015,-134.75587999999993,2017,0.0
21601093,0,3,0,2017,2017-03-26,BOS,MIA,BOS,MIA,BOS,MIA,1601.956162,1546.790379,55.16578299999992,2017,0.0
21601104,1,4,0,2017,2017-03-28,IND,MIN,IND,MIN,IND,MIN,1491.824933,1485.729942,6.094991000000164,2017,0.25
21601105,0,2,0,2017,2017-03-28,BKN,PHI,BRK,PHI,BRK,PHI,1350.907254,1403.386858,-52.47960400000011,2017,0.0
21601107,2,4,0,2017,2017-03-28,DET,MIA,DET,MIA,DET,MIA,1423.656468,1543.522252,-119.86578400000008,2017,0.5
21601110,1,1,0,2017,2017-03-28,LAL,WAS,LAL,WAS,LAL,WAS,1318.63709,1603.423676,-284.78658599999994,2017,1.0
21601112,0,2,0,2017,2017-03-29,ORL,OKC,ORL,OKC,ORL,OKC,1380.103405,1571.765973,-191.66256799999996,2017,0.0
21601113,0,1,0,2017,2017-03-29,BOS,MIL,BOS,MIL,BOS,MIL,1605.224289,1517.137824,88.08646500000009,2017,0.0
21601114,1,1,0,2017,2017-03-29,TOR,CHA,TOR,CHO,TOR,CHO,1587.348158,1472.312419,115.03573899999992,2017,1.0
21601117,0,1,0,2017,2017-03-29,NOP,DAL,NOP,DAL,NOP,DAL,1505.813872,1447.879526,57.934346000000005,2017,0.0
21601125,0,1,0,2017,2017-03-30,POR,HOU,POR,HOU,POR,HOU,1555.725758,1629.606492,-73.88073399999985,2017,0.0
21601130,0,3,0,2017,2017-03-31,MIL,DET,MIL,DET,MIL,DET,1526.969675,1421.780408,105.18926699999997,2017,0.0
21601134,0,1,0,2017,2017-03-31,UTA,WAS,UTA,WAS,UTA,WAS,1590.801927,1601.100402,-10.298475000000053,2017,0.0
21601138,0,2,0,2017,2017-04-01,CHI,ATL,CHI,ATL,CHI,ATL,1488.468745,1446.311187,42.15755799999988,2017,0.0
21601143,0,1,0,2017,2017-04-02,LAL,MEM,LAL,MEM,LAL,MEM,1308.342911,1533.804759,-225.46184800000015,2017,0.0
21601150,0,3,0,2017,2017-04-02,CLE,IND,CLE,IND,CLE,IND,1561.701468,1474.53381,87.16765800000007,2017,0.0
21601155,0,2,0,2017,2017-04-04,WAS,CHA,WAS,CHO,WAS,CHO,1590.154328,1511.209934,78.9443940000001,2017,0.0
21601158,0,1,0,2017,2017-04-04,NOP,DEN,NOP,DEN,NOP,DEN,1503.478923,1518.535757,-15.056834000000208,2017,0.0
21601161,0,2,0,2017,2017-04-04,SAS,MEM,SAS,MEM,SAS,MEM,1707.382492,1523.274166,184.10832600000003,2017,0.0
21601166,3,3,0,2017,2017-04-05,DET,TOR,DET,TOR,DET,TOR,1419.524831,1566.708273,-147.183442,2017,1.0
21601167,3,3,0,2017,2017-04-05,MEM,OKC,MEM,OKC,MEM,OKC,1521.21909,1564.252013,-43.03292299999998,2017,1.0
21601168,0,1,0,2017,2017-04-05,HOU,DEN,HOU,DEN,HOU,DEN,1620.583973,1525.971926,94.61204700000008,2017,0.0
21601180,1,3,0,2017,2017-04-07,TOR,MIA,TOR,MIA,TOR,MIA,1571.368386,1551.963018,19.40536800000018,2017,0.3333333333333333
21601182,0,2,0,2017,2017-04-07,HOU,DET,HOU,DET,HOU,DET,1623.875412,1414.864718,209.01069400000006,2017,0.0
21601185,1,3,0,2017,2017-04-07,UTA,MIN,UTA,MIN,UTA,MIN,1602.784783,1478.415456,124.36932700000011,2017,0.3333333333333333
21601187,1,1,0,2017,2017-04-07,LAL,SAC,LAL,SAC,LAL,SAC,1345.015495,1395.737197,-50.72170199999982,2017,1.0
21601188,0,1,0,2017,2017-04-08,BKN,CHI,BRK,CHI,BRK,CHI,1379.280773,1503.50523,-124.22445700000003,2017,0.0
21601192,1,3,0,2017,2017-04-08,WAS,MIA,WAS,MIA,WAS,MIA,1597.653571,1549.011282,48.64228900000012,2017,0.3333333333333333
21601197,2,4,0,2017,2017-04-09,ATL,CLE,ATL,CLE,ATL,CLE,1470.036278,1570.521659,-100.48538099999996,2017,0.5
21601205,0,1,0,2017,2017-04-10,MIA,CLE,MIA,CLE,MIA,CLE,1557.916711,1566.472529,-8.555817999999817,2017,0.0
21601209,0,1,0,2017,2017-04-10,POR,SAS,POR,SAS,POR,SAS,1569.365118,1670.453721,-101.08860300000015,2017,0.0
21601211,0,1,0,2017,2017-04-10,GSW,UTA,GSW,UTA,GSW,UTA,1785.568036,1594.878067,190.6899689999998,2017,0.0
21601213,0,2,0,2017,2017-04-11,MIN,OKC,MIN,OKC,MIN,OKC,1470.917945,1548.683621,-77.76567599999998,2017,0.0
21601217,1,1,0,2017,2017-04-12,ORL,DET,ORL,DET,ORL,DET,1345.618402,1446.894052,-101.27565000000004,2017,1.0
21601230,1,2,0,2017,2017-04-12,POR,NOP,POR,NOP,POR,NOP,1573.423228,1472.280819,101.14240900000004,2017,0.5
21700001,1,2,0,2018,2017-10-17,CLE,BOS,CLE,BOS,CLE,BOS,1647.989805,1532.470014,115.51979099999994,2018,0.5
21700002,1,1,0,2018,2017-10-17,GSW,HOU,GSW,HOU,GSW,HOU,1760.609663,1574.467471,186.14219200000002,2018,1.0
21700005,0,1,0,2018,2017-10-18,ORL,MIA,ORL,MIA,ORL,MIA,1390.229357,1552.809706,-162.58034900000007,2018,0.0
21700006,1,2,0,2018,2017-10-18,WAS,PHI,WAS,PHI,WAS,PHI,1565.684248,1379.575952,186.1082960000001,2018,0.5
21700009,1,3,0,2018,2017-10-18,DAL,ATL,DAL,ATL,DAL,ATL,1441.319759,1486.280704,-44.96094500000004,2018,0.3333333333333333
21700013,0,2,0,2018,2017-10-18,SAC,HOU,SAC,HOU,SAC,HOU,1420.99186,1583.258119,-162.266259,2018,0.0
21700020,2,2,0,2018,2017-10-20,WAS,DET,WAS,DET,WAS,DET,1567.534162,1464.992663,102.54149899999993,2018,1.0
21700022,0,1,0,2018,2017-10-20,BKN,ORL,BRK,ORL,BRK,ORL,1400.957921,1400.663642,0.29427899999996043,2018,0.0
21700023,3,3,0,2018,2017-10-20,MIN,UTA,MIN,UTA,MIN,UTA,1470.670203,1585.464915,-114.79471200000012,2018,1.0
21700024,1,1,0,2018,2017-10-20,DAL,SAC,DAL,SAC,DAL,SAC,1431.960077,1415.477076,16.48300100000006,2018,1.0
21700026,2,2,0,2018,2017-10-20,PHX,LAL,PHO,LAL,PHO,LAL,1355.66018,1391.408667,-35.74848699999984,2018,1.0
21700030,1,2,0,2018,2017-10-21,NYK,DET,NYK,DET,NYK,DET,1400.099774,1462.406464,-62.30668999999989,2018,0.5
21700034,1,3,0,2018,2017-10-21,MIL,POR,MIL,POR,MIL,POR,1506.901075,1574.847099,-67.94602400000008,2018,0.3333333333333333
21700039,2,4,0,2018,2017-10-22,OKC,MIN,OKC,MIN,OKC,MIN,1520.010593,1476.568551,43.4420419999999,2018,0.5
21700044,0,2,0,2018,2017-10-23,MIL,CHA,MIL,CHO,MIL,CHO,1511.85045,1476.471451,35.37899900000002,2018,0.0
21700046,0,1,0,2018,2017-10-23,SAS,TOR,SAS,TOR,SAS,TOR,1629.312692,1547.539615,81.77307700000006,2018,0.0
21700047,3,4,0,2018,2017-10-23,DEN,WAS,DEN,WAS,DEN,WAS,1540.047647,1570.12036,-30.072712999999794,2018,0.75
21700048,0,2,0,2018,2017-10-23,PHX,SAC,PHO,SAC,PHO,SAC,1344.5123,1419.935223,-75.42292299999986,2018,0.0
21700050,0,1,0,2018,2017-10-24,ORL,BKN,ORL,BRK,ORL,BRK,1438.884083,1416.371101,22.512981999999965,2018,0.0
21700057,1,1,0,2018,2017-10-25,PHI,HOU,PHI,HOU,PHI,HOU,1382.262298,1577.254799,-194.99250099999995,2018,1.0
21700058,1,2,0,2018,2017-10-25,BKN,CLE,BRK,CLE,BRK,CLE,1412.562103,1624.18302,-211.62091699999996,2018,0.5
21700063,2,2,0,2018,2017-10-25,GSW,TOR,GSW,TOR,GSW,TOR,1747.274884,1544.669315,202.60556899999983,2018,1.0
21700064,0,2,0,2018,2017-10-25,LAL,WAS,LAL,WAS,LAL,WAS,1388.347292,1579.055134,-190.70784200000003,2018,0.0
21700065,2,2,0,2018,2017-10-26,CHI,ATL,CHI,ATL,CHI,ATL,1476.290363,1468.083943,8.20641999999998,2018,1.0
21700066,2,2,0,2018,2017-10-26,MEM,DAL,MEM,DAL,MEM,DAL,1519.10229,1419.946838,99.15545199999997,2018,1.0
21700068,1,2,0,2018,2017-10-26,POR,LAC,POR,LAC,POR,LAC,1574.537326,1614.979847,-40.44252100000017,2018,0.5
21700072,2,2,0,2018,2017-10-27,ATL,DEN,ATL,DEN,ATL,DEN,1463.561571,1518.538196,-54.97662500000001,2018,1.0
21700074,1,2,0,2018,2017-10-27,MIN,OKC,MIN,OKC,MIN,OKC,1447.328722,1522.487318,-75.15859599999999,2018,0.5
21700075,0,2,0,2018,2017-10-27,GSW,WAS,GSW,WAS,GSW,WAS,1748.964045,1571.4881,177.4759449999999,2018,0.0
21700081,1,1,0,2018,2017-10-28,DAL,PHI,DAL,PHI,DAL,PHI,1417.019264,1379.508056,37.511208000000124,2018,1.0
21700083,2,5,0,2018,2017-10-28,POR,PHX,POR,PHO,POR,PHO,1569.572714,1363.522362,206.05035199999998,2018,0.4
21700091,0,2,0,2018,2017-10-29,GSW,DET,GSW,DET,GSW,DET,1750.504574,1479.835819,270.66875500000015,2018,0.0
21700105,0,1,0,2018,2017-11-01,CHA,MIL,CHO,MIL,CHO,MIL,1486.445068,1498.946763,-12.501694999999927,2018,0.0
21700113,0,1,0,2018,2017-11-01,NOP,MIN,NOP,MIN,NOP,MIN,1487.651985,1461.879213,25.77277200000003,2018,0.0
21700115,1,1,0,2018,2017-11-01,UTA,POR,UTA,POR,UTA,POR,1568.764517,1552.574474,16.19004300000006,2018,1.0
21700121,3,3,0,2018,2017-11-03,PHI,IND,PHI,IND,PHI,IND,1415.143363,1535.538601,-120.39523800000006,2018,1.0
21700127,0,3,0,2018,2017-11-03,DEN,MIA,DEN,MIA,DEN,MIA,1542.471729,1519.10504,23.36668900000018,2018,0.0
21700136,1,2,0,2018,2017-11-05,CLE,ATL,CLE,ATL,CLE,ATL,1550.569404,1422.862747,127.70665700000018,2018,0.5
21700137,0,1,0,2018,2017-11-05,LAC,MIA,LAC,MIA,LAC,MIA,1570.622272,1516.680214,53.94205800000009,2018,0.0
21700144,1,1,0,2018,2017-11-05,POR,OKC,POR,OKC,POR,OKC,1548.374545,1554.608798,-6.234253000000081,2018,1.0
21700146,1,1,0,2018,2017-11-06,ATL,BOS,ATL,BOS,ATL,BOS,1432.169741,1594.864102,-162.69436100000007,2018,1.0
21700152,0,1,0,2018,2017-11-07,NYK,CHA,NYK,CHO,NYK,CHO,1441.771322,1477.309515,-35.538192999999865,2018,0.0
21700153,1,2,0,2018,2017-11-07,TOR,CHI,TOR,CHI,TOR,CHI,1556.124167,1465.692542,90.43162499999994,2018,0.5
21700156,2,2,0,2018,2017-11-07,UTA,PHI,UTA,PHI,UTA,PHI,1548.772367,1426.993731,121.778636,2018,1.0
21700157,1,2,0,2018,2017-11-07,POR,MEM,POR,MEM,POR,MEM,1552.707348,1523.493327,29.214021000000002,2018,0.5
21700166,2,2,0,2018,2017-11-09,HOU,CLE,HOU,CLE,HOU,CLE,1601.970539,1544.919205,57.051334,2018,1.0
21700169,1,1,0,2018,2017-11-10,DET,ATL,DET,ATL,DET,ATL,1506.044825,1427.796479,78.24834599999986,2018,1.0
21700170,0,1,0,2018,2017-11-10,BOS,CHA,BOS,CHO,BOS,CHO,1602.1554,1471.844857,130.31054300000005,2018,0.0
21700173,1,1,0,2018,2017-11-10,SAS,MIL,SAS,MIL,SAS,MIL,1602.395707,1483.596856,118.79885100000001,2018,1.0
21700186,1,3,0,2018,2017-11-11,PHX,MIN,PHO,MIN,PHO,MIN,1348.616743,1486.779609,-138.1628659999999,2018,0.3333333333333333
21700188,1,2,0,2018,2017-11-12,BOS,TOR,BOS,TOR,BOS,TOR,1604.136813,1562.461819,41.67499399999997,2018,0.5
21700193,1,1,0,2018,2017-11-13,NYK,CLE,NYK,CLE,NYK,CLE,1450.063725,1549.291939,-99.22821399999998,2018,1.0
21700200,1,1,0,2018,2017-11-13,LAC,PHI,LAC,PHI,LAC,PHI,1540.083032,1437.674792,102.40823999999998,2018,1.0
21700208,2,2,0,2018,2017-11-15,MEM,IND,MEM,IND,MEM,IND,1517.189496,1495.95168,21.237816000000066,2018,1.0
21700209,0,1,0,2018,2017-11-15,MIL,DET,MIL,DET,MIL,DET,1509.500037,1517.519022,-8.01898499999993,2018,0.0
21700215,1,1,0,2018,2017-11-16,BOS,GSW,BOS,GSW,BOS,GSW,1611.682185,1778.796394,-167.11420900000007,2018,1.0
21700218,0,1,0,2018,2017-11-17,WAS,MIA,WAS,MIA,WAS,MIA,1570.419429,1526.042805,44.37662399999999,2018,0.0
21700220,1,2,0,2018,2017-11-17,CLE,LAC,CLE,LAC,CLE,LAC,1564.483326,1528.578395,35.90493100000003,2018,0.5
21700223,1,2,0,2018,2017-11-17,SAS,OKC,SAS,OKC,SAS,OKC,1588.704413,1548.75762,39.94679299999984,2018,0.5
21700225,1,1,0,2018,2017-11-17,SAC,POR,SAC,POR,SAC,POR,1358.126624,1547.332434,-189.20580999999993,2018,1.0
21700249,0,3,0,2018,2017-11-20,DAL,BOS,DAL,BOS,DAL,BOS,1405.707258,1627.418189,-221.71093100000007,2018,0.0
21700252,0,1,0,2018,2017-11-21,LAL,CHI,LAL,CHI,LAL,CHI,1406.365916,1425.659836,-19.29392000000007,2018,0.0
21700253,0,2,0,2018,2017-11-22,CHA,WAS,CHO,WAS,CHO,WAS,1479.453011,1568.511652,-89.05864099999985,2018,0.0
21700264,2,2,0,2018,2017-11-22,PHX,MIL,PHO,MIL,PHO,MIL,1363.259475,1475.675981,-112.41650600000003,2018,1.0
21700267,2,4,0,2018,2017-11-24,BKN,POR,BRK,POR,BRK,POR,1395.610909,1537.558899,-141.94799000000012,2018,0.5
21700271,2,3,0,2018,2017-11-24,IND,TOR,IND,TOR,IND,TOR,1547.445064,1595.293692,-47.84862799999996,2018,0.6666666666666666
21700273,0,2,0,2018,2017-11-24,OKC,DET,OKC,DET,OKC,DET,1561.175519,1490.960694,70.21482499999979,2018,0.0
21700279,0,1,0,2018,2017-11-25,WAS,POR,WAS,POR,WAS,POR,1561.754964,1541.672167,20.082797000000028,2018,0.0
21700299,0,2,0,2018,2017-11-28,CHI,PHX,CHI,PHO,CHI,PHO,1398.02185,1337.226458,60.79539199999999,2018,0.0
21700300,1,3,0,2018,2017-11-28,MIN,WAS,MIN,WAS,MIN,WAS,1495.282369,1553.513823,-58.231453999999985,2018,0.3333333333333333
21700305,1,2,0,2018,2017-11-29,PHI,WAS,PHI,WAS,PHI,WAS,1475.840306,1559.989713,-84.14940699999988,2018,0.5
21700310,2,3,0,2018,2017-11-29,DAL,BKN,DAL,BRK,DAL,BRK,1421.412474,1406.710005,14.702469000000065,2018,0.6666666666666666
21700312,1,1,0,2018,2017-11-29,LAL,GSW,LAL,GSW,LAL,GSW,1401.187731,1740.068344,-338.88061300000004,2018,1.0
21700313,0,1,0,2018,2017-11-30,ATL,CLE,ATL,CLE,ATL,CLE,1400.554315,1619.566502,-219.0121869999998,2018,0.0
21700315,0,1,0,2018,2017-11-30,DEN,CHI,DEN,CHI,DEN,CHI,1525.933723,1386.453642,139.48008100000015,2018,0.0
21700322,0,1,0,2018,2017-12-01,CHI,SAC,CHI,SAC,CHI,SAC,1385.088405,1358.890412,26.197992999999997,2018,0.0
21700325,1,1,0,2018,2017-12-01,UTA,NOP,UTA,NOP,UTA,NOP,1559.621584,1498.199709,61.421875,2018,1.0
21700326,0,1,0,2018,2017-12-02,BOS,PHX,BOS,PHO,BOS,PHO,1622.083582,1343.437727,278.645855,2018,0.0
21700334,1,1,0,2018,2017-12-03,NYK,ORL,NYK,ORL,NYK,ORL,1465.483831,1409.823585,55.660245999999916,2018,1.0
21700337,0,1,0,2018,2017-12-03,OKC,SAS,OKC,SAS,OKC,SAS,1527.882413,1613.828337,-85.94592399999988,2018,0.0
21700345,1,1,0,2018,2017-12-04,MEM,MIN,MEM,MIN,MEM,MIN,1434.201431,1512.551069,-78.34963800000014,2018,1.0
21700351,1,1,0,2018,2017-12-05,OKC,UTA,OKC,UTA,OKC,UTA,1533.187363,1583.706282,-50.518919000000096,2018,1.0
21700353,1,1,0,2018,2017-12-06,CLE,SAC,CLE,SAC,CLE,SAC,1635.923946,1362.700693,273.2232529999999,2018,1.0
21700354,0,1,0,2018,2017-12-06,IND,CHI,IND,CHI,IND,CHI,1541.501844,1369.642792,171.8590519999998,2018,0.0
21700355,1,1,0,2018,2017-12-06,ORL,ATL,ORL,ATL,ORL,ATL,1415.446844,1388.966214,26.48063000000002,2018,1.0
21700367,1,3,0,2018,2017-12-08,CHA,CHI,CHO,CHI,CHO,CHI,1460.577941,1368.270107,92.30783399999996,2018,0.3333333333333333
21700373,1,1,0,2018,2017-12-08,NOP,SAC,NOP,SAC,NOP,SAC,1509.207289,1361.456426,147.75086299999998,2018,1.0
21700374,0,1,0,2018,2017-12-08,SAS,BOS,SAS,BOS,SAS,BOS,1615.514659,1629.851801,-14.337142000000085,2018,0.0
21700375,0,1,0,2018,2017-12-09,LAC,WAS,LAC,WAS,LAC,WAS,1463.81785,1566.35657,-102.53872000000001,2018,0.0
21700380,1,3,0,2018,2017-12-09,CHI,NYK,CHI,NYK,CHI,NYK,1384.398983,1454.20075,-69.80176699999993,2018,0.3333333333333333
21700382,3,4,0,2018,2017-12-09,MEM,OKC,MEM,OKC,MEM,OKC,1425.371432,1529.312341,-103.94090900000015,2018,0.75
21700383,0,2,0,2018,2017-12-09,PHX,SAS,PHO,SAS,PHO,SAS,1358.495443,1619.482236,-260.98679300000003,2018,0.0
21700384,1,1,0,2018,2017-12-09,POR,HOU,POR,HOU,POR,HOU,1511.850135,1676.460919,-164.6107840000002,2018,1.0
21700388,0,1,0,2018,2017-12-10,MIN,DAL,MIN,DAL,MIN,DAL,1517.09755,1438.431593,78.66595699999993,2018,0.0
21700390,1,2,0,2018,2017-12-10,NYK,ATL,NYK,ATL,NYK,ATL,1449.8919,1391.361555,58.530345000000125,2018,0.5
21700392,2,3,0,2018,2017-12-11,HOU,NOP,HOU,NOP,HOU,NOP,1682.989539,1496.841151,186.14838799999984,2018,0.6666666666666666
21700399,0,1,0,2018,2017-12-12,NYK,LAL,NYK,LAL,NYK,LAL,1453.107598,1412.253006,40.85459200000014,2018,0.0
21700400,0,3,0,2018,2017-12-12,BKN,WAS,BRK,WAS,BRK,WAS,1424.655878,1562.27684,-137.62096199999996,2018,0.0
21700401,1,1,0,2018,2017-12-12,MIN,PHI,MIN,PHI,MIN,PHI,1520.340944,1442.311199,78.02974500000005,2018,1.0
21700404,1,2,0,2018,2017-12-13,IND,OKC,IND,OKC,IND,OKC,1555.235577,1510.798047,44.437529999999924,2018,0.5
21700408,1,1,0,2018,2017-12-13,MIA,POR,MIA,POR,MIA,POR,1528.825342,1503.933244,24.892098000000033,2018,1.0
21700411,1,2,0,2018,2017-12-13,PHX,TOR,PHO,TOR,PHO,TOR,1350.453898,1623.771205,-273.317307,2018,0.5
21700419,1,1,0,2018,2017-12-15,IND,DET,IND,DET,IND,DET,1544.149213,1483.810469,60.338743999999906,2018,1.0
21700421,4,5,0,2018,2017-12-15,PHI,OKC,PHI,OKC,PHI,OKC,1455.582551,1521.88441,-66.30185899999992,2018,0.8
21700425,2,3,0,2018,2017-12-15,MEM,ATL,MEM,ATL,MEM,ATL,1398.884065,1372.671326,26.212739000000056,2018,0.6666666666666666
21700427,1,3,0,2018,2017-12-15,DEN,NOP,DEN,NOP,DEN,NOP,1534.052712,1501.226892,32.82582000000002,2018,0.3333333333333333
21700429,1,2,0,2018,2017-12-16,CHA,POR,CHO,POR,CHO,POR,1438.406929,1524.048428,-85.64149900000007,2018,0.5
21700432,1,1,0,2018,2017-12-16,MIA,LAC,MIA,LAC,MIA,LAC,1524.884948,1483.920545,40.96440299999995,2018,1.0
21700433,0,1,0,2018,2017-12-16,HOU,MIL,HOU,MIL,HOU,MIL,1693.819119,1511.857381,181.96173799999997,2018,0.0
21700435,2,3,0,2018,2017-12-16,SAS,DAL,SAS,DAL,SAS,DAL,1605.638016,1443.98661,161.65140600000018,2018,0.6666666666666666
21700443,1,3,0,2018,2017-12-18,ATL,MIA,ATL,MIA,ATL,MIA,1369.810269,1528.775338,-158.96506899999986,2018,0.3333333333333333
21700444,1,2,0,2018,2017-12-18,CHI,PHI,CHI,PHI,CHI,PHI,1437.758539,1450.136691,-12.378152,2018,0.5
21700447,1,1,0,2018,2017-12-18,OKC,DEN,OKC,DEN,OKC,DEN,1515.78722,1538.493396,-22.70617600000014,2018,1.0
21700448,1,1,0,2018,2017-12-18,DAL,PHX,DAL,PHO,DAL,PHO,1442.5362,1356.90182,85.63437999999996,2018,1.0
21700453,0,2,0,2018,2017-12-19,MIL,CLE,MIL,CLE,MIL,CLE,1510.156762,1650.829154,-140.67239199999995,2018,0.0
21700457,1,4,0,2018,2017-12-20,BKN,SAC,BRK,SAC,BRK,SAC,1405.277495,1380.989252,24.288242999999966,2018,0.25
21700463,2,2,0,2018,2017-12-20,POR,SAS,POR,SAS,POR,SAS,1526.125774,1612.57873,-86.45295599999986,2018,1.0
21700467,2,3,0,2018,2017-12-21,PHI,TOR,PHI,TOR,PHI,TOR,1433.431917,1645.886657,-212.4547399999999,2018,0.6666666666666666
21700469,1,3,0,2018,2017-12-21,PHX,MEM,PHO,MEM,PHO,MEM,1365.450432,1393.92038,-28.46994799999993,2018,0.3333333333333333
21700471,1,1,0,2018,2017-12-22,DET,NYK,DET,NYK,DET,NYK,1485.851008,1477.496751,8.354257000000189,2018,1.0
21700477,1,1,0,2018,2017-12-22,OKC,ATL,OKC,ATL,OKC,ATL,1535.04216,1371.027844,164.014316,2018,1.0
21700482,1,3,0,2018,2017-12-23,IND,BKN,IND,BRK,IND,BRK,1545.985013,1425.175301,120.80971199999999,2018,0.3333333333333333
21700487,1,2,0,2018,2017-12-23,MEM,LAC,MEM,LAC,MEM,LAC,1390.277915,1502.758018,-112.4801030000001,2018,0.5
21700491,1,1,0,2018,2017-12-23,LAL,POR,LAL,POR,LAL,POR,1425.019655,1500.714041,-75.6943859999999,2018,1.0
21700494,3,4,0,2018,2017-12-25,GSW,CLE,GSW,CLE,GSW,CLE,1748.063014,1645.771616,102.29139800000007,2018,0.75
21700496,1,1,0,2018,2017-12-25,OKC,HOU,OKC,HOU,OKC,HOU,1555.302972,1657.644256,-102.34128400000009,2018,1.0
21700499,0,1,0,2018,2017-12-26,DAL,TOR,DAL,TOR,DAL,TOR,1430.64818,1653.363303,-222.71512300000018,2018,0.0
21700507,1,1,0,2018,2017-12-27,IND,DAL,IND,DAL,IND,DAL,1532.433627,1441.098669,91.33495799999992,2018,1.0
21700509,0,2,0,2018,2017-12-27,CHI,NYK,CHI,NYK,CHI,NYK,1457.260115,1460.529887,-3.2697719999998753,2018,0.0
21700510,1,3,0,2018,2017-12-27,MIN,DEN,MIN,DEN,MIN,DEN,1542.238174,1584.636134,-42.39796000000001,2018,0.3333333333333333
21700517,1,1,0,2018,2017-12-28,BOS,HOU,BOS,HOU,BOS,HOU,1586.111383,1650.546163,-64.43478000000005,2018,1.0
21700520,1,1,0,2018,2017-12-28,POR,PHI,POR,PHI,POR,PHI,1506.813731,1439.331862,67.48186899999996,2018,1.0
21700526,1,4,0,2018,2017-12-29,OKC,MIL,OKC,MIL,OKC,MIL,1576.01554,1502.981137,73.03440300000011,2018,0.25
21700536,1,1,0,2018,2017-12-30,DEN,PHI,DEN,PHI,DEN,PHI,1580.169812,1436.252654,143.9171580000002,2018,1.0
21700537,0,1,0,2018,2017-12-31,WAS,CHI,WAS,CHI,WAS,CHI,1547.652445,1471.970456,75.68198899999993,2018,0.0
21700539,1,2,0,2018,2017-12-31,BOS,BKN,BOS,BRK,BOS,BRK,1589.64057,1448.172649,141.46792099999993,2018,0.5
21700540,3,4,0,2018,2017-12-31,HOU,LAL,HOU,LAL,HOU,LAL,1630.909293,1377.066584,253.842709,2018,0.75
21700541,1,1,0,2018,2017-12-31,OKC,DAL,OKC,DAL,OKC,DAL,1567.824389,1467.842159,99.98223000000007,2018,1.0
21700547,1,3,0,2018,2018-01-01,CHI,POR,CHI,POR,CHI,POR,1469.012464,1495.41017,-26.3977060000002,2018,0.3333333333333333
21700551,0,1,0,2018,2018-01-02,PHX,ATL,PHO,ATL,PHO,ATL,1367.089429,1404.10844,-37.019010999999864,2018,0.0
21700555,1,1,0,2018,2018-01-03,PHI,SAS,PHI,SAS,PHI,SAS,1463.948641,1613.929801,-149.98116000000005,2018,1.0
21700557,1,2,0,2018,2018-01-03,BKN,MIN,BRK,MIN,BRK,MIN,1448.731598,1563.051097,-114.31949899999995,2018,0.5
21700558,1,1,0,2018,2018-01-03,MIA,DET,MIA,DET,MIA,DET,1489.274379,1504.696929,-15.422550000000001,2018,1.0
21700562,0,1,0,2018,2018-01-03,DAL,GSW,DAL,GSW,DAL,GSW,1477.954725,1726.194528,-248.23980299999994,2018,0.0
21700568,2,2,0,2018,2018-01-05,MIA,NYK,MIA,NYK,MIA,NYK,1495.272844,1445.692032,49.58081200000015,2018,1.0
21700572,3,3,0,2018,2018-01-05,DAL,CHI,DAL,CHI,DAL,CHI,1474.968643,1453.603194,21.3654489999999,2018,1.0
21700575,1,2,0,2018,2018-01-05,MEM,WAS,MEM,WAS,MEM,WAS,1421.779412,1556.965375,-135.1859629999999,2018,0.5
21700579,2,3,0,2018,2018-01-06,BKN,BOS,BRK,BOS,BRK,BOS,1452.98877,1605.865665,-152.8768950000001,2018,0.6666666666666666
21700582,0,1,0,2018,2018-01-06,ORL,CLE,ORL,CLE,ORL,CLE,1346.231367,1611.279355,-265.0479879999998,2018,0.0
21700583,1,1,0,2018,2018-01-06,WAS,MIL,WAS,MIL,WAS,MIL,1561.190631,1504.769751,56.4208799999999,2018,1.0
21700587,2,4,0,2018,2018-01-07,DAL,NYK,DAL,NYK,DAL,NYK,1466.697829,1442.335513,24.362315999999964,2018,0.5
21700592,0,2,0,2018,2018-01-08,BKN,TOR,BRK,TOR,BRK,TOR,1449.053134,1655.914665,-206.861531,2018,0.0
21700595,0,1,0,2018,2018-01-08,NOP,DET,NOP,DET,NOP,DET,1512.057371,1490.05516,22.002211000000216,2018,0.0
21700598,1,3,0,2018,2018-01-08,LAC,ATL,LAC,ATL,LAC,ATL,1505.327838,1380.670264,124.65757399999984,2018,0.3333333333333333
21700599,0,1,0,2018,2018-01-09,TOR,MIA,TOR,MIA,TOR,MIA,1658.527777,1501.379565,157.14821200000006,2018,0.0
21700604,3,3,0,2018,2018-01-10,IND,MIA,IND,MIA,IND,MIA,1507.167191,1509.670306,-2.5031149999999798,2018,1.0
21700605,2,2,0,2018,2018-01-10,WAS,UTA,WAS,UTA,WAS,UTA,1547.515818,1500.552311,46.96350700000016,2018,1.0
21700607,1,4,0,2018,2018-01-10,NYK,CHI,NYK,CHI,NYK,CHI,1451.770348,1438.438599,13.331748999999945,2018,0.25
21700616,2,4,0,2018,2018-01-11,SAC,LAC,SAC,LAC,SAC,LAC,1347.258252,1545.145183,-197.886931,2018,0.5
21700627,1,2,0,2018,2018-01-13,DAL,LAL,DAL,LAL,DAL,LAL,1471.814051,1381.24131,90.57274099999995,2018,0.5
21700630,3,5,0,2018,2018-01-13,WAS,BKN,WAS,BRK,WAS,BRK,1540.50044,1426.45249,114.04795000000013,2018,0.6
21700631,1,1,0,2018,2018-01-13,TOR,GSW,TOR,GSW,TOR,GSW,1662.742729,1721.189484,-58.44675499999994,2018,1.0
21700632,1,2,0,2018,2018-01-13,CHI,DET,CHI,DET,CHI,DET,1446.523859,1516.130003,-69.60614400000009,2018,0.5
21700635,1,1,0,2018,2018-01-14,NYK,NOP,NYK,NOP,NYK,NOP,1440.27458,1515.344822,-75.07024200000001,2018,1.0
21700639,0,1,0,2018,2018-01-15,PHI,TOR,PHI,TOR,PHI,TOR,1484.993376,1657.14979,-172.15641400000004,2018,0.0
21700650,1,2,0,2018,2018-01-16,BOS,NOP,BOS,NOP,BOS,NOP,1616.570028,1523.039756,93.5302720000002,2018,0.5
21700651,0,4,0,2018,2018-01-16,DEN,DAL,DEN,DAL,DEN,DAL,1524.309442,1458.133914,66.17552799999999,2018,0.0
21700654,0,1,0,2018,2018-01-17,ATL,NOP,ATL,NOP,ATL,NOP,1403.935966,1533.000009,-129.06404300000008,2018,0.0
21700655,2,2,0,2018,2018-01-17,BKN,SAS,BRK,SAS,BRK,SAS,1405.23773,1593.473817,-188.236087,2018,1.0
21700656,0,1,0,2018,2018-01-17,TOR,DET,TOR,DET,TOR,DET,1647.263094,1494.654629,152.6084649999998,2018,0.0
21700658,1,2,0,2018,2018-01-17,MEM,NYK,MEM,NYK,MEM,NYK,1425.069606,1450.81281,-25.743203999999878,2018,0.5
21700662,2,3,0,2018,2018-01-17,LAC,DEN,LAC,DEN,LAC,DEN,1564.64099,1527.048769,37.59222100000011,2018,0.6666666666666666
21700664,0,1,0,2018,2018-01-18,CLE,ORL,CLE,ORL,CLE,ORL,1571.325377,1346.529764,224.795613,2018,0.0
21700668,0,1,0,2018,2018-01-19,BKN,MIA,BRK,MIA,BRK,MIA,1400.298771,1532.498351,-132.19957999999997,2018,0.0
21700672,2,4,0,2018,2018-01-19,UTA,NYK,UTA,NYK,UTA,NYK,1494.220411,1445.05039,49.170020999999906,2018,0.5
21700676,2,3,0,2018,2018-01-20,CHA,MIA,CHO,MIA,CHO,MIA,1503.110837,1523.827661,-20.716824000000088,2018,0.6666666666666666
21700679,1,1,0,2018,2018-01-20,HOU,GSW,HOU,GSW,HOU,GSW,1635.82235,1739.37163,-103.54928000000018,2018,1.0
21700685,1,1,0,2018,2018-01-21,DET,BKN,DET,BRK,DET,BRK,1478.875305,1408.969461,69.90584400000012,2018,1.0
21700689,1,2,0,2018,2018-01-22,HOU,MIA,HOU,MIA,HOU,MIA,1645.020526,1529.11136,115.90916599999991,2018,0.5
21700690,2,4,0,2018,2018-01-22,MEM,PHI,MEM,PHI,MEM,PHI,1433.320642,1523.993215,-90.67257300000006,2018,0.5
21700692,2,3,0,2018,2018-01-22,NOP,CHI,NOP,CHI,NOP,CHI,1532.152756,1472.256787,59.89596899999992,2018,0.6666666666666666
21700694,1,3,0,2018,2018-01-22,DEN,POR,DEN,POR,DEN,POR,1504.068178,1527.430301,-23.36212300000011,2018,0.3333333333333333
21700695,1,1,0,2018,2018-01-22,LAC,MIN,LAC,MIN,LAC,MIN,1557.712836,1584.45809,-26.74525400000016,2018,1.0
21700697,3,5,0,2018,2018-01-23,OKC,BKN,OKC,BRK,OKC,BRK,1588.61434,1415.768284,172.8460560000001,2018,0.6
21700700,2,3,0,2018,2018-01-23,LAL,BOS,LAL,BOS,LAL,BOS,1411.596568,1566.550634,-154.954066,2018,0.6666666666666666
21700701,2,2,0,2018,2018-01-24,CHA,NOP,CHO,NOP,CHO,NOP,1499.750831,1535.34735,-35.596518999999944,2018,1.0
21700702,5,5,0,2018,2018-01-24,DET,UTA,DET,UTA,DET,UTA,1472.076483,1484.252348,-12.17586499999993,2018,1.0
21700710,1,1,0,2018,2018-01-25,MIA,SAC,MIA,SAC,MIA,SAC,1525.393944,1329.337642,196.05630199999996,2018,1.0
21700716,0,2,0,2018,2018-01-26,TOR,UTA,TOR,UTA,TOR,UTA,1652.840619,1491.753852,161.086767,2018,0.0
21700717,0,2,0,2018,2018-01-26,CHI,LAL,CHI,LAL,CHI,LAL,1462.211446,1416.487534,45.72391199999993,2018,0.0
21700725,2,3,0,2018,2018-01-27,IND,ORL,IND,ORL,IND,ORL,1524.83532,1355.257556,169.5777639999999,2018,0.6666666666666666
21700727,1,1,0,2018,2018-01-27,MIA,CHA,MIA,CHO,MIA,CHO,1516.431651,1495.678263,20.753388000000086,2018,1.0
21700730,0,3,0,2018,2018-01-27,DEN,DAL,DEN,DAL,DEN,DAL,1513.766703,1446.825749,66.94095399999992,2018,0.0
21700739,1,2,0,2018,2018-01-29,ATL,MIN,ATL,MIN,ATL,MIN,1374.253147,1586.834908,-212.58176100000014,2018,0.5
21700742,2,4,0,2018,2018-01-29,DAL,MIA,DAL,MIA,DAL,MIA,1444.467004,1520.27144,-75.8044359999999,2018,0.5
21700746,1,2,0,2018,2018-01-30,TOR,MIN,TOR,MIN,TOR,MIN,1642.410739,1576.679074,65.73166500000002,2018,0.5
21700750,0,1,0,2018,2018-01-30,SAS,DEN,SAS,DEN,SAS,DEN,1576.976273,1511.443578,65.5326950000001,2018,0.0
21700753,1,1,0,2018,2018-01-31,IND,MEM,IND,MEM,IND,MEM,1531.774444,1420.202634,111.57180999999991,2018,1.0
21700761,1,2,0,2018,2018-02-01,DET,MEM,DET,MEM,DET,MEM,1458.410842,1417.732883,40.6779590000001,2018,0.5
21700762,0,4,0,2018,2018-02-01,WAS,TOR,WAS,TOR,WAS,TOR,1531.41672,1645.86641,-114.44969000000015,2018,0.0
21700776,1,2,0,2018,2018-02-03,DET,MIA,DET,MIA,DET,MIA,1461.085587,1521.225987,-60.1404,2018,0.5
21700782,1,1,0,2018,2018-02-03,DEN,GSW,DEN,GSW,DEN,GSW,1514.539724,1708.766445,-194.226721,2018,1.0
21700784,0,1,0,2018,2018-02-04,BOS,POR,BOS,POR,BOS,POR,1589.405926,1555.48664,33.91928599999983,2018,0.0
21700786,0,2,0,2018,2018-02-04,NYK,ATL,NYK,ATL,NYK,ATL,1448.613673,1370.059962,78.55371100000002,2018,0.0
21700788,2,2,0,2018,2018-02-04,OKC,LAL,OKC,LAL,OKC,LAL,1575.194504,1416.886273,158.30823099999998,2018,1.0
21700792,0,2,0,2018,2018-02-05,MIA,ORL,MIA,ORL,MIA,ORL,1515.797129,1357.290284,158.5068450000001,2018,0.0
21700795,0,2,0,2018,2018-02-05,SAC,CHI,SAC,CHI,SAC,CHI,1346.307228,1426.525099,-80.21787100000006,2018,0.0
21700796,1,1,0,2018,2018-02-05,LAC,DAL,LAC,DAL,LAC,DAL,1545.906986,1432.166299,113.74068699999998,2018,1.0
21700811,1,2,0,2018,2018-02-08,ORL,ATL,ORL,ATL,ORL,ATL,1385.614528,1394.796617,-9.182088999999905,2018,0.5
21700813,4,4,0,2018,2018-02-08,WAS,BOS,WAS,BOS,WAS,BOS,1551.926729,1583.443245,-31.51651599999991,2018,1.0
21700814,2,3,0,2018,2018-02-08,POR,CHA,POR,CHO,POR,CHO,1537.591784,1501.287852,36.30393200000003,2018,0.6666666666666666
21700821,1,3,0,2018,2018-02-09,MIA,MIL,MIA,MIL,MIA,MIL,1499.371394,1544.31315,-44.94175599999994,2018,0.3333333333333333
21700822,1,1,0,2018,2018-02-09,CHI,MIN,CHI,MIN,CHI,MIN,1419.345796,1582.972472,-163.62667599999986,2018,1.0
21700826,0,2,0,2018,2018-02-10,BKN,NOP,BRK,NOP,BRK,NOP,1376.842884,1495.738266,-118.89538200000015,2018,0.0
21700827,1,1,0,2018,2018-02-10,ORL,MIL,ORL,MIL,ORL,MIL,1388.967743,1538.070636,-149.102893,2018,1.0
21700830,0,1,0,2018,2018-02-10,DAL,LAL,DAL,LAL,DAL,LAL,1426.961388,1459.91858,-32.95719200000008,2018,0.0
21700834,0,2,0,2018,2018-02-11,ATL,DET,ATL,DET,ATL,DET,1378.209922,1472.090983,-93.88106100000005,2018,0.0
21700838,0,2,0,2018,2018-02-11,MIN,SAC,MIN,SAC,MIN,SAC,1577.942489,1342.808547,235.13394199999993,2018,0.0
21700845,3,4,0,2018,2018-02-12,UTA,SAS,UTA,SAS,UTA,SAS,1619.555209,1565.219347,54.335862000000134,2018,0.75
21700847,0,2,0,2018,2018-02-13,TOR,MIA,TOR,MIA,TOR,MIA,1676.1286,1505.613908,170.51469199999997,2018,0.0
21700854,2,2,0,2018,2018-02-14,ORL,CHA,ORL,CHO,ORL,CHO,1378.364655,1479.731971,-101.36731599999985,2018,1.0
21700855,1,2,0,2018,2018-02-14,PHI,MIA,PHI,MIA,PHI,MIA,1558.393234,1504.014065,54.37916899999982,2018,0.5
21700856,0,1,0,2018,2018-02-14,BKN,IND,BRK,IND,BRK,IND,1358.478886,1537.53126,-179.05237399999987,2018,0.0
21700861,0,1,0,2018,2018-02-14,MEM,OKC,MEM,OKC,MEM,OKC,1388.706209,1561.440687,-172.73447800000008,2018,0.0
21700864,1,1,0,2018,2018-02-14,POR,GSW,POR,GSW,POR,GSW,1533.692603,1677.081621,-143.38901800000008,2018,1.0
21700869,0,1,0,2018,2018-02-22,CLE,WAS,CLE,WAS,CLE,WAS,1563.108988,1558.518774,4.59021400000006,2018,0.0
21700871,1,2,0,2018,2018-02-22,SAC,OKC,SAC,OKC,SAC,OKC,1352.932885,1567.750406,-214.81752100000017,2018,0.5
21700876,1,3,0,2018,2018-02-23,TOR,MIL,TOR,MIL,TOR,MIL,1687.129781,1531.60399,155.52579100000003,2018,0.3333333333333333
21700879,1,2,0,2018,2018-02-23,NOP,MIA,NOP,MIA,NOP,MIA,1530.511623,1501.507758,29.003865000000133,2018,0.5
21700890,1,2,0,2018,2018-02-24,UTA,DAL,UTA,DAL,UTA,DAL,1596.002765,1409.014323,186.98844199999985,2018,0.5
21700891,1,1,0,2018,2018-02-24,SAC,LAL,SAC,LAL,SAC,LAL,1349.445678,1452.159911,-102.71423299999992,2018,1.0
21700902,1,2,0,2018,2018-02-26,NOP,PHX,NOP,PHO,NOP,PHO,1539.799061,1289.575681,250.2233799999999,2018,0.5
21700904,0,2,0,2018,2018-02-26,DAL,IND,DAL,IND,DAL,IND,1406.8135,1548.000452,-141.18695200000002,2018,0.0
21700912,0,2,0,2018,2018-02-27,DEN,LAC,DEN,LAC,DEN,LAC,1556.003971,1577.077591,-21.07361999999989,2018,0.0
21700919,0,3,0,2018,2018-02-28,DAL,OKC,DAL,OKC,DAL,OKC,1415.753198,1563.798394,-148.0451959999998,2018,0.0
21700920,1,1,0,2018,2018-02-28,SAS,NOP,SAS,NOP,SAS,NOP,1572.510812,1541.586312,30.92450000000008,2018,1.0
21700927,1,1,0,2018,2018-03-02,PHI,CHA,PHI,CHO,PHI,CHO,1568.663057,1514.162179,54.50087800000006,2018,1.0
21700930,2,2,0,2018,2018-03-02,CHI,DAL,CHI,DAL,CHI,DAL,1383.519742,1412.395736,-28.87599399999999,2018,1.0
21700931,0,1,0,2018,2018-03-02,MEM,DEN,MEM,DEN,MEM,DEN,1343.592417,1549.694577,-206.1021599999999,2018,0.0
21700932,0,1,0,2018,2018-03-02,MIL,IND,MIL,IND,MIL,IND,1510.812176,1529.750703,-18.938527000000022,2018,0.0
21700933,1,1,0,2018,2018-03-02,PHX,OKC,PHO,OKC,PHO,OKC,1303.10701,1567.155857,-264.048847,2018,1.0
21700936,0,1,0,2018,2018-03-03,ORL,MEM,ORL,MEM,ORL,MEM,1363.311078,1338.576175,24.73490300000003,2018,0.0
21700943,1,1,0,2018,2018-03-04,ATL,PHX,ATL,PHO,ATL,PHO,1362.705185,1298.612067,64.093118,2018,1.0
21700944,0,1,0,2018,2018-03-04,TOR,CHA,TOR,CHO,TOR,CHO,1691.873197,1508.453872,183.41932499999984,2018,0.0
21700945,1,3,0,2018,2018-03-04,WAS,IND,WAS,IND,WAS,IND,1546.514186,1540.808514,5.70567200000005,2018,0.3333333333333333
21700948,1,1,0,2018,2018-03-04,LAC,BKN,LAC,BRK,LAC,BRK,1578.68656,1353.396502,225.29005800000004,2018,1.0
21700949,1,1,0,2018,2018-03-04,SAC,NYK,SAC,NYK,SAC,NYK,1331.597416,1398.070141,-66.47272499999985,2018,1.0
21700954,1,4,0,2018,2018-03-05,SAS,MEM,SAS,MEM,SAS,MEM,1551.371659,1333.560795,217.8108639999998,2018,0.25
21700956,1,2,0,2018,2018-03-05,LAL,POR,LAL,POR,LAL,POR,1509.483572,1587.451646,-77.96807399999989,2018,0.5
21700959,3,3,0,2018,2018-03-06,WAS,MIA,WAS,MIA,WAS,MIA,1538.604368,1495.768814,42.835554,2018,1.0
21700966,4,4,0,2018,2018-03-07,DET,TOR,DET,TOR,DET,TOR,1425.981791,1695.383346,-269.40155500000014,2018,1.0
21700970,0,1,0,2018,2018-03-07,DEN,CLE,DEN,CLE,DEN,CLE,1553.185728,1526.933326,26.252401999999847,2018,0.0
21700971,0,1,0,2018,2018-03-07,LAL,ORL,LAL,ORL,LAL,ORL,1501.866274,1365.67728,136.18899399999987,2018,0.0
21700994,1,1,0,2018,2018-03-11,MIN,GSW,MIN,GSW,MIN,GSW,1553.436331,1686.42226,-132.98592899999994,2018,1.0
21701003,0,1,0,2018,2018-03-12,OKC,SAC,OKC,SAC,OKC,SAC,1568.516975,1331.157396,237.35957899999994,2018,0.0
21701005,2,2,0,2018,2018-03-13,PHI,IND,PHI,IND,PHI,IND,1583.923506,1545.623263,38.30024300000014,2018,1.0
21701006,3,3,0,2018,2018-03-13,WAS,MIN,WAS,MIN,WAS,MIN,1548.919402,1562.130442,-13.211039999999912,2018,1.0
21701011,0,1,0,2018,2018-03-13,NOP,CHA,NOP,CHO,NOP,CHO,1540.71155,1468.572469,72.13908100000003,2018,0.0
21701017,1,2,0,2018,2018-03-14,BOS,WAS,BOS,WAS,BOS,WAS,1585.776279,1539.506205,46.27007400000002,2018,0.5
21701018,2,2,0,2018,2018-03-14,SAC,MIA,SAC,MIA,SAC,MIA,1329.767214,1513.390317,-183.62310300000013,2018,1.0
21701020,0,1,0,2018,2018-03-15,IND,TOR,IND,TOR,IND,TOR,1554.287337,1714.284819,-159.997482,2018,0.0
21701023,1,2,0,2018,2018-03-15,HOU,LAC,HOU,LAC,HOU,LAC,1767.597773,1584.408171,183.18960199999992,2018,0.5
21701031,1,1,0,2018,2018-03-16,TOR,DAL,TOR,DAL,TOR,DAL,1720.939663,1427.364363,293.5753000000002,2018,1.0
21701041,0,1,0,2018,2018-03-17,MIL,ATL,MIL,ATL,MIL,ATL,1501.108002,1328.997674,172.11032799999998,2018,0.0
21701043,1,1,0,2018,2018-03-17,UTA,SAC,UTA,SAC,UTA,SAC,1650.07855,1358.363704,291.71484599999985,2018,1.0
21701046,0,1,0,2018,2018-03-18,TOR,OKC,TOR,OKC,TOR,OKC,1722.142684,1583.091516,139.05116799999996,2018,0.0
21701053,0,1,0,2018,2018-03-19,BKN,MEM,BRK,MEM,BRK,MEM,1366.574603,1309.115804,57.458799,2018,0.0
21701054,2,5,0,2018,2018-03-19,MIA,DEN,MIA,DEN,MIA,DEN,1510.755982,1534.325495,-23.569513000000143,2018,0.4
21701064,1,1,0,2018,2018-03-20,POR,HOU,POR,HOU,POR,HOU,1641.732398,1780.101385,-138.36898699999983,2018,1.0
21701067,1,2,0,2018,2018-03-21,BKN,CHA,BRK,CHO,BRK,CHO,1369.431918,1452.051993,-82.62007500000004,2018,0.5
21701074,0,1,0,2018,2018-03-22,HOU,DET,HOU,DET,HOU,DET,1785.562518,1451.968863,333.5936549999999,2018,0.0
21701079,2,2,0,2018,2018-03-23,WAS,DEN,WAS,DEN,WAS,DEN,1546.119376,1546.42562,-0.3062439999998787,2018,1.0
21701082,0,1,0,2018,2018-03-23,TOR,BKN,TOR,BRK,TOR,BRK,1701.103814,1361.198213,339.90560100000016,2018,0.0
21701085,1,3,0,2018,2018-03-23,SAS,UTA,SAS,UTA,SAS,UTA,1580.805032,1636.789078,-55.984046000000035,2018,0.3333333333333333
21701086,0,1,0,2018,2018-03-23,POR,BOS,POR,BOS,POR,BOS,1636.271264,1575.339657,60.931606999999985,2018,0.0
21701092,1,1,0,2018,2018-03-24,MEM,LAL,MEM,LAL,MEM,LAL,1292.785091,1497.72137,-204.936279,2018,1.0
21701093,1,1,0,2018,2018-03-24,DAL,CHA,DAL,CHO,DAL,CHO,1409.24915,1471.777686,-62.528535999999804,2018,1.0
21701095,0,1,0,2018,2018-03-25,MIL,SAS,MIL,SAS,MIL,SAS,1499.008484,1586.144423,-87.13593900000001,2018,0.0
21701096,1,2,0,2018,2018-03-25,IND,MIA,IND,MIA,IND,MIA,1548.815586,1519.780828,29.03475800000001,2018,0.5
21701103,0,2,0,2018,2018-03-26,CHA,NYK,CHO,NYK,CHO,NYK,1478.997959,1388.835464,90.16249500000004,2018,0.0
21701109,1,2,0,2018,2018-03-27,TOR,DEN,TOR,DEN,TOR,DEN,1679.818051,1550.513919,129.30413199999998,2018,0.5
21701119,0,1,0,2018,2018-03-28,MEM,POR,MEM,POR,MEM,POR,1310.534002,1638.787278,-328.2532759999999,2018,0.0
21701126,1,3,0,2018,2018-03-29,SAS,OKC,SAS,OKC,SAS,OKC,1571.901648,1593.102314,-21.200665999999956,2018,0.3333333333333333
21701127,1,1,0,2018,2018-03-29,SAC,IND,SAC,IND,SAC,IND,1335.226558,1572.145834,-236.91927599999985,2018,1.0
21701133,1,2,0,2018,2018-03-30,OKC,DEN,OKC,DEN,OKC,DEN,1588.479642,1548.260642,40.21900000000005,2018,0.5
21701134,1,1,0,2018,2018-03-30,DAL,MIN,DAL,MIN,DAL,MIN,1406.385367,1541.333716,-134.948349,2018,1.0
21701136,1,1,0,2018,2018-03-30,LAL,MIL,LAL,MIL,LAL,MIL,1501.574653,1518.426493,-16.85184000000004,2018,1.0
21701141,3,4,0,2018,2018-03-31,MIA,BKN,MIA,BRK,MIA,BRK,1530.424357,1366.017785,164.4065720000001,2018,0.75
21701155,1,1,0,2018,2018-04-01,LAL,SAC,LAL,SAC,LAL,SAC,1495.182836,1324.998079,170.184757,2018,1.0
21701158,0,1,0,2018,2018-04-03,MIA,ATL,MIA,ATL,MIA,ATL,1522.008714,1332.685331,189.32338300000015,2018,0.0
21701160,1,3,0,2018,2018-04-03,CHI,CHA,CHI,CHO,CHI,CHO,1364.35832,1450.587727,-86.22940700000004,2018,0.3333333333333333
21701167,1,3,0,2018,2018-04-03,PHX,SAC,PHO,SAC,PHO,SAC,1241.054785,1333.513259,-92.45847400000002,2018,0.3333333333333333
21701168,1,2,0,2018,2018-04-03,LAC,SAS,LAC,SAS,LAC,SAS,1570.195133,1597.853857,-27.65872400000012,2018,0.5
21701174,0,1,0,2018,2018-04-04,LAL,SAS,LAL,SAS,LAL,SAS,1484.365737,1593.653824,-109.2880869999999,2018,0.0
21701177,1,2,0,2018,2018-04-05,HOU,POR,HOU,POR,HOU,POR,1773.311711,1620.640352,152.67135900000017,2018,0.5
21701180,0,2,0,2018,2018-04-05,DEN,MIN,DEN,MIN,DEN,MIN,1562.045219,1526.392016,35.653203000000076,2018,0.0
21701181,0,1,0,2018,2018-04-06,DET,DAL,DET,DAL,DET,DAL,1486.165758,1405.151575,81.014183,2018,0.0
21701183,1,1,0,2018,2018-04-06,PHI,CLE,PHI,CLE,PHI,CLE,1643.269608,1573.980414,69.28919399999995,2018,1.0
21701184,1,1,0,2018,2018-04-06,WAS,ATL,WAS,ATL,WAS,ATL,1500.21989,1316.526276,183.69361400000003,2018,1.0
21701221,1,3,0,2018,2018-04-11,MIA,TOR,MIA,TOR,MIA,TOR,1494.278354,1687.074628,-192.79627400000004,2018,0.3333333333333333
21701225,1,2,0,2018,2018-04-11,MIN,DEN,MIN,DEN,MIN,DEN,1545.092725,1593.399092,-48.30636700000014,2018,0.5
21800003,2,2,0,2019,2018-10-17,CHA,MIL,CHO,MIL,CHO,MIL,1501.955313,1517.813792,-15.858478999999988,2019,1.0
21800004,1,2,0,2019,2018-10-17,DET,BKN,DET,BRK,DET,BRK,1492.025381,1432.381866,59.64351499999998,2019,0.5
21800006,1,3,0,2019,2018-10-17,ORL,MIA,ORL,MIA,ORL,MIA,1377.813714,1499.3165,-121.50278600000001,2019,0.3333333333333333
21800012,0,1,0,2019,2018-10-17,LAC,DEN,LAC,DEN,LAC,DEN,1505.831923,1566.552652,-60.72072900000012,2019,0.0
21800015,0,1,0,2019,2018-10-18,WAS,MIA,WAS,MIA,WAS,MIA,1500.213419,1493.276418,6.937001000000009,2019,0.0
21800018,1,2,0,2019,2018-10-19,BKN,NYK,BRK,NYK,BRK,NYK,1429.554466,1419.152832,10.401634000000058,2019,0.5
21800024,0,1,0,2019,2018-10-19,UTA,GSW,UTA,GSW,UTA,GSW,1627.959203,1688.56783,-60.60862700000007,2019,0.0
21800027,1,2,0,2019,2018-10-20,WAS,TOR,WAS,TOR,WAS,TOR,1494.474324,1591.116337,-96.6420129999999,2019,0.5
21800028,1,2,0,2019,2018-10-20,NYK,BOS,NYK,BOS,NYK,BOS,1416.078229,1566.42645,-150.34822099999997,2019,0.5
21800030,1,1,0,2019,2018-10-20,MIA,CHA,MIA,CHO,MIA,CHO,1499.015512,1518.448442,-19.432929999999942,2019,1.0
21800031,1,2,0,2019,2018-10-20,CHI,DET,CHI,DET,CHI,DET,1360.438246,1494.852781,-134.41453500000011,2019,0.5
21800032,0,2,0,2019,2018-10-20,DAL,MIN,DAL,MIN,DAL,MIN,1379.422313,1539.450522,-160.02820900000006,2019,0.0
21800038,0,1,0,2019,2018-10-21,DEN,GSW,DEN,GSW,DEN,GSW,1582.037167,1693.212414,-111.17524700000013,2019,0.0
21800039,0,1,0,2019,2018-10-21,LAC,HOU,LAC,HOU,LAC,HOU,1507.98965,1634.582114,-126.59246400000006,2019,0.0
21800040,1,3,0,2019,2018-10-22,BOS,ORL,BOS,ORL,BOS,ORL,1570.402809,1361.192831,209.20997799999986,2019,0.3333333333333333
21800046,3,4,0,2019,2018-10-22,POR,WAS,POR,WAS,POR,WAS,1572.4589,1488.071632,84.38726800000018,2019,0.75
21800048,1,2,0,2019,2018-10-22,LAL,SAS,LAL,SAS,LAL,SAS,1477.943541,1536.45282,-58.50927899999988,2019,0.5
21800049,3,3,0,2019,2018-10-23,DET,PHI,DET,PHI,DET,PHI,1499.090912,1598.773282,-99.68237000000022,2019,1.0
21800052,0,1,0,2019,2018-10-24,ATL,DAL,ATL,DAL,ATL,DAL,1406.551396,1391.680704,14.870691999999963,2019,0.0
21800056,1,2,0,2019,2018-10-24,CHI,CHA,CHI,CHO,CHI,CHO,1351.721655,1515.751454,-164.0297989999999,2019,0.5
21800066,1,3,0,2019,2018-10-25,LAL,DEN,LAL,DEN,LAL,DEN,1486.819534,1590.651888,-103.83235400000012,2019,0.3333333333333333
21800078,1,1,0,2019,2018-10-27,PHI,CHA,PHI,CHO,PHI,CHO,1583.366887,1516.474256,66.89263099999994,2019,1.0
21800082,2,2,0,2019,2018-10-27,SAS,LAL,SAS,LAL,SAS,LAL,1518.766863,1495.351248,23.415615000000116,2019,1.0
21800083,0,1,0,2019,2018-10-28,BKN,GSW,BRK,GSW,BRK,GSW,1449.162831,1703.176632,-254.01380099999983,2019,0.0
21800093,2,3,0,2019,2018-10-29,MIN,LAL,MIN,LAL,MIN,LAL,1506.108715,1491.55798,14.550735000000032,2019,0.6666666666666666
21800094,0,1,0,2019,2018-10-29,SAS,DAL,SAS,DAL,SAS,DAL,1522.56013,1379.335077,143.22505300000012,2019,0.0
21800095,0,1,0,2019,2018-10-29,DEN,NOP,DEN,NOP,DEN,NOP,1582.120174,1579.670266,2.449907999999823,2019,0.0
21800099,0,1,0,2019,2018-10-30,BOS,DET,BOS,DET,BOS,DET,1586.883746,1489.380956,97.50279,2019,0.0
21800104,2,4,0,2019,2018-10-31,BKN,DET,BRK,DET,BRK,DET,1431.904017,1487.035733,-55.13171599999987,2019,0.5
21800105,1,1,0,2019,2018-10-31,NYK,IND,NYK,IND,NYK,IND,1404.369887,1566.757694,-162.38780699999984,2019,1.0
21800106,1,3,0,2019,2018-10-31,CHI,DEN,CHI,DEN,CHI,DEN,1363.568472,1586.760232,-223.19176000000016,2019,0.3333333333333333
21800107,0,2,0,2019,2018-10-31,MIN,UTA,MIN,UTA,MIN,UTA,1510.058377,1645.084946,-135.02656899999988,2019,0.0
21800111,1,2,0,2019,2018-11-01,CHA,OKC,CHO,OKC,CHO,OKC,1521.138904,1546.114868,-24.975963999999976,2019,0.5
21800115,1,2,0,2019,2018-11-01,BOS,MIL,BOS,MIL,BOS,MIL,1589.228969,1593.262393,-4.033423999999968,2019,0.5
21800127,0,1,0,2019,2018-11-03,IND,BOS,IND,BOS,IND,BOS,1575.871386,1593.520123,-17.648736999999983,2019,0.0
21800136,1,2,0,2019,2018-11-04,PHX,MEM,PHO,MEM,PHO,MEM,1300.455089,1432.856309,-132.40121999999997,2019,0.5
21800140,1,3,0,2019,2018-11-05,DET,MIA,DET,MIA,DET,MIA,1479.390869,1477.236345,2.1545240000000376,2019,0.3333333333333333
21800141,1,3,0,2019,2018-11-05,IND,HOU,IND,HOU,IND,HOU,1578.781111,1574.091336,4.689775000000054,2019,0.3333333333333333
21800142,3,5,0,2019,2018-11-05,ORL,CLE,ORL,CLE,ORL,CLE,1356.676385,1447.432781,-90.756396,2019,0.6
21800143,1,1,0,2019,2018-11-05,NYK,CHI,NYK,CHI,NYK,CHI,1406.30665,1352.302714,54.00393600000007,2019,1.0
21800144,0,1,0,2019,2018-11-05,OKC,NOP,OKC,NOP,OKC,NOP,1572.889164,1554.85387,18.03529400000002,2019,0.0
21800162,1,1,0,2019,2018-11-07,LAL,MIN,LAL,MIN,LAL,MIN,1488.960032,1497.135179,-8.175147000000152,2019,1.0
21800164,1,2,0,2019,2018-11-08,PHX,BOS,PHO,BOS,PHO,BOS,1291.151804,1585.152112,-294.0003079999999,2019,0.5
21800168,1,1,0,2019,2018-11-09,PHI,CHA,PHI,CHO,PHI,CHO,1577.423964,1528.210096,49.21386800000005,2019,1.0
21800170,0,3,0,2019,2018-11-09,MIA,IND,MIA,IND,MIA,IND,1493.809795,1558.99532,-65.1855250000001,2019,0.0
21800171,0,1,0,2019,2018-11-09,DEN,BKN,DEN,BRK,DEN,BRK,1612.38257,1465.597913,146.78465699999992,2019,0.0
21800179,1,1,0,2019,2018-11-10,MEM,PHI,MEM,PHI,MEM,PHI,1432.018129,1579.572869,-147.55474000000004,2019,1.0
21800187,0,1,0,2019,2018-11-11,DEN,MIL,DEN,MIL,DEN,MIL,1602.684389,1620.473775,-17.789385999999922,2019,0.0
21800188,1,2,0,2019,2018-11-11,POR,BOS,POR,BOS,POR,BOS,1621.764428,1582.777055,38.987372999999934,2019,0.5
21800189,1,4,0,2019,2018-11-11,LAL,ATL,LAL,ATL,LAL,ATL,1510.466751,1338.753721,171.7130299999999,2019,0.25
21800198,0,1,0,2019,2018-11-12,LAC,GSW,LAC,GSW,LAC,GSW,1554.070541,1690.809289,-136.738748,2019,0.0
21800207,1,2,0,2019,2018-11-14,MIL,MEM,MIL,MEM,MIL,MEM,1631.570665,1433.87097,197.69969500000002,2019,0.5
21800215,2,4,0,2019,2018-11-15,LAC,SAS,LAC,SAS,LAC,SAS,1562.084854,1497.525438,64.55941600000006,2019,0.5
21800217,0,2,0,2019,2018-11-16,IND,MIA,IND,MIA,IND,MIA,1561.40084,1477.915676,83.48516399999994,2019,0.0
21800220,1,2,0,2019,2018-11-16,MEM,SAC,MEM,SAC,MEM,SAC,1446.306686,1453.523792,-7.217106000000058,2019,0.5
21800225,0,1,0,2019,2018-11-17,CHA,PHI,CHO,PHI,CHO,PHI,1519.777361,1576.169005,-56.39164400000004,2019,0.0
21800239,2,3,0,2019,2018-11-19,CHA,BOS,CHO,BOS,CHO,BOS,1513.261379,1571.604493,-58.343114000000014,2019,0.6666666666666666
21800242,0,2,0,2019,2018-11-19,PHI,PHX,PHI,PHO,PHI,PHO,1582.684988,1303.322996,279.3619919999999,2019,0.0
21800245,0,1,0,2019,2018-11-19,MIL,DEN,MIL,DEN,MIL,DEN,1621.690731,1574.982969,46.707762,2019,0.0
21800247,1,6,0,2019,2018-11-19,SAC,OKC,SAC,OKC,SAC,OKC,1442.274723,1587.710252,-145.4355290000001,2019,0.16666666666666666
21800248,0,1,0,2019,2018-11-20,ORL,TOR,ORL,TOR,ORL,TOR,1418.348789,1624.081523,-205.73273400000016,2019,0.0
21800255,4,7,0,2019,2018-11-21,BOS,NYK,BOS,NYK,BOS,NYK,1565.606744,1358.031408,207.57533599999988,2019,0.5714285714285714
21800256,1,1,0,2019,2018-11-21,CLE,LAL,CLE,LAL,CLE,LAL,1431.161364,1526.112216,-94.95085199999994,2019,1.0
21800257,1,1,0,2019,2018-11-21,CHI,PHX,CHI,PHO,CHI,PHO,1331.236513,1302.230088,29.006425000000036,2019,1.0
21800260,1,1,0,2019,2018-11-21,MIN,DEN,MIN,DEN,MIN,DEN,1492.51597,1570.822586,-78.30661600000008,2019,1.0
21800262,0,2,0,2019,2018-11-21,SAS,MEM,SAS,MEM,SAS,MEM,1502.480958,1479.037143,23.443815000000086,2019,0.0
21800266,3,4,0,2019,2018-11-23,LAC,MEM,LAC,MEM,LAC,MEM,1569.632353,1485.051573,84.58078,2019,0.75
21800267,1,1,0,2019,2018-11-23,DET,HOU,DET,HOU,DET,HOU,1490.733631,1612.556959,-121.82332799999995,2019,1.0
21800269,2,4,0,2019,2018-11-23,NYK,NOP,NYK,NOP,NYK,NOP,1378.612637,1584.703255,-206.09061799999995,2019,0.5
21800274,1,1,0,2019,2018-11-23,OKC,CHA,OKC,CHO,OKC,CHO,1614.761522,1532.425166,82.33635600000002,2019,1.0
21800275,1,2,0,2019,2018-11-23,MIL,PHX,MIL,PHO,MIL,PHO,1643.752193,1296.922908,346.829285,2019,0.5
21800284,0,2,0,2019,2018-11-24,MIL,SAS,MIL,SAS,MIL,SAS,1629.779342,1515.063878,114.71546400000011,2019,0.0
21800286,0,1,0,2019,2018-11-25,LAL,ORL,LAL,ORL,LAL,ORL,1538.38171,1409.429001,128.95270900000014,2019,0.0
21800288,2,3,0,2019,2018-11-25,ATL,CHA,ATL,CHO,ATL,CHO,1309.486966,1529.240181,-219.75321499999995,2019,0.6666666666666666
21800289,0,2,0,2019,2018-11-25,BKN,PHI,BRK,PHI,BRK,PHI,1452.934756,1566.357347,-113.42259099999978,2019,0.0
21800291,2,2,0,2019,2018-11-25,MEM,NYK,MEM,NYK,MEM,NYK,1481.901908,1388.58051,93.32139800000004,2019,1.0
21800293,1,1,0,2019,2018-11-25,POR,LAC,POR,LAC,POR,LAC,1581.570143,1572.782018,8.788124999999809,2019,1.0
21800294,1,3,0,2019,2018-11-26,CHA,MIL,CHO,MIL,CHO,MIL,1523.287501,1632.750722,-109.46322099999998,2019,0.3333333333333333
21800296,1,4,0,2019,2018-11-26,WAS,HOU,WAS,HOU,WAS,HOU,1450.682543,1592.969634,-142.28709100000015,2019,0.25
21800297,0,1,0,2019,2018-11-26,CHI,SAS,CHI,SAS,CHI,SAS,1324.429591,1512.092499,-187.66290800000002,2019,0.0
21800300,0,1,0,2019,2018-11-26,GSW,ORL,GSW,ORL,GSW,ORL,1624.017962,1421.644218,202.373744,2019,0.0
21800302,1,1,0,2019,2018-11-27,MIA,ATL,MIA,ATL,MIA,ATL,1445.651502,1315.439645,130.211857,2019,1.0
21800305,0,1,0,2019,2018-11-27,PHX,IND,PHO,IND,PHO,IND,1308.022402,1582.499517,-274.4771149999999,2019,0.0
21800310,1,1,0,2019,2018-11-28,MIL,CHI,MIL,CHI,MIL,CHI,1626.964061,1321.58584,305.37822099999994,2019,1.0
21800314,3,3,0,2019,2018-11-28,POR,ORL,POR,ORL,POR,ORL,1572.542062,1419.785767,152.7562949999999,2019,1.0
21800316,1,1,0,2019,2018-11-29,TOR,GSW,TOR,GSW,TOR,GSW,1646.447908,1625.876413,20.57149500000014,2019,1.0
21800323,3,8,0,2019,2018-11-30,BKN,MEM,BRK,MEM,BRK,MEM,1436.908021,1462.487312,-25.579291000000012,2019,0.375
21800324,1,2,0,2019,2018-11-30,MIA,NOP,MIA,NOP,MIA,NOP,1436.293192,1549.076661,-112.78346899999997,2019,0.5
21800329,3,3,0,2019,2018-11-30,POR,DEN,POR,DEN,POR,DEN,1574.302072,1605.884784,-31.58271200000013,2019,1.0
21800330,3,3,0,2019,2018-12-01,NYK,MIL,NYK,MIL,NYK,MIL,1392.071873,1627.710285,-235.63841200000002,2019,1.0
21800336,0,1,0,2019,2018-12-01,SAC,IND,SAC,IND,SAC,IND,1437.39237,1577.684264,-140.29189399999996,2019,0.0
21800341,1,1,0,2019,2018-12-02,DAL,LAC,DAL,LAC,DAL,LAC,1488.400819,1594.14454,-105.74372100000005,2019,1.0
21800345,2,3,0,2019,2018-12-03,BKN,CLE,BRK,CLE,BRK,CLE,1418.989242,1426.852607,-7.863364999999931,2019,0.6666666666666666
21800346,0,1,0,2019,2018-12-03,NYK,WAS,NYK,WAS,NYK,WAS,1399.506496,1451.409167,-51.902671000000055,2019,0.0
21800347,1,2,0,2019,2018-12-03,TOR,DEN,TOR,DEN,TOR,DEN,1656.67163,1610.992039,45.67959100000007,2019,0.5
21800349,0,1,0,2019,2018-12-03,NOP,LAC,NOP,LAC,NOP,LAC,1555.209486,1587.685951,-32.47646499999996,2019,0.0
21800350,0,2,0,2019,2018-12-04,IND,CHI,IND,CHI,IND,CHI,1573.025538,1314.245505,258.780033,2019,0.0
21800356,3,4,0,2019,2018-12-05,ORL,DEN,ORL,DEN,ORL,DEN,1449.913142,1619.828246,-169.91510399999993,2019,0.75
21800364,1,2,0,2019,2018-12-05,LAL,SAS,LAL,SAS,LAL,SAS,1533.290967,1471.114276,62.17669099999989,2019,0.5
21800368,0,1,0,2019,2018-12-07,CHA,DEN,CHO,DEN,CHO,DEN,1497.279728,1625.697304,-128.41757600000005,2019,0.0
21800371,1,1,0,2019,2018-12-07,BKN,TOR,BRK,TOR,BRK,TOR,1409.475609,1653.372663,-243.89705400000003,2019,1.0
21800374,1,2,0,2019,2018-12-07,NOP,MEM,NOP,MEM,NOP,MEM,1558.865995,1480.271816,78.59417900000017,2019,0.5
21800378,1,1,0,2019,2018-12-08,DAL,HOU,DAL,HOU,DAL,HOU,1492.582062,1558.081115,-65.499053,2019,1.0
21800385,1,1,0,2019,2018-12-08,POR,MIN,POR,MIN,POR,MIN,1551.419656,1539.358933,12.060723000000053,2019,1.0
21800388,0,1,0,2019,2018-12-09,TOR,MIL,TOR,MIL,TOR,MIL,1647.01434,1612.728571,34.285768999999846,2019,0.0
21800398,2,5,0,2019,2018-12-10,DEN,MEM,DEN,MEM,DEN,MEM,1600.157477,1468.60722,131.55025699999987,2019,0.4
21800401,0,1,0,2019,2018-12-10,LAL,MIA,LAL,MIA,LAL,MIA,1549.37236,1476.483748,72.88861199999997,2019,0.0
21800405,2,2,0,2019,2018-12-12,CHA,DET,CHO,DET,CHO,DET,1516.23119,1468.383377,47.84781299999986,2019,1.0
21800406,3,3,0,2019,2018-12-12,CLE,NYK,CLE,NYK,CLE,NYK,1409.063006,1365.651372,43.41163400000005,2019,1.0
21800409,0,1,0,2019,2018-12-12,WAS,BOS,WAS,BOS,WAS,BOS,1453.804635,1614.82725,-161.0226150000001,2019,0.0
21800411,1,3,0,2019,2018-12-12,NOP,OKC,NOP,OKC,NOP,OKC,1551.807489,1630.71253,-78.90504099999998,2019,0.3333333333333333
21800418,0,1,0,2019,2018-12-13,ORL,CHI,ORL,CHI,,,,,210.434753,2019,0.0
21800421,0,1,0,2019,2018-12-14,CHA,NYK,CHO,NYK,CHO,NYK,1518.394095,1361.053971,157.34012400000006,2019,0.0
21800425,1,2,0,2019,2018-12-14,MEM,MIA,MEM,MIA,MEM,MIA,1475.107375,1464.426505,10.68087000000014,2019,0.5
21800427,0,1,0,2019,2018-12-14,POR,TOR,POR,TOR,POR,TOR,1542.224223,1678.188433,-135.9642100000001,2019,0.0
21800445,3,3,0,2019,2018-12-17,HOU,UTA,HOU,UTA,HOU,UTA,1576.652358,1547.434863,29.2174950000001,2019,1.0
21800450,2,3,0,2019,2018-12-17,LAC,POR,LAC,POR,LAC,POR,1507.146414,1551.007244,-43.86082999999985,2019,0.6666666666666666
21800451,1,3,0,2019,2018-12-18,IND,CLE,IND,CLE,IND,CLE,1624.713732,1391.794912,232.91881999999987,2019,0.3333333333333333
21800459,1,1,0,2019,2018-12-19,TOR,IND,TOR,IND,TOR,IND,1661.106033,1615.108539,45.99749399999996,2019,1.0
21800463,2,4,0,2019,2018-12-19,MIN,DET,MIN,DET,MIN,DET,1519.485396,1473.368232,46.117164,2019,0.5
21800467,0,2,0,2019,2018-12-20,MIA,HOU,MIA,HOU,MIA,HOU,1485.9556,1586.102543,-100.14694299999996,2019,0.0
21800471,1,3,0,2019,2018-12-21,BKN,IND,BRK,IND,BRK,IND,1461.789442,1612.090518,-150.30107599999997,2019,0.3333333333333333
21800477,1,2,0,2019,2018-12-21,SAC,MEM,SAC,MEM,SAC,MEM,1470.272202,1450.534846,19.73735600000009,2019,0.5
21800480,3,6,0,2019,2018-12-22,WAS,PHX,WAS,PHO,WAS,PHO,1443.068005,1335.775964,107.29204100000015,2019,0.5
21800482,2,3,0,2019,2018-12-22,MIA,MIL,MIA,MIL,MIA,MIL,1490.790077,1647.295547,-156.50546999999983,2019,0.6666666666666666
21800483,0,1,0,2019,2018-12-22,HOU,SAS,HOU,SAS,HOU,SAS,1581.268067,1555.895526,25.372540999999956,2019,0.0
21800485,1,2,0,2019,2018-12-22,UTA,OKC,UTA,OKC,UTA,OKC,1581.701092,1635.961297,-54.26020500000004,2019,0.5
21800486,1,1,0,2019,2018-12-23,DET,ATL,DET,ATL,DET,ATL,1477.912553,1333.008842,144.90371099999993,2019,1.0
21800492,1,3,0,2019,2018-12-23,SAC,NOP,SAC,NOP,SAC,NOP,1473.682284,1534.166901,-60.48461700000007,2019,0.3333333333333333
21800493,2,4,0,2019,2018-12-23,OKC,MIN,OKC,MIN,OKC,MIN,1640.705884,1496.174012,144.53187200000002,2019,0.5
21800495,2,2,0,2019,2018-12-23,POR,DAL,POR,DAL,POR,DAL,1530.600575,1471.34285,59.25772499999994,2019,1.0
21800498,2,2,0,2019,2018-12-25,HOU,OKC,HOU,OKC,HOU,OKC,1586.268762,1631.053944,-44.78518200000008,2019,1.0
21800499,3,4,0,2019,2018-12-25,BOS,PHI,BOS,PHI,BOS,PHI,1578.342614,1585.718373,-7.375759000000016,2019,0.75
21800503,1,4,0,2019,2018-12-26,ORL,PHX,ORL,PHO,ORL,PHO,1379.044051,1330.162944,48.881107000000156,2019,0.25
21800505,2,4,0,2019,2018-12-26,BKN,CHA,BRK,CHO,BRK,CHO,1457.697729,1488.631027,-30.933297999999922,2019,0.5
21800506,1,1,0,2019,2018-12-26,MIA,TOR,MIA,TOR,MIA,TOR,1519.397811,1647.293603,-127.89579200000003,2019,1.0
21800509,0,1,0,2019,2018-12-26,DAL,NOP,DAL,NOP,DAL,NOP,1468.510185,1528.117713,-59.607528,2019,0.0
21800511,1,2,0,2019,2018-12-26,LAC,SAC,LAC,SAC,LAC,SAC,1519.53614,1479.731472,39.80466799999999,2019,0.5
21800516,0,1,0,2019,2018-12-27,GSW,POR,GSW,POR,GSW,POR,1598.725299,1524.176621,74.54867799999988,2019,0.0
21800522,1,1,0,2019,2018-12-28,MIN,ATL,MIN,ATL,MIN,ATL,1520.467557,1340.014299,180.453258,2019,1.0
21800528,2,3,0,2019,2018-12-29,NOP,HOU,NOP,HOU,NOP,HOU,1525.887816,1599.672263,-73.784447,2019,0.6666666666666666
21800529,2,3,0,2019,2018-12-29,ATL,CLE,ATL,CLE,ATL,CLE,1352.037207,1355.801189,-3.7639819999999418,2019,0.6666666666666666
21800530,0,2,0,2019,2018-12-29,WAS,CHA,WAS,CHO,WAS,CHO,1416.707776,1492.294352,-75.58657599999992,2019,0.0
21800536,1,3,0,2019,2018-12-30,ORL,DET,ORL,DET,ORL,DET,1408.159768,1465.322578,-57.162810000000036,2019,0.3333333333333333
21800538,1,2,0,2019,2018-12-30,TOR,CHI,TOR,CHI,TOR,CHI,1614.823983,1340.846613,273.97737000000006,2019,0.5
21800541,1,2,0,2019,2018-12-30,LAL,SAC,LAL,SAC,LAL,SAC,1549.220328,1478.305045,70.91528300000004,2019,0.5
21800546,1,3,0,2019,2018-12-31,NOP,MIN,NOP,MIN,NOP,MIN,1518.941467,1522.486431,-3.5449639999999363,2019,0.3333333333333333
21800552,0,1,0,2019,2019-01-01,SAC,POR,SAC,POR,SAC,POR,1474.277141,1541.496251,-67.21911,2019,0.0
21800561,1,2,0,2019,2019-01-02,PHX,PHI,PHO,PHI,PHO,PHI,1320.137958,1587.504346,-267.3663879999999,2019,0.5
21800565,1,3,0,2019,2019-01-03,GSW,HOU,GSW,HOU,GSW,HOU,1612.237748,1610.364787,1.872961000000032,2019,0.3333333333333333
21800569,1,1,0,2019,2019-01-04,CHI,IND,CHI,IND,CHI,IND,1315.951158,1637.041923,-321.0907649999999,2019,1.0
21800574,0,1,0,2019,2019-01-04,LAL,NYK,LAL,NYK,LAL,NYK,1544.148485,1313.993189,230.1552959999999,2019,0.0
21800575,2,2,0,2019,2019-01-04,POR,OKC,POR,OKC,POR,OKC,1549.402999,1640.512542,-91.10954300000003,2019,1.0
21800577,1,1,0,2019,2019-01-05,DET,UTA,DET,UTA,DET,UTA,1468.101169,1577.120828,-109.01965900000005,2019,1.0
21800583,1,1,0,2019,2019-01-05,SAC,GSW,SAC,GSW,SAC,GSW,1460.894134,1606.582646,-145.68851200000017,2019,1.0
21800590,1,2,0,2019,2019-01-06,PHX,CHA,PHO,CHO,PHO,CHO,1309.83959,1452.922477,-143.08288700000003,2019,0.5
21800601,1,1,0,2019,2019-01-08,MIA,DEN,MIA,DEN,MIA,DEN,1501.175924,1605.409184,-104.2332600000002,2019,1.0
21800602,1,1,0,2019,2019-01-08,TOR,ATL,TOR,ATL,TOR,ATL,1631.488989,1368.998642,262.49034699999993,2019,1.0
21800603,2,2,0,2019,2019-01-08,OKC,MIN,OKC,MIN,OKC,MIN,1610.194116,1528.475364,81.718752,2019,1.0
21800604,2,2,0,2019,2019-01-08,PHX,SAC,PHO,SAC,PHO,SAC,1303.286709,1463.415674,-160.1289650000001,2019,1.0
21800619,1,2,0,2019,2019-01-10,SAS,OKC,SAS,OKC,SAS,OKC,1590.615398,1601.826324,-11.2109260000002,2019,0.5
21800626,0,1,0,2019,2019-01-11,MIN,DAL,MIN,DAL,MIN,DAL,1536.843156,1487.901463,48.94169299999999,2019,0.0
21800630,0,2,0,2019,2019-01-12,LAC,DET,LAC,DET,LAC,DET,1528.957385,1438.673838,90.283547,2019,0.0
21800631,0,1,0,2019,2019-01-12,MIA,MEM,MIA,MEM,MIA,MEM,1510.043651,1432.400019,77.64363200000003,2019,0.0
21800632,0,1,0,2019,2019-01-12,ORL,BOS,ORL,BOS,ORL,BOS,1404.734108,1599.578726,-194.84461799999985,2019,0.0
21800633,1,2,0,2019,2019-01-12,MIN,NOP,MIN,NOP,MIN,NOP,1526.760998,1544.842156,-18.08115799999996,2019,0.5
21800638,3,3,0,2019,2019-01-13,NYK,PHI,NYK,PHI,NYK,PHI,1322.569701,1571.177975,-248.60827400000016,2019,1.0
21800639,4,7,0,2019,2019-01-13,WAS,TOR,WAS,TOR,WAS,TOR,1484.41777,1637.085094,-152.667324,2019,0.5714285714285714
21800642,3,4,0,2019,2019-01-13,DAL,GSW,DAL,GSW,DAL,GSW,1497.983622,1618.233224,-120.2496020000001,2019,0.75
21800643,0,1,0,2019,2019-01-13,DEN,POR,DEN,POR,DEN,POR,1601.521123,1566.536085,34.98503800000003,2019,0.0
21800644,2,2,0,2019,2019-01-13,LAL,CLE,LAL,CLE,LAL,CLE,1523.722994,1299.272466,224.45052800000008,2019,1.0
21800648,0,1,0,2019,2019-01-14,UTA,DET,UTA,DET,UTA,DET,1590.890079,1451.115225,139.774854,2019,0.0
21800650,2,2,0,2019,2019-01-14,LAC,NOP,LAC,NOP,LAC,NOP,1516.515998,1540.280849,-23.764850999999908,2019,1.0
21800657,1,1,0,2019,2019-01-16,DET,ORL,DET,ORL,DET,ORL,1448.507396,1422.927609,25.579786999999897,2019,1.0
21800658,1,2,0,2019,2019-01-16,BOS,TOR,BOS,TOR,BOS,TOR,1584.018715,1641.024096,-57.00538100000017,2019,0.5
21800659,1,1,0,2019,2019-01-16,HOU,BKN,HOU,BRK,HOU,BRK,1600.346591,1485.122781,115.22380999999996,2019,1.0
21800661,0,1,0,2019,2019-01-16,DAL,SAS,DAL,SAS,DAL,SAS,1491.461597,1562.257746,-70.79614900000001,2019,0.0
21800665,1,1,0,2019,2019-01-17,WAS,NYK,WAS,NYK,,,,,30.415607000000136,2019,1.0
21800670,1,2,0,2019,2019-01-17,OKC,LAL,OKC,LAL,OKC,LAL,1581.176469,1507.567414,73.6090549999999,2019,0.5
21800672,0,2,0,2019,2019-01-18,DET,MIA,DET,MIA,DET,MIA,1452.686548,1504.279842,-51.593294000000014,2019,0.0
21800674,3,3,0,2019,2019-01-18,MIN,SAS,MIN,SAS,MIN,SAS,1515.966911,1569.276442,-53.309531000000106,2019,1.0
21800680,1,2,0,2019,2019-01-19,DET,SAC,DET,SAC,DET,SAC,1458.523686,1465.251421,-6.727734999999939,2019,0.5
21800686,1,2,0,2019,2019-01-19,HOU,LAL,HOU,LAL,HOU,LAL,1589.873704,1525.184839,64.68886500000008,2019,0.5
21800710,1,2,0,2019,2019-01-23,NYK,HOU,NYK,HOU,NYK,HOU,1309.635684,1580.174471,-270.53878699999996,2019,0.5
21800711,1,1,0,2019,2019-01-23,PHI,SAS,PHI,SAS,PHI,SAS,1623.240766,1559.568414,63.67235199999982,2019,1.0
21800714,1,1,0,2019,2019-01-23,NOP,DET,NOP,DET,NOP,DET,1551.178292,1444.469569,106.70872299999996,2019,1.0
21800720,0,1,0,2019,2019-01-25,ORL,WAS,ORL,WAS,ORL,WAS,1425.63415,1483.717057,-58.08290699999998,2019,0.0
21800723,1,1,0,2019,2019-01-25,CHI,LAC,CHI,LAC,CHI,LAC,1284.145183,1505.899635,-221.7544519999999,2019,1.0
21800724,1,2,0,2019,2019-01-25,HOU,TOR,HOU,TOR,HOU,TOR,1583.208065,1636.971425,-53.76335999999992,2019,0.5
21800725,1,1,0,2019,2019-01-25,MEM,SAC,MEM,SAC,MEM,SAC,1385.340248,1455.687848,-70.34760000000006,2019,1.0
21800729,0,3,0,2019,2019-01-25,UTA,MIN,UTA,MIN,UTA,MIN,1606.322976,1542.313967,64.00900899999988,2019,0.0
21800731,0,1,0,2019,2019-01-26,MEM,IND,MEM,IND,MEM,IND,1379.126238,1613.864985,-234.73874699999988,2019,0.0
21800732,0,1,0,2019,2019-01-26,BOS,GSW,BOS,GSW,BOS,GSW,1606.269825,1688.641427,-82.37160199999994,2019,0.0
21800737,1,1,0,2019,2019-01-27,HOU,ORL,HOU,ORL,HOU,ORL,1587.251126,1418.304661,168.94646500000022,2019,1.0
21800739,1,1,0,2019,2019-01-27,DAL,TOR,DAL,TOR,DAL,TOR,1488.013987,1632.928365,-144.91437799999994,2019,1.0
21800741,0,1,0,2019,2019-01-27,NYK,MIA,NYK,MIA,NYK,MIA,1304.205352,1491.135439,-186.93008699999996,2019,0.0
21800747,0,1,0,2019,2019-01-28,MEM,DEN,MEM,DEN,MEM,DEN,1387.707392,1592.198453,-204.49106099999995,2019,0.0
21800749,0,2,0,2019,2019-01-29,CLE,WAS,CLE,WAS,CLE,WAS,1288.921871,1485.472218,-196.5503470000001,2019,0.0
21800753,4,4,0,2019,2019-01-29,HOU,NOP,HOU,NOP,HOU,NOP,1589.282136,1520.226638,69.05549799999994,2019,1.0
21800754,1,2,0,2019,2019-01-29,SAS,PHX,SAS,PHO,SAS,PHO,1577.907325,1288.770188,289.13713699999994,2019,0.5
21800760,0,2,0,2019,2019-01-30,MIN,MEM,MIN,MEM,MIN,MEM,1524.882753,1384.054575,140.82817799999998,2019,0.0
21800767,1,1,0,2019,2019-01-31,SAS,BKN,SAS,BRK,SAS,BRK,1578.616354,1515.755343,62.86101099999996,2019,1.0
21800769,2,3,0,2019,2019-01-31,LAC,LAL,LAC,LAL,LAC,LAL,1503.135056,1481.116805,22.018250999999964,2019,0.6666666666666666
21800770,1,1,0,2019,2019-02-01,CHA,MEM,CHO,MEM,CHO,MEM,1477.434213,1382.434076,95.000137,2019,1.0
21800783,2,2,0,2019,2019-02-02,MIN,DEN,MIN,DEN,MIN,DEN,1526.503253,1612.223097,-85.71984399999997,2019,1.0
21800785,0,3,0,2019,2019-02-02,SAC,PHI,SAC,PHI,SAC,PHI,1463.747646,1644.601023,-180.8533769999999,2019,0.0
21800788,1,3,0,2019,2019-02-03,BOS,OKC,BOS,OKC,BOS,OKC,1616.896505,1616.47325,0.42325499999992644,2019,0.3333333333333333
21800793,2,3,0,2019,2019-02-04,NOP,IND,NOP,IND,NOP,IND,1519.664439,1564.159911,-44.49547200000006,2019,0.6666666666666666
21800801,2,4,0,2019,2019-02-05,MEM,MIN,MEM,MIN,MEM,MIN,1390.153259,1522.246679,-132.09342000000015,2019,0.5
21800807,2,5,0,2019,2019-02-06,DAL,CHA,DAL,CHO,DAL,CHO,1499.502961,1477.240552,22.262408999999934,2019,0.4
21800814,2,3,0,2019,2019-02-07,BOS,LAL,BOS,LAL,BOS,LAL,1624.513468,1473.873185,150.64028300000018,2019,0.6666666666666666
21800823,0,1,0,2019,2019-02-08,NOP,MIN,NOP,MIN,NOP,MIN,1518.247456,1506.898743,11.348713000000089,2019,0.0
21800824,1,2,0,2019,2019-02-08,SAC,MIA,SAC,MIA,SAC,MIA,1470.20311,1465.564601,4.638508999999885,2019,0.5
21800834,2,2,0,2019,2019-02-10,DAL,POR,DAL,POR,DAL,POR,1495.659276,1580.937126,-85.27784999999994,2019,1.0
21800839,0,1,0,2019,2019-02-11,CLE,NYK,CLE,NYK,CLE,NYK,1280.221936,1252.365331,27.856604999999945,2019,0.0
21800842,1,1,0,2019,2019-02-11,TOR,BKN,TOR,BRK,TOR,BRK,1655.035126,1462.242512,192.79261399999996,2019,1.0
21800848,0,1,0,2019,2019-02-12,ATL,LAL,ATL,LAL,ATL,LAL,1371.262181,1475.962037,-104.69985599999995,2019,0.0
21800849,1,2,0,2019,2019-02-12,PHI,BOS,PHI,BOS,PHI,BOS,1628.024016,1595.619148,32.40486800000008,2019,0.5
21800850,1,2,0,2019,2019-02-12,MEM,SAS,MEM,SAS,MEM,SAS,1402.602655,1545.955072,-143.35241700000006,2019,0.5
21800853,5,6,0,2019,2019-02-13,CLE,BKN,CLE,BRK,CLE,BRK,1283.507263,1461.018135,-177.51087200000006,2019,0.8333333333333334
21800860,1,4,0,2019,2019-02-13,DEN,SAC,DEN,SAC,DEN,SAC,1584.202765,1478.180909,106.02185600000007,2019,0.25
21800868,0,1,0,2019,2019-02-21,PHI,MIA,PHI,MIA,PHI,MIA,1623.351958,1471.506443,151.84551499999998,2019,0.0
21800870,2,3,0,2019,2019-02-21,MIL,BOS,MIL,BOS,MIL,BOS,1695.780352,1607.503143,88.27720900000008,2019,0.6666666666666666
21800872,1,1,0,2019,2019-02-21,LAL,HOU,LAL,HOU,LAL,HOU,1469.527931,1608.177401,-138.64946999999984,2019,1.0
21800881,0,1,0,2019,2019-02-22,OKC,UTA,OKC,UTA,OKC,UTA,1621.777196,1588.332809,33.444387000000006,2019,0.0
21800883,0,1,0,2019,2019-02-23,ATL,PHX,ATL,PHO,ATL,PHO,1346.445927,1257.329324,89.11660299999994,2019,0.0
21800885,1,2,0,2019,2019-02-23,CLE,MEM,CLE,MEM,CLE,MEM,1284.119978,1381.471029,-97.3510510000001,2019,0.5
21800886,2,2,0,2019,2019-02-23,WAS,IND,WAS,IND,WAS,IND,1459.149173,1592.538956,-133.38978300000008,2019,1.0
21800890,4,4,0,2019,2019-02-23,OKC,SAC,OKC,SAC,OKC,SAC,1624.091678,1475.204743,148.886935,2019,1.0
21800901,4,5,0,2019,2019-02-25,MIA,PHX,MIA,PHO,MIA,PHO,1445.407128,1253.356675,192.05045300000006,2019,0.8
21800904,2,2,0,2019,2019-02-25,MEM,LAL,MEM,LAL,MEM,LAL,1374.502075,1469.726168,-95.22409299999981,2019,1.0
21800906,1,3,0,2019,2019-02-25,NOP,PHI,NOP,PHI,NOP,PHI,1493.83104,1605.45876,-111.62771999999995,2019,0.3333333333333333
21800908,1,2,0,2019,2019-02-26,NYK,ORL,NYK,ORL,NYK,ORL,1285.720818,1558.166383,-272.445565,2019,0.5
21800911,1,4,0,2019,2019-02-27,CHA,HOU,CHO,HOU,CHO,HOU,1459.891659,1615.648,-155.75634100000002,2019,0.25
21800912,1,1,0,2019,2019-02-27,ATL,MIN,ATL,MIN,ATL,MIN,1348.875161,1527.908774,-179.03361300000006,2019,1.0
21800913,1,1,0,2019,2019-02-27,BOS,POR,BOS,POR,BOS,POR,1578.7326,1628.590243,-49.85764300000005,2019,1.0
21800915,1,2,0,2019,2019-02-27,MIA,GSW,MIA,GSW,MIA,GSW,1433.106825,1693.010498,-259.903673,2019,0.5
21800916,1,1,0,2019,2019-02-27,MEM,CHI,MEM,CHI,MEM,CHI,1381.416303,1353.781983,27.63431999999989,2019,1.0
21800920,1,1,0,2019,2019-02-27,SAC,MIL,SAC,MIL,SAC,MIL,1481.730817,1704.518302,-222.78748500000006,2019,1.0
21800923,1,1,0,2019,2019-02-28,ORL,GSW,ORL,GSW,ORL,GSW,1546.253798,1686.381425,-140.12762700000007,2019,1.0
21800924,1,2,0,2019,2019-02-28,NYK,CLE,NYK,CLE,NYK,CLE,1297.633403,1286.812022,10.821380999999974,2019,0.5
21800925,1,1,0,2019,2019-02-28,HOU,MIA,HOU,MIA,HOU,MIA,1621.312932,1439.735899,181.57703300000003,2019,1.0
21800926,2,2,0,2019,2019-02-28,DEN,UTA,DEN,UTA,DEN,UTA,1612.472153,1594.973011,17.499141999999893,2019,1.0
21800927,1,2,0,2019,2019-02-28,OKC,PHI,OKC,PHI,OKC,PHI,1606.128443,1609.329444,-3.2010009999999056,2019,0.5
21800928,3,4,0,2019,2019-03-01,ATL,CHI,ATL,CHI,ATL,CHI,1360.734749,1361.055839,-0.3210900000001402,2019,0.75
21800930,0,1,0,2019,2019-03-01,TOR,POR,TOR,POR,TOR,POR,1644.751867,1636.972514,7.779352999999901,2019,0.0
21800936,1,1,0,2019,2019-03-02,IND,ORL,IND,ORL,IND,ORL,1586.811091,1555.945019,30.86607200000003,2019,1.0
21800942,2,3,0,2019,2019-03-02,PHX,LAL,PHO,LAL,PHO,LAL,1257.767656,1462.446,-204.67834399999992,2019,0.6666666666666666
21800943,0,1,0,2019,2019-03-02,UTA,MIL,UTA,MIL,UTA,MIL,1607.284426,1713.112326,-105.8279,2019,0.0
21800946,3,5,0,2019,2019-03-03,CHI,ATL,CHI,ATL,CHI,ATL,1372.750689,1349.0399,23.710788999999977,2019,0.6
21800949,2,4,0,2019,2019-03-03,DET,TOR,DET,TOR,DET,TOR,1522.308448,1647.862878,-125.55442999999991,2019,0.5
21800953,0,2,0,2019,2019-03-04,MIA,ATL,MIA,ATL,MIA,ATL,1452.917554,1359.519415,93.39813900000013,2019,0.0
21800956,1,2,0,2019,2019-03-04,UTA,NOP,UTA,NOP,UTA,NOP,1613.744991,1508.787776,104.95721500000013,2019,0.5
21800960,0,2,0,2019,2019-03-05,PHI,ORL,PHI,ORL,PHI,ORL,1611.579759,1544.243238,67.33652099999995,2019,0.0
21800962,0,1,0,2019,2019-03-05,MEM,POR,MEM,POR,MEM,POR,1411.30351,1641.935479,-230.63196900000003,2019,0.0
21800968,0,1,0,2019,2019-03-06,ATL,SAS,ATL,SAS,ATL,SAS,1357.788438,1537.538317,-179.74987899999996,2019,0.0
21800970,2,3,0,2019,2019-03-06,CHI,PHI,CHI,PHI,CHI,PHI,1360.076488,1616.003426,-255.92693800000006,2019,0.6666666666666666
21800976,3,5,0,2019,2019-03-07,POR,OKC,POR,OKC,POR,OKC,1627.161063,1577.044036,50.11702700000001,2019,0.6
21800977,1,1,0,2019,2019-03-08,CHA,WAS,CHO,WAS,CHO,WAS,1449.838673,1477.271544,-27.432870999999977,2019,1.0
21800985,2,2,0,2019,2019-03-08,LAC,OKC,LAC,OKC,LAC,OKC,1538.657125,1591.562687,-52.905562000000145,2019,1.0
21800987,0,1,0,2019,2019-03-09,ATL,BKN,ATL,BRK,ATL,BRK,1351.664236,1450.971297,-99.30706099999998,2019,0.0
21800988,1,3,0,2019,2019-03-09,MIN,WAS,MIN,WAS,MIN,WAS,1502.792029,1474.237895,28.554133999999976,2019,0.3333333333333333
21800996,1,1,0,2019,2019-03-10,MEM,ORL,MEM,ORL,MEM,ORL,1440.027338,1542.27206,-102.24472199999991,2019,1.0
21800997,1,1,0,2019,2019-03-10,DAL,HOU,DAL,HOU,DAL,HOU,1403.8355,1660.102914,-256.26741400000014,2019,1.0
21801000,1,1,0,2019,2019-03-10,GSW,PHX,GSW,PHO,GSW,PHO,1646.506432,1300.511105,345.99532699999986,2019,1.0
21801002,0,1,0,2019,2019-03-11,WAS,SAC,WAS,SAC,WAS,SAC,1470.115687,1473.01615,-2.900462999999945,2019,0.0
21801007,1,2,0,2019,2019-03-12,IND,NYK,IND,NYK,IND,NYK,1563.406473,1264.80993,298.5965430000001,2019,0.5
21801008,1,3,0,2019,2019-03-12,PHI,CLE,PHI,CLE,PHI,CLE,1610.273041,1337.59726,272.6757809999999,2019,0.3333333333333333
21801011,0,2,0,2019,2019-03-12,DAL,SAS,DAL,SAS,DAL,SAS,1401.75785,1553.646742,-151.88889199999994,2019,0.0
21801018,3,5,0,2019,2019-03-13,HOU,GSW,HOU,GSW,HOU,GSW,1664.828343,1628.242744,36.585599,2019,0.6
21801020,1,1,0,2019,2019-03-14,IND,OKC,IND,OKC,IND,OKC,1564.383783,1602.50504,-38.121257000000014,2019,1.0
21801030,0,2,0,2019,2019-03-15,HOU,PHX,HOU,PHO,HOU,PHO,1657.374662,1311.645965,345.728697,2019,0.0
21801035,0,1,0,2019,2019-03-16,WAS,MEM,WAS,MEM,WAS,MEM,1472.22427,1432.927589,39.296681000000035,2019,0.0
21801036,3,5,0,2019,2019-03-16,NOP,PHX,NOP,PHO,NOP,PHO,1458.902901,1310.832316,148.07058499999994,2019,0.6
21801037,2,3,0,2019,2019-03-16,DAL,CLE,DAL,CLE,DAL,CLE,1393.885892,1330.690882,63.19500999999991,2019,0.6666666666666666
21801040,1,1,0,2019,2019-03-16,DEN,IND,DEN,IND,DEN,IND,1594.461425,1568.176328,26.28509699999995,2019,1.0
21801044,1,2,0,2019,2019-03-17,DET,TOR,DET,TOR,DET,TOR,1514.568337,1617.812798,-103.244461,2019,0.5
21801049,0,6,0,2019,2019-03-17,LAC,BKN,LAC,BRK,LAC,BRK,1545.371058,1466.880573,78.49048500000004,2019,0.0
21801056,2,3,0,2019,2019-03-18,DAL,NOP,DAL,NOP,DAL,NOP,1397.384378,1449.178319,-51.79394100000013,2019,0.6666666666666666
21801059,1,1,0,2019,2019-03-19,CHA,PHI,CHO,PHI,CHO,PHI,1449.627898,1627.110996,-177.48309799999993,2019,1.0
21801063,2,2,0,2019,2019-03-19,SAC,BKN,SAC,BRK,SAC,BRK,1469.32657,1464.301728,5.024842000000035,2019,1.0
21801064,0,1,0,2019,2019-03-19,LAC,IND,LAC,IND,LAC,IND,1547.949903,1560.971763,-13.02186000000006,2019,0.0
21801069,2,4,0,2019,2019-03-20,CHI,WAS,CHI,WAS,CHI,WAS,1347.895159,1461.703126,-113.80796700000019,2019,0.5
21801070,1,4,0,2019,2019-03-20,MEM,HOU,MEM,HOU,MEM,HOU,1428.240267,1668.250929,-240.01066200000014,2019,0.25
21801072,3,4,0,2019,2019-03-20,OKC,TOR,OKC,TOR,OKC,TOR,1559.507864,1614.779788,-55.271924000000126,2019,0.75
21801075,1,1,0,2019,2019-03-21,WAS,DEN,WAS,DEN,WAS,DEN,1453.573437,1611.235279,-157.66184199999998,2019,1.0
21801076,1,1,0,2019,2019-03-21,ATL,UTA,ATL,UTA,ATL,UTA,1365.30798,1625.916186,-260.6082059999999,2019,1.0
21801080,2,2,0,2019,2019-03-22,ORL,MEM,ORL,MEM,ORL,MEM,1541.486818,1434.533048,106.95377000000008,2019,1.0
21801081,0,1,0,2019,2019-03-22,CLE,LAC,CLE,LAC,CLE,LAC,1352.936541,1553.406559,-200.47001799999998,2019,0.0
21801086,3,3,0,2019,2019-03-22,LAL,BKN,LAL,BRK,LAL,BRK,1417.756825,1471.124527,-53.36770200000001,2019,1.0
21801087,0,1,0,2019,2019-03-23,CHA,BOS,CHO,BOS,CHO,BOS,1451.516206,1589.543587,-138.02738099999988,2019,0.0
21801088,0,1,0,2019,2019-03-23,ATL,PHI,ATL,PHI,ATL,PHI,1374.493582,1634.877523,-260.38394100000005,2019,0.0
21801093,1,3,0,2019,2019-03-23,POR,DET,POR,DET,POR,DET,1642.358606,1519.369392,122.98921399999995,2019,0.3333333333333333
21801102,1,1,0,2019,2019-03-24,LAL,SAC,LAL,SAC,LAL,SAC,1409.471441,1471.808267,-62.336825999999974,2019,1.0
21801106,1,1,0,2019,2019-03-25,POR,BKN,POR,BRK,POR,BRK,1644.949663,1479.409911,165.53975200000014,2019,1.0
21801109,1,1,0,2019,2019-03-26,MIA,ORL,MIA,ORL,MIA,ORL,1512.167895,1559.913922,-47.74602699999991,2019,1.0
21801114,2,3,0,2019,2019-03-26,DAL,SAC,DAL,SAC,DAL,SAC,1445.295701,1465.714404,-20.41870300000005,2019,0.6666666666666666
21801115,2,4,0,2019,2019-03-26,DEN,DET,DEN,DET,DEN,DET,1598.905297,1513.023794,85.88150300000007,2019,0.5
21801120,2,2,0,2019,2019-03-27,PHX,WAS,PHO,WAS,PHO,WAS,1286.462872,1428.465366,-142.00249399999984,2019,1.0
21801124,2,2,0,2019,2019-03-28,MIA,DAL,MIA,DAL,MIA,DAL,1503.727165,1437.0207,66.70646499999998,2019,1.0
21801129,0,4,0,2019,2019-03-28,SAS,CLE,SAS,CLE,SAS,CLE,1574.703645,1341.088843,233.61480200000005,2019,0.0
21801132,1,3,0,2019,2019-03-29,MIN,GSW,MIN,GSW,MIN,GSW,1476.938451,1615.68672,-138.74826899999994,2019,0.3333333333333333
21801134,0,1,0,2019,2019-03-29,UTA,WAS,UTA,WAS,UTA,WAS,1633.776941,1433.223507,200.55343400000015,2019,0.0
21801145,2,2,0,2019,2019-03-31,ATL,MIL,ATL,MIL,ATL,MIL,1390.717718,1696.671182,-305.95346399999994,2019,1.0
21801146,0,1,0,2019,2019-03-31,OKC,DAL,OKC,DAL,OKC,DAL,1542.631234,1433.241544,109.38968999999997,2019,0.0
21801148,2,3,0,2019,2019-03-31,DEN,WAS,DEN,WAS,DEN,WAS,1604.423091,1431.688135,172.734956,2019,0.6666666666666666
21801149,1,1,0,2019,2019-03-31,SAS,SAC,SAS,SAC,SAS,SAC,1576.263902,1466.757513,109.5063889999999,2019,1.0
21801153,1,1,0,2019,2019-04-01,BOS,MIA,BOS,MIA,BOS,MIA,1554.075378,1511.995565,42.07981300000006,2019,1.0
21801162,3,4,0,2019,2019-04-02,SAS,ATL,SAS,ATL,SAS,ATL,1560.707808,1398.130913,162.57689500000015,2019,0.75
21801167,1,3,0,2019,2019-04-03,WAS,CHI,WAS,CHI,WAS,CHI,1446.590471,1319.188243,127.40222799999992,2019,0.3333333333333333
21801172,0,1,0,2019,2019-04-03,DAL,MIN,DAL,MIN,DAL,MIN,1465.056384,1465.394451,-0.33806699999990997,2019,0.0
21801177,0,1,0,2019,2019-04-04,PHI,MIL,PHI,MIL,PHI,MIL,1589.517908,1696.070613,-106.55270500000006,2019,0.0
21801180,1,2,0,2019,2019-04-05,CHA,TOR,CHO,TOR,CHO,TOR,1464.852305,1634.386747,-169.53444200000013,2019,0.5
21801185,1,1,0,2019,2019-04-05,MIN,MIA,MIN,MIA,MIN,MIA,1472.111043,1495.763274,-23.6522309999998,2019,1.0
21801189,1,1,0,2019,2019-04-05,PHX,NOP,PHO,NOP,PHO,NOP,1278.69536,1387.9035,-109.20813999999996,2019,1.0
21801190,0,1,0,2019,2019-04-05,DEN,POR,DEN,POR,DEN,POR,1594.819607,1662.439774,-67.62016700000004,2019,0.0
21801192,1,1,0,2019,2019-04-05,LAC,LAL,LAC,LAL,LAC,LAL,1556.363501,1444.425731,111.93777,2019,1.0
21801193,1,1,0,2019,2019-04-06,MIL,BKN,MIL,BRK,MIL,BRK,1703.617953,1470.348763,233.26918999999998,2019,1.0
21801201,1,1,0,2019,2019-04-07,MEM,DAL,MEM,DAL,MEM,DAL,1434.128506,1442.167061,-8.038555000000088,2019,1.0
21801204,2,2,0,2019,2019-04-07,NYK,WAS,NYK,WAS,NYK,WAS,1244.850134,1424.77565,-179.92551600000002,2019,1.0
21801206,0,2,0,2019,2019-04-07,POR,DEN,POR,DEN,POR,DEN,1653.833425,1603.425956,50.40746899999999,2019,0.0
21801207,1,1,0,2019,2019-04-07,SAC,NOP,SAC,NOP,SAC,NOP,1468.648293,1379.203736,89.44455700000003,2019,1.0
21801210,2,2,0,2019,2019-04-09,DET,MEM,DET,MEM,DET,MEM,1482.338691,1427.563807,54.77488399999993,2019,1.0
21801218,0,3,0,2019,2019-04-09,OKC,HOU,OKC,HOU,OKC,HOU,1554.753146,1717.60325,-162.85010399999987,2019,0.0
21801220,0,1,0,2019,2019-04-10,ATL,IND,ATL,IND,ATL,IND,1399.474243,1534.416065,-134.941822,2019,0.0
21801228,1,3,0,2019,2019-04-10,DEN,MIN,DEN,MIN,DEN,MIN,1593.232887,1454.360385,138.87250199999994,2019,0.3333333333333333
21801229,1,3,0,2019,2019-04-10,LAC,UTA,LAC,UTA,LAC,UTA,1534.789243,1645.361255,-110.57201200000009,2019,0.3333333333333333
21900001,2,2,0,2020,2019-10-22,TOR,NOP,TOR,NOP,TOR,NOP,1672.986505,1415.320539,257.665966,2020,1.0
21900003,1,2,0,2020,2019-10-23,CHA,CHI,CHO,CHI,CHO,CHI,1497.243026,1350.430528,146.812498,2020,0.5
21900006,2,3,0,2020,2019-10-23,BKN,MIN,BRK,MIN,BRK,MIN,1494.767592,1465.413016,29.354575999999952,2020,0.6666666666666666
21900011,0,1,0,2020,2019-10-23,UTA,OKC,UTA,OKC,UTA,OKC,1595.63,1551.531456,44.098544000000174,2020,0.0
21900015,0,1,0,2020,2019-10-24,HOU,MIL,HOU,MIL,HOU,MIL,1652.745838,1642.84628,9.89955800000007,2020,0.0
21900019,3,5,0,2020,2019-10-25,BKN,NYK,BRK,NYK,BRK,NYK,1488.654059,1317.278751,171.3753079999999,2020,0.6
21900020,0,1,0,2020,2019-10-25,MEM,CHI,MEM,CHI,MEM,CHI,1450.218244,1349.117206,101.10103800000002,2020,0.0
21900026,0,2,0,2020,2019-10-26,MIL,MIA,MIL,MIA,MIL,MIA,1653.920168,1507.535018,146.38515000000007,2020,0.0
21900028,1,2,0,2020,2019-10-26,ATL,ORL,ATL,ORL,ATL,ORL,1447.689944,1545.639345,-97.94940100000008,2020,0.5
21900032,1,2,0,2020,2019-10-26,HOU,NOP,HOU,NOP,HOU,NOP,1641.67195,1403.833349,237.83860099999993,2020,0.5
21900037,3,6,0,2020,2019-10-27,MEM,BKN,MEM,BRK,MEM,BRK,1433.752251,1490.455463,-56.70321200000012,2020,0.5
21900038,1,1,0,2020,2019-10-27,DAL,POR,DAL,POR,DAL,POR,1477.439785,1597.817894,-120.378109,2020,1.0
21900041,1,1,0,2020,2019-10-28,DET,IND,DET,IND,DET,IND,1459.12748,1481.637803,-22.51032299999997,2020,1.0
21900042,1,2,0,2020,2019-10-28,NYK,CHI,NYK,CHI,NYK,CHI,1306.433675,1357.912992,-51.47931700000004,2020,0.5
21900043,0,1,0,2020,2019-10-28,ATL,PHI,ATL,PHI,ATL,PHI,1453.966689,1597.842665,-143.8759759999998,2020,0.0
21900048,2,2,0,2020,2019-10-28,SAS,POR,SAS,POR,SAS,POR,1557.898976,1602.293713,-44.39473700000008,2020,1.0
21900050,2,3,0,2020,2019-10-28,SAC,DEN,SAC,DEN,SAC,DEN,1428.42942,1599.815607,-171.38618700000006,2020,0.6666666666666666
21900053,1,4,0,2020,2019-10-29,DEN,DAL,DEN,DAL,DEN,DAL,1606.161356,1472.963966,133.19739000000004,2020,0.25
21900055,0,2,0,2020,2019-10-30,CLE,CHI,CLE,CHI,CLE,CHI,1357.825642,1350.938258,6.887384000000111,2020,0.0
21900062,1,1,0,2020,2019-10-30,OKC,POR,OKC,POR,OKC,POR,1542.349331,1597.790601,-55.44127000000003,2020,1.0
21900072,1,2,0,2020,2019-11-01,BOS,NYK,BOS,NYK,BOS,NYK,1595.597772,1310.910057,284.687715,2020,0.5
21900074,0,2,0,2020,2019-11-01,DAL,LAL,DAL,LAL,DAL,LAL,1483.862604,1499.657471,-15.794867000000067,2020,0.0
21900075,0,1,0,2020,2019-11-01,SAC,UTA,SAC,UTA,SAC,UTA,1411.523029,1604.923226,-193.40019700000016,2020,0.0
21900079,2,3,0,2020,2019-11-02,ORL,DEN,ORL,DEN,ORL,DEN,1515.092909,1576.505308,-61.41239900000005,2020,0.6666666666666666
21900095,1,1,0,2020,2019-11-04,PHX,PHI,PHO,PHI,PHO,PHI,1411.33306,1614.798976,-203.4659160000001,2020,1.0
21900097,1,2,0,2020,2019-11-05,CHA,IND,CHO,IND,CHO,IND,1479.654288,1499.980185,-20.32589699999994,2020,0.5
21900098,1,2,0,2020,2019-11-05,CLE,BOS,CLE,BOS,CLE,BOS,1344.121893,1596.325359,-252.20346599999993,2020,0.5
21900109,0,1,0,2020,2019-11-06,DAL,ORL,DAL,ORL,DAL,ORL,1486.661814,1502.612145,-15.950331000000006,2020,0.0
21900111,1,1,0,2020,2019-11-06,LAC,MIL,LAC,MIL,LAC,MIL,1553.874196,1681.270953,-127.39675699999998,2020,1.0
21900115,1,1,0,2020,2019-11-07,LAC,POR,LAC,POR,LAC,POR,1547.529656,1590.262572,-42.73291600000016,2020,1.0
21900120,0,2,0,2020,2019-11-08,MIN,GSW,MIN,GSW,MIN,GSW,1486.401414,1535.443982,-49.042568000000074,2020,0.0
21900122,1,1,0,2020,2019-11-08,DAL,NYK,DAL,NYK,DAL,NYK,1489.550342,1288.493022,201.0573199999999,2020,1.0
21900123,1,1,0,2020,2019-11-08,DEN,PHI,DEN,PHI,DEN,PHI,1593.306222,1601.471682,-8.165460000000166,2020,1.0
21900124,0,2,0,2020,2019-11-08,UTA,MIL,UTA,MIL,UTA,MIL,1593.59156,1687.615494,-94.02393399999983,2020,0.0
21900125,0,1,0,2020,2019-11-08,POR,BKN,POR,BRK,POR,BRK,1584.076406,1483.296308,100.78009799999995,2020,0.0
21900132,1,2,0,2020,2019-11-10,MIN,DEN,MIN,DEN,MIN,DEN,1492.74929,1597.168824,-104.41953400000011,2020,0.5
21900135,1,1,0,2020,2019-11-10,OKC,MIL,OKC,MIL,OKC,MIL,1543.804143,1682.147172,-138.3430289999999,2020,1.0
21900138,0,1,0,2020,2019-11-10,POR,ATL,POR,ATL,POR,ATL,1572.615278,1398.072428,174.54285000000004,2020,0.0
21900143,1,2,0,2020,2019-11-11,SAS,MEM,SAS,MEM,SAS,MEM,1540.792225,1393.170951,147.62127399999986,2020,0.5
21900147,1,1,0,2020,2019-11-12,PHI,CLE,PHI,CLE,PHI,CLE,1600.632575,1381.277567,219.355008,2020,1.0
21900154,1,2,0,2020,2019-11-13,CHA,MEM,CHO,MEM,CHO,MEM,1452.414986,1405.887264,46.52772200000004,2020,0.5
21900157,1,3,0,2020,2019-11-13,HOU,LAC,HOU,LAC,HOU,LAC,1641.744251,1565.500944,76.24330700000019,2020,0.3333333333333333
21900163,0,1,0,2020,2019-11-14,MIL,CHI,MIL,CHI,MIL,CHI,1686.319948,1371.356993,314.96295499999997,2020,0.0
21900164,1,1,0,2020,2019-11-14,NOP,LAC,NOP,LAC,NOP,LAC,1404.458965,1560.960869,-156.50190399999997,2020,1.0
21900172,1,1,0,2020,2019-11-15,OKC,PHI,OKC,PHI,OKC,PHI,1525.261708,1587.898093,-62.63638500000002,2020,1.0
21900174,1,1,0,2020,2019-11-15,LAL,SAC,LAL,SAC,LAL,SAC,1554.080654,1457.654573,96.42608100000007,2020,1.0
21900175,0,1,0,2020,2019-11-16,CHI,BKN,CHI,BRK,CHI,BRK,1370.128734,1470.106488,-99.977754,2020,0.0
21900177,1,1,0,2020,2019-11-16,NYK,CHA,NYK,CHO,NYK,CHO,1284.194875,1448.310002,-164.11512700000003,2020,1.0
21900180,1,2,0,2020,2019-11-16,DAL,TOR,DAL,TOR,DAL,TOR,1479.765095,1686.52362,-206.75852499999996,2020,0.5
21900181,0,1,0,2020,2019-11-16,SAS,POR,SAS,POR,SAS,POR,1514.531122,1556.984871,-42.453749000000016,2020,0.0
21900184,0,1,0,2020,2019-11-17,SAC,BOS,SAC,BOS,SAC,BOS,1455.616598,1646.502518,-190.88591999999994,2020,0.0
21900185,0,2,0,2020,2019-11-17,ORL,WAS,ORL,WAS,ORL,WAS,1515.322138,1437.157369,78.16476899999998,2020,0.0
21900194,1,3,0,2020,2019-11-18,DAL,SAS,DAL,SAS,DAL,SAS,1492.650116,1505.943323,-13.293206999999938,2020,0.3333333333333333
21900197,0,4,0,2020,2019-11-18,LAC,OKC,LAC,OKC,LAC,OKC,1562.34061,1533.133084,29.207525999999916,2020,0.0
21900200,0,2,0,2020,2019-11-19,SAC,PHX,SAC,PHO,SAC,PHO,1461.09035,1419.190075,41.900274999999965,2020,0.0
21900201,2,3,0,2020,2019-11-19,LAL,OKC,LAL,OKC,LAL,OKC,1561.094793,1530.311313,30.783480000000054,2020,0.6666666666666666
21900203,0,2,0,2020,2019-11-20,WAS,SAS,WAS,SAS,WAS,SAS,1434.235363,1499.999813,-65.7644499999999,2020,0.0
21900212,0,1,0,2020,2019-11-20,LAC,BOS,LAC,BOS,LAC,BOS,1565.16238,1649.089201,-83.92682100000002,2020,0.0
21900214,3,3,0,2020,2019-11-21,PHX,NOP,PHO,NOP,PHO,NOP,1415.709218,1429.898474,-14.189256000000114,2020,1.0
21900215,0,1,0,2020,2019-11-22,DET,ATL,DET,ATL,DET,ATL,1415.541651,1381.978994,33.562656999999945,2020,0.0
21900220,2,2,0,2020,2019-11-22,OKC,LAL,OKC,LAL,OKC,LAL,1526.231435,1565.174672,-38.94323700000018,2020,1.0
21900222,0,1,0,2020,2019-11-22,DEN,BOS,DEN,BOS,DEN,BOS,1611.320366,1643.824728,-32.50436200000013,2020,0.0
21900224,1,2,0,2020,2019-11-22,LAC,HOU,LAC,HOU,LAC,HOU,1570.426853,1660.979535,-90.552682,2020,0.5
21900226,1,3,0,2020,2019-11-23,CHA,CHI,CHO,CHI,CHO,CHI,1433.758566,1366.586911,67.17165499999987,2020,0.3333333333333333
21900227,0,2,0,2020,2019-11-23,IND,ORL,IND,ORL,IND,ORL,1543.402474,1514.004122,29.39835199999993,2020,0.0
21900232,1,1,0,2020,2019-11-23,MEM,LAL,MEM,LAL,MEM,LAL,1390.947059,1572.074808,-181.127749,2020,1.0
21900236,0,1,0,2020,2019-11-24,NYK,BKN,NYK,BRK,NYK,BRK,1288.48022,1469.119833,-180.63961300000005,2020,0.0
21900240,1,2,0,2020,2019-11-25,CLE,BKN,CLE,BRK,CLE,BRK,1346.76781,1472.623885,-125.85607499999992,2020,0.5
21900244,1,2,0,2020,2019-11-25,BOS,SAC,BOS,SAC,BOS,SAC,1638.975592,1465.199086,173.77650599999993,2020,0.5
21900250,1,2,0,2020,2019-11-25,GSW,OKC,GSW,OKC,GSW,OKC,1478.132376,1519.331298,-41.19892200000004,2020,0.5
21900254,2,3,0,2020,2019-11-27,CHA,DET,CHO,DET,CHO,DET,1421.944329,1437.316666,-15.372337000000016,2020,0.6666666666666666
21900260,3,3,0,2020,2019-11-27,MEM,LAC,MEM,LAC,MEM,LAC,1384.488265,1599.332088,-214.84382300000016,2020,1.0
21900268,1,2,0,2020,2019-11-29,DET,CHA,DET,CHO,DET,CHO,1434.435329,1424.825666,9.609662999999955,2020,0.5
21900272,0,1,0,2020,2019-11-29,IND,ATL,IND,ATL,IND,ATL,1564.05086,1356.224424,207.82643600000006,2020,0.0
21900275,0,1,0,2020,2019-11-29,OKC,NOP,OKC,NOP,OKC,NOP,1517.240714,1423.185846,94.05486799999994,2020,0.0
21900278,1,2,0,2020,2019-11-29,POR,CHI,POR,CHI,POR,CHI,1554.706726,1353.926642,200.780084,2020,0.5
21900280,2,2,0,2020,2019-11-30,SAC,DEN,SAC,DEN,SAC,DEN,1461.468111,1622.266335,-160.79822400000012,2020,1.0
21900281,2,2,0,2020,2019-11-30,PHI,IND,PHI,IND,PHI,IND,1610.230366,1564.993309,45.23705700000005,2020,1.0
21900284,0,2,0,2020,2019-12-01,BKN,MIA,BRK,MIA,BRK,MIA,1482.653959,1568.878581,-86.22462199999995,2020,0.0
21900289,1,1,0,2020,2019-12-01,NOP,OKC,NOP,OKC,NOP,OKC,1420.181975,1520.244585,-100.06260999999995,2020,1.0
21900290,1,2,0,2020,2019-12-01,ORL,GSW,ORL,GSW,ORL,GSW,1500.53578,1469.778186,30.757593999999926,2020,0.5
21900298,0,1,0,2020,2019-12-02,SAC,CHI,SAC,CHI,SAC,CHI,1468.362506,1352.393195,115.96931099999983,2020,0.0
21900301,2,2,0,2020,2019-12-03,TOR,MIA,TOR,MIA,TOR,MIA,1702.972089,1574.755508,128.21658100000013,2020,1.0
21900303,1,3,0,2020,2019-12-03,SAS,HOU,SAS,HOU,SAS,HOU,1458.72627,1640.314307,-181.58803699999999,2020,0.3333333333333333
21900304,0,1,0,2020,2019-12-03,DEN,LAL,DEN,LAL,DEN,LAL,1615.37194,1576.047313,39.324626999999964,2020,0.0
21900312,1,1,0,2020,2019-12-04,OKC,IND,OKC,IND,OKC,IND,1525.833915,1571.277967,-45.444052000000056,2020,1.0
21900319,1,3,0,2020,2019-12-05,NOP,PHX,NOP,PHO,NOP,PHO,1400.547519,1399.844242,0.703277000000071,2020,0.3333333333333333
21900321,0,2,0,2020,2019-12-06,CLE,ORL,CLE,ORL,CLE,ORL,1308.297559,1518.597984,-210.3004249999999,2020,0.0
21900322,2,2,0,2020,2019-12-06,DET,IND,DET,IND,DET,IND,1458.857495,1581.444717,-122.58722200000011,2020,1.0
21900325,1,1,0,2020,2019-12-06,CHI,GSW,CHI,GSW,CHI,GSW,1374.164554,1435.704681,-61.540126999999984,2020,1.0
21900326,0,2,0,2020,2019-12-06,OKC,MIN,OKC,MIN,OKC,MIN,1515.667165,1475.648552,40.01861299999996,2020,0.0
21900328,2,3,0,2020,2019-12-06,SAS,SAC,SAS,SAC,SAS,SAC,1465.087598,1447.888692,17.19890600000008,2020,0.6666666666666666
21900331,0,1,0,2020,2019-12-07,NYK,IND,NYK,IND,NYK,IND,1266.549366,1572.320932,-305.7715660000001,2020,0.0
21900335,1,2,0,2020,2019-12-08,BKN,DEN,BRK,DEN,BRK,DEN,1497.843978,1602.6561,-104.81212199999982,2020,0.5
21900337,2,5,0,2020,2019-12-08,MIA,CHI,MIA,CHI,MIA,CHI,1590.319953,1368.629698,221.69025499999998,2020,0.4
21900340,1,3,0,2020,2019-12-08,DAL,SAC,DAL,SAC,DAL,SAC,1588.410865,1445.3946,143.01626499999998,2020,0.3333333333333333
21900345,1,2,0,2020,2019-12-09,CHI,TOR,CHI,TOR,CHI,TOR,1367.111104,1658.800401,-291.6892969999999,2020,0.5
21900346,0,1,0,2020,2019-12-09,HOU,SAC,HOU,SAC,HOU,SAC,1651.960916,1457.987198,193.97371799999996,2020,0.0
21900352,0,2,0,2020,2019-12-10,CHA,WAS,CHO,WAS,CHO,WAS,1396.330727,1419.639162,-23.308434999999918,2020,0.0
21900353,1,1,0,2020,2019-12-10,PHI,DEN,PHI,DEN,PHI,DEN,1618.911596,1596.966151,21.945444999999836,2020,1.0
21900354,2,2,0,2020,2019-12-10,MIA,ATL,MIA,ATL,MIA,ATL,1591.838547,1381.494121,210.3444260000001,2020,1.0
21900356,2,2,0,2020,2019-12-11,CLE,HOU,CLE,HOU,CLE,HOU,1297.541091,1643.034715,-345.49362399999995,2020,1.0
21900357,1,1,0,2020,2019-12-11,IND,BOS,IND,BOS,IND,BOS,1560.186643,1654.894001,-94.70735799999989,2020,1.0
21900365,1,1,0,2020,2019-12-11,SAC,OKC,SAC,OKC,SAC,OKC,1466.913399,1557.73659,-90.82319099999995,2020,1.0
21900367,1,2,0,2020,2019-12-12,BOS,PHI,BOS,PHI,BOS,PHI,1647.99304,1623.16105,24.831990000000133,2020,0.5
21900368,0,1,0,2020,2019-12-12,SAS,CLE,SAS,CLE,SAS,CLE,1467.581689,1295.010896,172.5707930000001,2020,0.0
21900372,0,1,0,2020,2019-12-13,PHI,NOP,PHI,NOP,PHI,NOP,1634.711963,1374.867793,259.8441700000001,2020,0.0
21900374,0,3,0,2020,2019-12-13,MIA,LAL,MIA,LAL,MIA,LAL,1594.795753,1650.789271,-55.993517999999995,2020,0.0
21900378,1,2,0,2020,2019-12-13,SAC,NYK,SAC,NYK,SAC,NYK,1470.819896,1271.168254,199.65164200000004,2020,0.5
21900379,2,2,0,2020,2019-12-13,UTA,GSW,UTA,GSW,UTA,GSW,1551.681982,1415.981358,135.70062400000006,2020,1.0
21900380,1,1,0,2020,2019-12-14,PHX,SAS,PHO,SAS,,,,,-105.97213499999998,2020,1.0
21900382,1,2,0,2020,2019-12-14,CHI,LAC,CHI,LAC,CHI,LAC,1369.230725,1653.575972,-284.3452470000002,2020,0.5
21900384,1,3,0,2020,2019-12-14,DAL,MIA,DAL,MIA,DAL,MIA,1583.068297,1588.271085,-5.202788000000055,2020,0.3333333333333333
21900396,0,3,0,2020,2019-12-16,HOU,SAS,HOU,SAS,HOU,SAS,1641.371039,1452.517971,188.85306800000012,2020,0.0
21900399,3,4,0,2020,2019-12-16,OKC,CHI,OKC,CHI,OKC,CHI,1548.910956,1378.974395,169.93656099999998,2020,0.75
21900400,1,2,0,2020,2019-12-16,PHX,POR,PHO,POR,PHO,POR,1404.86447,1512.256681,-107.39221100000009,2020,0.5
21900402,1,2,0,2020,2019-12-17,IND,LAL,IND,LAL,IND,LAL,1579.568118,1660.193086,-80.62496800000008,2020,0.5
21900404,2,4,0,2020,2019-12-17,NOP,BKN,NOP,BRK,NOP,BRK,1363.309305,1507.184294,-143.8749889999999,2020,0.5
21900405,1,1,0,2020,2019-12-17,UTA,ORL,UTA,ORL,UTA,ORL,1554.810279,1506.532786,48.27749300000005,2020,1.0
21900409,1,2,0,2020,2019-12-18,WAS,CHI,WAS,CHI,WAS,CHI,1425.310751,1377.369539,47.94121199999995,2020,0.5
21900410,0,1,0,2020,2019-12-18,PHI,MIA,PHI,MIA,PHI,MIA,1616.776146,1585.611335,31.164810999999872,2020,0.0
21900412,1,2,0,2020,2019-12-18,OKC,MEM,OKC,MEM,OKC,MEM,1550.515811,1419.354077,131.16173400000002,2020,0.5
21900416,2,2,0,2020,2019-12-19,ATL,UTA,ATL,UTA,ATL,UTA,1335.801739,1559.302933,-223.50119399999994,2020,1.0
21900420,0,2,0,2020,2019-12-20,CLE,MEM,CLE,MEM,CLE,MEM,1316.551339,1417.122558,-100.57121899999993,2020,0.0
21900430,2,2,0,2020,2019-12-21,CHA,UTA,CHO,UTA,CHO,UTA,1425.165876,1563.522196,-138.35631999999987,2020,1.0
21900435,0,1,0,2020,2019-12-21,MEM,SAC,MEM,SAC,MEM,SAC,1408.692109,1467.666671,-58.97456199999988,2020,0.0
21900444,1,1,0,2020,2019-12-23,CLE,ATL,CLE,ATL,CLE,ATL,1324.981787,1328.637686,-3.6558990000000904,2020,1.0
21900446,2,4,0,2020,2019-12-23,IND,TOR,IND,TOR,IND,TOR,1583.258796,1653.46679,-70.20799399999987,2020,0.5
21900447,2,5,0,2020,2019-12-23,NYK,WAS,NYK,WAS,NYK,WAS,1292.12238,1413.282348,-121.15996799999994,2020,0.4
21900449,1,1,0,2020,2019-12-23,MIA,UTA,MIA,UTA,MIA,UTA,1597.100781,1570.787038,26.31374300000016,2020,1.0
21900451,1,3,0,2020,2019-12-23,PHX,DEN,PHO,DEN,PHO,DEN,1386.445036,1640.390312,-253.94527599999992,2020,0.3333333333333333
21900464,2,3,0,2020,2019-12-26,SAC,MIN,SAC,MIN,SAC,MIN,1455.682248,1407.507921,48.174327000000176,2020,0.6666666666666666
21900465,1,1,0,2020,2019-12-26,UTA,POR,UTA,POR,UTA,POR,1567.478247,1512.567071,54.91117600000007,2020,1.0
21900467,1,4,0,2020,2019-12-27,CHA,OKC,CHO,OKC,CHO,OKC,1413.88887,1538.800764,-124.91189400000007,2020,0.25
21900468,0,1,0,2020,2019-12-27,ORL,PHI,ORL,PHI,ORL,PHI,1493.956251,1612.776781,-118.82052999999996,2020,0.0
21900470,1,1,0,2020,2019-12-27,MIA,IND,MIA,IND,MIA,IND,1600.409572,1589.544395,10.86517700000013,2020,1.0
21900475,0,2,0,2020,2019-12-28,MIA,PHI,MIA,PHI,MIA,PHI,1602.976154,1608.451004,-5.47485000000006,2020,0.0
21900479,2,3,0,2020,2019-12-28,MIN,CLE,MIN,CLE,MIN,CLE,1413.938471,1327.534985,86.40348599999993,2020,0.6666666666666666
21900483,0,1,0,2020,2019-12-28,SAC,PHX,SAC,PHO,SAC,PHO,1449.251698,1378.404499,70.84719900000005,2020,0.0
21900486,0,1,0,2020,2019-12-29,TOR,OKC,TOR,OKC,TOR,OKC,1650.27712,1543.199108,107.07801199999994,2020,0.0
21900489,0,2,0,2020,2019-12-29,DEN,SAC,DEN,SAC,DEN,SAC,1616.426121,1441.104988,175.32113299999992,2020,0.0
21900494,2,4,0,2020,2019-12-30,MIN,BKN,MIN,BRK,MIN,BRK,1400.394307,1476.483648,-76.08934099999988,2020,0.5
21900496,1,2,0,2020,2019-12-30,POR,PHX,POR,PHO,POR,PHO,1499.635275,1386.551208,113.084067,2020,0.5
21900503,0,1,0,2020,2019-12-31,OKC,DAL,OKC,DAL,OKC,DAL,1550.631521,1605.977237,-55.34571600000004,2020,0.0
21900505,3,4,0,2020,2020-01-01,NYK,POR,NYK,POR,NYK,POR,1327.05827,1485.219601,-158.16133100000002,2020,0.75
21900506,0,2,0,2020,2020-01-01,MIL,MIN,MIL,MIN,MIL,MIN,1748.596197,1408.081961,340.514236,2020,0.0
21900508,0,1,0,2020,2020-01-02,CLE,CHA,CLE,CHO,CLE,CHO,1338.846063,1393.632726,-54.78666300000009,2020,0.0
21900517,0,1,0,2020,2020-01-03,BOS,ATL,BOS,ATL,BOS,ATL,1659.903277,1328.849987,331.05328999999983,2020,0.0
21900526,1,1,0,2020,2020-01-04,ATL,IND,ATL,IND,ATL,IND,1328.208329,1565.18746,-236.97913100000005,2020,1.0
21900530,0,2,0,2020,2020-01-04,DAL,CHA,DAL,CHO,DAL,CHO,1604.154867,1400.18375,203.97111700000005,2020,0.0
21900533,0,2,0,2020,2020-01-04,SAC,NOP,SAC,NOP,SAC,NOP,1433.143408,1454.432343,-21.288935000000038,2020,0.0
21900534,1,1,0,2020,2020-01-05,LAC,NYK,LAC,NYK,LAC,NYK,1598.324988,1344.996211,253.32877700000017,2020,1.0
21900538,0,3,0,2020,2020-01-05,LAL,DET,LAL,DET,LAL,DET,1634.886319,1426.134115,208.7522039999999,2020,0.0
21900544,0,1,0,2020,2020-01-06,NOP,UTA,NOP,UTA,NOP,UTA,1460.737541,1614.905153,-154.16761199999996,2020,0.0
21900548,2,2,0,2020,2020-01-07,CLE,DET,CLE,DET,CLE,DET,1310.705686,1424.182595,-113.47690899999998,2020,1.0
21900549,0,1,0,2020,2020-01-07,TOR,POR,TOR,POR,TOR,POR,1649.108275,1475.440276,173.667999,2020,0.0
21900550,0,1,0,2020,2020-01-07,BKN,OKC,BRK,OKC,BRK,OKC,1446.553537,1567.670812,-121.11727500000006,2020,0.0
21900555,0,2,0,2020,2020-01-08,CHA,TOR,CHO,TOR,CHO,TOR,1403.381371,1638.857091,-235.47572000000014,2020,0.0
21900559,2,3,0,2020,2020-01-08,DAL,DEN,DAL,DEN,DAL,DEN,1593.833342,1601.984186,-8.150844000000006,2020,0.6666666666666666
21900563,0,1,0,2020,2020-01-09,DET,CLE,DET,CLE,DET,CLE,1428.777586,1306.110695,122.66689099999985,2020,0.0
21900573,1,2,0,2020,2020-01-10,PHX,ORL,PHO,ORL,PHO,ORL,1380.318846,1515.433374,-135.11452800000006,2020,0.5
21900584,0,1,0,2020,2020-01-12,NYK,MIA,NYK,MIA,NYK,MIA,1327.367781,1589.282956,-261.9151750000001,2020,0.0
21900590,0,2,0,2020,2020-01-12,PHX,CHA,PHO,CHO,PHO,CHO,1387.481446,1397.46927,-9.987824000000046,2020,0.0
21900591,2,2,0,2020,2020-01-13,DET,NOP,DET,NOP,DET,NOP,1402.97912,1465.985348,-63.006227999999965,2020,1.0
21900592,1,2,0,2020,2020-01-13,IND,PHI,IND,PHI,IND,PHI,1555.386039,1590.228216,-34.84217699999999,2020,0.5
21900595,3,4,0,2020,2020-01-13,POR,CHA,POR,CHO,POR,CHO,1466.001566,1391.146256,74.85530999999992,2020,0.75
21900596,0,1,0,2020,2020-01-13,SAC,ORL,SAC,ORL,SAC,ORL,1439.397229,1508.270775,-68.87354600000003,2020,0.0
21900609,1,2,0,2020,2020-01-15,OKC,TOR,OKC,TOR,OKC,TOR,1586.529944,1633.972438,-47.442494000000124,2020,0.5
21900612,1,1,0,2020,2020-01-15,SAC,DAL,SAC,DAL,SAC,DAL,1433.99922,1596.642576,-162.64335600000004,2020,1.0
21900616,1,3,0,2020,2020-01-16,NOP,UTA,NOP,UTA,NOP,UTA,1475.57429,1639.592938,-164.01864799999998,2020,0.3333333333333333
21900617,2,2,0,2020,2020-01-16,GSW,DEN,GSW,DEN,GSW,DEN,1357.78462,1594.145341,-236.360721,2020,1.0
21900619,2,3,0,2020,2020-01-17,IND,MIN,IND,MIN,IND,MIN,1567.405693,1415.129239,152.27645399999983,2020,0.6666666666666666
21900624,1,1,0,2020,2020-01-17,SAS,ATL,SAS,ATL,SAS,ATL,1526.749712,1330.688833,196.0608790000001,2020,1.0
21900630,1,2,0,2020,2020-01-18,NYK,PHI,NYK,PHI,NYK,PHI,1313.437865,1590.782824,-277.3449589999998,2020,0.5
21900631,1,2,0,2020,2020-01-18,CHI,CLE,CHI,CLE,CHI,CLE,1394.835871,1332.97821,61.85766100000001,2020,0.5
21900637,1,2,0,2020,2020-01-19,SAS,MIA,SAS,MIA,SAS,MIA,1517.787339,1595.563434,-77.77609499999994,2020,0.5
21900638,1,2,0,2020,2020-01-19,DEN,IND,DEN,IND,DEN,IND,1597.303388,1568.930732,28.372656000000006,2020,0.5
21900640,1,2,0,2020,2020-01-20,ATL,TOR,ATL,TOR,ATL,TOR,1314.720169,1655.324168,-340.60399900000016,2020,0.5
21900641,1,1,0,2020,2020-01-20,BKN,PHI,BRK,PHI,BRK,PHI,1434.067898,1593.376291,-159.30839300000002,2020,1.0
21900644,1,3,0,2020,2020-01-20,MIA,SAC,MIA,SAC,MIA,SAC,1589.090675,1424.808279,164.28239599999984,2020,0.3333333333333333
21900645,0,2,0,2020,2020-01-20,HOU,OKC,HOU,OKC,HOU,OKC,1595.407415,1569.151979,26.255435999999918,2020,0.0
21900652,1,4,0,2020,2020-01-20,POR,GSW,POR,GSW,POR,GSW,1480.774467,1370.339438,110.43502899999999,2020,0.25
21900653,4,4,0,2020,2020-01-21,DAL,LAC,DAL,LAC,DAL,LAC,1605.136363,1612.026977,-6.890613999999914,2020,1.0
21900656,0,1,0,2020,2020-01-22,ATL,LAC,ATL,LAC,ATL,LAC,1312.357198,1619.648681,-307.29148299999997,2020,0.0
21900658,1,2,0,2020,2020-01-22,MIA,WAS,MIA,WAS,MIA,WAS,1591.173442,1392.504943,198.6684990000001,2020,0.5
21900676,1,2,0,2020,2020-01-24,NOP,DEN,NOP,DEN,NOP,DEN,1487.70617,1580.255107,-92.54893700000002,2020,0.5
21900678,1,1,0,2020,2020-01-24,SAS,PHX,SAS,PHO,SAS,PHO,1536.933408,1398.243358,138.69005000000016,2020,1.0
21900680,0,1,0,2020,2020-01-25,UTA,DAL,UTA,DAL,UTA,DAL,1656.527921,1606.132586,50.39533500000016,2020,0.0
21900690,1,2,0,2020,2020-01-26,MEM,PHX,MEM,PHO,MEM,PHO,1499.715951,1410.719797,88.99615399999993,2020,0.5
21900695,2,4,0,2020,2020-01-27,CHI,SAS,CHI,SAS,CHI,SAS,1394.178488,1519.071538,-124.8930499999999,2020,0.5
21900696,1,3,0,2020,2020-01-27,MIN,SAC,MIN,SAC,MIN,SAC,1383.686627,1432.063094,-48.37646700000005,2020,0.3333333333333333
21900699,1,1,0,2020,2020-01-28,CHA,NYK,CHO,NYK,CHO,NYK,1366.264505,1341.381463,24.88304200000016,2020,1.0
21900708,1,2,0,2020,2020-01-29,IND,CHI,IND,CHI,IND,CHI,1581.793901,1398.597502,183.19639899999993,2020,0.5
21900725,0,1,0,2020,2020-01-31,PHX,OKC,PHO,OKC,PHO,OKC,1456.133131,1598.081272,-141.94814099999985,2020,0.0
21900731,2,3,0,2020,2020-02-01,WAS,BKN,WAS,BRK,WAS,BRK,1394.920296,1436.473341,-41.553044999999884,2020,0.6666666666666666
21900737,0,1,0,2020,2020-02-02,DET,DEN,DET,DEN,DET,DEN,1382.686704,1616.499703,-233.812999,2020,0.0
21900738,0,1,0,2020,2020-02-02,HOU,NOP,HOU,NOP,HOU,NOP,1601.94795,1519.018632,82.92931799999997,2020,0.0
21900742,1,3,0,2020,2020-02-03,CLE,NYK,CLE,NYK,CLE,NYK,1278.365444,1345.550929,-67.18548499999997,2020,0.3333333333333333
21900749,0,2,0,2020,2020-02-03,SAC,MIN,SAC,MIN,SAC,MIN,1453.065168,1373.468448,79.59672,2020,0.0
21900762,1,1,0,2020,2020-02-05,UTA,DEN,UTA,DEN,UTA,DEN,1613.131635,1615.597133,-2.465498000000025,2020,1.0
21900764,1,1,0,2020,2020-02-06,NYK,ORL,NYK,ORL,NYK,ORL,1353.458588,1470.172071,-116.713483,2020,1.0
21900776,2,2,0,2020,2020-02-07,UTA,POR,UTA,POR,UTA,POR,1605.408969,1529.115413,76.29355600000008,2020,1.0
21900779,1,2,0,2020,2020-02-08,DET,NYK,DET,NYK,DET,NYK,1393.977987,1358.59134,35.38664700000004,2020,0.5
21900786,2,2,0,2020,2020-02-09,OKC,BOS,OKC,BOS,OKC,BOS,1606.297653,1640.721734,-34.42408099999989,2020,1.0
21900787,4,5,0,2020,2020-02-09,ATL,NYK,ATL,NYK,ATL,NYK,1357.806,1367.187571,-9.381570999999894,2020,0.8
21900790,0,1,0,2020,2020-02-09,HOU,UTA,HOU,UTA,HOU,UTA,1590.2712,1608.015912,-17.744712000000163,2020,0.0
21900792,1,2,0,2020,2020-02-09,POR,MIA,POR,MIA,POR,MIA,1526.50847,1584.171524,-57.6630540000001,2020,0.5
21900817,2,4,0,2020,2020-02-12,DEN,LAL,DEN,LAL,DEN,LAL,1633.963977,1644.265624,-10.301646999999775,2020,0.5
21900818,1,2,0,2020,2020-02-13,BOS,LAC,BOS,LAC,BOS,LAC,1636.304419,1577.341323,58.96309599999995,2020,0.5
21900819,1,1,0,2020,2020-02-13,NOP,OKC,NOP,OKC,NOP,OKC,1539.076067,1584.64538,-45.569312999999966,2020,1.0
21900821,0,1,0,2020,2020-02-20,ATL,MIA,ATL,MIA,ATL,MIA,1341.050356,1577.216019,-236.165663,2020,0.0
21900822,1,4,0,2020,2020-02-20,PHI,BKN,PHI,BRK,PHI,BRK,1578.73267,1478.469507,100.26316300000008,2020,0.25
21900824,0,1,0,2020,2020-02-20,SAC,MEM,SAC,MEM,SAC,MEM,1470.486047,1541.229682,-70.74363499999981,2020,0.0
21900827,0,2,0,2020,2020-02-21,WAS,CLE,WAS,CLE,WAS,CLE,1411.732749,1275.842358,135.8903909999999,2020,0.0
21900849,2,3,0,2020,2020-02-24,CLE,MIA,CLE,MIA,CLE,MIA,1287.149139,1568.865042,-281.7159029999998,2020,0.6666666666666666
21900851,1,2,0,2020,2020-02-24,WAS,MIL,WAS,MIL,WAS,MIL,1389.81047,1749.65775,-359.8472800000002,2020,0.5
21900852,1,1,0,2020,2020-02-24,BKN,ORL,BRK,ORL,BRK,ORL,1496.42451,1451.202158,45.222352,2020,1.0
21900859,1,3,0,2020,2020-02-25,CHI,OKC,CHI,OKC,CHI,OKC,1352.961005,1612.045019,-259.084014,2020,0.3333333333333333
21900866,1,1,0,2020,2020-02-26,WAS,BKN,WAS,BRK,WAS,BRK,1388.115966,1488.796772,-100.68080599999985,2020,1.0
21900874,2,3,0,2020,2020-02-27,IND,POR,IND,POR,IND,POR,1537.46227,1491.865118,45.59715200000005,2020,0.6666666666666666
21900879,1,2,0,2020,2020-02-28,TOR,CHA,TOR,CHO,TOR,CHO,1680.330016,1355.087775,325.2422409999999,2020,0.5
21900881,1,1,0,2020,2020-02-28,MEM,SAC,MEM,SAC,MEM,SAC,1510.583943,1503.040993,7.542950000000019,2020,1.0
21900884,1,1,0,2020,2020-02-28,PHX,DET,PHO,DET,PHO,DET,1480.071337,1356.035179,124.03615800000011,2020,1.0
21900893,2,2,0,2020,2020-02-29,SAS,ORL,SAS,ORL,SAS,ORL,1512.486981,1473.927233,38.55974800000013,2020,1.0
21900899,0,1,0,2020,2020-03-01,SAC,DET,SAC,DET,SAC,DET,1510.993013,1365.267013,145.7260000000001,2020,0.0
21900903,0,1,0,2020,2020-03-02,NYK,HOU,NYK,HOU,NYK,HOU,1335.781428,1637.297861,-301.516433,2020,0.0
21900907,0,1,0,2020,2020-03-02,CHI,DAL,CHI,DAL,CHI,DAL,1342.888128,1584.09707,-241.20894199999998,2020,0.0
21900908,0,1,0,2020,2020-03-02,SAS,IND,SAS,IND,SAS,IND,1514.746803,1547.538807,-32.792003999999906,2020,0.0
21900909,1,1,0,2020,2020-03-03,CHA,SAS,CHO,SAS,CHO,SAS,1368.514439,1505.888571,-137.37413199999992,2020,1.0
21900910,0,1,0,2020,2020-03-03,BOS,BKN,BOS,BRK,BOS,BRK,1658.15762,1459.56487,198.59275000000002,2020,0.0
21900911,1,1,0,2020,2020-03-03,NOP,MIN,NOP,MIN,NOP,MIN,1544.584241,1361.517098,183.067143,2020,1.0
21900914,1,3,0,2020,2020-03-03,PHX,TOR,PHO,TOR,PHO,TOR,1441.909508,1653.15706,-211.24755200000004,2020,0.3333333333333333
21900918,0,1,0,2020,2020-03-04,DET,OKC,DET,OKC,DET,OKC,1362.739932,1587.989184,-225.24925200000007,2020,0.0
21900919,0,2,0,2020,2020-03-04,MIA,ORL,MIA,ORL,MIA,ORL,1573.678203,1446.787242,126.89096099999983,2020,0.0
21900923,2,2,0,2020,2020-03-04,DAL,NOP,DAL,NOP,DAL,NOP,1576.550277,1529.371385,47.17889200000013,2020,1.0
21900926,1,1,0,2020,2020-03-05,CHA,DEN,CHO,DEN,CHO,DEN,1365.01042,1578.813268,-213.80284800000004,2020,1.0
21900936,1,1,0,2020,2020-03-06,NOP,MIA,NOP,MIA,NOP,MIA,1525.976328,1575.69527,-49.71894199999997,2020,1.0
21900941,1,1,0,2020,2020-03-07,DET,UTA,DET,UTA,DET,UTA,1357.7364,1579.502033,-221.76563299999998,2020,1.0
21900942,1,3,0,2020,2020-03-07,CLE,DEN,CLE,DEN,CLE,DEN,1304.878301,1581.841067,-276.9627660000001,2020,0.3333333333333333
21900944,0,1,0,2020,2020-03-07,GSW,PHI,GSW,PHI,GSW,PHI,1358.890925,1569.541693,-210.65076799999997,2020,0.0
21900946,0,1,0,2020,2020-03-08,BKN,CHI,BRK,CHI,BRK,CHI,1464.464112,1340.460788,124.0033239999998,2020,0.0
21900949,0,1,0,2020,2020-03-08,BOS,OKC,BOS,OKC,BOS,OKC,1627.342332,1602.380254,24.96207800000002,2020,0.0
21900952,0,1,0,2020,2020-03-08,DAL,IND,DAL,IND,DAL,IND,1592.398173,1557.517679,34.880494,2020,0.0
21900954,1,3,0,2020,2020-03-08,CLE,SAS,CLE,SAS,CLE,SAS,1313.149321,1495.916591,-182.76726999999983,2020,0.3333333333333333
21900957,1,1,0,2020,2020-03-09,ATL,CHA,ATL,CHO,ATL,CHO,1350.210862,1377.433169,-27.222307,2020,1.0
21900959,1,3,0,2020,2020-03-09,UTA,TOR,UTA,TOR,UTA,TOR,1584.175214,1668.989175,-84.81396099999984,2020,0.3333333333333333
21900960,1,3,0,2020,2020-03-10,IND,BOS,IND,BOS,IND,BOS,1566.102131,1621.30247,-55.200338999999985,2020,0.3333333333333333
21900964,1,1,0,2020,2020-03-10,MEM,ORL,MEM,ORL,MEM,ORL,1565.088667,1491.443602,73.64506499999993,2020,1.0
21900968,0,1,0,2020,2020-03-10,LAL,BKN,LAL,BRK,LAL,BRK,1689.005314,1466.51169,222.49362399999995,2020,0.0
21900973,1,3,0,2020,2020-03-11,DAL,DEN,DAL,DEN,DAL,DEN,1573.615531,1589.273109,-15.657578000000058,2020,0.3333333333333333
21901232,0,3,0,2020,2020-07-30,LAL,LAC,LAL,LAC,,,,,-21.62616899999989,2020,0.0
21901236,0,1,0,2020,2020-07-31,MIL,BOS,MIL,BOS,,,,,143.48184500000002,2020,0.0
21901242,0,1,0,2020,2020-08-01,IND,PHI,IND,PHI,,,,,-37.94255799999996,2020,0.0
21901246,3,3,0,2020,2020-08-02,MEM,SAS,MEM,SAS,,,,,-45.981996999999865,2020,1.0
21901248,1,1,0,2020,2020-08-02,HOU,MIL,HOU,MIL,,,,,9.89955800000007,2020,1.0
21901249,0,1,0,2020,2020-08-02,PHX,DAL,PHO,DAL,,,,,-133.44824199999994,2020,0.0
21901250,1,2,0,2020,2020-08-03,MIA,TOR,MIA,TOR,,,,,-61.469376999999895,2020,0.5
21901251,0,1,0,2020,2020-08-03,OKC,DEN,OKC,DEN,,,,,-32.283255000000054,2020,0.0
21901254,1,1,0,2020,2020-08-03,PHI,SAS,PHI,SAS,,,,,97.9825699999999,2020,1.0
21901257,2,2,0,2020,2020-08-04,SAC,DAL,SAC,DAL,,,,,-162.64335600000004,2020,1.0
21901258,0,1,0,2020,2020-08-04,LAC,PHX,LAC,PHO,,,,,242.90050299999984,2020,0.0
21901260,1,2,0,2020,2020-08-04,MIA,BOS,MIA,BOS,,,,,-16.79792199999997,2020,0.5
21901261,0,1,0,2020,2020-08-04,POR,HOU,POR,HOU,,,,,-124.40688399999999,2020,0.0
21901281,1,4,0,2020,2020-08-08,DEN,UTA,DEN,UTA,,,,,-48.715069000000085,2020,0.25
21901282,2,2,0,2020,2020-08-08,IND,LAL,IND,LAL,,,,,-80.62496800000008,2020,1.0
21901289,2,4,0,2020,2020-08-09,POR,PHI,POR,PHI,,,,,-4.928969999999936,2020,0.5
21901305,2,2,0,2020,2020-08-12,PHI,TOR,PHI,TOR,,,,,-52.778189999999995,2020,1.0
21901306,1,2,0,2020,2020-08-12,OKC,MIA,OKC,MIA,,,,,-9.334599000000026,2020,0.5
21901317,2,2,0,2020,2020-08-14,LAC,OKC,LAC,OKC,,,,,29.207525999999916,2020,1.0
22000003,1,3,0,2021,2020-12-23,BOS,MIL,BOS,MIL,BOS,MIL,1645.596807,1604.757537,40.83926999999994,2021,0.3333333333333333
22000004,0,1,0,2021,2020-12-23,PHX,DAL,PHO,DAL,PHO,DAL,1555.011171,1527.704043,27.307128000000148,2021,0.0
22000013,1,2,0,2021,2020-12-23,PHI,WAS,PHI,WAS,PHI,WAS,1535.022226,1407.244415,127.77781100000016,2021,0.5
22000019,1,5,0,2021,2020-12-23,DEN,SAC,DEN,SAC,DEN,SAC,1557.332487,1503.941694,53.3907929999998,2021,0.2
22000021,0,2,0,2021,2020-12-26,MEM,ATL,MEM,ATL,MEM,ATL,1521.216162,1407.725687,113.49047499999983,2021,0.0
22000023,0,2,0,2021,2020-12-26,DET,CLE,DET,CLE,DET,CLE,1375.47487,1370.640434,4.834436000000096,2021,0.0
22000027,1,1,0,2021,2020-12-26,SAS,TOR,SAS,TOR,SAS,TOR,1545.761529,1622.224888,-76.46335899999985,2021,1.0
22000028,0,1,0,2021,2020-12-26,UTA,MIN,UTA,MIN,UTA,MIN,1562.774549,1399.634469,163.1400799999999,2021,0.0
22000029,0,2,0,2021,2020-12-26,POR,HOU,POR,HOU,POR,HOU,1489.818279,1541.147431,-51.32915200000002,2021,0.0
22000030,1,1,0,2021,2020-12-26,SAC,PHX,SAC,PHO,SAC,PHO,1511.734487,1558.737125,-47.00263800000016,2021,1.0
22000033,2,2,0,2021,2020-12-27,WAS,ORL,WAS,ORL,WAS,ORL,1394.019481,1513.074973,-119.05549199999996,2021,1.0
22000037,0,2,0,2021,2020-12-27,IND,BOS,IND,BOS,IND,BOS,1543.593975,1605.783444,-62.18946899999992,2021,0.0
22000038,0,4,0,2021,2020-12-27,CHI,GSW,CHI,GSW,CHI,GSW,1348.688921,1380.793465,-32.10454400000003,2021,0.0
22000042,1,1,0,2021,2020-12-28,BKN,MEM,BRK,MEM,BRK,MEM,1534.326271,1501.852117,32.474154,2021,1.0
22000043,1,2,0,2021,2020-12-28,OKC,UTA,OKC,UTA,OKC,UTA,1538.482991,1548.160028,-9.677036999999928,2021,0.5
22000048,1,1,0,2021,2020-12-29,IND,BOS,IND,BOS,IND,BOS,1547.091936,1602.285483,-55.19354700000008,2021,1.0
22000049,1,2,0,2021,2020-12-29,PHI,TOR,PHI,TOR,PHI,TOR,1527.494123,1615.784787,-88.2906640000001,2021,0.5
22000065,0,1,0,2021,2020-12-31,HOU,SAC,HOU,SAC,HOU,SAC,1528.916693,1507.249897,21.666795999999977,2021,0.0
22000075,1,1,0,2021,2021-01-01,SAS,LAL,SAS,LAL,SAS,LAL,1534.039452,1640.587633,-106.54818100000011,2021,1.0
22000076,0,1,0,2021,2021-01-01,DEN,PHX,DEN,PHO,DEN,PHO,1535.33568,1595.942791,-60.60711100000003,2021,0.0
22000083,0,2,0,2021,2021-01-02,ATL,CLE,ATL,CLE,ATL,CLE,1456.218471,1388.249832,67.96863899999994,2021,0.0
22000084,1,2,0,2021,2021-01-02,NOP,TOR,NOP,TOR,NOP,TOR,1546.944199,1611.279454,-64.33525499999996,2021,0.5
22000085,1,1,0,2021,2021-01-03,DET,BOS,DET,BOS,DET,BOS,1353.51447,1607.658554,-254.14408400000002,2021,1.0
22000095,0,1,0,2021,2021-01-04,ATL,NYK,ATL,NYK,ATL,NYK,1444.438326,1415.789592,28.648733999999877,2021,0.0
22000100,0,2,0,2021,2021-01-04,NOP,IND,NOP,IND,NOP,IND,1552.464139,1531.686035,20.778103999999985,2021,0.0
22000106,1,1,0,2021,2021-01-05,POR,CHI,POR,CHI,POR,CHI,1506.329182,1375.94972,130.37946199999988,2021,1.0
22000111,4,4,0,2021,2021-01-06,MIA,BOS,MIA,BOS,MIA,BOS,1569.148531,1626.149184,-57.00065300000006,2021,1.0
22000117,0,1,0,2021,2021-01-06,SAC,CHI,SAC,CHI,SAC,CHI,1475.929727,1386.781549,89.14817799999992,2021,0.0
22000119,1,1,0,2021,2021-01-07,MEM,CLE,MEM,CLE,MEM,CLE,1506.066466,1388.775403,117.2910629999999,2021,1.0
22000120,2,4,0,2021,2021-01-07,DEN,DAL,DEN,DAL,DEN,DAL,1542.28588,1554.663941,-12.378061000000116,2021,0.5
22000123,0,1,0,2021,2021-01-08,DET,PHX,DET,PHO,DET,PHO,1347.154396,1597.739738,-250.58534200000008,2021,0.0
22000138,2,4,0,2021,2021-01-09,MIN,SAS,MIN,SAS,MIN,SAS,1358.300511,1533.540218,-175.23970700000018,2021,0.5
22000148,0,1,0,2021,2021-01-10,GSW,TOR,GSW,TOR,GSW,TOR,1424.844298,1600.410718,-175.5664200000001,2021,0.0
22000150,0,3,0,2021,2021-01-11,CLE,MEM,CLE,MEM,CLE,MEM,1398.193851,1499.497349,-101.30349799999999,2021,0.0
22000155,0,2,0,2021,2021-01-11,POR,TOR,POR,TOR,POR,TOR,1525.200771,1595.187549,-69.98677799999996,2021,0.0
22000156,1,3,0,2021,2021-01-11,SAC,IND,SAC,IND,SAC,IND,1437.715935,1532.910386,-95.19445100000007,2021,0.3333333333333333
22000157,0,1,0,2021,2021-01-12,PHI,MIA,PHI,MIA,PHI,MIA,1528.243182,1568.33119,-40.08800800000017,2021,0.0
22000158,1,1,0,2021,2021-01-12,BKN,DEN,BRK,DEN,BRK,DEN,1501.018351,1566.280593,-65.26224200000001,2021,1.0
22000175,3,4,0,2021,2021-01-14,TOR,CHA,TOR,CHO,TOR,CHO,1591.580539,1457.253351,134.32718799999998,2021,0.75
22000176,1,1,0,2021,2021-01-14,SAS,HOU,SAS,HOU,SAS,HOU,1540.120135,1506.304469,33.815665999999965,2021,1.0
22000181,0,3,0,2021,2021-01-15,CLE,NYK,CLE,NYK,CLE,NYK,1371.583876,1390.713962,-19.13008600000012,2021,0.0
22000182,1,1,0,2021,2021-01-15,MIL,DAL,MIL,DAL,MIL,DAL,1626.971966,1582.792031,44.179935000000114,2021,1.0
22000183,1,1,0,2021,2021-05-05,MIN,MEM,MIN,MEM,MIN,MEM,1384.128038,1540.922522,-156.794484,2021,1.0
22000184,1,1,0,2021,2021-01-15,OKC,CHI,OKC,CHI,OKC,CHI,1494.747273,1381.697812,113.04946099999984,2021,1.0
22000191,1,1,0,2021,2021-01-16,TOR,CHA,TOR,CHO,TOR,CHO,1593.520731,1455.313159,138.20757200000003,2021,1.0
22000193,1,2,0,2021,2021-01-16,MEM,PHI,MEM,PHI,MEM,PHI,1519.135294,1543.838538,-24.70324400000004,2021,0.5
22000200,1,1,0,2021,2021-01-17,DEN,UTA,DEN,UTA,DEN,UTA,1563.014875,1584.649585,-21.634709999999814,2021,1.0
22000201,0,1,0,2021,2021-01-17,SAC,NOP,SAC,NOP,SAC,NOP,1413.858359,1514.30863,-100.45027099999993,2021,0.0
22000203,0,1,0,2021,2021-01-18,NYK,ORL,NYK,ORL,NYK,ORL,1440.53853,1457.044832,-16.506302000000005,2021,0.0
22000206,1,1,0,2021,2021-01-18,MIA,DET,MIA,DET,MIA,DET,1515.716418,1383.766565,131.94985300000008,2021,1.0
22000211,0,1,0,2021,2021-01-18,CHI,HOU,CHI,HOU,CHI,HOU,1411.231089,1508.71726,-97.48617099999979,2021,0.0
22000212,1,2,0,2021,2021-01-18,LAL,GSW,LAL,GSW,LAL,GSW,1693.094352,1416.679243,276.41510900000003,2021,0.5
22000216,0,3,0,2021,2021-01-20,CLE,BKN,CLE,BRK,CLE,BRK,1375.634172,1525.297096,-149.66292399999998,2021,0.0
22000218,0,1,0,2021,2021-01-20,PHI,BOS,PHI,BOS,PHI,BOS,1540.253692,1585.760162,-45.506470000000036,2021,0.0
22000219,0,2,0,2021,2021-01-20,ATL,DET,ATL,DET,ATL,DET,1428.409638,1381.049338,47.36030000000005,2021,0.0
22000221,2,3,0,2021,2021-01-20,MIN,ORL,MIN,ORL,MIN,ORL,1351.470264,1451.018278,-99.54801399999997,2021,0.6666666666666666
22000225,1,1,0,2021,2021-04-23,POR,MEM,POR,MEM,POR,MEM,1492.27815,1589.916038,-97.63788799999998,2021,1.0
22000230,1,2,0,2021,2021-01-22,DET,HOU,DET,HOU,DET,HOU,1376.179562,1493.032416,-116.85285399999998,2021,0.5
22000231,0,1,0,2021,2021-01-22,IND,ORL,IND,ORL,IND,ORL,1531.833527,1455.066911,76.76661600000011,2021,0.0
22000235,1,1,0,2021,2021-05-05,MIL,WAS,MIL,WAS,MIL,WAS,1631.880824,1499.988747,131.89207699999997,2021,1.0
22000238,1,1,0,2021,2021-01-22,PHX,DEN,PHO,DEN,PHO,DEN,1576.857541,1562.529185,14.328355999999985,2021,1.0
22000243,1,1,0,2021,2021-01-23,DET,PHI,DET,PHI,DET,PHI,1372.38472,1556.459105,-184.0743849999999,2021,1.0
22000244,1,2,0,2021,2021-01-23,BKN,MIA,BRK,MIA,BRK,MIA,1498.865914,1526.924278,-28.058363999999983,2021,0.5
22000248,1,3,0,2021,2021-01-23,PHX,DEN,PHO,DEN,PHO,DEN,1567.685119,1571.701607,-4.016487999999981,2021,0.3333333333333333
22000249,1,1,0,2021,2021-01-24,IND,TOR,IND,TOR,IND,TOR,1534.081412,1596.635157,-62.553744999999935,2021,1.0
22000255,1,2,0,2021,2021-05-13,MEM,SAC,MEM,SAC,MEM,SAC,1563.237224,1452.871788,110.36543600000005,2021,0.5
22000256,0,2,0,2021,2021-01-24,POR,NYK,POR,NYK,POR,NYK,1492.47934,1456.98161,35.49773000000005,2021,0.0
22000274,1,1,0,2021,2021-01-27,ATL,BKN,ATL,BRK,ATL,BRK,1458.113966,1512.479674,-54.36570800000004,2021,1.0
22000276,1,1,0,2021,2021-01-27,PHI,LAL,PHI,LAL,PHI,LAL,1542.623335,1699.706643,-157.083308,2021,1.0
22000280,0,1,0,2021,2021-01-27,SAS,BOS,SAS,BOS,SAS,BOS,1537.002946,1588.904234,-51.90128800000002,2021,0.0
22000288,1,1,0,2021,2021-01-29,CHA,IND,CHO,IND,CHO,IND,1426.04781,1548.767841,-122.72003100000006,2021,1.0
22000298,1,1,0,2021,2021-01-30,CHI,POR,CHI,POR,CHI,POR,1419.515162,1484.533947,-65.01878499999998,2021,1.0
22000301,0,1,0,2021,2021-01-30,MIA,SAC,MIA,SAC,MIA,SAC,1485.479008,1441.233021,44.245987000000014,2021,0.0
22000307,1,1,0,2021,2021-01-31,IND,PHI,IND,PHI,IND,PHI,1542.701899,1559.126084,-16.42418500000008,2021,1.0
22000310,0,1,0,2021,2021-01-31,WAS,BKN,WAS,BRK,WAS,BRK,1378.205243,1542.907719,-164.70247599999993,2021,0.0
22000312,1,2,0,2021,2021-02-01,CLE,MIN,CLE,MIN,CLE,MIN,1384.560621,1326.720673,57.83994800000005,2021,0.5
22000313,0,1,0,2021,2021-02-01,ATL,LAL,ATL,LAL,ATL,LAL,1467.095127,1673.695246,-206.60011899999995,2021,0.0
22000314,1,1,0,2021,2021-02-01,MIA,CHA,MIA,CHO,MIA,CHO,1487.67914,1447.824594,39.85454600000003,2021,1.0
22000317,0,1,0,2021,2021-02-01,NOP,SAC,NOP,SAC,NOP,SAC,1493.931454,1439.032889,54.89856499999996,2021,0.0
22000319,2,3,0,2021,2021-02-01,DAL,PHX,DAL,PHO,DAL,PHO,1503.7472,1559.917736,-56.170536000000084,2021,0.6666666666666666
22000324,1,1,0,2021,2021-02-02,BKN,LAC,BRK,LAC,BRK,LAC,1535.926477,1638.323267,-102.39679000000001,2021,1.0
22000326,2,3,0,2021,2021-02-02,GSW,BOS,GSW,BOS,GSW,BOS,1443.279232,1579.396415,-136.11718299999984,2021,0.6666666666666666
22000330,0,2,0,2021,2021-02-03,ATL,DAL,ATL,DAL,ATL,DAL,1461.218449,1499.03278,-37.81433100000004,2021,0.0
22000331,2,2,0,2021,2021-02-03,MIA,WAS,MIA,WAS,MIA,WAS,1473.549628,1374.013887,99.53574099999992,2021,1.0
22000332,0,1,0,2021,2021-02-03,CHI,NYK,CHI,NYK,CHI,NYK,1421.947185,1442.014475,-20.067289999999957,2021,0.0
22000334,2,2,0,2021,2021-02-03,SAS,MIN,SAS,MIN,SAS,MIN,1500.419393,1324.255675,176.1637179999998,2021,1.0
22000336,0,1,0,2021,2021-02-03,SAC,BOS,SAC,BOS,SAC,BOS,1454.792993,1584.906494,-130.11350100000004,2021,0.0
22000348,0,1,0,2021,2021-02-05,OKC,MIN,OKC,MIN,OKC,MIN,1469.99844,1322.704111,147.29432900000006,2021,0.0
22000352,1,2,0,2021,2021-02-06,SAC,DEN,SAC,DEN,SAC,DEN,1462.627541,1604.027112,-141.39957099999992,2021,0.5
22000360,1,2,0,2021,2021-02-06,DAL,GSW,DAL,GSW,DAL,GSW,1470.855646,1475.52499,-4.66934399999991,2021,0.5
22000361,2,3,0,2021,2021-02-06,LAL,DET,LAL,DET,LAL,DET,1687.831262,1384.014049,303.8172129999998,2021,0.6666666666666666
22000364,2,2,0,2021,2021-02-07,NYK,MIA,NYK,MIA,NYK,MIA,1460.002852,1472.754309,-12.751456999999846,2021,1.0
22000368,1,2,0,2021,2021-02-08,CHI,WAS,CHI,WAS,CHI,WAS,1436.49203,1366.318191,70.17383900000004,2021,0.5
22000370,0,1,0,2021,2021-02-08,DAL,MIN,DAL,MIN,DAL,MIN,1474.143294,1332.175194,141.96810000000005,2021,0.0
22000372,0,2,0,2021,2021-02-08,PHX,CLE,PHO,CLE,PHO,CLE,1559.977347,1359.610837,200.36651000000006,2021,0.0
22000374,0,1,0,2021,2021-02-08,LAL,OKC,LAL,OKC,LAL,OKC,1688.87288,1460.527358,228.34552199999985,2021,0.0
22000376,0,2,0,2021,2021-02-09,MIA,NYK,MIA,NYK,MIA,NYK,1483.112034,1449.645128,33.46690599999988,2021,0.0
22000390,3,5,0,2021,2021-02-10,LAL,OKC,LAL,OKC,LAL,OKC,1690.621586,1458.778652,231.842934,2021,0.6
22000411,1,1,0,2021,2021-02-14,DAL,POR,DAL,POR,DAL,POR,1488.380401,1521.052113,-32.67171200000007,2021,1.0
22000412,2,2,0,2021,2021-02-12,BOS,DET,BOS,DET,BOS,DET,1583.852757,1382.510497,201.34226000000012,2021,1.0
22000415,3,4,0,2021,2021-02-14,OKC,MIL,OKC,MIL,OKC,MIL,1456.227197,1642.517163,-186.28996600000005,2021,0.75
22000437,1,2,0,2021,2021-02-17,WAS,DEN,WAS,DEN,WAS,DEN,1381.034979,1593.000353,-211.96537399999988,2021,0.5
22000440,1,3,0,2021,2021-02-17,MIN,IND,MIN,IND,MIN,IND,1336.687617,1520.915678,-184.22806100000003,2021,0.3333333333333333
22000443,0,2,0,2021,2021-02-17,GSW,MIA,GSW,MIA,GSW,MIA,1488.547084,1491.850971,-3.3038870000000315,2021,0.0
22000449,1,1,0,2021,2021-02-19,ORL,GSW,ORL,GSW,ORL,GSW,1403.854473,1494.687757,-90.83328399999982,2021,1.0
22000450,1,1,0,2021,2021-02-19,PHI,CHI,PHI,CHI,PHI,CHI,1560.597412,1446.900315,113.69709699999999,2021,1.0
22000454,1,1,0,2021,2021-02-19,MIN,TOR,MIN,TOR,MIN,TOR,1331.165715,1619.291678,-288.12596299999996,2021,1.0
22000457,0,2,0,2021,2021-02-19,LAC,UTA,LAC,UTA,LAC,UTA,1620.307684,1693.718432,-73.41074799999978,2021,0.0
22000458,1,2,0,2021,2021-05-13,NYK,SAS,NYK,SAS,NYK,SAS,1590.917963,1500.970592,89.9473710000002,2021,0.5
22000459,0,1,0,2021,2021-02-20,CHA,GSW,CHO,GSW,CHO,GSW,1452.629636,1488.575038,-35.94540200000006,2021,0.0
22000465,1,1,0,2021,2021-02-21,NOP,BOS,NOP,BOS,NOP,BOS,1503.813919,1545.657797,-41.84387800000013,2021,1.0
22000469,0,1,0,2021,2021-02-21,NYK,MIN,NYK,MIN,NYK,MIN,1468.624661,1328.071229,140.55343200000016,2021,0.0
22000479,2,3,0,2021,2021-02-22,LAL,WAS,LAL,WAS,LAL,WAS,1651.566081,1405.323882,246.24219900000003,2021,0.6666666666666666
22000489,0,1,0,2021,2021-02-24,IND,GSW,IND,GSW,IND,GSW,1526.43758,1496.929568,29.508012000000008,2021,0.0
22000493,1,1,0,2021,2021-02-24,CHI,MIN,CHI,MIN,CHI,MIN,1474.259208,1322.775649,151.483559,2021,1.0
22000496,2,3,0,2021,2021-02-24,PHX,CHA,PHO,CHO,PHO,CHO,1621.169155,1452.814732,168.354423,2021,0.6666666666666666
22000503,1,4,0,2021,2021-02-25,MIL,NOP,MIL,NOP,MIL,NOP,1607.107649,1513.81082,93.29682900000012,2021,0.25
22000504,0,1,0,2021,2021-02-26,DET,SAC,DET,SAC,DET,SAC,1409.088104,1397.751806,11.336297999999942,2021,0.0
22000513,1,4,0,2021,2021-02-27,PHI,CLE,PHI,CLE,PHI,CLE,1579.499233,1337.020561,242.47867199999996,2021,0.25
22000515,1,3,0,2021,2021-02-27,NYK,IND,NYK,IND,NYK,IND,1466.905047,1511.831861,-44.92681399999992,2021,0.3333333333333333
22000524,1,1,0,2021,2021-02-28,BOS,WAS,BOS,WAS,BOS,WAS,1527.131667,1430.894192,96.23747500000013,2021,1.0
22000528,0,1,0,2021,2021-02-28,SAC,CHA,SAC,CHO,SAC,CHO,1405.791092,1459.192862,-53.40177000000017,2021,0.0
22000531,1,2,0,2021,2021-03-01,CHI,DEN,CHI,DEN,CHI,DEN,1468.323719,1596.019483,-127.69576400000005,2021,0.5
22000533,1,2,0,2021,2021-03-01,NOP,UTA,NOP,UTA,NOP,UTA,1507.389995,1695.63629,-188.24629499999992,2021,0.5
22000534,0,1,0,2021,2021-03-01,SAS,BKN,SAS,BRK,SAS,BRK,1515.748011,1571.600913,-55.852902000000086,2021,0.0
22000543,0,1,0,2021,2021-03-03,CLE,IND,CLE,IND,CLE,IND,1368.264165,1500.175199,-131.91103399999997,2021,0.0
22000544,0,1,0,2021,2021-03-03,ORL,ATL,ORL,ATL,ORL,ATL,1380.036122,1464.257554,-84.22143200000005,2021,0.0
22000545,3,6,0,2021,2021-03-03,PHI,UTA,PHI,UTA,PHI,UTA,1573.124626,1686.181456,-113.05682999999999,2021,0.5
22000548,0,2,0,2021,2021-03-03,NOP,CHI,NOP,CHI,NOP,CHI,1516.844829,1461.360385,55.48444399999994,2021,0.0
22000550,1,1,0,2021,2021-03-03,POR,GSW,POR,GSW,POR,GSW,1518.308166,1504.479089,13.829077000000098,2021,1.0
22000551,1,3,0,2021,2021-03-03,SAC,LAL,SAC,LAL,SAC,LAL,1401.032928,1624.076657,-223.04372899999998,2021,0.3333333333333333
22000554,1,1,0,2021,2021-03-04,WAS,LAC,WAS,LAC,WAS,LAC,1416.329477,1602.296328,-185.9668509999999,2021,1.0
22000558,1,1,0,2021,2021-03-04,POR,SAC,POR,SAC,POR,SAC,1521.335605,1409.342592,111.99301300000002,2021,1.0
22000564,0,1,0,2021,2021-02-17,CHI,DET,CHI,DET,CHI,DET,1443.6875,1411.014591,32.67290899999989,2021,0.0
22000568,1,2,0,2021,2021-03-11,CHA,DET,CHO,DET,CHO,DET,1477.072386,1421.48172,55.590666000000056,2021,0.5
22000570,1,1,0,2021,2021-03-11,TOR,ATL,TOR,ATL,TOR,ATL,1557.322228,1470.176606,87.145622,2021,1.0
22000580,1,2,0,2021,2021-03-12,MEM,DEN,MEM,DEN,MEM,DEN,1542.332348,1644.467721,-102.13537300000007,2021,0.5
22000585,1,1,0,2021,2021-03-12,LAL,IND,LAL,IND,LAL,IND,1615.766992,1495.868918,119.89807400000018,2021,1.0
22000587,0,1,0,2021,2021-03-13,BKN,DET,BRK,DET,BRK,DET,1600.732607,1418.598643,182.13396399999988,2021,0.0
22000589,1,1,0,2021,2021-03-13,WAS,MIL,WAS,MIL,WAS,MIL,1403.369125,1596.786107,-193.41698199999996,2021,1.0
22000591,0,1,0,2021,2021-03-13,MIN,POR,MIN,POR,MIN,POR,1337.909701,1516.673093,-178.76339200000007,2021,0.0
22000596,1,3,0,2021,2021-03-14,ORL,MIA,ORL,MIA,ORL,MIA,1364.01796,1550.935626,-186.91766600000005,2021,0.3333333333333333
22000611,2,5,0,2021,2021-03-16,PHI,NYK,PHI,NYK,PHI,NYK,1623.312443,1492.655411,130.65703200000007,2021,0.4
22000618,1,2,0,2021,2021-03-17,PHI,MIL,PHI,MIL,PHI,MIL,1625.290273,1609.301356,15.988917000000129,2021,0.5
22000619,1,1,0,2021,2021-03-17,WAS,SAC,WAS,SAC,WAS,SAC,1390.853876,1406.025141,-15.171265000000176,2021,1.0
22000628,0,1,0,2021,2021-03-18,PHX,MIN,PHO,MIN,PHO,MIN,1637.424141,1337.8344,299.589741,2021,0.0
22000634,1,2,0,2021,2021-03-19,TOR,UTA,TOR,UTA,TOR,UTA,1516.297533,1654.257065,-137.95953200000008,2021,0.5
22000637,1,1,0,2021,2021-03-19,DEN,CHI,DEN,CHI,DEN,CHI,1636.893235,1460.613175,176.28006000000005,2021,1.0
22000645,0,1,0,2021,2021-03-21,MIA,IND,MIA,IND,MIA,IND,1521.421087,1533.359854,-11.938767000000098,2021,0.0
22000650,1,2,0,2021,2021-03-21,NYK,PHI,NYK,PHI,NYK,PHI,1492.100283,1621.057411,-128.957128,2021,0.5
22000655,2,3,0,2021,2021-03-22,SAS,CHA,SAS,CHO,SAS,CHO,1518.421132,1474.520401,43.90073099999995,2021,0.6666666666666666
22000658,0,2,0,2021,2021-03-22,MEM,BOS,MEM,BOS,MEM,BOS,1515.023878,1514.597721,0.42615699999987555,2021,0.0
22000660,0,1,0,2021,2021-03-22,LAC,ATL,LAC,ATL,LAC,ATL,1593.485678,1521.719598,71.7660800000001,2021,0.0
22000669,0,1,0,2021,2021-03-24,MIL,BOS,MIL,BOS,MIL,BOS,1631.28442,1509.453214,121.83120600000007,2021,0.0
22000678,1,1,0,2021,2021-03-25,MIA,POR,MIA,POR,MIA,POR,1504.239613,1485.46381,18.775802999999996,2021,1.0
22000679,1,2,0,2021,2021-03-25,NYK,WAS,NYK,WAS,NYK,WAS,1495.145051,1392.772471,102.37257999999997,2021,0.5
22000681,1,1,0,2021,2021-03-25,LAL,PHI,LAL,PHI,LAL,PHI,1604.115969,1634.337935,-30.221966000000066,2021,1.0
22000683,1,1,0,2021,2021-03-26,DET,BKN,DET,BRK,DET,BRK,1406.422599,1597.853152,-191.43055299999992,2021,1.0
22000686,0,2,0,2021,2021-03-26,CHA,MIA,CHO,MIA,CHO,MIA,1498.941527,1496.028689,2.912837999999965,2021,0.0
22000688,1,2,0,2021,2021-03-26,MIN,HOU,MIN,HOU,MIN,HOU,1332.599928,1314.978238,17.62169000000017,2021,0.5
22000689,2,2,0,2021,2021-03-26,NOP,DEN,NOP,DEN,NOP,DEN,1498.553606,1607.117459,-108.56385300000011,2021,1.0
22000691,1,2,0,2021,2021-03-26,UTA,MEM,UTA,MEM,UTA,MEM,1683.612408,1530.356801,153.25560700000005,2021,0.5
22000695,1,2,0,2021,2021-03-27,MIL,NYK,MIL,NYK,MIL,NYK,1615.674201,1497.733469,117.94073200000003,2021,0.5
22000703,2,2,0,2021,2021-03-28,CHA,PHX,CHO,PHO,CHO,PHO,1503.572049,1640.839239,-137.2671899999998,2021,1.0
22000708,1,1,0,2021,2021-03-29,BOS,NOP,BOS,NOP,BOS,NOP,1539.575943,1500.519998,39.055945000000065,2021,1.0
22000720,1,2,0,2021,2021-03-30,LAC,ORL,LAC,ORL,LAC,ORL,1650.872525,1360.157572,290.7149529999999,2021,0.5
22000722,1,3,0,2021,2021-03-31,IND,MIA,IND,MIA,IND,MIA,1544.82881,1506.731202,38.09760800000004,2021,0.3333333333333333
22000723,1,1,0,2021,2021-03-31,BOS,DAL,BOS,DAL,BOS,DAL,1527.567771,1569.887954,-42.32018300000004,2021,1.0
22000725,1,1,0,2021,2021-03-31,MEM,UTA,MEM,UTA,MEM,UTA,1531.568583,1692.802341,-161.23375800000008,2021,1.0
22000726,2,3,0,2021,2021-03-31,MIN,NYK,MIN,NYK,MIN,NYK,1310.011495,1496.975069,-186.9635740000001,2021,0.6666666666666666
22000730,1,1,0,2021,2021-03-31,PHX,CHI,PHO,CHI,PHO,CHI,1649.401953,1427.512592,221.889361,2021,1.0
22000734,3,3,0,2021,2021-04-01,NOP,ORL,NOP,ORL,NOP,ORL,1512.528171,1382.298027,130.23014399999988,2021,1.0
22000735,1,1,0,2021,2021-04-01,SAS,ATL,SAS,ATL,SAS,ATL,1470.666186,1519.022108,-48.355921999999964,2021,1.0
22000743,0,2,0,2021,2021-04-02,UTA,CHI,UTA,CHI,UTA,CHI,1697.779648,1425.995694,271.783954,2021,0.0
22000751,0,2,0,2021,2021-04-03,SAS,IND,SAS,IND,SAS,IND,1462.242354,1511.58678,-49.34442600000011,2021,0.0
22000762,0,2,0,2021,2021-04-05,BKN,NYK,BRK,NYK,BRK,NYK,1599.382871,1510.433999,88.94887199999994,2021,0.0
22000763,1,2,0,2021,2021-04-05,TOR,WAS,TOR,WAS,TOR,WAS,1485.286924,1373.219522,112.0674019999999,2021,0.5
22000768,0,1,0,2021,2021-04-05,HOU,PHX,HOU,PHO,HOU,PHO,1316.905344,1655.677166,-338.77182199999993,2021,0.0
22000774,1,1,0,2021,2021-04-06,GSW,MIL,GSW,MIL,GSW,MIL,1440.979394,1629.184167,-188.20477299999993,2021,1.0
22000776,0,1,0,2021,2021-04-07,IND,MIN,IND,MIN,IND,MIN,1496.329195,1323.722762,172.60643299999992,2021,0.0
22000783,0,1,0,2021,2021-04-07,PHX,UTA,PHO,UTA,PHO,UTA,1657.572567,1694.102093,-36.52952600000003,2021,0.0
22000790,1,1,0,2021,2021-04-09,ORL,IND,ORL,IND,ORL,IND,1370.190703,1498.118623,-127.92792000000009,2021,1.0
22000792,1,2,0,2021,2021-04-09,BOS,MIN,BOS,MIN,BOS,MIN,1528.930757,1321.933334,206.99742300000003,2021,0.5
22000793,2,2,0,2021,2021-04-09,NYK,MEM,NYK,MEM,NYK,MEM,1505.342441,1590.734914,-85.39247299999988,2021,1.0
22000797,0,3,0,2021,2021-04-09,DEN,SAS,DEN,SAS,DEN,SAS,1650.083523,1416.736257,233.347266,2021,0.0
22000798,0,1,0,2021,2021-04-09,GSW,WAS,GSW,WAS,GSW,WAS,1446.409088,1391.102386,55.30670200000009,2021,0.0
22000805,2,2,0,2021,2021-04-11,CHA,ATL,CHO,ATL,CHO,ATL,1534.524762,1545.500943,-10.976180999999997,2021,1.0
22000809,0,1,0,2021,2021-04-11,NYK,TOR,NYK,TOR,NYK,TOR,1511.331082,1482.286156,29.044926000000032,2021,0.0
22000811,0,1,0,2021,2021-04-11,MEM,IND,MEM,IND,MEM,IND,1584.746273,1504.450069,80.29620399999999,2021,0.0
22000812,1,1,0,2021,2021-04-11,MIN,CHI,MIN,CHI,MIN,CHI,1319.653219,1469.697409,-150.04419000000007,2021,1.0
22000820,1,1,0,2021,2021-04-12,UTA,WAS,UTA,WAS,UTA,WAS,1696.008191,1396.436148,299.5720429999999,2021,1.0
22000825,0,1,0,2021,2021-04-13,CHA,LAL,CHO,LAL,CHO,LAL,1526.007887,1602.489399,-76.48151200000007,2021,0.0
22000828,0,1,0,2021,2021-04-13,POR,BOS,POR,BOS,POR,BOS,1505.782509,1560.040371,-54.25786200000016,2021,0.0
22000830,0,2,0,2021,2021-04-14,PHI,BKN,PHI,BRK,PHI,BRK,1642.870217,1592.074733,50.79548399999999,2021,0.0
22000831,0,1,0,2021,2021-04-14,TOR,SAS,TOR,SAS,TOR,SAS,1470.103639,1445.940915,24.162724000000026,2021,0.0
22000832,0,1,0,2021,2021-04-14,DET,LAC,DET,LAC,DET,LAC,1405.219917,1653.741439,-248.521522,2021,0.0
22000846,1,1,0,2021,2021-04-16,PHI,LAC,PHI,LAC,PHI,LAC,1646.95051,1656.3188,-9.368290000000115,2021,1.0
22000847,1,2,0,2021,2021-04-16,WAS,NOP,WAS,NOP,WAS,NOP,1429.76988,1478.68571,-48.915829999999914,2021,0.5
22000853,0,1,0,2021,2021-04-16,SAS,POR,SAS,POR,SAS,POR,1441.734446,1501.037885,-59.303439000000026,2021,0.0
22000855,2,2,0,2021,2021-04-17,LAL,UTA,LAL,UTA,LAL,UTA,1597.945777,1682.781341,-84.8355640000002,2021,1.0
22000862,1,3,0,2021,2021-04-18,NYK,NOP,NYK,NOP,NYK,NOP,1556.234515,1474.721227,81.5132880000001,2021,0.3333333333333333
22000868,1,1,0,2021,2021-04-19,DET,CLE,DET,CLE,DET,CLE,1395.749852,1381.025485,14.72436700000003,2021,1.0
22000869,1,1,0,2021,2021-04-19,BOS,CHI,BOS,CHI,BOS,CHI,1582.358413,1434.889118,147.46929499999987,2021,1.0
22000873,3,4,0,2021,2021-04-19,MIL,PHX,MIL,PHO,MIL,PHO,1612.97992,1620.095804,-7.115884000000051,2021,0.75
22000874,1,3,0,2021,2021-04-19,DEN,MEM,DEN,MEM,DEN,MEM,1625.00172,1598.599502,26.402217999999948,2021,0.3333333333333333
22000879,0,1,0,2021,2021-04-20,POR,LAC,POR,LAC,POR,LAC,1499.119258,1654.243631,-155.1243730000001,2021,0.0
22000882,0,1,0,2021,2021-04-21,IND,OKC,IND,OKC,IND,OKC,1486.16368,1284.868915,201.2947650000001,2021,0.0
22000883,1,1,0,2021,2021-04-21,PHI,PHX,PHI,PHO,PHI,PHO,1628.147322,1625.602442,2.544879999999921,2021,1.0
22000885,0,1,0,2021,2021-04-21,WAS,GSW,WAS,GSW,WAS,GSW,1447.301244,1514.244357,-66.94311300000004,2021,0.0
22000886,1,1,0,2021,2021-04-21,NYK,ATL,NYK,ATL,NYK,ATL,1566.601444,1558.556856,8.044587999999976,2021,1.0
22000899,0,1,0,2021,2021-04-23,BKN,BOS,BRK,BOS,BRK,BOS,1583.990287,1577.606551,6.383735999999999,2021,0.0
22000907,0,2,0,2021,2021-04-24,MIA,CHI,MIA,CHI,MIA,CHI,1528.989496,1449.771017,79.21847899999989,2021,0.0
22000909,0,2,0,2021,2021-04-24,UTA,MIN,UTA,MIN,UTA,MIN,1691.569752,1339.869329,351.700423,2021,0.0
22000919,2,2,0,2021,2021-04-26,WAS,SAS,WAS,SAS,WAS,SAS,1469.791994,1494.29251,-24.50051600000006,2021,1.0
22000920,1,2,0,2021,2021-04-26,NYK,PHX,NYK,PHO,NYK,PHO,1579.937809,1615.135283,-35.19747400000006,2021,0.5
22000922,0,1,0,2021,2021-04-26,MIA,CHI,MIA,CHI,MIA,CHI,1532.224047,1446.536467,85.68758000000003,2021,0.0
22000923,2,3,0,2021,2021-04-26,MIN,UTA,MIN,UTA,MIN,UTA,1360.384533,1671.054548,-310.67001500000015,2021,0.6666666666666666
22000927,1,1,0,2021,2021-04-27,BOS,OKC,BOS,OKC,BOS,OKC,1556.449773,1267.923227,288.52654600000005,2021,1.0
22000933,0,1,0,2021,2021-04-28,CLE,ORL,CLE,ORL,CLE,ORL,1376.142034,1293.451057,82.69097699999998,2021,0.0
22000938,0,2,0,2021,2021-04-28,MIA,SAS,MIA,SAS,MIA,SAS,1516.348696,1501.515493,14.833202999999912,2021,0.0
22000940,2,2,0,2021,2021-04-28,DEN,NOP,DEN,NOP,DEN,NOP,1626.453987,1498.07731,128.3766770000002,2021,1.0
22000950,1,2,0,2021,2021-04-30,BOS,SAS,BOS,SAS,BOS,SAS,1544.928095,1497.126166,47.80192899999997,2021,0.5
22000962,1,3,0,2021,2021-05-01,MIN,NOP,MIN,NOP,MIN,NOP,1390.122384,1504.47864,-114.35625600000003,2021,0.3333333333333333
22000965,0,2,0,2021,2021-05-01,UTA,TOR,UTA,TOR,UTA,TOR,1666.468758,1475.660723,190.80803500000002,2021,0.0
22000966,1,2,0,2021,2021-05-01,LAC,DEN,LAC,DEN,LAC,DEN,1639.330939,1631.513415,7.8175240000000485,2021,0.5
22000972,1,2,0,2021,2021-05-02,OKC,PHX,OKC,PHO,OKC,PHO,1251.599402,1646.872446,-395.273044,2021,0.5
22000982,2,3,0,2021,2021-05-03,LAL,DEN,LAL,DEN,LAL,DEN,1544.251767,1642.521074,-98.26930700000003,2021,0.6666666666666666
22000983,1,1,0,2021,2021-05-04,CLE,PHX,CLE,PHO,CLE,PHO,1332.533717,1648.26986,-315.7361430000001,2021,1.0
22000984,1,1,0,2021,2021-05-04,DET,CHA,DET,CHO,DET,CHO,1376.084817,1473.818869,-97.73405200000002,2021,1.0
22000987,1,2,0,2021,2021-05-04,NOP,GSW,NOP,GSW,NOP,GSW,1491.308217,1521.832497,-30.52428000000009,2021,0.5
22000988,1,1,0,2021,2021-05-04,OKC,SAC,OKC,SAC,OKC,SAC,1250.201988,1435.794584,-185.59259599999996,2021,1.0
22000997,1,3,0,2021,2021-05-06,TOR,WAS,TOR,WAS,TOR,WAS,1486.346762,1498.568018,-12.22125600000004,2021,0.3333333333333333
22000998,0,2,0,2021,2021-05-06,DAL,BKN,DAL,BRK,DAL,BRK,1579.344533,1585.816416,-6.471882999999934,2021,0.0
22001008,1,1,0,2021,2021-05-07,UTA,DEN,UTA,DEN,UTA,DEN,1677.193573,1644.195867,32.99770600000011,2021,1.0
22001011,1,2,0,2021,2021-05-07,SAC,SAS,SAC,SAS,SAC,SAS,1457.466668,1480.699659,-23.232991000000084,2021,0.5
22001012,3,3,0,2021,2021-05-08,IND,WAS,IND,WAS,IND,WAS,1472.386364,1505.050535,-32.664171000000124,2021,1.0
22001015,1,2,0,2021,2021-05-08,DEN,BKN,DEN,BRK,DEN,BRK,1639.368518,1581.479102,57.88941599999998,2021,0.5
22001026,1,1,0,2021,2021-05-10,ATL,WAS,ATL,WAS,ATL,WAS,1555.913659,1510.140318,45.77334100000007,2021,1.0
22001028,0,1,0,2021,2021-05-10,MEM,NOP,MEM,NOP,MEM,NOP,1541.747434,1501.032897,40.714537000000064,2021,0.0
22001030,3,4,0,2021,2021-05-10,GSW,UTA,GSW,UTA,GSW,UTA,1523.439014,1682.712545,-159.27353100000005,2021,0.75
22001041,1,2,0,2021,2021-05-11,LAL,NYK,LAL,NYK,LAL,NYK,1550.430894,1594.809663,-44.37876899999992,2021,0.5
22001042,2,2,0,2021,2021-05-12,ATL,WAS,ATL,WAS,ATL,WAS,1558.09795,1507.956027,50.14192300000013,2021,1.0
22001046,2,3,0,2021,2021-05-12,LAL,HOU,LAL,HOU,LAL,HOU,1554.322594,1280.170408,274.15218600000003,2021,0.6666666666666666
22001053,2,5,0,2021,2021-05-13,PHX,POR,PHO,POR,PHO,POR,1619.774787,1609.17165,10.60313700000006,2021,0.4
22001059,0,1,0,2021,2021-05-14,GSW,NOP,GSW,NOP,GSW,NOP,1537.950763,1490.202618,47.74814500000002,2021,0.0
22001064,0,1,0,2021,2021-05-15,NYK,CHA,NYK,CHO,NYK,CHO,1593.673709,1432.625094,161.04861499999993,2021,0.0
22001073,1,1,0,2021,2021-05-16,NYK,BOS,NYK,BOS,NYK,BOS,1596.605048,1512.134975,84.47007299999996,2021,1.0
22001074,1,1,0,2021,2021-05-16,OKC,LAC,OKC,LAC,OKC,LAC,1227.83816,1633.740769,-405.902609,2021,1.0
22001080,0,1,0,2021,2021-05-16,WAS,CHA,WAS,CHO,WAS,CHO,1507.929362,1429.693755,78.23560700000007,2021,0.0
22100003,2,3,0,2022,2021-10-20,CHA,IND,CHO,IND,CHO,IND,1438.333792,1487.419833,-49.08604100000002,2022,0.6666666666666666
22100004,0,1,0,2022,2021-10-20,DET,CHI,DET,CHI,DET,CHI,1380.825861,1495.430593,-114.60473200000001,2022,0.0
22100005,1,2,0,2022,2021-10-20,NYK,BOS,NYK,BOS,NYK,BOS,1547.753492,1499.792561,47.96093100000007,2022,0.5
22100013,2,3,0,2022,2021-10-20,POR,SAC,POR,SAC,POR,SAC,1581.015607,1454.318618,126.69698900000003,2022,0.6666666666666666
22100019,1,3,0,2022,2021-10-22,WAS,IND,WAS,IND,WAS,IND,1511.056663,1484.1012,26.95546300000001,2022,0.3333333333333333
22100021,1,3,0,2022,2021-10-22,PHI,BKN,PHI,BRK,PHI,BRK,1623.868256,1595.60584,28.26241600000003,2022,0.3333333333333333
22100028,0,2,0,2022,2021-10-23,IND,MIA,IND,MIA,IND,MIA,1481.716072,1546.457382,-64.74131000000011,2022,0.0
22100034,1,1,0,2022,2021-10-23,LAC,MEM,LAC,MEM,LAC,MEM,1619.581964,1543.618172,75.96379200000001,2022,1.0
22100040,0,1,0,2022,2021-10-24,LAL,MEM,LAL,MEM,LAL,MEM,1526.231162,1556.822278,-30.591116000000056,2022,0.0
22100041,1,1,0,2022,2021-10-25,CHA,BOS,CHO,BOS,CHO,BOS,1481.599281,1468.674687,12.92459400000007,2022,1.0
22100046,2,4,0,2022,2021-10-25,TOR,CHI,TOR,CHI,TOR,CHI,1460.480836,1515.333012,-54.8521760000001,2022,0.5
22100053,0,2,0,2022,2021-10-26,SAS,LAL,SAS,LAL,SAS,LAL,1472.543687,1530.483423,-57.93973599999981,2022,0.0
22100060,1,2,0,2022,2021-10-27,MIL,MIN,MIL,MIN,MIL,MIN,1650.335114,1438.446426,211.888688,2022,0.5
22100061,1,3,0,2022,2021-10-27,OKC,LAL,OKC,LAL,OKC,LAL,1284.618942,1537.816439,-253.19749699999988,2022,0.3333333333333333
22100062,2,2,0,2022,2021-10-27,PHX,SAC,PHO,SAC,PHO,SAC,1622.031043,1444.996274,177.03476899999987,2022,1.0
22100067,2,3,0,2022,2021-10-28,CHI,NYK,CHI,NYK,CHI,NYK,1521.882604,1554.613215,-32.73061100000018,2022,0.6666666666666666
22100069,1,3,0,2022,2021-10-28,DAL,SAS,DAL,SAS,DAL,SAS,1542.37151,1465.210671,77.1608389999999,2022,0.3333333333333333
22100070,0,2,0,2022,2021-10-28,GSW,MEM,GSW,MEM,GSW,MEM,1562.451642,1542.740159,19.711483000000044,2022,0.0
22100074,1,1,0,2022,2021-10-29,NOP,SAC,NOP,SAC,NOP,SAC,1461.478989,1456.937552,4.54143699999986,2022,1.0
22100078,1,6,0,2022,2021-10-30,WAS,BOS,WAS,BOS,WAS,BOS,1529.139762,1471.926598,57.213164000000006,2022,0.16666666666666666
22100080,1,1,0,2022,2021-10-30,NOP,NYK,NOP,NYK,NOP,NYK,1452.561259,1559.701925,-107.14066600000001,2022,1.0
22100081,2,4,0,2022,2021-10-30,IND,TOR,IND,TOR,IND,TOR,1467.702295,1466.753844,0.9484509999999773,2022,0.5
22100087,2,2,0,2022,2021-10-30,MIN,DEN,MIN,DEN,MIN,DEN,1454.529667,1579.179413,-124.64974600000005,2022,1.0
22100094,2,2,0,2022,2021-11-01,CHA,CLE,CHO,CLE,CHO,CLE,1481.003052,1401.8867,79.116352,2022,1.0
22100102,3,3,0,2022,2021-11-01,LAC,OKC,LAC,OKC,LAC,OKC,1579.59114,1296.225991,283.365149,2022,1.0
22100108,2,3,0,2022,2021-11-03,CLE,POR,CLE,POR,CLE,POR,1411.507215,1577.715967,-166.208752,2022,0.6666666666666666
22100111,1,1,0,2022,2021-11-03,PHI,CHI,PHI,CHI,PHI,CHI,1625.721672,1541.62637,84.09530199999995,2022,1.0
22100114,3,3,0,2022,2021-11-03,MEM,DEN,MEM,DEN,MEM,DEN,1533.021943,1575.268762,-42.24681899999996,2022,1.0
22100116,1,3,0,2022,2021-11-03,SAS,DAL,SAS,DAL,SAS,DAL,1473.526776,1520.069042,-46.542266000000154,2022,0.3333333333333333
22100123,1,1,0,2022,2021-11-04,LAL,OKC,LAL,OKC,LAL,OKC,1531.393592,1295.158136,236.23545599999989,2022,1.0
22100124,0,1,0,2022,2021-11-05,DET,BKN,DET,BRK,DET,BRK,1346.297297,1579.304413,-233.007116,2022,0.0
22100131,0,1,0,2022,2021-11-05,POR,IND,POR,IND,POR,IND,1570.701136,1480.323051,90.37808499999983,2022,0.0
22100133,0,1,0,2022,2021-11-06,DEN,HOU,DEN,HOU,DEN,HOU,1571.411006,1325.450954,245.96005200000013,2022,0.0
22100134,0,3,0,2022,2021-11-06,MIA,UTA,MIA,UTA,MIA,UTA,1578.459143,1664.230404,-85.77126099999987,2022,0.0
22100135,2,3,0,2022,2021-11-06,CHI,PHI,CHI,PHI,CHI,PHI,1538.469091,1633.983762,-95.51467100000013,2022,0.6666666666666666
22100136,1,2,0,2022,2021-11-06,DAL,BOS,DAL,BOS,DAL,BOS,1524.936142,1495.005854,29.93028800000002,2022,0.5
22100137,1,3,0,2022,2021-11-06,PHX,ATL,PHO,ATL,PHO,ATL,1617.483757,1540.787704,76.69605299999989,2022,0.3333333333333333
22100141,1,1,0,2022,2021-11-07,ORL,UTA,ORL,UTA,ORL,UTA,1321.359791,1658.928961,-337.56917,2022,1.0
22100143,1,1,0,2022,2021-11-07,SAC,IND,SAC,IND,SAC,IND,1481.856083,1477.573243,4.282839999999851,2022,1.0
22100144,1,1,0,2022,2021-11-07,OKC,SAS,OKC,SAS,OKC,SAS,1308.524315,1479.312507,-170.7881920000002,2022,1.0
22100149,1,2,0,2022,2021-11-08,MEM,MIN,MEM,MIN,MEM,MIN,1521.440728,1399.522249,121.91847899999993,2022,0.5
22100158,2,2,0,2022,2021-11-10,CLE,WAS,CLE,WAS,CLE,WAS,1454.339188,1534.702407,-80.36321900000007,2022,1.0
22100167,0,2,0,2022,2021-11-10,DEN,IND,DEN,IND,DEN,IND,1582.44347,1485.450408,96.99306200000001,2022,0.0
22100170,2,5,0,2022,2021-11-10,LAL,MIA,LAL,MIA,LAL,MIA,1513.822176,1573.488516,-59.66633999999999,2022,0.4
22100171,0,1,0,2022,2021-11-11,PHI,TOR,PHI,TOR,PHI,TOR,1612.77467,1477.561716,135.21295400000008,2022,0.0
22100173,1,4,0,2022,2021-11-11,LAC,MIA,LAC,MIA,LAC,MIA,1610.846185,1568.698569,42.1476160000002,2022,0.25
22100174,1,2,0,2022,2021-11-12,CHA,NYK,CHO,NYK,CHO,NYK,1460.455435,1534.203904,-73.74846899999989,2022,0.5
22100175,1,2,0,2022,2021-11-12,BOS,MIL,BOS,MIL,BOS,MIL,1500.915631,1609.609605,-108.69397400000003,2022,0.5
22100179,2,3,0,2022,2021-11-12,NOP,BKN,NOP,BRK,NOP,BRK,1402.216155,1593.561304,-191.345149,2022,0.6666666666666666
22100180,1,1,0,2022,2021-11-12,OKC,SAC,OKC,SAC,OKC,SAC,1333.95325,1457.663603,-123.71035299999994,2022,1.0
22100189,0,1,0,2022,2021-11-13,TOR,DET,TOR,DET,TOR,DET,1492.702411,1346.802543,145.89986799999997,2022,0.0
22100190,1,1,0,2022,2021-11-13,CLE,BOS,CLE,BOS,CLE,BOS,1455.312687,1510.962862,-55.65017499999999,2022,1.0
22100194,0,1,0,2022,2021-11-14,CHA,GSW,CHO,GSW,CHO,GSW,1468.677363,1598.519568,-129.84220499999992,2022,0.0
22100199,1,2,0,2022,2021-11-15,CLE,BOS,CLE,BOS,CLE,BOS,1459.386556,1506.888993,-47.5024370000001,2022,0.5
22100203,1,4,0,2022,2021-11-15,NYK,IND,NYK,IND,NYK,IND,1525.981976,1512.820428,13.161548000000039,2022,0.25
22100206,1,2,0,2022,2021-11-15,MIN,PHX,MIN,PHO,MIN,PHO,1423.545379,1655.687652,-232.14227300000016,2022,0.5
22100222,1,2,0,2022,2021-11-17,PHX,DAL,PHO,DAL,PHO,DAL,1658.908401,1551.709159,107.19924199999991,2022,0.5
22100223,1,2,0,2022,2021-11-17,POR,CHI,POR,CHI,POR,CHI,1565.242243,1574.880113,-9.63787000000002,2022,0.5
22100233,0,2,0,2022,2021-11-19,BKN,ORL,BRK,ORL,BRK,ORL,1590.472018,1332.340047,258.131971,2022,0.0
22100234,0,1,0,2022,2021-11-19,MIL,OKC,MIL,OKC,MIL,OKC,1587.724008,1330.020473,257.7035349999999,2022,0.0
22100236,1,1,0,2022,2021-11-19,DEN,CHI,DEN,CHI,DEN,CHI,1575.304726,1569.986608,5.3181180000001405,2022,1.0
22100241,0,1,0,2022,2021-11-20,WAS,MIA,WAS,MIA,WAS,MIA,1533.647737,1595.660519,-62.012782000000016,2022,0.0
22100249,1,1,0,2022,2021-11-21,DET,LAL,DET,LAL,DET,LAL,1352.711279,1458.603891,-105.89261199999987,2022,1.0
22100250,2,2,0,2022,2021-11-21,CHI,NYK,CHI,NYK,CHI,NYK,1580.91486,1515.581412,65.33344800000009,2022,1.0
22100253,2,3,0,2022,2021-11-22,CLE,BKN,CLE,BRK,CLE,BRK,1436.215583,1591.31999,-155.10440700000004,2022,0.6666666666666666
22100260,0,1,0,2022,2021-11-22,SAS,PHX,SAS,PHO,SAS,PHO,1441.077308,1674.545808,-233.46850000000018,2022,0.0
22100261,0,2,0,2022,2021-11-22,UTA,MEM,UTA,MEM,UTA,MEM,1641.29259,1473.533898,167.7586920000001,2022,0.0
22100262,1,1,0,2022,2021-11-22,SAC,PHI,SAC,PHI,SAC,PHI,1429.893366,1588.55817,-158.664804,2022,1.0
22100266,2,2,0,2022,2021-11-23,LAC,DAL,LAC,DAL,LAC,DAL,1580.957282,1540.381316,40.57596600000011,2022,1.0
22100268,0,1,0,2022,2021-11-24,IND,LAL,IND,LAL,IND,LAL,1538.915764,1461.320782,77.59498200000007,2022,0.0
22100271,0,1,0,2022,2021-11-24,HOU,CHI,HOU,CHI,HOU,CHI,1280.175235,1544.624923,-264.44968800000015,2022,0.0
22100276,0,1,0,2022,2021-11-24,OKC,UTA,OKC,UTA,OKC,UTA,1324.093365,1632.819215,-308.72585000000004,2022,0.0
22100279,0,1,0,2022,2021-11-24,SAC,POR,SAC,POR,SAC,POR,1422.671629,1585.973034,-163.30140500000016,2022,0.0
22100286,1,1,0,2022,2021-11-26,OKC,WAS,OKC,WAS,OKC,WAS,1321.029318,1504.595698,-183.56637999999998,2022,1.0
22100287,0,1,0,2022,2021-11-26,SAS,BOS,SAS,BOS,SAS,BOS,1423.140606,1506.789212,-83.64860599999997,2022,0.0
22100289,0,1,0,2022,2021-11-26,UTA,NOP,UTA,NOP,UTA,NOP,1635.883261,1416.845057,219.03820399999995,2022,0.0
22100291,0,3,0,2022,2021-11-26,LAL,SAC,LAL,SAC,LAL,SAC,1476.886598,1430.533841,46.35275700000011,2022,0.0
22100292,3,5,0,2022,2021-11-27,PHI,MIN,PHI,MIN,PHI,MIN,1586.497823,1484.546368,101.9514549999999,2022,0.6
22100296,2,2,0,2022,2021-11-27,CHI,MIA,CHI,MIA,CHI,MIA,1548.314661,1583.523699,-35.20903800000019,2022,1.0
22100297,0,2,0,2022,2021-11-27,HOU,CHA,HOU,CHO,HOU,CHO,1291.851367,1512.407054,-220.55568700000003,2022,0.0
22100305,0,2,0,2022,2021-11-29,PHI,ORL,PHI,ORL,PHI,ORL,1579.152999,1299.656337,279.496662,2022,0.0
22100309,0,1,0,2022,2021-11-29,MIN,IND,MIN,IND,MIN,IND,1491.891192,1515.822418,-23.931225999999924,2022,0.0
22100314,2,2,0,2022,2021-11-30,BKN,NYK,BRK,NYK,BRK,NYK,1606.129913,1519.988554,86.14135899999997,2022,1.0
22100319,0,1,0,2022,2021-12-01,IND,ATL,IND,ATL,IND,ATL,1512.249314,1573.863504,-61.61419000000001,2022,0.0
22100320,1,1,0,2022,2021-12-01,ORL,DEN,ORL,DEN,ORL,DEN,1298.564281,1548.841747,-250.277466,2022,1.0
22100324,1,2,0,2022,2021-12-01,MIL,CHA,MIL,CHO,MIL,CHO,1627.30747,1496.91729,130.39017999999987,2022,0.5
22100326,1,2,0,2022,2021-12-01,OKC,HOU,OKC,HOU,OKC,HOU,1308.755362,1308.917139,-0.16177699999980177,2022,0.5
22100328,0,1,0,2022,2021-12-02,NYK,CHI,NYK,CHI,NYK,CHI,1517.842733,1548.569132,-30.72639900000013,2022,0.0
22100329,2,3,0,2022,2021-12-02,TOR,MIL,TOR,MIL,TOR,MIL,1465.901148,1629.019255,-163.118107,2022,0.6666666666666666
22100336,0,1,0,2022,2021-12-03,BKN,MIN,BRK,MIN,BRK,MIN,1608.275734,1489.697294,118.57844,2022,0.0
22100337,2,2,0,2022,2021-12-03,HOU,ORL,HOU,ORL,HOU,ORL,1317.712967,1309.822413,7.890553999999838,2022,1.0
22100339,1,1,0,2022,2021-12-03,UTA,BOS,UTA,BOS,UTA,BOS,1639.644713,1517.807254,121.83745899999985,2022,1.0
22100341,1,1,0,2022,2021-12-03,LAL,LAC,LAL,LAC,LAL,LAC,1492.537404,1505.32188,-12.78447600000004,2022,1.0
22100343,3,3,0,2022,2021-12-04,BKN,CHI,BRK,CHI,BRK,CHI,1610.926615,1556.582109,54.34450600000014,2022,1.0
22100349,1,3,0,2022,2021-12-05,CLE,UTA,CLE,UTA,CLE,UTA,1516.066872,1642.760716,-126.6938439999999,2022,0.3333333333333333
22100353,1,2,0,2022,2021-12-06,CHA,PHI,CHO,PHI,CHO,PHI,1504.806013,1583.488162,-78.68214900000021,2022,0.5
22100360,1,1,0,2022,2021-12-06,PHX,SAS,PHO,SAS,PHO,SAS,1694.708907,1503.344526,191.36438099999987,2022,1.0
22100363,1,1,0,2022,2021-12-07,DAL,BKN,DAL,BRK,DAL,BRK,1501.187686,1600.701467,-99.51378100000011,2022,1.0
22100366,2,3,0,2022,2021-12-08,CHA,PHI,CHO,PHI,CHO,PHI,1498.769856,1589.524319,-90.75446300000021,2022,0.6666666666666666
22100368,4,4,0,2022,2021-12-08,DET,WAS,DET,WAS,DET,WAS,1312.019836,1479.082294,-167.0624580000001,2022,1.0
22100375,2,3,0,2022,2021-12-08,NOP,DEN,NOP,DEN,NOP,DEN,1441.082479,1546.707007,-105.62452800000005,2022,0.6666666666666666
22100385,2,3,0,2022,2021-12-10,TOR,NYK,TOR,NYK,TOR,NYK,1473.534191,1498.489104,-24.954913000000033,2022,0.6666666666666666
22100402,0,1,0,2022,2021-12-12,POR,MIN,POR,MIN,POR,MIN,1475.242434,1441.319035,33.92339900000002,2022,0.0
22100407,1,2,0,2022,2021-12-13,ATL,HOU,ATL,HOU,ATL,HOU,1563.679717,1342.963056,220.71666099999993,2022,0.5
22100413,0,2,0,2022,2021-12-14,BKN,TOR,BRK,TOR,BRK,TOR,1605.696141,1487.185374,118.51076699999999,2022,0.0
22100416,0,3,0,2022,2021-12-14,POR,PHX,POR,PHO,POR,PHO,1464.464498,1683.187521,-218.723023,2022,0.0
22100419,1,1,0,2022,2021-12-15,PHI,MIA,PHI,MIA,PHI,MIA,1563.477558,1537.935103,25.542455000000018,2022,1.0
22100420,1,5,0,2022,2021-12-15,DAL,LAL,DAL,LAL,DAL,LAL,1522.851966,1503.127645,19.724320999999918,2022,0.2
22100422,1,2,0,2022,2021-12-15,OKC,NOP,OKC,NOP,OKC,NOP,1290.31073,1431.160837,-140.85010699999998,2022,0.5
22100429,1,2,0,2022,2021-12-16,BKN,PHI,BRK,PHI,BRK,PHI,1607.516873,1552.944613,54.57226000000014,2022,0.5
22100430,1,2,0,2022,2022-02-03,TOR,CHI,TOR,CHI,TOR,CHI,1547.266902,1511.453697,35.81320500000015,2022,0.5
22100435,2,3,0,2022,2021-12-17,BOS,GSW,BOS,GSW,BOS,GSW,1537.564651,1663.753367,-126.18871600000011,2022,0.6666666666666666
22100437,2,2,0,2022,2021-12-17,UTA,SAS,UTA,SAS,UTA,SAS,1701.527796,1467.032944,234.49485200000004,2022,1.0
22100438,1,1,0,2022,2021-12-17,NOP,MIL,NOP,MIL,NOP,MIL,1435.94093,1630.933707,-194.99277699999993,2022,1.0
22100442,1,1,0,2022,2021-12-18,BKN,ORL,BRK,ORL,BRK,ORL,1612.561178,1284.86639,327.694788,2022,1.0
22100444,4,4,0,2022,2021-12-18,OKC,LAC,OKC,LAC,OKC,LAC,1285.530637,1540.113912,-254.58327499999996,2022,1.0
22100447,0,1,0,2022,2021-12-18,UTA,WAS,UTA,WAS,UTA,WAS,1690.012252,1453.228812,236.78343999999993,2022,0.0
22100455,1,3,0,2022,2021-12-19,MIN,DAL,MIN,DAL,MIN,DAL,1490.950644,1514.619115,-23.668470999999954,2022,0.3333333333333333
22100457,0,2,0,2022,2021-12-20,BOS,PHI,BOS,PHI,BOS,PHI,1536.392955,1547.900308,-11.507352999999966,2022,0.0
22100460,0,1,0,2022,2021-12-20,MEM,OKC,MEM,OKC,MEM,OKC,1547.575428,1292.069583,255.50584500000014,2022,0.0
22100472,1,2,0,2022,2022-01-26,CHI,TOR,CHI,TOR,CHI,TOR,1503.780212,1526.186654,-22.406442000000197,2022,0.5
22100477,1,1,0,2022,2021-12-23,ORL,NOP,ORL,NOP,ORL,NOP,1326.419858,1454.18731,-127.76745200000005,2022,1.0
22100478,2,3,0,2022,2021-12-23,PHI,ATL,PHI,ATL,PHI,ATL,1557.362184,1511.734331,45.62785299999996,2022,0.6666666666666666
22100479,2,2,0,2022,2021-12-23,MIA,DET,MIA,DET,MIA,DET,1548.971261,1297.829891,251.14136999999982,2022,1.0
22100480,2,2,0,2022,2021-12-23,NYK,WAS,NYK,WAS,NYK,WAS,1485.475786,1471.734846,13.74093999999991,2022,1.0
22100482,3,3,0,2022,2021-12-23,DEN,CHA,DEN,CHO,DEN,CHO,1537.701607,1486.088489,51.613117999999986,2022,1.0
22100489,1,1,0,2022,2021-12-25,MIL,BOS,MIL,BOS,MIL,BOS,1599.550766,1536.12434,63.42642599999999,2022,1.0
22100500,1,1,0,2022,2021-12-26,LAC,DEN,LAC,DEN,LAC,DEN,1517.64033,1523.126125,-5.485795000000053,2022,1.0
22100505,2,4,0,2022,2021-12-27,PHX,MEM,PHO,MEM,PHO,MEM,1691.500726,1547.31175,144.1889759999999,2022,0.5
22100510,2,2,0,2022,2021-12-28,TOR,PHI,TOR,PHI,TOR,PHI,1492.795628,1568.859537,-76.06390899999997,2022,1.0
22100514,2,2,0,2022,2021-12-28,GSW,DEN,GSW,DEN,GSW,DEN,1670.636849,1530.77985,139.8569990000001,2022,1.0
22100520,2,3,0,2022,2021-12-29,MEM,LAL,MEM,LAL,MEM,LAL,1555.379824,1459.98189,95.39793400000008,2022,0.6666666666666666
22100524,1,1,0,2022,2021-12-29,SAC,DAL,SAC,DAL,SAC,DAL,1389.093577,1521.520918,-132.42734099999984,2022,1.0
22100530,0,4,0,2022,2021-12-31,IND,CHI,IND,CHI,IND,CHI,1484.770168,1575.631967,-90.86179900000002,2022,0.0
22100533,1,1,0,2022,2021-12-31,CLE,ATL,CLE,ATL,CLE,ATL,1575.607836,1488.885479,86.72235699999987,2022,1.0
22100540,1,2,0,2022,2022-01-01,DET,SAS,DET,SAS,DET,SAS,1285.492508,1520.805857,-235.31334900000002,2022,0.5
22100541,1,1,0,2022,2022-01-01,WAS,CHI,WAS,CHI,WAS,CHI,1477.419026,1580.627409,-103.20838299999991,2022,1.0
22100542,0,1,0,2022,2022-01-01,BKN,LAC,BRK,LAC,BRK,LAC,1597.306495,1503.310924,93.99557099999993,2022,0.0
22100546,2,5,0,2022,2022-01-02,BOS,ORL,BOS,ORL,BOS,ORL,1529.663255,1304.438216,225.22503899999992,2022,0.4
22100547,0,1,0,2022,2022-01-02,CLE,IND,CLE,IND,CLE,IND,1565.808144,1479.774726,86.03341799999998,2022,0.0
22100553,1,2,0,2022,2022-01-03,WAS,CHA,WAS,CHO,WAS,CHO,1473.424691,1498.88582,-25.461129000000028,2022,0.5
22100555,0,3,0,2022,2022-01-03,CHI,ORL,CHI,ORL,CHI,ORL,1584.621743,1302.949481,281.6722619999998,2022,0.0
22100562,0,1,0,2022,2022-01-04,CLE,MEM,CLE,MEM,CLE,MEM,1568.618294,1584.462378,-15.844083999999839,2022,0.0
22100569,1,3,0,2022,2022-01-05,WAS,HOU,WAS,HOU,WAS,HOU,1477.585832,1313.281883,164.30394899999988,2022,0.3333333333333333
22100577,1,2,0,2022,2022-01-05,SAC,ATL,SAC,ATL,SAC,ATL,1383.13334,1492.253336,-109.1199959999999,2022,0.5
22100578,0,2,0,2022,2022-01-06,NYK,BOS,NYK,BOS,NYK,BOS,1483.837304,1523.827748,-39.990444000000025,2022,0.0
22100580,1,2,0,2022,2022-01-06,NOP,GSW,NOP,GSW,NOP,GSW,1441.673694,1659.445373,-217.77167899999995,2022,0.5
22100602,1,2,0,2022,2022-01-09,BKN,SAS,BRK,SAS,BRK,SAS,1560.235813,1501.41823,58.81758300000001,2022,0.5
22100607,1,1,0,2022,2022-01-10,CHA,MIL,CHO,MIL,CHO,MIL,1509.602537,1587.572303,-77.96976599999994,2022,1.0
22100609,0,1,0,2022,2022-01-10,BOS,IND,BOS,IND,BOS,IND,1530.183501,1477.9449,52.23860100000002,2022,0.0
22100611,3,3,0,2022,2022-01-10,SAC,CLE,SAC,CLE,SAC,CLE,1362.272663,1567.566503,-205.29384000000005,2022,1.0
22100612,1,1,0,2022,2022-01-11,WAS,OKC,WAS,OKC,WAS,OKC,1466.220477,1314.638576,151.58190100000002,2022,1.0
22100613,1,1,0,2022,2022-01-11,TOR,PHX,TOR,PHO,TOR,PHO,1546.477207,1662.260235,-115.78302800000006,2022,1.0
22100615,0,3,0,2022,2022-01-11,NOP,MIN,NOP,MIN,NOP,MIN,1449.24952,1525.513746,-76.26422600000001,2022,0.0
22100616,2,2,0,2022,2022-01-11,LAC,DEN,LAC,DEN,LAC,DEN,1482.909925,1540.948928,-58.03900300000009,2022,1.0
22100628,1,1,0,2022,2022-01-13,MEM,MIN,MEM,MIN,MEM,MIN,1624.819769,1520.401545,104.41822400000001,2022,1.0
22100636,1,3,0,2022,2022-01-14,MIA,ATL,MIA,ATL,MIA,ATL,1612.77957,1463.134333,149.64523699999995,2022,0.3333333333333333
22100638,2,5,0,2022,2022-01-14,SAS,CLE,SAS,CLE,SAS,CLE,1475.210747,1597.842734,-122.63198699999998,2022,0.4
22100646,2,2,0,2022,2022-01-15,OKC,CLE,OKC,CLE,OKC,CLE,1355.746855,1604.305332,-248.5584769999998,2022,1.0
22100647,1,1,0,2022,2022-01-15,BOS,CHI,BOS,CHI,BOS,CHI,1544.973976,1525.182097,19.79187899999988,2022,1.0
22100651,2,2,0,2022,2022-01-16,SAC,HOU,SAC,HOU,SAC,HOU,1376.092723,1305.544839,70.54788400000007,2022,1.0
22100657,0,1,0,2022,2022-01-17,CLE,BKN,CLE,BRK,CLE,BRK,1608.058474,1546.995677,61.062797000000046,2022,0.0
22100659,1,2,0,2022,2022-01-17,LAC,IND,LAC,IND,LAC,IND,1467.028287,1447.053282,19.97500500000001,2022,0.5
22100660,0,3,0,2022,2022-01-17,ATL,MIL,ATL,MIL,ATL,MIL,1448.855121,1581.308061,-132.4529399999999,2022,0.0
22100662,2,3,0,2022,2022-01-17,MIA,TOR,MIA,TOR,MIA,TOR,1599.151468,1534.653828,64.49764000000005,2022,0.6666666666666666
22100663,2,2,0,2022,2022-01-17,DAL,OKC,DAL,OKC,DAL,OKC,1599.793344,1351.993713,247.79963099999986,2022,1.0
22100666,0,3,0,2022,2022-01-18,NYK,MIN,NYK,MIN,NYK,MIN,1502.308315,1536.071879,-33.76356400000009,2022,0.0
22100669,1,1,0,2022,2022-01-19,WAS,BKN,WAS,BRK,WAS,BRK,1478.178616,1542.770063,-64.59144700000002,2022,1.0
22100675,0,1,0,2022,2022-01-19,DAL,TOR,DAL,TOR,DAL,TOR,1600.692879,1531.177377,69.51550199999997,2022,0.0
22100677,1,1,0,2022,2022-01-19,UTA,HOU,UTA,HOU,UTA,HOU,1624.891862,1318.572787,306.3190749999999,2022,1.0
22100678,3,5,0,2022,2022-01-19,DEN,LAC,DEN,LAC,DEN,LAC,1536.800744,1471.73987,65.06087399999979,2022,0.6
22100679,0,2,0,2022,2022-01-19,SAC,DET,SAC,DET,SAC,DET,1363.064776,1340.419575,22.645201000000043,2022,0.0
22100683,0,1,0,2022,2022-01-20,GSW,IND,GSW,IND,GSW,IND,1646.892445,1454.981295,191.9111499999999,2022,0.0
22100686,1,2,0,2022,2022-01-21,PHI,LAC,PHI,LAC,PHI,LAC,1596.668332,1469.359457,127.30887499999994,2022,0.5
22100687,0,2,0,2022,2022-01-21,ATL,MIA,ATL,MIA,ATL,MIA,1469.250254,1606.094241,-136.84398699999997,2022,0.0
22100696,1,1,0,2022,2022-01-22,MIL,SAC,MIL,SAC,MIL,SAC,1583.967615,1355.890866,228.07674900000006,2022,1.0
22100704,2,2,0,2022,2022-01-23,SAS,PHI,SAS,PHI,SAS,PHI,1458.234956,1588.889738,-130.65478200000007,2022,1.0
22100707,1,1,0,2022,2022-01-23,DEN,DET,DEN,DET,DEN,DET,1531.719683,1345.773809,185.945874,2022,1.0
22100712,0,2,0,2022,2022-01-24,NOP,IND,NOP,IND,NOP,IND,1474.161646,1466.800898,7.360748000000058,2022,0.0
22100714,1,1,0,2022,2022-01-25,DET,DEN,DET,DEN,DET,DEN,1343.739298,1533.754193,-190.01489500000002,2022,1.0
22100716,1,4,0,2022,2022-01-25,WAS,LAC,WAS,LAC,WAS,LAC,1441.689858,1471.139714,-29.449855999999954,2022,0.25
22100721,0,1,0,2022,2022-01-25,POR,MIN,POR,MIN,POR,MIN,1464.708631,1539.568698,-74.86006700000007,2022,0.0
22100730,2,2,0,2022,2022-01-24,OKC,CHI,OKC,CHI,OKC,CHI,1338.505603,1500.610681,-162.10507800000005,2022,1.0
22100741,0,2,0,2022,2022-01-28,OKC,IND,OKC,IND,OKC,IND,1335.336072,1435.244696,-99.90862399999992,2022,0.0
22100747,1,1,0,2022,2022-01-29,PHI,SAC,PHI,SAC,PHI,SAC,1605.436021,1341.556579,263.8794419999999,2022,1.0
22100748,4,8,0,2022,2022-01-29,MIA,TOR,MIA,TOR,MIA,TOR,1611.146406,1520.505405,90.64100099999996,2022,0.5
22100750,1,1,0,2022,2022-01-29,GSW,BKN,GSW,BRK,GSW,BRK,1655.29517,1524.684589,130.61058100000014,2022,1.0
22100751,1,1,0,2022,2022-01-30,ATL,LAL,ATL,LAL,ATL,LAL,1520.560545,1472.456817,48.10372800000005,2022,1.0
22100755,1,1,0,2022,2022-01-30,ORL,DAL,ORL,DAL,ORL,DAL,1313.91279,1608.589245,-294.6764549999998,2022,1.0
22100758,0,1,0,2022,2022-01-30,PHX,SAS,PHO,SAS,PHO,SAS,1719.772042,1471.499962,248.27207999999996,2022,0.0
22100759,2,3,0,2022,2022-01-31,CLE,NOP,CLE,NOP,CLE,NOP,1594.078253,1451.347408,142.73084499999982,2022,0.6666666666666666
22100761,3,7,0,2022,2022-01-31,PHI,MEM,PHI,MEM,PHI,MEM,1606.256489,1610.909619,-4.653129999999919,2022,0.42857142857142855
22100767,0,1,0,2022,2022-01-31,ATL,TOR,ATL,TOR,ATL,TOR,1525.413159,1531.695803,-6.2826440000001185,2022,0.0
22100771,0,2,0,2022,2022-02-01,SAS,GSW,SAS,GSW,SAS,GSW,1470.193357,1661.567713,-191.3743559999998,2022,0.0
22100774,1,2,0,2022,2022-02-02,PHI,WAS,PHI,WAS,PHI,WAS,1610.060129,1426.872091,183.188038,2022,0.5
22100778,2,3,0,2022,2022-02-02,DAL,OKC,DAL,OKC,DAL,OKC,1599.95741,1345.48894,254.46847000000002,2022,0.6666666666666666
22100779,1,1,0,2022,2022-02-02,UTA,DEN,UTA,DEN,UTA,DEN,1572.656632,1587.354592,-14.697959999999966,2022,1.0
22100784,1,1,0,2022,2022-02-01,TOR,MIA,TOR,MIA,TOR,MIA,1542.257017,1582.600269,-40.34325200000012,2022,1.0
22100786,1,1,0,2022,2022-02-03,LAC,LAL,LAC,LAL,LAC,LAL,1505.081751,1471.632196,33.44955499999992,2022,1.0
22100787,0,2,0,2022,2022-02-04,CHA,CLE,CHO,CLE,CHO,CLE,1505.632342,1576.208172,-70.57583,2022,0.0
22100795,3,3,0,2022,2022-02-04,POR,OKC,POR,OKC,POR,OKC,1430.038288,1364.593041,65.44524699999988,2022,1.0
22100799,3,3,0,2022,2022-02-05,LAL,NYK,LAL,NYK,LAL,NYK,1469.31777,1468.17124,1.1465300000002117,2022,1.0
22100815,1,1,0,2022,2022-02-08,PHI,PHX,PHI,PHO,PHI,PHO,1603.023316,1719.708954,-116.68563799999993,2022,1.0
22100829,0,3,0,2022,2022-02-09,POR,LAL,POR,LAL,POR,LAL,1374.58551,1462.215368,-87.62985799999979,2022,0.0
22100837,3,3,0,2022,2022-02-10,GSW,NYK,GSW,NYK,GSW,NYK,1653.70097,1453.37568,200.32529,2022,1.0
22100850,1,1,0,2022,2022-02-12,TOR,DEN,TOR,DEN,TOR,DEN,1590.561377,1574.840694,15.720683000000008,2022,1.0
22100851,0,1,0,2022,2022-02-12,MIA,BKN,MIA,BRK,MIA,BRK,1631.984603,1461.716633,170.2679700000001,2022,0.0
22100853,1,1,0,2022,2022-02-12,DAL,LAC,DAL,LAC,DAL,LAC,1599.390663,1476.222885,123.167778,2022,1.0
22100854,2,5,0,2022,2022-02-12,GSW,LAL,GSW,LAL,GSW,LAL,1642.898558,1457.601128,185.29743000000008,2022,0.4
22100860,1,4,0,2022,2022-02-14,NYK,OKC,NYK,OKC,NYK,OKC,1454.975441,1347.110446,107.86499500000014,2022,0.25
22100871,2,6,0,2022,2022-02-15,MIN,CHA,MIN,CHO,MIN,CHO,1561.261017,1464.073077,97.18794000000003,2022,0.3333333333333333
22100879,2,2,0,2022,2022-02-16,MEM,POR,MEM,POR,MEM,POR,1654.498487,1418.964435,235.53405199999997,2022,1.0
22100882,1,3,0,2022,2022-02-16,PHX,HOU,PHO,HOU,PHO,HOU,1736.435581,1290.139985,446.29559599999993,2022,0.3333333333333333
22100885,1,5,0,2022,2022-02-17,CHA,MIA,CHO,MIA,CHO,MIA,1460.824093,1619.524685,-158.70059200000014,2022,0.2
22100887,3,5,0,2022,2022-02-17,MIL,PHI,MIL,PHI,MIL,PHI,1568.996937,1565.359796,3.6371409999999287,2022,0.6
22100889,2,2,0,2022,2022-02-24,DET,CLE,DET,CLE,DET,CLE,1304.457572,1579.614997,-275.1574249999999,2022,1.0
22100891,1,2,0,2022,2022-02-24,CHI,ATL,CHI,ATL,CHI,ATL,1535.468942,1519.278149,16.190792999999985,2022,0.5
22100892,1,1,0,2022,2022-02-24,MIN,MEM,MIN,MEM,MIN,MEM,1548.154774,1639.397342,-91.24256799999989,2022,1.0
22100897,2,2,0,2022,2022-02-25,IND,OKC,IND,OKC,IND,OKC,1401.580965,1346.235413,55.345552,2022,1.0
22100899,1,2,0,2022,2022-02-25,WAS,SAS,WAS,SAS,WAS,SAS,1424.070036,1493.224023,-69.15398699999992,2022,0.5
22100903,1,1,0,2022,2022-02-25,UTA,DAL,UTA,DAL,UTA,DAL,1604.440234,1612.052306,-7.612072000000126,2022,1.0
22100904,1,2,0,2022,2022-02-25,LAL,LAC,LAL,LAC,LAL,LAC,1464.888957,1505.371831,-40.48287400000004,2022,0.5
22100907,0,2,0,2022,2022-02-26,CLE,WAS,CLE,WAS,CLE,WAS,1570.087648,1417.011466,153.07618200000002,2022,0.0
22100908,0,1,0,2022,2022-02-26,MIA,SAS,MIA,SAS,MIA,SAS,1633.918908,1500.282594,133.63631400000008,2022,0.0
22100909,1,3,0,2022,2022-02-26,CHI,MEM,CHI,MEM,CHI,MEM,1539.38935,1632.585039,-93.19568900000013,2022,0.3333333333333333
22100911,1,2,0,2022,2022-02-26,DEN,SAC,DEN,SAC,DEN,SAC,1598.486283,1363.823758,234.66252499999996,2022,0.5
22100915,1,4,0,2022,2022-02-27,CHA,DET,CHO,DET,CHO,DET,1480.566887,1310.95153,169.6153569999999,2022,0.25
22100916,0,1,0,2022,2022-02-27,HOU,LAC,HOU,LAC,HOU,LAC,1279.460651,1512.237798,-232.777147,2022,0.0
22100917,1,1,0,2022,2022-02-27,GSW,DAL,GSW,DAL,GSW,DAL,1639.279632,1607.201868,32.07776399999989,2022,1.0
22100920,0,1,0,2022,2022-02-28,CLE,MIN,CLE,MIN,CLE,MIN,1572.517875,1525.471016,47.04685900000004,2022,0.0
22100926,1,1,0,2022,2022-03-01,WAS,DET,WAS,DET,WAS,DET,1414.581238,1319.456897,95.12434099999996,2022,1.0
22100928,0,2,0,2022,2022-03-01,TOR,BKN,TOR,BRK,TOR,BRK,1563.424154,1427.666443,135.75771099999997,2022,0.0
22100933,1,2,0,2022,2022-03-02,ORL,IND,ORL,IND,ORL,IND,1336.77531,1406.638815,-69.86350500000003,2022,0.5
22100936,1,1,0,2022,2022-03-02,MIL,MIA,MIL,MIA,MIL,MIA,1559.198407,1641.078532,-81.88012499999991,2022,1.0
22100942,2,3,0,2022,2022-03-03,TOR,DET,TOR,DET,TOR,DET,1564.816386,1317.083378,247.73300799999993,2022,0.6666666666666666
22100944,1,1,0,2022,2022-03-03,SAS,SAC,SAS,SAC,SAS,SAC,1494.005147,1378.365398,115.63974900000017,2022,1.0
22100948,0,1,0,2022,2022-03-04,WAS,ATL,WAS,ATL,WAS,ATL,1416.954757,1532.531073,-115.57631600000013,2022,0.0
22100953,1,1,0,2022,2022-03-04,PHX,NYK,PHO,NYK,PHO,NYK,1698.530037,1411.265903,287.264134,2022,1.0
22100954,2,2,0,2022,2022-03-05,DAL,SAC,DAL,SAC,DAL,SAC,1630.191135,1388.848127,241.34300800000005,2022,1.0
22100959,1,1,0,2022,2022-03-05,LAL,GSW,LAL,GSW,LAL,GSW,1420.718107,1608.262561,-187.5444540000001,2022,1.0
22100963,1,3,0,2022,2022-03-06,WAS,IND,WAS,IND,WAS,IND,1411.680337,1410.020914,1.6594230000000607,2022,0.3333333333333333
22100967,2,6,0,2022,2022-03-06,DEN,NOP,DEN,NOP,DEN,NOP,1587.742696,1559.384038,28.358658000000105,2022,0.3333333333333333
22100968,2,3,0,2022,2022-03-07,DET,ATL,DET,ATL,DET,ATL,1335.604493,1537.805493,-202.20100000000002,2022,0.6666666666666666
22100977,1,1,0,2022,2022-03-08,ORL,PHX,ORL,PHO,ORL,PHO,1341.814961,1687.71262,-345.897659,2022,1.0
22100985,1,2,0,2022,2022-03-09,HOU,LAL,HOU,LAL,HOU,LAL,1288.272926,1428.342788,-140.06986199999983,2022,0.5
22100987,2,2,0,2022,2022-03-09,NOP,ORL,NOP,ORL,NOP,ORL,1545.590546,1339.989591,205.60095499999989,2022,1.0
22100995,1,1,0,2022,2022-03-11,ORL,MIN,ORL,MIN,ORL,MIN,1357.452666,1583.193571,-225.7409050000001,2022,1.0
22101000,1,3,0,2022,2022-03-11,MEM,NYK,MEM,NYK,MEM,NYK,1624.620273,1507.639315,116.9809580000001,2022,0.3333333333333333
22101002,2,3,0,2022,2022-03-11,SAS,UTA,SAS,UTA,SAS,UTA,1466.881266,1606.866253,-139.98498699999982,2022,0.6666666666666666
22101003,1,1,0,2022,2022-03-11,PHX,TOR,PHO,TOR,PHO,TOR,1710.579533,1544.881816,165.697717,2022,1.0
22101005,1,4,0,2022,2022-03-12,MIA,MIN,MIA,MIN,MIA,MIN,1636.396298,1569.596958,66.7993399999998,2022,0.25
22101012,1,1,0,2022,2022-03-13,BKN,NYK,BRK,NYK,BRK,NYK,1484.387675,1505.237297,-20.849621999999954,2022,1.0
22101015,1,3,0,2022,2022-03-13,ORL,PHI,ORL,PHI,ORL,PHI,1371.049278,1570.928477,-199.87919899999997,2022,0.3333333333333333
22101016,0,2,0,2022,2022-03-13,ATL,IND,ATL,IND,ATL,IND,1529.623454,1416.89906,112.72439400000007,2022,0.0
22101020,2,4,0,2022,2022-03-14,CLE,LAC,CLE,LAC,CLE,LAC,1526.050293,1493.374352,32.675940999999966,2022,0.5
22101021,1,2,0,2022,2022-03-14,ATL,POR,ATL,POR,ATL,POR,1531.793794,1386.629171,145.1646229999999,2022,0.5
22101027,3,4,0,2022,2022-03-14,UTA,MIL,UTA,MIL,UTA,MIL,1603.260689,1591.919325,11.341363999999885,2022,0.75
22101031,1,2,0,2022,2022-03-15,MIA,DET,MIA,DET,MIA,DET,1620.150269,1330.935322,289.21494699999994,2022,0.5
22101034,2,2,0,2022,2022-03-16,CLE,PHI,CLE,PHI,CLE,PHI,1531.64405,1565.246471,-33.60242099999982,2022,1.0
22101044,2,2,0,2022,2022-03-16,LAC,TOR,LAC,TOR,LAC,TOR,1487.780595,1585.989693,-98.20909800000004,2022,1.0
22101048,0,1,0,2022,2022-03-18,BKN,POR,BRK,POR,BRK,POR,1509.392469,1375.165757,134.2267119999999,2022,0.0
22101049,0,2,0,2022,2022-03-18,CLE,DEN,CLE,DEN,CLE,DEN,1523.703777,1589.990631,-66.28685399999995,2022,0.0
22101053,1,1,0,2022,2022-03-18,HOU,IND,HOU,IND,HOU,IND,1286.422277,1400.167171,-113.74489400000016,2022,1.0
22101060,0,1,0,2022,2022-03-19,CLE,DET,CLE,DET,CLE,DET,1528.620989,1348.24189,180.379099,2022,0.0
22101064,1,1,0,2022,2022-03-20,ATL,NOP,ATL,NOP,ATL,NOP,1541.634548,1522.596205,19.03834299999994,2022,1.0
22101065,0,4,0,2022,2022-03-20,ORL,OKC,ORL,OKC,ORL,OKC,1323.354833,1306.384462,16.970371000000114,2022,0.0
22101066,0,2,0,2022,2022-03-20,SAC,PHX,SAC,PHO,SAC,PHO,1362.696223,1716.809899,-354.11367600000017,2022,0.0
22101071,1,1,0,2022,2022-03-21,CHA,NOP,CHO,NOP,CHO,NOP,1533.795173,1532.939618,0.8555549999998675,2022,1.0
22101073,0,1,0,2022,2022-03-21,DET,POR,DET,POR,DET,POR,1346.526518,1359.858078,-13.331560000000081,2022,0.0
22101079,0,2,0,2022,2022-03-21,DAL,MIN,DAL,MIN,DAL,MIN,1585.594609,1610.407146,-24.81253700000002,2022,0.0
22101080,3,4,0,2022,2022-03-22,ORL,GSW,ORL,GSW,ORL,GSW,1327.701811,1589.973996,-262.27218500000004,2022,0.75
22101086,1,1,0,2022,2022-03-23,IND,SAC,IND,SAC,IND,SAC,1418.342442,1360.948915,57.39352699999995,2022,1.0
22101101,0,1,0,2022,2022-03-25,DET,WAS,DET,WAS,DET,WAS,1361.855308,1372.329766,-10.47445800000014,2022,0.0
22101107,1,2,0,2022,2022-03-26,NOP,SAS,NOP,SAS,NOP,SAS,1537.806145,1457.913162,79.89298299999996,2022,0.5
22101108,0,1,0,2022,2022-03-26,ORL,SAC,ORL,SAC,ORL,SAC,1327.087645,1367.535451,-40.4478059999999,2022,0.0
22101113,1,3,0,2022,2022-03-26,DEN,OKC,DEN,OKC,DEN,OKC,1565.383681,1310.740536,254.643145,2022,0.3333333333333333
22101115,1,1,0,2022,2022-03-27,DET,NYK,DET,NYK,DET,NYK,1354.315156,1525.449216,-171.1340600000001,2022,1.0
22101119,0,1,0,2022,2022-03-27,NOP,LAL,NOP,LAL,NOP,LAL,1526.902281,1431.044285,95.85799599999996,2022,0.0
22101120,2,2,0,2022,2022-03-27,BKN,CHA,BRK,CHO,BRK,CHO,1539.01623,1523.350631,15.66559899999993,2022,1.0
22101123,1,1,0,2022,2022-03-28,CLE,ORL,CLE,ORL,CLE,ORL,1494.609472,1319.319661,175.2898110000001,2022,1.0
22101127,1,3,0,2022,2022-03-28,TOR,BOS,TOR,BOS,TOR,BOS,1587.691661,1722.042405,-134.35074399999985,2022,0.3333333333333333
22101128,2,2,0,2022,2022-03-28,HOU,SAS,HOU,SAS,HOU,SAS,1334.671491,1468.817026,-134.14553499999988,2022,1.0
22101130,2,3,0,2022,2022-03-28,POR,OKC,POR,OKC,POR,OKC,1293.365441,1309.356105,-15.990664000000152,2022,0.6666666666666666
22101131,1,1,0,2022,2022-03-29,PHI,MIL,PHI,MIL,PHI,MIL,1598.824444,1598.506698,0.31774600000017017,2022,1.0
22101135,0,1,0,2022,2022-03-29,LAC,UTA,LAC,UTA,LAC,UTA,1450.954385,1585.423362,-134.468977,2022,0.0
22101144,1,3,0,2022,2022-03-30,SAS,MEM,SAS,MEM,SAS,MEM,1473.725874,1665.943275,-192.2174010000001,2022,0.3333333333333333
22101145,2,2,0,2022,2022-03-30,GSW,PHX,GSW,PHO,GSW,PHO,1566.585216,1739.896544,-173.311328,2022,1.0
22101148,3,5,0,2022,2022-03-31,BKN,MIL,BRK,MIL,BRK,MIL,1527.205356,1605.236259,-78.03090300000008,2022,0.6
22101149,1,1,0,2022,2022-03-31,CHI,LAC,CHI,LAC,CHI,LAC,1509.100594,1459.692729,49.4078649999999,2022,1.0
22101159,3,3,0,2022,2022-04-01,DEN,MIN,DEN,MIN,DEN,MIN,1580.832586,1589.033813,-8.201227000000017,2022,1.0
22101160,0,1,0,2022,2022-04-01,LAL,NOP,LAL,NOP,LAL,NOP,1418.817044,1536.376937,-117.5598930000001,2022,0.0
22101163,1,2,0,2022,2022-04-02,ATL,BKN,ATL,BRK,ATL,BRK,1555.067454,1522.831331,32.23612299999991,2022,0.5
22101165,1,2,0,2022,2022-04-02,GSW,UTA,GSW,UTA,GSW,UTA,1561.853391,1580.516109,-18.662717999999813,2022,0.5
22101170,1,3,0,2022,2022-04-03,CLE,PHI,CLE,PHI,CLE,PHI,1501.790721,1590.371175,-88.58045399999992,2022,0.3333333333333333
22101179,1,2,0,2022,2022-04-05,ORL,CLE,ORL,CLE,ORL,CLE,1289.458869,1495.198332,-205.7394629999999,2022,0.5
22101187,1,3,0,2022,2022-04-05,UTA,MEM,UTA,MEM,UTA,MEM,1575.9434,1677.021791,-101.07839099999978,2022,0.3333333333333333
22101198,0,1,0,2022,2022-04-07,MIL,BOS,MIL,BOS,MIL,BOS,1570.220094,1713.258387,-143.03829300000007,2022,0.0
22101215,2,3,0,2022,2022-04-09,SAS,GSW,SAS,GSW,SAS,GSW,1503.885302,1581.812074,-77.92677200000003,2022,0.6666666666666666
22101220,1,3,0,2022,2022-04-10,DEN,LAL,DEN,LAL,DEN,LAL,1563.670923,1407.050716,156.62020699999994,2022,0.3333333333333333
22101224,2,2,0,2022,2022-04-10,MIN,CHI,MIN,CHI,MIN,CHI,1574.015394,1449.137694,124.8777,2022,1.0
22200003,1,3,0,2023,2022-10-19,DET,ORL,DET,ORL,DET,ORL,1393.525172,1366.089249,27.435923000000003,2023,0.3333333333333333
22200008,0,3,0,2023,2022-10-19,TOR,CLE,TOR,CLE,TOR,CLE,1553.500366,1488.39721,65.1031559999999,2023,0.0
22200009,1,3,0,2023,2022-10-19,MEM,NYK,MEM,NYK,MEM,NYK,1605.024654,1520.387218,84.63743599999998,2023,0.3333333333333333
22200010,0,1,0,2023,2022-10-19,MIN,OKC,MIN,OKC,MIN,OKC,1542.313951,1366.069014,176.24493700000016,2023,0.0
22200013,0,1,0,2023,2022-10-19,PHX,DAL,PHO,DAL,PHO,DAL,1588.407013,1600.25575,-11.848737000000028,2023,0.0
22200014,1,1,0,2023,2022-10-19,SAC,POR,SAC,POR,SAC,POR,1413.467854,1315.977213,97.4906410000001,2023,1.0
22200015,2,3,0,2023,2022-10-20,PHI,MIL,PHI,MIL,PHI,MIL,1577.688193,1584.130853,-6.4426599999999326,2023,0.6666666666666666
22200018,2,4,0,2023,2022-10-21,IND,SAS,IND,SAS,IND,SAS,1388.883119,1464.873416,-75.99029699999983,2023,0.5
22200019,1,1,0,2023,2022-10-21,WAS,CHI,WAS,CHI,WAS,CHI,1450.396186,1466.627401,-16.23121500000002,2023,1.0
22200021,1,1,0,2023,2022-10-21,BKN,TOR,BRK,TOR,BRK,TOR,1504.540694,1556.254012,-51.71331800000007,2023,1.0
22200025,1,1,0,2023,2022-10-21,MIN,UTA,MIN,UTA,MIN,UTA,1544.647714,1561.768195,-17.120481000000154,2023,1.0
22200026,1,1,0,2023,2022-10-21,GSW,DEN,GSW,DEN,GSW,DEN,1663.449489,1514.957035,148.49245400000018,2023,1.0
22200031,0,2,0,2023,2022-10-22,MIA,TOR,MIA,TOR,MIA,TOR,1589.238081,1551.005728,38.232352999999875,2023,0.0
22200035,0,2,0,2023,2022-10-22,DEN,OKC,DEN,OKC,DEN,OKC,1529.133032,1363.735251,165.3977809999999,2023,0.0
22200036,0,2,0,2023,2022-10-22,SAC,LAC,SAC,LAC,SAC,LAC,1398.338993,1527.91437,-129.5753769999999,2023,0.0
22200037,3,4,0,2023,2022-10-23,LAL,POR,LAL,POR,LAL,POR,1431.215365,1339.04674,92.16862500000002,2023,0.75
22200039,1,2,0,2023,2022-10-23,CLE,WAS,CLE,WAS,CLE,WAS,1515.441415,1453.853434,61.5879809999999,2023,0.5
22200053,1,2,0,2023,2022-10-25,NOP,DAL,NOP,DAL,NOP,DAL,1568.8435,1616.446244,-47.60274400000003,2023,0.5
22200057,1,2,0,2023,2022-10-26,DET,ATL,DET,ATL,DET,ATL,1375.252676,1520.405216,-145.15254000000004,2023,0.5
22200058,1,4,0,2023,2022-10-26,NYK,CHA,NYK,CHO,NYK,CHO,1528.373751,1557.305109,-28.93135799999982,2023,0.25
22200066,1,3,0,2023,2022-10-27,BKN,DAL,BRK,DAL,BRK,DAL,1500.266267,1612.502902,-112.23663499999998,2023,0.3333333333333333
22200072,1,1,0,2023,2022-10-28,BOS,CLE,BOS,CLE,BOS,CLE,1650.982958,1523.839775,127.14318300000014,2023,1.0
22200077,1,2,0,2023,2022-10-28,SAS,CHI,SAS,CHI,SAS,CHI,1497.27024,1463.60139,33.66885000000002,2023,0.5
22200082,0,3,0,2023,2022-10-29,CHA,GSW,CHO,GSW,CHO,GSW,1530.064852,1639.677035,-109.61218299999996,2023,0.0
22200084,1,1,0,2023,2022-10-29,CHI,PHI,CHI,PHI,CHI,PHI,1459.575852,1576.215169,-116.63931700000012,2023,1.0
22200085,1,1,0,2023,2022-10-29,MIL,ATL,MIL,ATL,MIL,ATL,1604.02488,1541.234706,62.79017399999998,2023,1.0
22200086,2,3,0,2023,2022-10-29,DAL,OKC,DAL,OKC,DAL,OKC,1618.545467,1379.832443,238.7130239999999,2023,0.6666666666666666
22200087,1,3,0,2023,2022-10-29,UTA,MEM,UTA,MEM,UTA,MEM,1555.868172,1605.714081,-49.84590900000012,2023,0.3333333333333333
22200096,1,1,0,2023,2022-10-31,CHA,SAC,CHO,SAC,CHO,SAC,1538.777302,1394.664931,144.11237099999994,2023,1.0
22200098,2,5,0,2023,2022-10-31,BKN,IND,BRK,IND,BRK,IND,1476.732313,1414.544885,62.187427999999954,2023,0.4
22200100,0,1,0,2023,2022-10-31,MIL,DET,MIL,DET,MIL,DET,1608.547334,1376.416566,232.130768,2023,0.0
22200102,0,2,0,2023,2022-10-31,LAC,HOU,LAC,HOU,LAC,HOU,1470.547157,1340.728124,129.819033,2023,0.0
22200107,2,4,0,2023,2022-11-02,CLE,BOS,CLE,BOS,CLE,BOS,1550.189294,1636.111045,-85.92175100000009,2023,0.5
22200109,1,1,0,2023,2022-11-02,MIA,SAC,MIA,SAC,MIA,SAC,1578.296632,1411.454945,166.8416870000001,2023,1.0
22200115,1,1,0,2023,2022-11-02,DAL,UTA,DAL,UTA,DAL,UTA,1602.010476,1570.464974,31.545501999999942,2023,1.0
22200116,0,3,0,2023,2022-11-02,POR,MEM,POR,MEM,POR,MEM,1370.136813,1591.117279,-220.98046599999998,2023,0.0
22200117,1,2,0,2023,2022-11-02,LAL,NOP,LAL,NOP,LAL,NOP,1425.320853,1584.562424,-159.24157100000002,2023,0.5
22200118,0,1,0,2023,2022-11-03,ORL,GSW,ORL,GSW,ORL,GSW,1365.366749,1602.391727,-237.02497799999992,2023,0.0
22200121,2,2,0,2023,2022-11-04,IND,MIA,IND,MIA,IND,MIA,1410.342193,1579.928549,-169.58635600000002,2023,1.0
22200122,1,1,0,2023,2022-11-04,PHI,NYK,PHI,NYK,PHI,NYK,1568.354172,1502.67377,65.68040199999996,2023,1.0
22200124,0,3,0,2023,2022-11-04,BOS,CHI,BOS,CHI,BOS,CHI,1632.276017,1480.404781,151.87123599999995,2023,0.0
22200127,2,3,0,2023,2022-11-04,DAL,TOR,DAL,TOR,DAL,TOR,1605.240165,1591.530143,13.71002199999998,2023,0.6666666666666666
22200130,0,3,0,2023,2022-11-04,PHX,POR,PHO,POR,PHO,POR,1631.483431,1365.868559,265.6148720000001,2023,0.0
22200132,2,5,0,2023,2022-11-05,ORL,SAC,ORL,SAC,ORL,SAC,1371.609236,1409.823028,-38.21379200000001,2023,0.4
22200133,1,1,0,2023,2022-11-05,CHA,BKN,CHO,BRK,CHO,BRK,1499.269313,1503.384154,-4.1148410000000695,2023,1.0
22200134,2,4,0,2023,2022-11-05,ATL,NOP,ATL,NOP,ATL,NOP,1539.456014,1584.733897,-45.277882999999974,2023,0.5
22200150,0,1,0,2023,2022-11-07,MIA,POR,MIA,POR,MIA,POR,1573.800526,1374.878483,198.92204300000003,2023,0.0
22200152,3,3,0,2023,2022-11-07,MEM,BOS,MEM,BOS,MEM,BOS,1607.290185,1646.596081,-39.30589599999985,2023,1.0
22200154,1,1,0,2023,2022-11-07,SAS,DEN,SAS,DEN,SAS,DEN,1453.526229,1532.343172,-78.81694300000004,2023,1.0
22200155,0,2,0,2023,2022-11-07,DAL,BKN,DAL,BRK,DAL,BRK,1607.774017,1512.077789,95.69622800000002,2023,0.0
22200156,2,2,0,2023,2022-11-07,GSW,SAC,GSW,SAC,GSW,SAC,1589.11791,1416.73937,172.37853999999993,2023,1.0
22200158,2,3,0,2023,2022-11-07,LAC,CLE,LAC,CLE,LAC,CLE,1482.252742,1578.175304,-95.9225620000002,2023,0.6666666666666666
22200160,1,4,0,2023,2022-11-09,IND,DEN,IND,DEN,IND,DEN,1426.943476,1540.688198,-113.74472200000014,2023,0.25
22200166,1,3,0,2023,2022-11-09,CHI,NOP,CHI,NOP,CHI,NOP,1488.320413,1569.7412,-81.42078700000002,2023,0.3333333333333333
22200168,1,3,0,2023,2022-11-09,OKC,MIL,OKC,MIL,OKC,MIL,1382.399176,1613.853056,-231.45388000000003,2023,0.3333333333333333
22200169,1,1,0,2023,2022-11-09,SAS,MEM,SAS,MEM,SAS,MEM,1445.181204,1600.398102,-155.21689800000013,2023,1.0
22200171,0,1,0,2023,2022-11-09,SAC,CLE,SAC,CLE,SAC,CLE,1415.155597,1573.415669,-158.26007200000004,2023,0.0
22200174,0,2,0,2023,2022-11-10,MIA,CHA,MIA,CHO,MIA,CHO,1561.335481,1456.696371,104.63911000000007,2023,0.0
22200182,1,1,0,2023,2022-11-11,GSW,CLE,GSW,CLE,GSW,CLE,1590.701684,1563.125681,27.5760029999999,2023,1.0
22200183,0,1,0,2023,2022-11-11,LAL,SAC,LAL,SAC,LAL,SAC,1399.648111,1425.445585,-25.797473999999966,2023,0.0
22200190,0,2,0,2023,2022-11-12,DAL,POR,DAL,POR,DAL,POR,1584.566579,1428.804643,155.7619360000001,2023,0.0
22200191,0,1,0,2023,2022-11-12,NOP,HOU,NOP,HOU,NOP,HOU,1553.270979,1339.210578,214.06040099999996,2023,0.0
22200193,3,3,0,2023,2022-11-13,CLE,MIN,CLE,MIN,CLE,MIN,1558.984805,1482.779789,76.20501600000011,2023,1.0
22200195,2,2,0,2023,2022-11-13,PHI,UTA,PHI,UTA,PHI,UTA,1570.788172,1590.521543,-19.733371000000034,2023,1.0
22200199,2,2,0,2023,2022-11-14,DET,TOR,DET,TOR,DET,TOR,1356.236304,1543.950246,-187.7139420000001,2023,1.0
22200201,1,1,0,2023,2022-11-14,BOS,OKC,BOS,OKC,BOS,OKC,1665.803392,1419.85466,245.94873200000006,2023,1.0
22200202,2,4,0,2023,2022-11-14,MIA,PHX,MIA,PHO,MIA,PHO,1569.93916,1599.525082,-29.58592200000021,2023,0.5
22200207,0,1,0,2023,2022-11-15,DAL,LAC,DAL,LAC,DAL,LAC,1586.746778,1487.652094,99.09468399999992,2023,0.0
22200221,1,1,0,2023,2022-11-17,POR,BKN,POR,BRK,POR,BRK,1432.874321,1504.986383,-72.11206199999992,2023,1.0
22200224,2,3,0,2023,2022-11-18,WAS,MIA,WAS,MIA,WAS,MIA,1456.411746,1566.267296,-109.85555,2023,0.6666666666666666
22200225,1,2,0,2023,2022-11-18,CLE,CHA,CLE,CHO,CLE,CHO,1539.103911,1440.598152,98.5057589999999,2023,0.5
22200227,0,1,0,2023,2022-11-18,CHI,ORL,CHI,ORL,CHI,ORL,1455.408504,1365.22865,90.17985399999998,2023,0.0
22200235,1,1,0,2023,2022-11-19,ATL,TOR,ATL,TOR,ATL,TOR,1550.871867,1555.132067,-4.260199999999941,2023,1.0
22200236,0,1,0,2023,2022-11-19,IND,ORL,IND,ORL,IND,ORL,1462.437145,1372.372583,90.06456200000002,2023,0.0
22200237,3,5,0,2023,2022-11-19,PHI,MIN,PHI,MIN,PHI,MIN,1583.147561,1509.194151,73.95341000000008,2023,0.6
22200242,0,2,0,2023,2022-11-20,SAC,DET,SAC,DET,SAC,DET,1476.242099,1344.988685,131.25341400000002,2023,0.0
22200245,2,3,0,2023,2022-11-20,HOU,GSW,HOU,GSW,HOU,GSW,1339.897839,1591.477555,-251.57971599999996,2023,0.6666666666666666
22200246,1,2,0,2023,2022-11-20,DAL,DEN,DAL,DEN,DAL,DEN,1577.379029,1538.45438,38.924649000000045,2023,0.5
22200252,1,3,0,2023,2022-11-21,MIN,MIA,MIN,MIA,MIN,MIA,1518.693179,1547.822443,-29.12926399999992,2023,0.3333333333333333
22200257,2,4,0,2023,2022-11-22,MEM,SAC,MEM,SAC,MEM,SAC,1579.572966,1479.444148,100.12881799999991,2023,0.5
22200258,3,5,0,2023,2022-11-22,DEN,DET,DEN,DET,DEN,DET,1544.728861,1341.786635,202.94222600000012,2023,0.6
22200260,0,2,0,2023,2022-11-23,CHA,PHI,CHO,PHI,CHO,PHI,1432.489561,1578.742434,-146.2528729999999,2023,0.0
22200267,1,2,0,2023,2022-11-23,MIL,CHI,MIL,CHI,MIL,CHI,1580.733915,1468.646239,112.0876760000001,2023,0.5
22200268,2,2,0,2023,2022-11-23,OKC,DEN,OKC,DEN,OKC,DEN,1410.466465,1533.872132,-123.405667,2023,1.0
22200272,0,2,0,2023,2022-11-25,CHA,MIN,CHO,MIN,CHO,MIN,1441.582127,1538.684233,-97.10210600000005,2023,0.0
22200274,2,3,0,2023,2022-11-25,NYK,POR,NYK,POR,NYK,POR,1510.21904,1413.854107,96.36493299999984,2023,0.6666666666666666
22200281,0,1,0,2023,2022-11-25,OKC,CHI,OKC,CHI,OKC,CHI,1404.023109,1481.735939,-77.71282999999994,2023,0.0
22200283,1,1,0,2023,2022-11-25,PHX,DET,PHO,DET,PHO,DET,1610.591552,1375.139137,235.4524150000002,2023,1.0
22200289,2,2,0,2023,2022-11-26,PHX,UTA,PHO,UTA,PHO,UTA,1612.135679,1541.648946,70.48673299999996,2023,1.0
22200304,1,4,0,2023,2022-11-28,NOP,OKC,NOP,OKC,NOP,OKC,1583.301657,1399.196775,184.1048820000001,2023,0.25
22200308,0,1,0,2023,2022-11-28,LAL,IND,LAL,IND,LAL,IND,1444.707809,1458.561491,-13.853681999999935,2023,0.0
22200310,0,1,0,2023,2022-11-29,DAL,GSW,DAL,GSW,DAL,GSW,1554.647797,1607.86735,-53.219552999999905,2023,0.0
22200311,0,1,0,2023,2022-11-29,POR,LAC,POR,LAC,POR,LAC,1418.600523,1493.206924,-74.606401,2023,0.0
22200325,0,1,0,2023,2022-12-01,DET,DAL,DET,DAL,DET,DAL,1347.401843,1559.315496,-211.91365299999984,2023,0.0
22200326,3,4,0,2023,2022-12-02,CHA,WAS,CHO,WAS,CHO,WAS,1441.573991,1463.285574,-21.71158300000002,2023,0.75
22200331,1,1,0,2023,2022-12-02,MIL,LAL,MIL,LAL,MIL,LAL,1591.380263,1448.544791,142.83547199999998,2023,1.0
22200334,1,1,0,2023,2022-12-02,PHX,HOU,PHO,HOU,PHO,HOU,1625.903866,1349.948191,275.95567500000016,2023,1.0
22200343,1,2,0,2023,2022-12-03,UTA,POR,UTA,POR,UTA,POR,1540.579641,1400.898671,139.68097000000012,2023,0.5
22200352,0,1,0,2023,2022-12-05,CHA,LAC,CHO,LAC,CHO,LAC,1435.991775,1465.567006,-29.57523100000003,2023,0.0
22200356,1,5,0,2023,2022-12-05,HOU,PHI,HOU,PHI,HOU,PHI,1357.349941,1569.835679,-212.48573800000008,2023,0.2
22200362,3,3,0,2023,2022-12-06,DEN,DAL,DEN,DAL,DEN,DAL,1546.520816,1582.360337,-35.839521000000104,2023,1.0
22200363,1,2,0,2023,2022-12-07,ORL,LAC,ORL,LAC,ORL,LAC,1322.057381,1471.711253,-149.65387199999986,2023,0.5
22200364,0,1,0,2023,2022-12-07,BKN,CHA,BRK,CHO,BRK,CHO,1533.922878,1429.847529,104.07534900000019,2023,0.0
22200367,0,1,0,2023,2022-12-07,CHI,WAS,CHI,WAS,CHI,WAS,1475.313648,1445.039446,30.27420200000006,2023,0.0
22200370,1,1,0,2023,2022-12-07,MIN,IND,MIN,IND,MIN,IND,1494.344411,1453.700241,40.64417000000003,2023,1.0
22200371,1,2,0,2023,2022-12-07,NOP,DET,NOP,DET,NOP,DET,1609.828142,1389.85352,219.97462200000018,2023,0.5
22200372,1,2,0,2023,2022-12-07,UTA,GSW,UTA,GSW,UTA,GSW,1526.667013,1590.259558,-63.59254499999997,2023,0.5
22200374,1,2,0,2023,2022-12-08,MIA,LAC,MIA,LAC,MIA,LAC,1527.06841,1463.342487,63.72592300000019,2023,0.5
22200376,1,1,0,2023,2022-12-08,POR,DEN,POR,DEN,POR,DEN,1425.488779,1541.48224,-115.99346100000002,2023,1.0
22200380,1,2,0,2023,2022-12-09,BKN,ATL,BRK,ATL,BRK,ATL,1537.060441,1512.115307,24.945134000000053,2023,0.5
22200382,0,2,0,2023,2022-12-09,PHI,LAL,PHI,LAL,PHI,LAL,1555.79237,1464.53813,91.25423999999998,2023,0.0
22200386,2,3,0,2023,2022-12-09,DAL,MIL,DAL,MIL,DAL,MIL,1587.398914,1597.453327,-10.05441299999984,2023,0.6666666666666666
22200388,2,2,0,2023,2022-12-10,IND,BKN,IND,BRK,IND,BRK,1456.092359,1540.827154,-84.73479500000008,2023,1.0
22200389,0,1,0,2023,2022-12-10,WAS,LAC,WAS,LAC,WAS,LAC,1434.690907,1459.852994,-25.162087000000156,2023,0.0
22200393,0,1,0,2023,2022-12-10,DEN,UTA,DEN,UTA,DEN,UTA,1545.289508,1514.393064,30.896443999999974,2023,0.0
22200396,2,2,0,2023,2022-12-11,DET,LAL,DET,LAL,DET,LAL,1385.681649,1459.77141,-74.08976099999995,2023,1.0
22200406,2,2,0,2023,2022-12-12,SAS,CLE,SAS,CLE,SAS,CLE,1368.815865,1557.166293,-188.35042799999997,2023,1.0
22200413,1,1,0,2023,2022-12-13,LAL,BOS,LAL,BOS,LAL,BOS,1469.00173,1678.636332,-209.6346020000001,2023,1.0
22200414,2,3,0,2023,2022-12-14,CHA,DET,CHO,DET,CHO,DET,1405.007059,1376.45133,28.55572899999993,2023,0.6666666666666666
22200415,1,2,0,2023,2022-12-14,IND,GSW,IND,GSW,IND,GSW,1442.269113,1592.308092,-150.03897899999993,2023,0.5
22200417,1,1,0,2023,2022-12-14,TOR,SAC,TOR,SAC,TOR,SAC,1509.893112,1515.992975,-6.099862999999914,2023,1.0
22200418,1,2,0,2023,2022-12-14,CHI,NYK,CHI,NYK,CHI,NYK,1497.952109,1534.24499,-36.29288099999985,2023,0.5
22200419,1,4,0,2023,2022-12-14,OKC,MIA,OKC,MIA,OKC,MIA,1423.232301,1525.013877,-101.78157600000009,2023,0.25
22200424,1,3,0,2023,2022-12-15,HOU,MIA,HOU,MIA,HOU,MIA,1393.448353,1529.814123,-136.3657700000001,2023,0.3333333333333333
22200431,2,3,0,2023,2022-12-16,CLE,IND,CLE,IND,CLE,IND,1571.107138,1451.476482,119.63065600000004,2023,0.6666666666666666
22200433,1,1,0,2023,2022-12-16,TOR,BKN,TOR,BRK,TOR,BRK,1504.369735,1557.41056,-53.04082500000004,2023,1.0
22200435,0,1,0,2023,2022-12-16,OKC,MIN,OKC,MIN,OKC,MIN,1418.432055,1484.110442,-65.67838699999993,2023,0.0
22200440,1,2,0,2023,2022-12-17,CLE,DAL,CLE,DAL,CLE,DAL,1574.004158,1551.293491,22.710667000000058,2023,0.5
22200447,1,1,0,2023,2022-12-18,DET,BKN,DET,BRK,DET,BRK,1380.541289,1563.999773,-183.458484,2023,1.0
22200450,0,1,0,2023,2022-12-18,DEN,CHA,DEN,CHO,DEN,CHO,1538.979353,1376.351211,162.62814200000003,2023,0.0
22200453,0,3,0,2023,2022-12-19,PHI,TOR,PHI,TOR,PHI,TOR,1582.544126,1482.525848,100.01827800000001,2023,0.0
22200454,0,2,0,2023,2022-12-19,ATL,ORL,ATL,ORL,ATL,ORL,1505.675313,1406.839897,98.8354159999999,2023,0.0
22200460,1,1,0,2023,2022-12-19,SAC,CHA,SAC,CHO,SAC,CHO,1530.12309,1374.462728,155.66036200000008,2023,1.0
22200468,1,1,0,2023,2022-12-21,ATL,CHI,ATL,CHI,ATL,CHI,1507.359487,1472.729266,34.63022099999989,2023,1.0
22200471,1,1,0,2023,2022-12-21,NYK,TOR,NYK,TOR,NYK,TOR,1590.463773,1480.210264,110.2535089999999,2023,1.0
22200473,2,6,0,2023,2022-12-21,MIN,DAL,MIN,DAL,MIN,DAL,1509.205443,1540.373451,-31.168007999999872,2023,0.3333333333333333
22200486,1,1,0,2023,2022-12-23,MIA,IND,MIA,IND,MIA,IND,1521.413964,1459.084755,62.32920899999999,2023,1.0
22200488,1,2,0,2023,2022-12-23,OKC,NOP,OKC,NOP,OKC,NOP,1432.445006,1583.742202,-151.29719599999999,2023,0.5
22200492,2,2,0,2023,2022-12-23,LAL,CHA,LAL,CHO,LAL,CHO,1466.6814,1383.292415,83.38898500000005,2023,1.0
22200497,1,1,0,2023,2022-12-25,DEN,PHX,DEN,PHO,DEN,PHO,1557.912296,1556.451643,1.4606529999998656,2023,1.0
22200500,1,1,0,2023,2022-12-26,MIA,MIN,MIA,MIN,MIA,MIN,1512.187995,1496.120359,16.067635999999993,2023,1.0
22200506,0,1,0,2023,2022-12-27,WAS,PHI,WAS,PHI,WAS,PHI,1434.743663,1602.38333,-167.63966699999992,2023,0.0
22200512,1,1,0,2023,2022-12-27,DAL,NYK,DAL,NYK,DAL,NYK,1558.347489,1556.767643,1.5798460000000887,2023,1.0
22200519,2,2,0,2023,2022-12-28,CHI,MIL,CHI,MIL,CHI,MIL,1460.186903,1581.527571,-121.34066800000005,2023,1.0
22200521,1,1,0,2023,2022-12-28,GSW,UTA,GSW,UTA,GSW,UTA,1570.304869,1520.778007,49.526862000000165,2023,1.0
22200522,2,3,0,2023,2022-12-28,SAC,DEN,SAC,DEN,SAC,DEN,1488.041906,1571.170708,-83.12880200000018,2023,0.6666666666666666
22200524,1,1,0,2023,2022-12-29,IND,CLE,IND,CLE,IND,CLE,1473.024739,1560.899336,-87.874597,2023,1.0
22200525,1,2,0,2023,2022-12-29,BOS,LAC,BOS,LAC,BOS,LAC,1644.454466,1520.493475,123.96099099999992,2023,0.5
22200530,0,1,0,2023,2022-12-30,ATL,LAL,ATL,LAL,ATL,LAL,1491.716549,1464.79597,26.92057900000009,2023,0.0
22200535,0,2,0,2023,2022-12-30,DEN,MIA,DEN,MIA,DEN,MIA,1567.37613,1522.669762,44.70636800000011,2023,0.0
22200536,0,1,0,2023,2022-12-30,GSW,POR,GSW,POR,GSW,POR,1574.04076,1458.446465,115.5942950000001,2023,0.0
22200540,0,1,0,2023,2022-12-31,CHI,CLE,CHI,CLE,CHI,CLE,1473.618921,1551.595329,-77.97640799999999,2023,0.0
22200542,2,2,0,2023,2022-12-31,SAS,DAL,SAS,DAL,SAS,DAL,1377.525591,1566.267695,-188.74210399999993,2023,1.0
22200546,0,1,0,2023,2022-12-31,UTA,MIA,UTA,MIA,UTA,MIA,1514.036948,1518.847438,-4.8104900000000725,2023,0.0
22200552,2,2,0,2023,2023-01-02,CLE,CHI,CLE,CHI,CLE,CHI,1555.97019,1469.24406,86.72613000000001,2023,1.0
22200558,3,6,0,2023,2023-01-02,GSW,ATL,GSW,ATL,GSW,ATL,1576.998733,1477.092138,99.90659499999992,2023,0.5
22200563,0,1,0,2023,2023-01-03,UTA,SAC,UTA,SAC,UTA,SAC,1506.36782,1490.996055,15.371764999999868,2023,0.0
22200565,1,2,0,2023,2023-01-04,CLE,PHX,CLE,PHO,CLE,PHO,1560.846077,1536.70855,24.137526999999864,2023,0.5
22200567,5,7,0,2023,2023-01-04,PHI,IND,PHI,IND,PHI,IND,1605.204133,1491.800659,113.40347399999996,2023,0.7142857142857143
22200568,3,3,0,2023,2023-01-04,NYK,SAS,NYK,SAS,NYK,SAS,1562.969872,1369.940994,193.02887799999985,2023,1.0
22200569,4,4,0,2023,2023-01-04,TOR,MIL,TOR,MIL,TOR,MIL,1489.587469,1551.297179,-61.70970999999986,2023,1.0
22200582,1,1,0,2023,2023-01-06,TOR,NYK,TOR,NYK,TOR,NYK,1483.187146,1564.384673,-81.19752700000004,2023,1.0
22200591,1,5,0,2023,2023-01-07,SAS,BOS,SAS,BOS,SAS,BOS,1376.674691,1629.17051,-252.49581899999998,2023,0.2
22200595,0,1,0,2023,2023-01-07,SAC,LAL,SAC,LAL,SAC,LAL,1489.717512,1501.000383,-11.282871000000114,2023,0.0
22200599,1,1,0,2023,2023-01-08,MIA,BKN,MIA,BRK,MIA,BRK,1548.343292,1621.609113,-73.26582099999996,2023,1.0
22200604,1,2,0,2023,2023-01-08,LAC,ATL,LAC,ATL,LAC,ATL,1481.288956,1474.377785,6.911171000000195,2023,0.5
22200607,0,2,0,2023,2023-01-09,NYK,MIL,NYK,MIL,NYK,MIL,1571.152774,1510.885597,60.26717699999995,2023,0.0
22200611,1,1,0,2023,2023-01-10,MIA,OKC,MIA,OKC,MIA,OKC,1543.895861,1463.799844,80.09601700000007,2023,1.0
22200616,1,1,0,2023,2023-01-10,POR,ORL,POR,ORL,POR,ORL,1447.304177,1396.569468,50.734709000000066,2023,1.0
22200620,1,2,0,2023,2023-01-11,ATL,MIL,ATL,MIL,ATL,MIL,1483.357061,1521.267734,-37.91067300000009,2023,0.5
22200622,1,3,0,2023,2023-01-11,NYK,IND,NYK,IND,NYK,IND,1560.770637,1498.509494,62.261143000000175,2023,0.3333333333333333
22200623,0,2,0,2023,2023-01-11,MEM,SAS,MEM,SAS,MEM,SAS,1639.480948,1371.459152,268.021796,2023,0.0
22200630,4,7,0,2023,2023-01-12,LAL,DAL,LAL,DAL,LAL,DAL,1501.883927,1532.659497,-30.775570000000016,2023,0.5714285714285714
22200631,1,2,0,2023,2023-01-12,POR,CLE,POR,CLE,POR,CLE,1438.349821,1567.899238,-129.54941699999995,2023,0.5
22200633,0,1,0,2023,2023-01-13,IND,ATL,IND,ATL,IND,ATL,1494.6479,1471.303279,23.34462099999996,2023,0.0
22200646,2,2,0,2023,2023-01-14,UTA,PHI,UTA,PHI,UTA,PHI,1509.106982,1563.754842,-54.64786000000004,2023,1.0
22200664,0,1,0,2023,2023-01-16,LAL,HOU,LAL,HOU,LAL,HOU,1489.445689,1306.869461,182.5762279999999,2023,0.0
22200676,1,1,0,2023,2023-01-18,DEN,MIN,DEN,MIN,DEN,MIN,1618.201896,1489.721088,128.48080800000002,2023,1.0
22200677,0,4,0,2023,2023-01-18,LAL,SAC,LAL,SAC,LAL,SAC,1491.878931,1512.097425,-20.218493999999964,2023,0.0
22200679,5,6,0,2023,2023-01-19,BOS,GSW,BOS,GSW,BOS,GSW,1669.503612,1539.359059,130.1445530000001,2023,0.8333333333333334
22200680,1,1,0,2023,2023-01-19,MIN,TOR,MIN,TOR,MIN,TOR,1487.458112,1481.358107,6.10000500000001,2023,1.0
22200681,0,1,0,2023,2023-01-19,PHX,BKN,PHO,BRK,PHO,BRK,1500.168687,1578.109723,-77.94103599999994,2023,0.0
22200689,0,2,0,2023,2023-01-20,UTA,BKN,UTA,BRK,UTA,BRK,1519.720581,1571.632855,-51.912274000000025,2023,0.0
22200690,1,1,0,2023,2023-01-20,LAL,MEM,LAL,MEM,LAL,MEM,1482.665322,1662.079933,-179.41461099999992,2023,1.0
22200691,0,3,0,2023,2023-01-20,SAC,OKC,SAC,OKC,SAC,OKC,1521.311034,1538.017611,-16.706576999999925,2023,0.0
22200692,1,2,0,2023,2023-01-21,TOR,BOS,TOR,BOS,TOR,BOS,1478.223633,1671.486744,-193.26311099999998,2023,0.5
22200694,1,2,0,2023,2023-01-21,ATL,CHA,ATL,CHO,ATL,CHO,1525.855453,1395.121264,130.7341889999998,2023,0.5
22200697,1,2,0,2023,2023-01-21,PHX,IND,PHO,IND,PHO,IND,1506.645555,1454.747069,51.89848600000005,2023,0.5
22200698,2,2,0,2023,2023-01-21,SAC,PHI,SAC,PHI,SAC,PHI,1526.356666,1592.850072,-66.49340600000005,2023,1.0
22200702,2,4,0,2023,2023-01-22,DEN,OKC,DEN,OKC,DEN,OKC,1625.92942,1532.971978,92.9574419999999,2023,0.5
22200709,1,2,0,2023,2023-01-23,HOU,MIN,HOU,MIN,HOU,MIN,1294.503399,1493.047701,-198.54430200000002,2023,0.5
22200713,1,1,0,2023,2023-01-24,IND,CHI,IND,CHI,IND,CHI,1451.053184,1509.3288,-58.2756159999999,2023,1.0
22200715,2,3,0,2023,2023-01-24,NYK,CLE,NYK,CLE,NYK,CLE,1531.553519,1566.924039,-35.37051999999994,2023,0.6666666666666666
22200716,2,2,0,2023,2023-01-24,NOP,DEN,NOP,DEN,NOP,DEN,1533.176916,1617.332643,-84.15572700000007,2023,1.0
22200717,0,1,0,2023,2023-01-24,DAL,WAS,DAL,WAS,DAL,WAS,1496.191396,1492.041067,4.150328999999829,2023,0.0
22200721,1,2,0,2023,2023-01-25,PHI,BKN,PHI,BRK,PHI,BRK,1598.292363,1592.554203,5.738160000000107,2023,0.5
22200726,1,1,0,2023,2023-01-25,GSW,MEM,GSW,MEM,GSW,MEM,1541.345936,1625.004825,-83.65888900000004,2023,1.0
22200730,2,3,0,2023,2023-01-26,BOS,NYK,BOS,NYK,BOS,NYK,1647.052398,1535.302934,111.74946399999999,2023,0.6666666666666666
22200734,1,2,0,2023,2023-01-26,PHX,DAL,PHO,DAL,PHO,DAL,1524.618427,1490.498552,34.11987500000009,2023,0.5
22200738,1,2,0,2023,2023-01-27,MIA,ORL,MIA,ORL,MIA,ORL,1572.178385,1436.504879,135.67350599999986,2023,0.5
22200741,1,1,0,2023,2023-01-28,PHI,DEN,PHI,DEN,PHI,DEN,1602.401674,1613.048554,-10.64688000000001,2023,1.0
22200748,0,1,0,2023,2023-01-28,SAS,PHX,SAS,PHO,SAS,PHO,1331.019328,1514.92731,-183.90798199999995,2023,0.0
22200749,1,3,0,2023,2023-01-28,BOS,LAL,BOS,LAL,BOS,LAL,1636.661706,1481.103573,155.558133,2023,0.3333333333333333
22200758,1,1,0,2023,2023-01-30,MIN,SAC,MIN,SAC,MIN,SAC,1516.477402,1515.913279,0.5641229999998814,2023,1.0
22200761,2,2,0,2023,2023-01-30,DAL,DET,DAL,DET,DAL,DET,1494.233078,1354.527007,139.70607100000007,2023,1.0
22200762,0,1,0,2023,2023-01-30,PHX,TOR,PHO,TOR,PHO,TOR,1522.348074,1520.240771,2.1073030000000017,2023,0.0
22200763,1,2,0,2023,2023-01-30,POR,ATL,POR,ATL,POR,ATL,1434.114015,1504.892968,-70.778953,2023,0.5
22200764,1,1,0,2023,2023-01-31,CLE,MIA,CLE,MIA,CLE,MIA,1571.764748,1565.718264,6.046483999999964,2023,1.0
22200765,1,1,0,2023,2023-01-31,NYK,LAL,NYK,LAL,NYK,LAL,1540.583106,1472.834438,67.74866799999995,2023,1.0
22200766,1,2,0,2023,2023-01-31,CHI,LAC,CHI,LAC,CHI,LAC,1507.293524,1515.683006,-8.389482000000044,2023,0.5
22200771,0,1,0,2023,2023-02-01,MEM,POR,MEM,POR,MEM,POR,1611.939279,1439.775379,172.1639,2023,0.0
22200774,2,2,0,2023,2023-02-01,MIN,GSW,MIN,GSW,MIN,GSW,1504.752069,1564.608102,-59.856033000000025,2023,1.0
22200776,1,1,0,2023,2023-02-01,UTA,TOR,UTA,TOR,UTA,TOR,1509.718748,1514.245256,-4.526507999999922,2023,1.0
22200778,0,1,0,2023,2023-02-02,IND,LAL,IND,LAL,IND,LAL,1437.852555,1485.771414,-47.91885900000011,2023,0.0
22200780,0,2,0,2023,2023-02-02,NYK,MIA,NYK,MIA,NYK,MIA,1527.64613,1573.635906,-45.98977599999989,2023,0.0
22200782,1,1,0,2023,2023-02-02,DAL,NOP,DAL,NOP,DAL,NOP,1496.841853,1485.15494,11.686913000000004,2023,1.0
22200785,0,1,0,2023,2023-02-03,DET,CHA,DET,CHO,DET,CHO,1351.918232,1405.963292,-54.04505999999992,2023,0.0
22200786,3,3,0,2023,2023-02-03,IND,SAC,IND,SAC,IND,SAC,1433.007379,1534.087456,-101.08007700000007,2023,1.0
22200793,2,3,0,2023,2023-02-04,BKN,WAS,BRK,WAS,BRK,WAS,1563.40835,1513.898642,49.50970799999982,2023,0.6666666666666666
22200805,2,2,0,2023,2023-02-05,MEM,TOR,MEM,TOR,MEM,TOR,1579.939219,1515.654934,64.28428500000018,2023,1.0
22200810,1,1,0,2023,2023-02-06,BKN,LAC,BRK,LAC,BRK,LAC,1565.973624,1534.062301,31.91132300000004,2023,1.0
22200816,1,1,0,2023,2023-02-07,ORL,NYK,ORL,NYK,ORL,NYK,1458.417454,1530.502626,-72.08517200000006,2023,1.0
22200817,1,1,0,2023,2023-02-07,BKN,PHX,BRK,PHO,BRK,PHO,1552.144385,1528.827814,23.316571000000067,2023,1.0
22200821,3,4,0,2023,2023-02-07,LAL,OKC,LAL,OKC,LAL,OKC,1485.7172,1509.896969,-24.17976899999985,2023,0.75
22200825,1,2,0,2023,2023-02-08,MIA,IND,MIA,IND,MIA,IND,1563.713862,1424.801773,138.91208900000015,2023,0.5
22200827,2,2,0,2023,2023-02-08,HOU,SAC,HOU,SAC,HOU,SAC,1291.84774,1520.677733,-228.82999300000006,2023,1.0
22200835,1,4,0,2023,2023-02-10,DET,SAS,DET,SAS,DET,SAS,1338.459672,1293.329591,45.13008100000002,2023,0.25
22200839,1,1,0,2023,2023-02-10,TOR,UTA,TOR,UTA,TOR,UTA,1527.591423,1460.435244,67.15617900000007,2023,1.0
22200840,0,1,0,2023,2023-02-10,MIA,HOU,MIA,HOU,MIA,HOU,1566.097999,1289.021038,277.076961,2023,0.0
22200846,0,1,0,2023,2023-02-11,BKN,PHI,BRK,PHI,BRK,PHI,1548.968707,1585.850296,-36.881589000000076,2023,0.0
22200848,3,4,0,2023,2023-02-11,ORL,MIA,ORL,MIA,ORL,MIA,1465.036262,1566.858374,-101.82211199999983,2023,0.75
22200856,0,2,0,2023,2023-02-12,TOR,DET,TOR,DET,TOR,DET,1514.673695,1343.019884,171.6538109999999,2023,0.0
22200857,0,1,0,2023,2023-02-13,CHA,ATL,CHO,ATL,CHO,ATL,1375.028031,1539.343116,-164.31508499999995,2023,0.0
22200859,2,2,0,2023,2023-02-13,IND,UTA,IND,UTA,IND,UTA,1404.86619,1469.412798,-64.5466080000001,2023,1.0
22200861,1,1,0,2023,2023-02-13,MIA,DEN,MIA,DEN,MIA,DEN,1573.140418,1607.20922,-34.068802000000005,2023,1.0
22200864,1,4,0,2023,2023-02-13,OKC,NOP,OKC,NOP,OKC,NOP,1528.516052,1500.399046,28.117005999999947,2023,0.25
22200865,1,1,0,2023,2023-02-13,DAL,MIN,DAL,MIN,DAL,MIN,1533.56877,1525.312592,8.25617800000009,2023,1.0
22200869,0,1,0,2023,2023-02-14,MIL,BOS,MIL,BOS,MIL,BOS,1615.994665,1646.103605,-30.108940000000075,2023,0.0
22200879,0,1,0,2023,2023-02-15,MEM,UTA,MEM,UTA,MEM,UTA,1581.448398,1478.180547,103.26785100000006,2023,0.0
22200887,0,2,0,2023,2023-02-23,IND,BOS,IND,BOS,IND,BOS,1402.100524,1642.351953,-240.25142900000014,2023,0.0
22200888,2,2,0,2023,2023-02-23,ORL,DET,ORL,DET,ORL,DET,1468.134507,1339.75234,128.38216699999998,2023,1.0
22200889,2,3,0,2023,2023-02-23,PHI,MEM,PHI,MEM,PHI,MEM,1600.817346,1584.598867,16.218479000000116,2023,0.6666666666666666
22200890,0,2,0,2023,2023-02-23,TOR,NOP,TOR,NOP,TOR,NOP,1521.532776,1497.037324,24.495452000000114,2023,0.0
22200892,1,3,0,2023,2023-02-23,UTA,OKC,UTA,OKC,UTA,OKC,1475.030078,1525.224842,-50.19476400000008,2023,0.3333333333333333
22200895,0,1,0,2023,2023-02-24,WAS,NYK,WAS,NYK,WAS,NYK,1534.194067,1568.302632,-34.108565,2023,0.0
22200898,2,2,0,2023,2023-02-24,MIN,CHA,MIN,CHO,MIN,CHO,1520.193645,1388.974432,131.21921300000008,2023,1.0
22200902,1,4,0,2023,2023-02-24,LAC,SAC,LAC,SAC,LAC,SAC,1544.458773,1516.678546,27.780226999999968,2023,0.25
22200903,1,1,0,2023,2023-02-25,DET,TOR,DET,TOR,DET,TOR,1338.02252,1525.73282,-187.71029999999996,2023,1.0
22200908,1,2,0,2023,2023-02-25,PHI,BOS,PHI,BOS,PHI,BOS,1605.179192,1645.859922,-40.68073000000004,2023,0.5
22200910,0,1,0,2023,2023-02-26,MIL,PHX,MIL,PHO,MIL,PHO,1641.635549,1541.6097,100.02584900000011,2023,0.0
22200911,0,1,0,2023,2023-02-26,ATL,BKN,ATL,BRK,ATL,BRK,1522.005321,1513.780433,8.224888000000192,2023,0.0
22200913,1,1,0,2023,2023-02-26,DAL,LAL,DAL,LAL,DAL,LAL,1525.169688,1496.300022,28.869666000000052,2023,1.0
22200916,0,1,0,2023,2023-02-26,GSW,MIN,GSW,MIN,GSW,MIN,1536.473891,1502.570137,33.90375400000016,2023,0.0
22200922,2,3,0,2023,2023-02-27,NOP,ORL,NOP,ORL,NOP,ORL,1485.022867,1449.183791,35.83907599999998,2023,0.6666666666666666
22200929,0,2,0,2023,2023-02-28,DAL,IND,DAL,IND,DAL,IND,1516.72494,1419.273092,97.45184800000015,2023,0.0
22200934,1,2,0,2023,2023-03-01,DET,CHI,DET,CHI,DET,CHI,1328.560399,1500.320081,-171.7596820000001,2023,0.5
22200949,1,3,0,2023,2023-03-03,MIA,NYK,MIA,NYK,MIA,NYK,1524.578572,1605.459787,-80.88121500000011,2023,0.3333333333333333
22200954,1,4,0,2023,2023-03-03,SAC,LAC,SAC,LAC,SAC,LAC,1545.743557,1509.636561,36.10699599999998,2023,0.25
22200955,0,1,0,2023,2023-03-03,LAL,MIN,LAL,MIN,LAL,MIN,1510.170261,1511.47296,-1.302699000000075,2023,0.0
22200962,1,1,0,2023,2023-03-05,DAL,PHX,DAL,PHO,DAL,PHO,1516.583011,1571.602701,-55.01969000000008,2023,1.0
22200964,0,2,0,2023,2023-03-05,LAL,GSW,LAL,GSW,LAL,GSW,1497.585284,1562.233102,-64.64781799999992,2023,0.0
22200966,0,1,0,2023,2023-03-05,ORL,POR,ORL,POR,ORL,POR,1471.776849,1407.77031,64.00653899999998,2023,0.0
22200969,2,3,0,2023,2023-03-05,BOS,NYK,BOS,NYK,BOS,NYK,1623.322809,1610.63645,12.686359000000039,2023,0.6666666666666666
22200971,1,2,0,2023,2023-03-06,CLE,BOS,CLE,BOS,CLE,BOS,1603.660318,1616.347727,-12.687409000000116,2023,0.5
22200973,1,2,0,2023,2023-03-05,WAS,MIL,WAS,MIL,WAS,MIL,1515.536553,1650.660276,-135.12372300000015,2023,0.5
22200974,1,2,0,2023,2023-03-06,MIA,ATL,MIA,ATL,MIA,ATL,1525.557074,1517.08638,8.470694000000094,2023,0.5
22200975,0,1,0,2023,2023-03-06,DEN,TOR,DEN,TOR,DEN,TOR,1636.213177,1530.040952,106.17222500000003,2023,0.0
22200983,0,1,0,2023,2023-03-07,DAL,UTA,DAL,UTA,DAL,UTA,1509.177945,1443.250711,65.927234,2023,0.0
22200985,0,2,0,2023,2023-03-08,WAS,ATL,WAS,ATL,WAS,ATL,1512.070044,1513.984995,-1.9149509999999736,2023,0.0
22200987,0,1,0,2023,2023-03-08,MIA,CLE,MIA,CLE,MIA,CLE,1528.658459,1608.116691,-79.45823199999995,2023,0.0
22200995,1,2,0,2023,2023-03-09,MIL,BKN,MIL,BRK,MIL,BRK,1664.929886,1528.632587,136.29729899999984,2023,0.5
22200999,3,5,0,2023,2023-03-10,WAS,ATL,WAS,ATL,WAS,ATL,1505.384616,1520.670423,-15.285806999999977,2023,0.6
22201000,1,1,0,2023,2023-03-10,MIA,CLE,MIA,CLE,MIA,CLE,1521.848696,1614.926454,-93.0777579999999,2023,1.0
22201007,0,2,0,2023,2023-03-11,ORL,MIA,ORL,MIA,ORL,MIA,1442.78586,1528.01294,-85.22708000000011,2023,0.0
22201012,3,3,0,2023,2023-03-11,GSW,MIL,GSW,MIL,GSW,MIL,1536.351243,1667.347042,-130.99579900000003,2023,1.0
22201013,1,2,0,2023,2023-03-11,PHX,SAC,PHO,SAC,PHO,SAC,1589.740948,1551.297158,38.44378999999981,2023,0.5
22201015,1,1,0,2023,2023-03-12,CHA,CLE,CHO,CLE,CHO,CLE,1408.213847,1608.762211,-200.548364,2023,1.0
22201019,0,2,0,2023,2023-03-12,LAL,NYK,LAL,NYK,LAL,NYK,1521.701847,1582.076804,-60.374956999999995,2023,0.0
22201022,0,1,0,2023,2023-03-13,MIA,UTA,MIA,UTA,MIA,UTA,1517.001336,1463.798766,53.20257000000015,2023,0.0
22201024,1,1,0,2023,2023-03-13,HOU,BOS,HOU,BOS,HOU,BOS,1278.34496,1626.763337,-348.4183770000002,2023,1.0
22201037,1,1,0,2023,2023-03-15,CHI,SAC,CHI,SAC,CHI,SAC,1514.940915,1556.296597,-41.355682000000115,2023,1.0
22201039,2,5,0,2023,2023-03-15,MIN,BOS,MIN,BOS,MIN,BOS,1533.361522,1617.031614,-83.67009200000007,2023,0.4
22201040,0,1,0,2023,2023-03-15,SAS,DAL,SAS,DAL,SAS,DAL,1302.497641,1488.068491,-185.57085000000006,2023,0.0
22201050,0,1,0,2023,2023-03-17,CHI,MIN,CHI,MIN,CHI,MIN,1508.094296,1528.235759,-20.14146299999993,2023,0.0
22201051,0,2,0,2023,2023-03-17,HOU,NOP,HOU,NOP,HOU,NOP,1297.994261,1454.313309,-156.31904799999984,2023,0.0
22201052,1,1,0,2023,2023-03-17,SAS,MEM,SAS,MEM,SAS,MEM,1295.58694,1590.126949,-294.54000900000005,2023,1.0
22201054,2,2,0,2023,2023-03-17,LAL,DAL,LAL,DAL,LAL,DAL,1520.87147,1494.979193,25.89227700000015,2023,1.0
22201055,1,1,0,2023,2023-03-18,NYK,DEN,NYK,DEN,NYK,DEN,1599.663857,1574.538725,25.125131999999894,2023,1.0
22201056,1,2,0,2023,2023-03-18,LAC,ORL,LAC,ORL,LAC,ORL,1537.693823,1432.327671,105.36615200000006,2023,0.5
22201062,1,2,0,2023,2023-03-18,UTA,BOS,UTA,BOS,UTA,BOS,1460.499761,1629.955525,-169.45576400000004,2023,0.5
22201064,1,2,0,2023,2023-03-19,OKC,PHX,OKC,PHO,OKC,PHO,1520.759604,1556.844081,-36.08447699999988,2023,0.5
22201068,2,2,0,2023,2023-03-19,MIL,TOR,MIL,TOR,MIL,TOR,1642.751145,1543.903804,98.84734099999991,2023,1.0
22201071,1,1,0,2023,2023-03-20,CHA,IND,CHO,IND,CHO,IND,1380.834748,1437.728899,-56.894150999999965,2023,1.0
22201072,0,2,0,2023,2023-03-20,PHI,CHI,PHI,CHI,PHI,CHI,1678.613261,1524.074833,154.53842800000007,2023,0.0
22201073,1,3,0,2023,2023-03-20,NYK,MIN,NYK,MIN,NYK,MIN,1604.265561,1513.194162,91.07139899999993,2023,0.3333333333333333
22201075,1,1,0,2023,2023-03-20,MEM,DAL,MEM,DAL,MEM,DAL,1600.160966,1501.034645,99.12632099999996,2023,1.0
22201076,0,1,0,2023,2023-03-20,UTA,SAC,UTA,SAC,UTA,SAC,1465.62381,1585.557928,-119.9341179999999,2023,0.0
22201082,2,2,0,2023,2023-03-21,LAC,OKC,LAC,OKC,LAC,OKC,1536.749348,1525.681785,11.067563000000064,2023,1.0
22201085,1,1,0,2023,2023-03-22,TOR,IND,TOR,IND,TOR,IND,1540.398605,1431.17662,109.22198500000013,2023,1.0
22201086,1,1,0,2023,2023-03-22,DAL,GSW,DAL,GSW,DAL,GSW,1498.403297,1541.30509,-42.901793,2023,1.0
22201088,0,1,0,2023,2023-03-22,MEM,HOU,MEM,HOU,MEM,HOU,1602.792314,1288.300479,314.49183500000004,2023,0.0
22201090,4,5,0,2023,2023-03-22,MIN,ATL,MIN,ATL,MIN,ATL,1526.890567,1495.825906,31.064660999999887,2023,0.8
22201093,1,1,0,2023,2023-03-23,ORL,NYK,ORL,NYK,ORL,NYK,1449.416597,1583.414004,-133.99740700000007,2023,1.0
22201094,0,2,0,2023,2023-03-23,BKN,CLE,BRK,CLE,BRK,CLE,1504.48871,1624.542689,-120.05397900000003,2023,0.0
22201106,2,3,0,2023,2023-03-24,LAL,OKC,LAL,OKC,LAL,OKC,1527.01607,1519.789889,7.226180999999997,2023,0.6666666666666666
22201115,1,1,0,2023,2023-03-26,ATL,MEM,ATL,MEM,ATL,MEM,1499.81629,1606.876164,-107.05987400000004,2023,1.0
22201121,2,2,0,2023,2023-03-26,GSW,MIN,GSW,MIN,GSW,MIN,1557.49658,1529.230788,28.26579199999992,2023,1.0
22201126,1,2,0,2023,2023-03-27,DEN,PHI,DEN,PHI,DEN,PHI,1607.620532,1654.062885,-46.44235300000014,2023,0.5
22201131,1,1,0,2023,2023-03-28,ATL,CLE,ATL,CLE,ATL,CLE,1493.655212,1630.573749,-136.91853700000001,2023,1.0
22201133,1,2,0,2023,2023-03-28,MEM,ORL,MEM,ORL,MEM,ORL,1613.037242,1468.542866,144.4943760000001,2023,0.5
22201134,0,1,0,2023,2023-03-28,OKC,CHA,OKC,CHO,OKC,CHO,1522.078774,1404.09896,117.97981400000003,2023,0.0
22201137,1,1,0,2023,2023-03-29,BKN,HOU,BRK,HOU,BRK,HOU,1522.023646,1280.151782,241.8718640000002,2023,1.0
22201142,0,3,0,2023,2023-03-29,OKC,DET,OKC,DET,OKC,DET,1511.540662,1282.069303,229.47135900000012,2023,0.0
22201149,2,4,0,2023,2023-03-31,IND,OKC,IND,OKC,IND,OKC,1402.684817,1512.375512,-109.690695,2023,0.5
22201155,0,2,0,2023,2023-03-31,HOU,DET,HOU,DET,HOU,DET,1278.27752,1281.234452,-2.9569319999998243,2023,0.0
22201164,1,2,0,2023,2023-04-02,BKN,UTA,BRK,UTA,BRK,UTA,1532.63012,1432.833259,99.79686100000004,2023,0.5
22201167,1,2,0,2023,2023-04-02,ATL,DAL,ATL,DAL,ATL,DAL,1490.428993,1482.717539,7.711454000000003,2023,0.5
22201175,1,1,0,2023,2023-04-02,DEN,GSW,DEN,GSW,DEN,GSW,1579.023975,1557.704337,21.319638000000168,2023,1.0
22201178,1,1,0,2023,2023-04-04,ORL,CLE,ORL,CLE,ORL,CLE,1482.937999,1607.49327,-124.55527099999995,2023,1.0
22201180,1,2,0,2023,2023-04-04,BKN,MIN,BRK,MIN,BRK,MIN,1534.306121,1514.660288,19.64583300000004,2023,0.5
22201181,1,1,0,2023,2023-04-04,PHI,BOS,PHI,BOS,PHI,BOS,1644.846234,1674.570193,-29.723958999999923,2023,1.0
22201192,1,1,0,2023,2023-04-05,BOS,TOR,BOS,TOR,BOS,TOR,1670.908426,1566.821369,104.08705699999996,2023,1.0
22201194,1,1,0,2023,2023-04-05,NOP,MEM,NOP,MEM,NOP,MEM,1529.560841,1592.187574,-62.62673300000006,2023,1.0
22201199,1,2,0,2023,2023-04-06,SAS,POR,SAS,POR,SAS,POR,1298.986444,1334.385665,-35.399221000000125,2023,0.5
22201202,1,1,0,2023,2023-04-07,CHA,HOU,CHO,HOU,CHO,HOU,1367.957118,1305.361555,62.595563000000084,2023,1.0
22201205,1,1,0,2023,2023-04-07,ATL,PHI,ATL,PHI,ATL,PHI,1526.459768,1607.259653,-80.79988500000013,2023,1.0
22201209,1,1,0,2023,2023-04-07,NOP,NYK,NOP,NYK,NOP,NYK,1536.85407,1612.409914,-75.55584399999998,2023,1.0
22201220,0,3,0,2023,2023-04-09,NYK,IND,NYK,IND,NYK,IND,1604.130246,1383.394037,220.73620899999992,2023,0.0
22201228,1,2,0,2023,2023-04-09,LAL,UTA,LAL,UTA,LAL,UTA,1567.82301,1417.943876,149.87913400000002,2023,0.5
22201229,1,2,0,2023,2023-04-09,PHX,LAC,PHO,LAC,PHO,LAC,1586.43696,1537.379119,49.05784100000005,2023,0.5
22300001,0,1,0,2024,2023-11-03,IND,CLE,IND,CLE,IND,CLE,1442.601583,1522.929642,-80.32805900000017,2024,0.0
22300002,1,1,0,2024,2023-11-03,MIL,NYK,MIL,NYK,MIL,NYK,1523.381814,1572.381829,-49.00001499999985,2024,1.0
22300005,1,1,0,2024,2023-11-03,OKC,GSW,OKC,GSW,OKC,GSW,1517.859882,1606.752664,-88.89278200000012,2024,1.0
22300007,1,2,0,2024,2023-11-03,POR,MEM,POR,MEM,POR,MEM,1378.686205,1486.081443,-107.39523800000006,2024,0.5
22300009,0,1,0,2024,2023-11-10,WAS,CHA,WAS,CHO,WAS,CHO,1443.394658,1369.62107,73.77358800000002,2024,0.0
22300011,2,2,0,2024,2023-11-10,HOU,NOP,HOU,NOP,HOU,NOP,1429.616413,1495.52303,-65.9066170000001,2024,1.0
22300012,0,1,0,2024,2023-11-10,MEM,UTA,MEM,UTA,MEM,UTA,1483.943671,1407.457619,76.48605199999997,2024,0.0
22300015,0,1,0,2024,2023-11-10,PHX,LAL,PHO,LAL,PHO,LAL,1533.047352,1522.99263,10.054722000000083,2024,0.0
22300018,1,1,0,2024,2023-11-14,DET,ATL,DET,ATL,DET,ATL,1324.030792,1545.504411,-221.47361899999987,2024,1.0
22300024,1,2,0,2024,2023-11-14,DEN,LAC,DEN,LAC,DEN,LAC,1663.123827,1495.789033,167.33479399999987,2024,0.5
22300034,0,1,0,2024,2023-11-17,NOP,DEN,NOP,DEN,NOP,DEN,1489.733351,1664.751407,-175.0180559999999,2024,0.0
22300037,2,2,0,2024,2023-11-17,LAC,HOU,LAC,HOU,LAC,HOU,1494.161454,1443.165575,50.99587900000006,2024,1.0
22300040,1,1,0,2024,2023-11-21,PHI,CLE,PHI,CLE,PHI,CLE,1640.862146,1551.938464,88.92368199999987,2024,1.0
22300045,1,2,0,2024,2023-11-24,NYK,MIA,NYK,MIA,NYK,MIA,1591.25378,1624.475151,-33.22137100000009,2024,0.5
22300049,1,2,0,2024,2023-11-24,MIL,WAS,MIL,WAS,MIL,WAS,1576.580028,1383.622611,192.95741700000008,2024,0.5
22300051,0,1,0,2024,2023-11-24,GSW,SAS,GSW,SAS,GSW,SAS,1531.116901,1311.962906,219.15399500000012,2024,0.0
22300054,1,1,0,2024,2023-11-28,BKN,TOR,BRK,TOR,BRK,TOR,1510.148199,1516.938795,-6.7905960000000505,2024,1.0
22300058,1,1,0,2024,2023-11-28,MIN,OKC,MIN,OKC,MIN,OKC,1593.270937,1590.757419,2.5135179999999764,2024,1.0
22300059,2,3,0,2024,2023-11-28,DAL,HOU,DAL,HOU,DAL,HOU,1502.135462,1468.870263,33.26519899999994,2024,0.6666666666666666
22300060,2,2,0,2024,2023-11-28,SAC,GSW,SAC,GSW,SAC,GSW,1551.035469,1532.809446,18.22602299999994,2024,1.0
22300062,1,1,0,2024,2023-10-24,GSW,PHX,GSW,PHO,GSW,PHO,1569.275923,1544.111459,25.164463999999953,2024,1.0
22300063,0,1,0,2024,2023-10-25,CHA,ATL,CHO,ATL,CHO,ATL,1416.291017,1524.6111,-108.32008300000007,2024,0.0
22300065,1,2,0,2024,2023-10-25,NYK,BOS,NYK,BOS,NYK,BOS,1572.619394,1623.942943,-51.32354899999996,2024,0.5
22300067,0,1,0,2024,2023-10-25,BKN,CLE,BRK,CLE,BRK,CLE,1494.73696,1553.718917,-58.981956999999966,2024,0.0
22300068,1,4,0,2024,2023-10-25,MIA,DET,MIA,DET,MIA,DET,1580.063422,1329.565168,250.49825399999986,2024,0.25
22300069,0,1,0,2024,2023-10-25,TOR,MIN,TOR,MIN,TOR,MIN,1546.368677,1516.113883,30.254793999999947,2024,0.0
22300073,1,3,0,2024,2023-10-25,SAS,DAL,SAS,DAL,SAS,DAL,1373.548586,1457.972953,-84.42436700000007,2024,0.3333333333333333
22300075,1,1,0,2024,2023-10-26,MIL,PHI,MIL,PHI,MIL,PHI,1547.271838,1606.322033,-59.05019500000003,2024,1.0
22300076,1,1,0,2024,2023-10-26,LAL,PHX,LAL,PHO,LAL,PHO,1564.307763,1553.567324,10.740438999999924,2024,1.0
22300078,0,1,0,2024,2023-10-27,MEM,DEN,MEM,DEN,MEM,DEN,1539.754649,1645.762549,-106.00790000000006,2024,0.0
22300079,0,1,0,2024,2023-10-27,ATL,NYK,ATL,NYK,ATL,NYK,1516.640175,1565.122794,-48.48261900000011,2024,0.0
22300080,0,1,0,2024,2023-10-27,BOS,MIA,BOS,MIA,BOS,MIA,1631.439542,1580.804403,50.63513899999998,2024,0.0
22300082,3,5,0,2024,2023-10-27,CHI,TOR,CHI,TOR,CHI,TOR,1509.53813,1549.617759,-40.07962900000007,2024,0.6
22300083,1,3,0,2024,2023-10-27,SAS,HOU,SAS,HOU,SAS,HOU,1364.648022,1363.015786,1.6322360000001481,2024,0.3333333333333333
22300084,1,2,0,2024,2023-10-27,DAL,BKN,DAL,BRK,DAL,BRK,1466.873517,1490.06682,-23.193303000000014,2024,0.5
22300085,2,3,0,2024,2023-10-27,UTA,LAC,UTA,LAC,UTA,LAC,1422.592856,1522.487287,-99.89443099999994,2024,0.6666666666666666
22300111,1,1,0,2024,2023-10-30,LAL,ORL,LAL,ORL,LAL,ORL,1563.274777,1478.735603,84.539174,2024,1.0
22300119,0,1,0,2024,2023-11-01,MIA,BKN,MIA,BRK,MIA,BRK,1556.730975,1497.320967,59.410007999999834,2024,0.0
22300121,2,2,0,2024,2023-11-01,OKC,NOP,OKC,NOP,OKC,NOP,1526.89208,1517.945707,8.946372999999994,2024,1.0
22300127,1,3,0,2024,2023-11-01,LAL,LAC,LAL,LAC,LAL,LAC,1565.777446,1533.786555,31.990891000000147,2024,0.3333333333333333
22300133,1,3,0,2024,2023-11-04,IND,CHA,IND,CHO,IND,CHO,1449.138056,1383.324442,65.81361399999992,2024,0.3333333333333333
22300143,1,1,0,2024,2023-11-05,DAL,CHA,DAL,CHO,DAL,CHO,1497.185597,1390.053768,107.13182899999993,2024,1.0
22300149,1,1,0,2024,2023-11-06,BKN,MIL,BRK,MIL,BRK,MIL,1505.369487,1529.157868,-23.788381000000072,2024,1.0
22300154,1,2,0,2024,2023-11-06,MIN,BOS,MIN,BOS,MIN,BOS,1545.863161,1664.240535,-118.37737399999992,2024,0.5
22300159,1,2,0,2024,2023-11-08,PHI,BOS,PHI,BOS,PHI,BOS,1630.734092,1656.720713,-25.986621000000014,2024,0.5
22300162,1,3,0,2024,2023-11-08,CHI,PHX,CHI,PHO,CHI,PHO,1494.533487,1527.970038,-33.43655100000001,2024,0.3333333333333333
22300164,1,2,0,2024,2023-11-08,MEM,MIA,MEM,MIA,MEM,MIA,1492.862222,1552.378348,-59.516125999999986,2024,0.5
22300165,1,2,0,2024,2023-11-08,MIL,DET,MIL,DET,MIL,DET,1537.34697,1332.158381,205.1885890000001,2024,0.5
22300169,1,1,0,2024,2023-11-08,DEN,GSW,DEN,GSW,DEN,GSW,1668.975125,1606.428796,62.546329000000014,2024,1.0
22300170,2,3,0,2024,2023-11-08,SAC,POR,SAC,POR,SAC,POR,1493.584792,1371.905427,121.67936500000019,2024,0.6666666666666666
22300172,1,1,0,2024,2023-11-09,ORL,ATL,ORL,ATL,,,,,30.35619799999995,2024,1.0
22300178,0,1,0,2024,2023-11-12,BKN,WAS,BRK,WAS,BRK,WAS,1499.30946,1429.106876,70.20258399999989,2024,0.0
22300179,3,4,0,2024,2023-11-12,LAC,MEM,LAC,MEM,LAC,MEM,1505.497387,1470.722568,34.77481899999998,2024,0.75
22300182,0,3,0,2024,2023-11-12,HOU,DEN,HOU,DEN,HOU,DEN,1434.52627,1671.763133,-237.23686299999986,2024,0.0
22300184,1,1,0,2024,2023-11-12,SAS,MIA,SAS,MIA,SAS,MIA,1361.255806,1573.808465,-212.55265900000018,2024,1.0
22300196,1,2,0,2024,2023-11-15,CHI,ORL,CHI,ORL,CHI,ORL,1487.078391,1471.220625,15.857766000000083,2024,0.5
22300204,1,2,0,2024,2023-11-18,CHI,MIA,CHI,MIA,CHI,MIA,1469.224021,1587.474353,-118.25033200000007,2024,0.5
22300205,0,1,0,2024,2023-11-18,MIL,DAL,MIL,DAL,MIL,DAL,1564.967722,1527.825914,37.14180800000008,2024,0.0
22300207,1,1,0,2024,2023-11-18,GSW,OKC,GSW,OKC,GSW,OKC,1545.163352,1567.466889,-22.303537000000006,2024,1.0
22300214,2,3,0,2024,2023-11-19,UTA,PHX,UTA,PHO,UTA,PHO,1422.312661,1528.390862,-106.07820100000004,2024,0.6666666666666666
22300217,0,2,0,2024,2023-11-20,CHA,BOS,CHO,BOS,CHO,BOS,1350.373824,1690.164647,-339.79082300000005,2024,0.0
22300218,0,2,0,2024,2023-11-20,DET,DEN,DET,DEN,DET,DEN,1312.099625,1643.34041,-331.24078499999996,2024,0.0
22300225,1,2,0,2024,2023-11-22,CHA,WAS,CHO,WAS,CHO,WAS,1361.428871,1387.799828,-26.370956999999862,2024,0.5
22300226,0,2,0,2024,2023-11-22,ORL,DEN,ORL,DEN,ORL,DEN,1516.209308,1645.571007,-129.36169900000004,2024,0.0
22300227,2,2,0,2024,2023-11-22,ATL,BKN,ATL,BRK,ATL,BRK,1520.636679,1492.917506,27.719172999999955,2024,1.0
22300230,2,2,0,2024,2023-11-22,IND,TOR,IND,TOR,IND,TOR,1477.839413,1509.269186,-31.42977300000007,2024,1.0
22300233,1,2,0,2024,2023-11-22,NOP,SAC,NOP,SAC,NOP,SAC,1516.075577,1535.64581,-19.570232999999917,2024,0.5
22300236,2,4,0,2024,2023-11-22,PHX,GSW,PHO,GSW,PHO,GSW,1536.705986,1537.181424,-0.47543800000016745,2024,0.5
22300238,0,1,0,2024,2023-11-22,LAL,DAL,LAL,DAL,LAL,DAL,1542.510989,1504.421214,38.089775000000145,2024,0.0
22300239,2,3,0,2024,2023-11-25,OKC,PHI,OKC,PHI,OKC,PHI,1598.986226,1621.215917,-22.229691000000003,2024,0.6666666666666666
22300242,0,1,0,2024,2023-11-25,CLE,LAL,CLE,LAL,CLE,LAL,1532.323536,1533.851818,-1.5282819999999901,2024,0.0
22300243,2,2,0,2024,2023-11-25,UTA,NOP,UTA,NOP,UTA,NOP,1394.824626,1535.520922,-140.69629599999985,2024,1.0
22300245,2,3,0,2024,2023-11-26,MIL,POR,MIL,POR,MIL,POR,1577.995385,1335.988216,242.00716899999998,2024,0.6666666666666666
22300247,2,2,0,2024,2023-11-26,NYK,PHX,NYK,PHO,NYK,PHO,1594.969694,1561.071024,33.89866999999981,2024,1.0
22300254,1,2,0,2024,2023-11-27,IND,POR,IND,POR,IND,POR,1478.118214,1334.500412,143.61780199999998,2024,0.5
22300256,1,2,0,2024,2023-11-27,UTA,NOP,UTA,NOP,UTA,NOP,1402.947005,1527.398544,-124.45153899999991,2024,0.5
22300260,1,1,0,2024,2023-11-29,TOR,PHX,TOR,PHO,TOR,PHO,1508.947422,1569.632635,-60.685212999999976,2024,1.0
22300280,0,1,0,2024,2023-12-02,LAC,GSW,LAC,GSW,LAC,GSW,1521.115879,1535.387079,-14.271200000000135,2024,0.0
22300281,0,1,0,2024,2023-12-02,CHA,MIN,CHO,MIN,CHO,MIN,1366.58354,1599.689908,-233.10636799999997,2024,0.0
22300289,0,2,0,2024,2023-12-02,UTA,POR,UTA,POR,UTA,POR,1397.726521,1367.040881,30.68564000000015,2024,0.0
22300292,0,1,0,2024,2023-12-11,CHA,MIA,CHO,MIA,CHO,MIA,1363.82554,1562.782272,-198.95673199999987,2024,0.0
22300300,2,3,0,2024,2023-12-11,MIL,CHI,MIL,CHI,MIL,CHI,1587.634707,1471.106808,116.52789899999993,2024,0.6666666666666666
22300304,0,1,0,2024,2023-12-11,LAC,POR,LAC,POR,LAC,POR,1544.760027,1350.264795,194.495232,2024,0.0
22300306,0,1,0,2024,2023-12-12,DAL,LAL,DAL,LAL,DAL,LAL,1513.291625,1581.105983,-67.81435799999986,2024,0.0
22300308,0,1,0,2024,2023-12-12,PHX,GSW,PHO,GSW,PHO,GSW,1538.214106,1531.880634,6.3334719999998015,2024,0.0
22300318,1,1,0,2024,2023-12-13,UTA,NYK,UTA,NYK,UTA,NYK,1373.339107,1589.590809,-216.25170200000002,2024,1.0
22300326,2,2,0,2024,2023-12-15,CHA,NOP,CHO,NOP,CHO,NOP,1357.988022,1540.300441,-182.3124190000001,2024,1.0
22300332,2,3,0,2024,2023-12-15,MEM,HOU,MEM,HOU,MEM,HOU,1432.777333,1495.718146,-62.940812999999935,2024,0.6666666666666666
22300337,0,1,0,2024,2023-12-16,MIA,CHI,MIA,CHI,MIA,CHI,1551.905196,1477.75556,74.14963599999987,2024,0.0
22300340,0,1,0,2024,2023-12-16,DEN,OKC,DEN,OKC,DEN,OKC,1628.814009,1591.978776,36.83523300000002,2024,0.0
22300347,0,1,0,2024,2023-12-17,PHX,WAS,PHO,WAS,PHO,WAS,1515.154694,1364.196466,150.95822799999996,2024,0.0
22300348,1,3,0,2024,2023-12-17,POR,GSW,POR,GSW,POR,GSW,1328.573334,1527.321526,-198.74819200000002,2024,0.3333333333333333
22300349,0,1,0,2024,2023-12-18,CLE,HOU,CLE,HOU,CLE,HOU,1541.035851,1501.131687,39.90416400000004,2024,0.0
22300351,1,1,0,2024,2023-12-18,PHI,CHI,PHI,CHI,PHI,CHI,1659.878793,1475.478537,184.40025600000013,2024,1.0
22300353,1,1,0,2024,2023-12-18,MIA,MIN,MIA,MIN,MIA,MIN,1554.182218,1629.159595,-74.97737700000016,2024,1.0
22300359,1,1,0,2024,2023-12-18,LAL,NYK,LAL,NYK,LAL,NYK,1556.566024,1584.368526,-27.802502000000004,2024,1.0
22300362,1,2,0,2024,2023-12-19,GSW,BOS,GSW,BOS,GSW,BOS,1531.560404,1683.495132,-151.93472799999995,2024,0.5
22300363,0,2,0,2024,2023-12-19,POR,PHX,POR,PHO,POR,PHO,1324.334456,1517.164866,-192.83041000000003,2024,0.0
22300381,1,1,0,2024,2023-12-21,POR,WAS,POR,WAS,POR,WAS,1333.920531,1359.127765,-25.20723399999997,2024,1.0
22300383,0,1,0,2024,2023-12-22,BKN,DEN,BRK,DEN,BRK,DEN,1492.993512,1637.953614,-144.960102,2024,0.0
22300392,0,1,0,2024,2023-12-23,NOP,HOU,NOP,HOU,NOP,HOU,1571.935292,1499.682688,72.25260399999979,2024,0.0
22300408,0,1,0,2024,2023-12-26,CHI,ATL,CHI,ATL,CHI,ATL,1488.115927,1507.995018,-19.879091000000017,2024,0.0
22300409,0,2,0,2024,2023-12-26,HOU,IND,HOU,IND,HOU,IND,1507.857951,1452.312429,55.54552199999989,2024,0.0
22300420,0,1,0,2024,2023-12-27,DAL,CLE,DAL,CLE,DAL,CLE,1502.873985,1542.932199,-40.058214000000135,2024,0.0
22300424,1,1,0,2024,2023-12-28,NOP,UTA,NOP,UTA,NOP,UTA,1556.241318,1432.987447,123.25387100000012,2024,1.0
22300432,0,2,0,2024,2023-12-29,BOS,TOR,BOS,TOR,BOS,TOR,1726.326826,1469.060482,257.2663439999999,2024,0.0
22300434,2,3,0,2024,2023-12-29,HOU,PHI,HOU,PHI,HOU,PHI,1474.921778,1664.801048,-189.87927000000013,2024,0.6666666666666666
22300440,0,2,0,2024,2023-12-30,DET,TOR,DET,TOR,DET,TOR,1228.73619,1468.208296,-239.47210599999994,2024,0.0
22300443,2,2,0,2024,2023-12-30,MIN,LAL,MIN,LAL,MIN,LAL,1632.04104,1544.105369,87.93567099999996,2024,1.0
22300445,0,1,0,2024,2023-12-31,WAS,ATL,WAS,ATL,WAS,ATL,1340.775835,1491.385097,-150.60926200000017,2024,0.0
22300452,0,1,0,2024,2024-01-01,TOR,CLE,TOR,CLE,TOR,CLE,1460.696499,1540.332751,-79.63625200000001,2024,0.0
22300467,0,1,0,2024,2024-01-03,ATL,OKC,ATL,OKC,ATL,OKC,1496.584188,1657.565776,-160.98158799999987,2024,0.0
22300474,1,2,0,2024,2024-01-03,UTA,DET,UTA,DET,UTA,DET,1463.562499,1232.615701,230.94679799999994,2024,0.5
22300476,4,6,0,2024,2024-01-03,SAC,ORL,SAC,ORL,SAC,ORL,1525.24031,1514.025033,11.215277000000015,2024,0.6666666666666666
22300477,0,2,0,2024,2024-01-04,SAS,MIL,SAS,MIL,SAS,MIL,1284.882827,1615.868129,-330.98530200000005,2024,0.0
22300478,0,1,0,2024,2024-01-04,GSW,DEN,GSW,DEN,GSW,DEN,1518.776093,1628.070466,-109.29437299999995,2024,0.0
22300490,1,3,0,2024,2024-01-05,GSW,DET,GSW,DET,GSW,DET,1513.375155,1231.031756,282.34339899999986,2024,0.3333333333333333
22300492,1,1,0,2024,2024-01-05,SAC,TOR,SAC,TOR,SAC,TOR,1528.784716,1474.559124,54.22559199999978,2024,1.0
22300498,0,2,0,2024,2024-01-07,BKN,POR,BRK,POR,BRK,POR,1463.113702,1311.643302,151.47040000000015,2024,0.0
22300499,2,4,0,2024,2024-01-07,ORL,ATL,ORL,ATL,ORL,ATL,1519.691061,1489.334863,30.35619799999995,2024,0.5
22300501,1,1,0,2024,2024-01-07,DAL,MIN,DAL,MIN,DAL,MIN,1499.704091,1627.922022,-128.2179309999999,2024,1.0
22300503,0,1,0,2024,2024-01-07,PHX,MEM,PHO,MEM,PHO,MEM,1516.620545,1441.31094,75.30960499999992,2024,0.0
22300505,0,1,0,2024,2024-01-07,LAL,LAC,LAL,LAC,LAL,LAC,1492.673985,1615.198601,-122.52461600000015,2024,0.0
22300506,2,2,0,2024,2024-01-08,CHA,CHI,CHO,CHI,CHO,CHI,1327.759745,1483.094515,-155.33476999999993,2024,1.0
22300507,2,2,0,2024,2024-01-08,IND,BOS,IND,BOS,IND,BOS,1534.04045,1740.114555,-206.07410500000015,2024,1.0
22300516,0,2,0,2024,2024-01-09,LAL,TOR,LAL,TOR,LAL,TOR,1498.735772,1492.059467,6.676304999999957,2024,0.0
22300517,0,3,0,2024,2024-01-10,BOS,MIN,BOS,MIN,BOS,MIN,1733.270938,1635.938341,97.33259699999985,2024,0.0
22300521,3,3,0,2024,2024-01-10,ATL,PHI,ATL,PHI,ATL,PHI,1484.447939,1590.957733,-106.50979400000006,2024,1.0
22300523,2,3,0,2024,2024-01-10,CHI,HOU,CHI,HOU,CHI,HOU,1489.878321,1466.930889,22.947431999999935,2024,0.6666666666666666
22300530,1,4,0,2024,2024-01-11,DAL,NYK,DAL,NYK,DAL,NYK,1485.316388,1631.61764,-146.30125199999998,2024,0.25
22300535,1,2,0,2024,2024-01-12,MIA,ORL,MIA,ORL,MIA,ORL,1563.387577,1507.257089,56.130488000000014,2024,0.5
22300553,0,1,0,2024,2024-01-14,MIN,LAC,MIN,LAC,MIN,LAC,1634.739119,1628.354168,6.384951000000001,2024,0.0
22300562,1,1,0,2024,2024-01-15,BKN,MIA,BRK,MIA,BRK,MIA,1439.590372,1568.586995,-128.996623,2024,1.0
22300570,1,2,0,2024,2024-01-17,ATL,ORL,ATL,ORL,ATL,ORL,1435.789602,1513.001798,-77.21219599999995,2024,0.5
22300578,1,1,0,2024,2024-01-17,POR,BKN,POR,BRK,POR,BRK,1311.613143,1435.96902,-124.35587699999996,2024,1.0
22300580,2,2,0,2024,2024-01-18,TOR,CHI,TOR,CHI,TOR,CHI,1487.226166,1478.25263,8.973535999999967,2024,1.0
22300583,1,1,0,2024,2024-01-18,SAC,IND,SAC,IND,SAC,IND,1512.286857,1541.919465,-29.63260799999989,2024,1.0
22300584,0,1,0,2024,2024-01-19,CHA,SAS,CHO,SAS,CHO,SAS,1286.404497,1307.873813,-21.469315999999935,2024,0.0
22300587,1,2,0,2024,2024-01-19,MIA,ATL,MIA,ATL,MIA,ATL,1553.320287,1440.224162,113.09612500000003,2024,0.5
22300598,2,3,0,2024,2024-01-20,HOU,UTA,HOU,UTA,HOU,UTA,1453.293581,1547.943336,-94.64975500000014,2024,0.6666666666666666
22300599,1,1,0,2024,2024-01-20,MIN,OKC,MIN,OKC,MIN,OKC,1644.503432,1647.080141,-2.576708999999937,2024,1.0
22300604,1,2,0,2024,2024-01-21,PHX,IND,PHO,IND,PHO,IND,1550.382712,1542.303124,8.079588000000058,2024,0.5
22300610,4,10,0,2024,2024-01-22,MIN,CHA,MIN,CHO,MIN,CHO,1634.785467,1287.675237,347.11023,2024,0.4
22300612,1,2,0,2024,2024-01-22,PHX,CHI,PHO,CHI,PHO,CHI,1555.792014,1501.966841,53.82517300000018,2024,0.5
22300619,1,1,0,2024,2024-01-24,DET,CHA,DET,CHO,DET,CHO,1215.647065,1303.84977,-88.20270499999992,2024,1.0
22300632,1,1,0,2024,2024-01-25,GSW,SAC,GSW,SAC,GSW,SAC,1482.175517,1509.802971,-27.62745400000017,2024,1.0
22300636,0,1,0,2024,2024-01-26,IND,PHX,IND,PHO,IND,PHO,1540.882396,1577.573254,-36.690857999999935,2024,0.0
22300645,1,3,0,2024,2024-01-27,BKN,HOU,BRK,HOU,BRK,HOU,1444.291186,1457.556507,-13.265321000000085,2024,0.3333333333333333
22300649,1,2,0,2024,2024-01-27,SAS,MIN,SAS,MIN,SAS,MIN,1315.576356,1626.751998,-311.1756419999999,2024,0.5
22300650,2,2,0,2024,2024-01-27,GSW,LAL,GSW,LAL,GSW,LAL,1477.004218,1481.188892,-4.184673999999859,2024,1.0
22300651,2,2,0,2024,2024-01-27,DAL,SAC,DAL,SAC,DAL,SAC,1465.509589,1514.97427,-49.46468099999993,2024,1.0
22300652,1,1,0,2024,2024-01-28,IND,MEM,IND,MEM,IND,MEM,1544.652479,1483.488519,61.16396000000009,2024,1.0
22300653,1,2,0,2024,2024-01-28,ATL,TOR,ATL,TOR,ATL,TOR,1408.400904,1444.74959,-36.348685999999816,2024,0.5
22300665,0,2,0,2024,2024-01-29,SAS,WAS,SAS,WAS,SAS,WAS,1323.078819,1319.329712,3.7491070000000946,2024,0.0
22300666,1,2,0,2024,2024-01-29,DAL,ORL,DAL,ORL,DAL,ORL,1457.116448,1496.536856,-39.42040799999995,2024,0.5
22300670,0,1,0,2024,2024-01-30,BOS,IND,BOS,IND,BOS,IND,1711.763749,1548.534621,163.22912799999995,2024,0.0
22300675,1,1,0,2024,2024-01-31,CLE,DET,CLE,DET,CLE,DET,1636.165883,1246.024858,390.1410249999999,2024,1.0
22300682,1,1,0,2024,2024-01-31,OKC,DEN,OKC,DEN,OKC,DEN,1637.937078,1631.726077,6.2110009999998965,2024,1.0
22300686,0,1,0,2024,2024-02-01,UTA,PHI,UTA,PHI,UTA,PHI,1519.03406,1556.063112,-37.02905200000009,2024,0.0
22300687,1,1,0,2024,2024-02-01,MEM,CLE,MEM,CLE,MEM,CLE,1467.778408,1636.844826,-169.0664180000001,2024,1.0
22300694,1,2,0,2024,2024-02-02,MIN,ORL,MIN,ORL,MIN,ORL,1637.853707,1500.284933,137.56877400000008,2024,0.5
22300696,1,2,0,2024,2024-02-02,SAS,NOP,SAS,NOP,SAS,NOP,1305.617495,1584.500821,-278.8833260000001,2024,0.5
22300699,0,1,0,2024,2024-02-03,ATL,GSW,ATL,GSW,ATL,GSW,1435.982893,1504.27618,-68.29328699999996,2024,0.0
22300716,1,1,0,2024,2024-02-05,ATL,LAC,ATL,LAC,ATL,LAC,1443.440865,1683.34659,-239.90572500000007,2024,1.0
22300719,1,4,0,2024,2024-02-06,IND,HOU,IND,HOU,IND,HOU,1534.791173,1463.682427,71.10874600000011,2024,0.25
22300723,0,1,0,2024,2024-02-06,CHI,MIN,CHI,MIN,CHI,MIN,1475.831778,1633.490513,-157.65873499999998,2024,0.0
22300752,1,5,0,2024,2024-02-10,ORL,CHI,ORL,CHI,ORL,CHI,1504.240665,1495.9905,8.250164999999924,2024,0.2
22300759,1,1,0,2024,2024-02-11,MIA,BOS,MIA,BOS,MIA,BOS,1508.919232,1697.083722,-188.16449000000011,2024,1.0
22300762,3,4,0,2024,2024-02-12,CLE,PHI,CLE,PHI,CLE,PHI,1681.908085,1481.405234,200.50285099999996,2024,0.75
22300765,1,1,0,2024,2024-02-12,HOU,NYK,HOU,NYK,HOU,NYK,1450.238535,1602.445417,-152.20688199999995,2024,1.0
22300779,0,1,0,2024,2024-02-14,PHI,MIA,PHI,MIA,PHI,MIA,1492.21133,1537.583017,-45.37168699999984,2024,0.0
22300781,1,1,0,2024,2024-02-14,CLE,CHI,CLE,CHI,CLE,CHI,1671.10199,1504.032069,167.0699209999998,2024,1.0
22300782,1,1,0,2024,2024-02-14,TOR,IND,TOR,IND,TOR,IND,1396.620472,1520.055382,-123.43490999999995,2024,1.0
22300784,1,1,0,2024,2024-02-14,NOP,WAS,NOP,WAS,NOP,WAS,1610.858757,1295.984277,314.87447999999995,2024,1.0
22300786,0,1,0,2024,2024-02-14,DEN,SAC,DEN,SAC,DEN,SAC,1603.346008,1526.159414,77.18659400000001,2024,0.0
22300789,2,3,0,2024,2024-02-14,GSW,LAC,GSW,LAC,GSW,LAC,1586.09311,1643.254454,-57.16134399999987,2024,0.6666666666666666
22300790,2,3,0,2024,2024-02-15,MEM,MIL,MEM,MIL,MEM,MIL,1410.113217,1540.519813,-130.40659600000004,2024,0.6666666666666666
22300803,1,2,0,2024,2024-02-22,SAC,SAS,SAC,SAS,SAC,SAS,1536.991209,1319.752785,217.23842400000012,2024,0.5
22300804,1,1,0,2024,2024-02-23,ATL,TOR,ATL,TOR,ATL,TOR,1420.652015,1408.829063,11.822951999999987,2024,1.0
22300806,2,2,0,2024,2024-02-23,HOU,PHX,HOU,PHO,HOU,PHO,1443.23893,1592.787903,-149.54897299999993,2024,1.0
22300808,1,1,0,2024,2024-02-23,MIN,MIL,MIN,MIL,MIN,MIL,1684.346445,1534.289615,150.05683,2024,1.0
22300828,1,3,0,2024,2024-02-26,NYK,DET,NYK,DET,NYK,DET,1582.757054,1273.790054,308.96699999999987,2024,0.3333333333333333
22300832,1,1,0,2024,2024-02-27,CLE,DAL,CLE,DAL,CLE,DAL,1647.203654,1540.328426,106.87522799999988,2024,1.0
22300848,1,1,0,2024,2024-02-28,LAC,LAL,LAC,LAL,LAC,LAL,1617.515307,1527.200382,90.3149249999999,2024,1.0
22300850,1,2,0,2024,2024-02-29,ORL,UTA,ORL,UTA,ORL,UTA,1526.096153,1450.752874,75.34327899999994,2024,0.5
22300856,0,2,0,2024,2024-02-29,LAL,WAS,LAL,WAS,LAL,WAS,1538.38208,1281.911582,256.47049800000013,2024,0.0
22300858,0,1,0,2024,2024-03-01,PHI,CHA,PHI,CHO,PHI,CHO,1460.330908,1316.605475,143.72543299999984,2024,0.0
22300868,0,1,0,2024,2024-03-02,MEM,POR,MEM,POR,MEM,POR,1345.491318,1334.819596,10.671722000000045,2024,0.0
22300871,1,3,0,2024,2024-03-03,DAL,PHI,DAL,PHI,DAL,PHI,1543.720222,1463.109504,80.6107179999999,2024,0.3333333333333333
22300875,0,3,0,2024,2024-03-03,TOR,CHA,TOR,CHO,TOR,CHO,1412.19525,1313.826879,98.36837100000002,2024,0.0
22300876,0,1,0,2024,2024-03-03,CLE,NYK,CLE,NYK,CLE,NYK,1640.510981,1543.776608,96.734373,2024,0.0
22300883,2,2,0,2024,2024-03-04,SAC,CHI,SAC,CHI,SAC,CHI,1553.214034,1481.970194,71.24384000000009,2024,1.0
22300886,0,1,0,2024,2024-03-05,CLE,BOS,CLE,BOS,CLE,BOS,1623.037506,1751.817413,-128.7799070000001,2024,0.0
22300887,1,1,0,2024,2024-03-05,BKN,PHI,BRK,PHI,BRK,PHI,1442.079157,1474.032486,-31.953329000000167,2024,1.0
22300893,2,3,0,2024,2024-03-05,DEN,PHX,DEN,PHO,DEN,PHO,1643.367877,1562.459506,80.90837099999999,2024,0.6666666666666666
22300896,0,1,0,2024,2024-03-06,PHI,MEM,PHI,MEM,PHI,MEM,1468.649108,1345.409678,123.23943000000008,2024,0.0
22300897,3,4,0,2024,2024-03-06,HOU,LAC,HOU,LAC,HOU,LAC,1461.646984,1608.985603,-147.3386190000001,2024,0.75
22300898,3,4,0,2024,2024-03-06,UTA,CHI,UTA,CHI,UTA,CHI,1447.238977,1492.64387,-45.40489300000013,2024,0.75
22300903,1,1,0,2024,2024-03-07,IND,MIN,IND,MIN,IND,MIN,1528.3668,1656.979718,-128.61291800000004,2024,1.0
22300908,0,1,0,2024,2024-03-07,SAC,SAS,SAC,SAS,SAC,SAS,1556.910904,1346.799689,210.11121500000013,2024,0.0
22300911,1,1,0,2024,2024-03-08,CLE,MIN,CLE,MIN,CLE,MIN,1613.261446,1661.31531,-48.053863999999976,2024,1.0
22300913,1,3,0,2024,2024-03-08,MEM,ATL,MEM,ATL,MEM,ATL,1360.157845,1465.625745,-105.4679000000001,2024,0.3333333333333333
22300915,1,1,0,2024,2024-03-08,LAL,MIL,LAL,MIL,LAL,MIL,1526.539708,1583.152003,-56.612294999999904,2024,1.0
22300923,1,2,0,2024,2024-03-09,POR,TOR,POR,TOR,POR,TOR,1328.501634,1393.96155,-65.45991600000002,2024,0.5
22300937,0,1,0,2024,2024-03-11,DEN,TOR,DEN,TOR,DEN,TOR,1638.101632,1384.863715,253.23791700000015,2024,0.0
22300953,1,3,0,2024,2024-03-13,POR,ATL,POR,ATL,POR,ATL,1333.559125,1464.168853,-130.6097279999999,2024,0.3333333333333333
22300975,0,1,0,2024,2024-03-16,SAC,NYK,SAC,NYK,SAC,NYK,1569.697801,1550.07352,19.62428100000011,2024,0.0
22300986,2,2,0,2024,2024-03-18,CHI,POR,CHI,POR,CHI,POR,1475.064453,1330.577452,144.48700099999996,2024,1.0
22300989,0,2,0,2024,2024-03-18,SAC,MEM,SAC,MEM,SAC,MEM,1557.312481,1332.210846,225.101635,2024,0.0
22300994,0,1,0,2024,2024-03-19,SAS,DAL,SAS,DAL,SAS,DAL,1370.705299,1566.839646,-196.13434699999993,2024,0.0
22300995,2,2,0,2024,2024-03-19,MIN,DEN,MIN,DEN,MIN,DEN,1675.487367,1652.151932,23.33543499999996,2024,1.0
22301007,0,1,0,2024,2024-03-21,MIL,BKN,MIL,BRK,MIL,BRK,1582.383771,1428.354815,154.0289560000001,2024,0.0
22301020,0,1,0,2024,2024-03-23,ORL,SAC,ORL,SAC,ORL,SAC,1548.688022,1559.979122,-11.291099999999915,2024,0.0
22301022,0,1,0,2024,2024-03-23,WAS,TOR,WAS,TOR,WAS,TOR,1279.204993,1338.20849,-59.003496999999925,2024,0.0
22301026,0,1,0,2024,2024-03-23,POR,DEN,POR,DEN,POR,DEN,1317.057341,1665.921154,-348.86381299999994,2024,0.0
22301031,1,2,0,2024,2024-03-24,MIN,GSW,MIN,GSW,MIN,GSW,1672.859921,1553.537494,119.32242700000006,2024,0.5
22301032,0,1,0,2024,2024-03-24,LAL,IND,LAL,IND,LAL,IND,1540.13577,1574.663736,-34.52796599999988,2024,0.0
22301034,1,1,0,2024,2024-03-25,ATL,BOS,ATL,BOS,ATL,BOS,1473.745028,1773.904953,-300.15992499999993,2024,1.0
22301037,1,2,0,2024,2024-03-25,CHI,WAS,CHI,WAS,CHI,WAS,1466.52126,1283.982294,182.53896600000007,2024,0.5
22301045,1,2,0,2024,2024-03-26,MIL,LAL,MIL,LAL,MIL,LAL,1601.112379,1545.577452,55.534926999999925,2024,0.5
22301048,0,1,0,2024,2024-03-27,CHA,CLE,CHO,CLE,CHO,CLE,1292.249403,1566.53246,-274.28305699999987,2024,0.0
22301052,1,2,0,2024,2024-03-27,PHI,LAC,PHI,LAC,PHI,LAC,1471.326192,1533.527948,-62.20175599999993,2024,0.5
22301057,3,5,0,2024,2024-03-27,OKC,HOU,OKC,HOU,OKC,HOU,1635.92517,1533.741146,102.18402399999991,2024,0.6
22301060,1,1,0,2024,2024-03-28,ATL,BOS,ATL,BOS,ATL,BOS,1486.166853,1765.161227,-278.9943740000001,2024,1.0
22301064,1,2,0,2024,2024-03-29,ORL,LAC,ORL,LAC,ORL,LAC,1530.767433,1538.147551,-7.380118000000039,2024,0.5
22301067,0,1,0,2024,2024-03-29,CLE,PHI,CLE,PHI,CLE,PHI,1552.226648,1466.706589,85.52005900000017,2024,0.0
22301070,1,4,0,2024,2024-03-29,SAS,NYK,SAS,NYK,SAS,NYK,1367.811357,1591.164692,-223.35333500000002,2024,0.25
22301073,0,1,0,2024,2024-03-29,SAC,DAL,SAC,DAL,SAC,DAL,1538.070537,1617.764321,-79.69378400000005,2024,0.0
22301088,1,2,0,2024,2024-04-01,DET,MEM,DET,MEM,DET,MEM,1293.365087,1319.643511,-26.278424000000086,2024,0.5
22301090,1,2,0,2024,2024-04-01,ORL,POR,ORL,POR,ORL,POR,1528.536576,1300.434878,228.10169799999994,2024,0.5
22301097,0,1,0,2024,2024-04-05,DAL,GSW,DAL,GSW,DAL,GSW,1640.681922,1622.625539,18.056383000000096,2024,0.0
22301098,2,2,0,2024,2024-04-02,MIN,HOU,MIN,HOU,MIN,HOU,1671.006966,1534.208607,136.7983589999999,2024,1.0
22301099,1,1,0,2024,2024-04-02,DEN,SAS,DEN,SAS,DEN,SAS,1648.98224,1373.302871,275.67936899999995,2024,1.0
22301111,0,1,0,2024,2024-04-04,MIA,PHI,MIA,PHI,MIA,PHI,1555.21488,1482.933622,72.28125799999998,2024,0.0
22301114,1,2,0,2024,2024-04-04,LAC,DEN,LAC,DEN,LAC,DEN,1542.866039,1650.098671,-107.23263199999997,2024,0.5
22301117,1,1,0,2024,2024-04-05,WAS,POR,WAS,POR,WAS,POR,1278.968545,1307.182556,-28.214011000000028,2024,1.0
22301118,1,1,0,2024,2024-04-05,BOS,SAC,BOS,SAC,BOS,SAC,1779.160474,1539.226008,239.93446599999993,2024,1.0
22301122,0,1,0,2024,2024-04-05,MIL,TOR,MIL,TOR,MIL,TOR,1558.212938,1288.098598,270.11433999999986,2024,0.0
22301123,2,2,0,2024,2024-04-05,NOP,SAS,NOP,SAS,NOP,SAS,1589.42477,1372.18644,217.23833000000013,2024,1.0
22301131,1,2,0,2024,2024-04-07,DAL,HOU,DAL,HOU,DAL,HOU,1643.651855,1494.38346,149.26839500000006,2024,0.5
22301133,2,2,0,2024,2024-04-07,IND,MIA,IND,MIA,IND,MIA,1585.646813,1561.438395,24.208418000000165,2024,1.0
22301135,0,1,0,2024,2024-04-07,CHA,OKC,CHO,OKC,CHO,OKC,1299.74196,1611.983854,-312.241894,2024,0.0
22301140,1,1,0,2024,2024-04-07,SAS,PHI,SAS,PHI,SAS,PHI,1383.340706,1507.995969,-124.6552630000001,2024,1.0
22301153,2,2,0,2024,2024-04-09,OKC,SAC,OKC,SAC,OKC,SAC,1614.159575,1560.532835,53.62673999999993,2024,1.0
22301168,0,1,0,2024,2024-04-11,UTA,HOU,UTA,HOU,UTA,HOU,1351.445563,1500.296761,-148.85119800000007,2024,0.0
22301175,1,1,0,2024,2024-04-12,NYK,BKN,NYK,BRK,NYK,BRK,1613.236105,1421.631454,191.60465099999988,2024,1.0
22301177,0,3,0,2024,2024-04-12,MEM,LAL,MEM,LAL,MEM,LAL,1324.97553,1557.109088,-232.133558,2024,0.0
22301178,0,1,0,2024,2024-04-12,MIN,ATL,MIN,ATL,MIN,ATL,1672.331732,1472.261404,200.07032800000002,2024,0.0
22301185,1,1,0,2024,2024-04-12,SAC,PHX,SAC,PHO,SAC,PHO,1541.911736,1614.259766,-72.34802999999988,2024,1.0
22301190,0,1,0,2024,2024-04-14,NYK,CHI,NYK,CHI,NYK,CHI,1614.849186,1478.011139,136.83804699999996,2024,0.0
22301198,0,1,0,2024,2024-04-14,GSW,UTA,GSW,UTA,GSW,UTA,1629.304175,1367.107898,262.196277,2024,0.0
22301203,0,3,0,2024,2023-12-05,LAL,PHX,LAL,PHO,LAL,PHO,1537.429422,1555.848674,-18.419252000000142,2024,0.0
22301208,4,4,0,2024,2023-12-06,WAS,PHI,WAS,PHI,WAS,PHI,1375.9409,1626.963444,-251.02254399999993,2024,1.0
22301214,3,3,0,2024,2023-12-06,GSW,POR,GSW,POR,GSW,POR,1532.519412,1362.959151,169.56026100000008,2024,1.0
22301222,1,2,0,2024,2023-12-08,OKC,GSW,OKC,GSW,OKC,GSW,1592.771959,1534.338599,58.43335999999999,2024,0.5
22400001,1,1,0,2025,2024-11-12,BOS,ATL,BOS,ATL,BOS,ATL,1712.006198,1434.095286,277.91091200000005,2025,1.0
22400002,0,2,0,2025,2024-11-12,DET,MIA,DET,MIA,DET,MIA,1383.120221,1516.188147,-133.06792600000017,2025,0.0
22400011,0,1,0,2025,2024-11-15,TOR,DET,TOR,DET,TOR,DET,1327.556785,1384.883142,-57.326356999999916,2025,0.0
22400040,0,1,0,2025,2024-11-29,CHA,NYK,CHO,NYK,CHO,NYK,1368.871436,1600.224637,-231.35320100000013,2025,0.0
22400048,1,1,0,2025,2024-11-29,LAL,OKC,LAL,OKC,LAL,OKC,1539.816931,1683.138102,-143.32117099999982,2025,1.0
22400050,0,1,0,2025,2024-12-03,CHA,PHI,CHO,PHI,CHO,PHI,1361.055129,1423.113308,-62.05817899999988,2025,0.0
22400056,1,1,0,2025,2024-12-03,DAL,MEM,DAL,MEM,DAL,MEM,1651.828743,1511.567757,140.260986,2025,1.0
22400063,1,1,0,2025,2024-10-23,DET,IND,DET,IND,DET,IND,1350.575419,1585.759147,-235.18372799999997,2025,1.0
22400068,1,1,0,2025,2024-10-23,HOU,CHA,HOU,CHO,HOU,CHO,1514.835023,1369.261727,145.57329600000003,2025,1.0
22400071,2,3,0,2025,2024-10-23,LAC,PHX,LAC,PHO,LAC,PHO,1509.171543,1575.287673,-66.11613000000011,2025,0.6666666666666666
22400079,0,1,0,2025,2024-10-25,ATL,CHA,ATL,CHO,ATL,CHO,1468.85504,1383.350439,85.50460099999987,2025,0.0
22400087,1,1,0,2025,2024-10-26,DEN,LAC,DEN,LAC,DEN,LAC,1602.909474,1502.866509,100.0429650000001,2025,1.0
22400089,1,1,0,2025,2024-10-26,DET,BOS,DET,BOS,DET,BOS,1343.306067,1701.602787,-358.29672000000005,2025,1.0
22400096,0,1,0,2025,2024-10-26,LAL,SAC,LAL,SAC,LAL,SAC,1578.306376,1537.691719,40.61465700000008,2025,0.0
22400097,2,3,0,2025,2024-10-27,IND,PHI,IND,PHI,IND,PHI,1575.445586,1499.96957,75.47601600000007,2025,0.6666666666666666
22400102,0,2,0,2025,2024-10-28,ORL,IND,ORL,IND,ORL,IND,1537.725045,1564.659323,-26.934278000000177,2025,0.0
22400103,1,1,0,2025,2024-10-28,ATL,WAS,ATL,WAS,ATL,WAS,1467.033071,1307.341747,159.69132400000012,2025,1.0
22400106,1,1,0,2025,2024-10-28,NYK,CLE,NYK,CLE,NYK,CLE,1572.25691,1555.507393,16.74951699999997,2025,1.0
22400107,0,2,0,2025,2024-10-28,TOR,DEN,TOR,DEN,TOR,DEN,1343.666154,1590.178138,-246.51198399999998,2025,0.0
22400108,2,3,0,2025,2024-10-28,MEM,CHI,MEM,CHI,MEM,CHI,1382.192562,1482.821027,-100.628465,2025,0.6666666666666666
22400109,0,1,0,2025,2024-10-28,SAS,HOU,SAS,HOU,SAS,HOU,1431.509267,1501.394404,-69.88513699999999,2025,0.0
22400111,1,1,0,2025,2024-10-28,PHX,LAL,PHO,LAL,PHO,LAL,1586.049552,1581.808359,4.241192999999839,2025,1.0
22400113,1,1,0,2025,2024-10-29,BKN,DEN,BRK,DEN,BRK,DEN,1439.330288,1592.780205,-153.4499169999999,2025,1.0
22400114,1,3,0,2025,2024-10-29,MIN,DAL,MIN,DAL,MIN,DAL,1625.23004,1634.80748,-9.577440000000024,2025,0.3333333333333333
22400119,0,2,0,2025,2024-10-30,IND,BOS,IND,BOS,IND,BOS,1559.922578,1706.729215,-146.80663700000014,2025,0.0
22400123,2,3,0,2025,2024-10-30,CHI,ORL,CHI,ORL,CHI,ORL,1488.398727,1542.46179,-54.06306300000006,2025,0.6666666666666666
22400129,1,1,0,2025,2024-10-31,DAL,HOU,DAL,HOU,DAL,HOU,1645.264938,1509.228989,136.03594900000007,2025,1.0
22400131,1,1,0,2025,2024-10-31,LAC,PHX,LAC,PHO,LAC,PHO,1523.446258,1590.186393,-66.74013500000001,2025,1.0
22400138,0,1,0,2025,2024-11-01,NOP,IND,NOP,IND,NOP,IND,1512.430655,1566.508451,-54.077796000000035,2025,0.0
22400143,2,2,0,2025,2024-11-02,TOR,SAC,TOR,SAC,TOR,SAC,1332.444427,1557.851446,-225.407019,2025,1.0
22400144,0,1,0,2025,2024-11-02,HOU,GSW,HOU,GSW,HOU,GSW,1524.396685,1614.2415,-89.84481500000015,2025,0.0
22400145,1,1,0,2025,2024-11-02,MIL,CLE,MIL,CLE,MIL,CLE,1485.529333,1585.87502,-100.345687,2025,1.0
22400149,1,2,0,2025,2024-11-02,PHX,POR,PHO,POR,PHO,POR,1598.888668,1354.808887,244.07978100000014,2025,0.5
22400154,1,2,0,2025,2024-11-04,CLE,MIL,CLE,MIL,CLE,MIL,1589.911793,1481.49256,108.41923300000008,2025,0.5
22400158,0,2,0,2025,2024-11-04,BKN,MEM,BRK,MEM,BRK,MEM,1431.473423,1410.294997,21.178425999999945,2025,0.0
22400169,0,3,0,2025,2024-11-06,CHA,DET,CHO,DET,CHO,DET,1364.459097,1386.558917,-22.099820000000136,2025,0.0
22400170,0,2,0,2025,2024-11-06,IND,ORL,IND,ORL,IND,ORL,1573.904056,1519.830301,54.07375500000012,2025,0.0
22400172,0,1,0,2025,2024-11-06,BOS,GSW,BOS,GSW,BOS,GSW,1720.216351,1627.385741,92.83060999999998,2025,0.0
22400178,1,2,0,2025,2024-11-06,PHX,MIA,PHO,MIA,PHO,MIA,1602.000568,1516.447838,85.55272999999988,2025,0.5
22400187,0,1,0,2025,2024-11-08,BOS,BKN,BOS,BRK,BOS,BRK,1706.462542,1434.401357,272.061185,2025,0.0
22400200,0,2,0,2025,2024-11-09,LAC,TOR,LAC,TOR,LAC,TOR,1531.369035,1336.938135,194.43089999999984,2025,0.0
22400201,1,1,0,2025,2024-11-10,DET,HOU,DET,HOU,DET,HOU,1387.205246,1530.873799,-143.66855299999997,2025,1.0
22400205,2,2,0,2025,2024-11-10,PHI,CHA,PHI,CHO,PHI,CHO,1449.449593,1390.946728,58.502865000000156,2025,1.0
22400206,0,1,0,2025,2024-11-10,MIN,MIA,MIN,MIA,MIN,MIA,1623.445569,1508.623316,114.82225300000005,2025,0.0
22400214,1,1,0,2025,2024-11-11,NOP,BKN,NOP,BRK,NOP,BRK,1446.54092,1431.462063,15.07885699999997,2025,1.0
22400217,0,1,0,2025,2024-11-13,ORL,IND,ORL,IND,ORL,IND,1536.708019,1562.822924,-26.114905000000135,2025,0.0
22400219,1,1,0,2025,2024-11-13,NYK,CHI,NYK,CHI,NYK,CHI,1579.459624,1459.352962,120.10666200000014,2025,1.0
22400223,0,1,0,2025,2024-11-13,MIL,DET,MIL,DET,MIL,DET,1478.203915,1388.554341,89.64957400000003,2025,0.0
22400225,0,1,0,2025,2024-11-13,LAL,MEM,LAL,MEM,LAL,MEM,1544.470393,1466.208813,78.2615800000001,2025,0.0
22400229,1,1,0,2025,2024-11-16,CHA,MIL,CHO,MIL,CHO,MIL,1382.093409,1481.875115,-99.78170599999999,2025,1.0
22400230,2,4,0,2025,2024-11-16,BOS,TOR,BOS,TOR,BOS,TOR,1711.135507,1320.208654,390.92685299999994,2025,0.5
22400231,1,1,0,2025,2024-11-16,NOP,LAL,NOP,LAL,NOP,LAL,1447.29277,1555.028753,-107.73598300000003,2025,1.0
22400233,2,2,0,2025,2024-11-16,SAC,UTA,SAC,UTA,SAC,UTA,1548.269284,1363.594912,184.67437199999995,2025,1.0
22400234,1,2,0,2025,2024-11-17,MIN,PHX,MIN,PHO,MIN,PHO,1588.238133,1577.867301,10.370832000000064,2025,0.5
22400239,1,1,0,2025,2024-11-17,POR,ATL,POR,ATL,POR,ATL,1375.289028,1448.347164,-73.0581360000001,2025,1.0
22400242,2,2,0,2025,2024-11-17,OKC,DAL,OKC,DAL,OKC,DAL,1679.396189,1612.118263,67.27792599999998,2025,1.0
22400248,1,1,0,2025,2024-11-18,MIL,HOU,MIL,HOU,MIL,HOU,1477.836449,1579.72656,-101.89011100000016,2025,1.0
22400251,3,3,0,2025,2024-11-18,LAC,GSW,LAC,GSW,LAC,GSW,1517.200259,1651.653443,-134.45318399999996,2025,1.0
22400260,2,3,0,2025,2024-11-21,CHA,DET,CHO,DET,CHO,DET,1381.478132,1395.633221,-14.155089000000089,2025,0.6666666666666666
22400263,0,1,0,2025,2024-11-21,LAL,ORL,LAL,ORL,LAL,ORL,1563.714718,1553.080816,10.633902000000035,2025,0.0
22400267,0,1,0,2025,2024-11-23,HOU,POR,HOU,POR,HOU,POR,1588.468086,1374.43361,214.03447600000004,2025,0.0
22400268,1,1,0,2025,2024-11-23,MIL,CHA,MIL,CHO,MIL,CHO,1502.985937,1384.904537,118.08140000000003,2025,1.0
22400273,1,1,0,2025,2024-11-24,MIA,DAL,MIA,DAL,MIA,DAL,1530.203952,1634.781397,-104.5774449999999,2025,1.0
22400286,1,1,0,2025,2024-11-27,CHA,MIA,CHO,MIA,CHO,MIA,1373.980844,1528.855472,-154.87462800000003,2025,1.0
22400294,0,2,0,2025,2024-11-27,MIN,SAC,MIN,SAC,MIN,SAC,1567.707301,1505.072582,62.634718999999905,2025,0.0
22400300,1,2,0,2025,2024-11-30,CHA,ATL,CHO,ATL,CHO,ATL,1366.534346,1471.975633,-105.4412870000001,2025,0.5
22400311,0,1,0,2025,2024-12-01,UTA,LAL,UTA,LAL,UTA,LAL,1347.291433,1532.13027,-184.838837,2025,0.0
22400313,1,1,0,2025,2024-12-01,SAC,SAS,SAC,SAS,SAC,SAS,1511.960938,1468.640571,43.32036700000003,2025,1.0
22400322,1,2,0,2025,2024-12-04,PHI,ORL,PHI,ORL,PHI,ORL,1431.955543,1591.674844,-159.71930099999986,2025,0.5
22400329,1,1,0,2025,2024-12-05,MEM,SAC,MEM,SAC,MEM,SAC,1509.200508,1513.727153,-4.526645000000144,2025,1.0
22400334,1,2,0,2025,2024-12-06,ATL,LAL,ATL,LAL,ATL,LAL,1503.836197,1503.85917,-0.02297299999986535,2025,0.5
22400352,1,2,0,2025,2024-12-08,ORL,PHX,ORL,PHO,ORL,PHO,1585.163122,1535.139852,50.02326999999991,2025,0.5
22400354,1,3,0,2025,2024-12-08,SAS,NOP,SAS,NOP,SAS,NOP,1427.60459,1376.670953,50.93363699999986,2025,0.3333333333333333
22400359,1,1,0,2025,2024-12-09,TOR,NYK,TOR,NYK,TOR,NYK,1376.830732,1596.325217,-219.49448500000017,2025,1.0
22400370,0,1,0,2025,2024-12-19,SAS,ATL,SAS,ATL,SAS,ATL,1426.749741,1490.634099,-63.88435800000002,2025,0.0
22400376,0,1,0,2025,2024-12-21,SAC,LAL,SAC,LAL,SAC,LAL,1521.99529,1524.523429,-2.52813900000001,2025,0.0
22400377,1,1,0,2025,2024-12-21,ORL,MIA,ORL,MIA,ORL,MIA,1561.988704,1550.334181,11.654523000000154,2025,1.0
22400388,0,1,0,2025,2024-12-22,TOR,HOU,TOR,HOU,TOR,HOU,1355.280656,1590.742504,-235.46184800000015,2025,0.0
22400390,1,1,0,2025,2024-12-22,NOP,DEN,NOP,DEN,NOP,DEN,1354.921074,1596.235804,-241.31472999999983,2025,1.0
22400392,1,1,0,2025,2024-12-23,CLE,UTA,CLE,UTA,CLE,UTA,1641.41405,1391.779519,249.63453100000015,2025,1.0
22400393,2,2,0,2025,2024-12-23,ORL,BOS,ORL,BOS,ORL,BOS,1567.311785,1703.981368,-136.66958299999988,2025,1.0
22400394,0,1,0,2025,2024-12-23,PHI,SAS,PHI,SAS,PHI,SAS,1445.607307,1440.999655,4.607651999999916,2025,0.0
22400399,1,1,0,2025,2024-12-23,MEM,LAC,MEM,LAC,MEM,LAC,1580.872632,1554.843691,26.02894100000003,2025,1.0
22400405,1,1,0,2025,2024-12-25,NYK,SAS,NYK,SAS,NYK,SAS,1633.856122,1436.403938,197.452184,2025,1.0
22400410,1,1,0,2025,2024-12-26,IND,OKC,IND,OKC,IND,OKC,1536.745674,1708.17003,-171.424356,2025,1.0
22400422,1,1,0,2025,2024-12-27,HOU,MIN,HOU,MIN,HOU,MIN,1608.006835,1577.098781,30.908053999999993,2025,1.0
22400429,2,2,0,2025,2024-12-28,WAS,NYK,WAS,NYK,WAS,NYK,1260.199014,1655.568829,-395.369815,2025,1.0
22400431,1,2,0,2025,2024-12-28,GSW,PHX,GSW,PHO,GSW,PHO,1539.900762,1500.120176,39.780586000000085,2025,0.5
22400433,0,1,0,2025,2024-12-28,UTA,PHI,UTA,PHI,UTA,PHI,1385.58672,1465.608886,-80.02216599999997,2025,0.0
22400436,1,1,0,2025,2024-12-29,ORL,BKN,ORL,BRK,ORL,BRK,1548.139527,1401.643821,146.49570600000015,2025,1.0
22400441,0,1,0,2025,2024-12-29,MIN,SAS,MIN,SAS,MIN,SAS,1583.238401,1447.750089,135.48831200000018,2025,0.0
22400442,1,1,0,2025,2024-12-30,CHA,CHI,CHO,CHI,CHO,CHI,1309.600049,1450.867882,-141.2678330000001,2025,1.0
22400452,1,1,0,2025,2024-12-31,OKC,MIN,OKC,MIN,OKC,MIN,1723.231026,1584.905087,138.32593899999983,2025,1.0
22400462,1,1,0,2025,2025-01-01,SAC,PHI,SAC,PHI,SAC,PHI,1484.041421,1487.410212,-3.368791000000101,2025,1.0
22400464,1,1,0,2025,2025-01-02,MIN,BOS,MIN,BOS,MIN,BOS,1581.819671,1672.790553,-90.97088200000007,2025,1.0
22400483,0,1,0,2025,2025-01-04,MIL,POR,MIL,POR,MIL,POR,1544.481329,1326.294985,218.18634399999996,2025,0.0
22400484,0,1,0,2025,2025-01-04,SAS,DEN,SAS,DEN,SAS,DEN,1484.425441,1589.344564,-104.9191229999999,2025,0.0
22400498,1,1,0,2025,2025-01-06,CHI,SAS,CHI,SAS,CHI,SAS,1454.776825,1473.61252,-18.835694999999987,2025,1.0
22400501,1,3,0,2025,2025-01-06,SAC,MIA,SAC,MIA,SAC,MIA,1531.342389,1487.811997,43.53039199999989,2025,0.3333333333333333
22400509,1,1,0,2025,2025-01-08,CLE,OKC,CLE,OKC,CLE,OKC,1696.782384,1742.40129,-45.618905999999924,2025,1.0
22400512,1,1,0,2025,2025-01-08,PHI,WAS,PHI,WAS,PHI,WAS,1478.049735,1250.52955,227.52018500000008,2025,1.0
22400521,1,1,0,2025,2025-01-09,DAL,POR,DAL,POR,DAL,POR,1591.599896,1359.709425,231.89047099999993,2025,1.0
22400526,1,1,0,2025,2025-01-10,ORL,MIL,ORL,MIL,ORL,MIL,1523.252219,1550.527836,-27.27561700000001,2025,1.0
22400532,0,1,0,2025,2025-01-28,ATL,HOU,ATL,HOU,ATL,HOU,1452.182581,1626.771642,-174.5890609999999,2025,0.0
22400535,1,1,0,2025,2025-01-11,MIN,MEM,MIN,MEM,MIN,MEM,1586.957739,1570.025982,16.931756999999834,2025,1.0
22400541,0,1,0,2025,2025-01-12,CHI,SAC,CHI,SAC,CHI,SAC,1459.280813,1565.908538,-106.62772499999983,2025,0.0
22400546,0,2,0,2025,2025-01-12,UTA,BKN,UTA,BRK,UTA,BRK,1426.831298,1348.828502,78.00279599999999,2025,0.0
22400547,0,1,0,2025,2025-01-12,PHX,CHA,PHO,CHO,PHO,CHO,1492.117938,1314.604102,177.51383600000008,2025,0.0
22400551,1,1,0,2025,2025-01-13,HOU,MEM,HOU,MEM,HOU,MEM,1598.659388,1577.085707,21.57368100000008,2025,1.0
22400561,1,1,0,2025,2025-01-15,PHI,NYK,PHI,NYK,PHI,NYK,1451.642798,1603.691742,-152.0489439999999,2025,1.0
22400566,2,3,0,2025,2025-01-15,NOP,DAL,NOP,DAL,NOP,DAL,1356.596404,1558.642131,-202.04572700000017,2025,0.6666666666666666
22400584,1,2,0,2025,2025-01-17,CHI,CHA,CHI,CHO,CHI,CHO,1421.548748,1325.504937,96.043811,2025,0.5
22400587,1,1,0,2025,2025-01-18,BOS,ATL,BOS,ATL,BOS,ATL,1654.854936,1508.111532,146.74340400000006,2025,1.0
22400601,1,3,0,2025,2025-01-20,MEM,MIN,MEM,MIN,MEM,MIN,1608.079441,1590.38182,17.697621000000026,2025,0.3333333333333333
22400605,1,1,0,2025,2025-01-20,NOP,UTA,NOP,UTA,NOP,UTA,1374.563386,1405.3406,-30.777213999999958,2025,1.0
22400606,1,2,0,2025,2025-01-21,BKN,NYK,BRK,NYK,BRK,NYK,1355.24288,1592.385971,-237.1430909999999,2025,0.5
22400615,1,1,0,2025,2025-01-22,HOU,CLE,HOU,CLE,HOU,CLE,1604.487956,1696.000491,-91.51253500000007,2025,1.0
22400620,0,1,0,2025,2025-01-22,LAC,BOS,LAC,BOS,LAC,BOS,1549.03525,1664.745725,-115.71047500000009,2025,0.0
22400623,1,1,0,2025,2025-01-23,ATL,TOR,ATL,TOR,ATL,TOR,1500.278335,1358.531339,141.74699600000008,2025,1.0
22400631,1,1,0,2025,2025-01-24,PHI,CLE,PHI,CLE,PHI,CLE,1431.038754,1692.083893,-261.04513900000006,2025,1.0
22400648,2,2,0,2025,2025-01-27,CHA,LAL,CHO,LAL,CHO,LAL,1351.833595,1533.110396,-181.27680099999998,2025,1.0
22400650,1,1,0,2025,2025-01-27,BOS,HOU,BOS,HOU,BOS,HOU,1663.370759,1619.164405,44.20635399999992,2025,1.0
22400655,1,1,0,2025,2025-01-27,CHI,DEN,CHI,DEN,CHI,DEN,1401.887642,1630.794337,-228.90669500000013,2025,1.0
22400659,1,1,0,2025,2025-01-27,PHX,LAC,PHO,LAC,PHO,LAC,1514.186301,1553.06858,-38.88227900000015,2025,1.0
22400670,1,1,0,2025,2025-01-29,NOP,DAL,NOP,DAL,NOP,DAL,1353.686904,1553.828956,-200.14205200000015,2025,1.0
22400681,0,1,0,2025,2025-01-31,PHI,DEN,PHI,DEN,PHI,DEN,1479.58407,1610.389108,-130.80503799999997,2025,0.0
22400683,2,2,0,2025,2025-01-31,NOP,BOS,NOP,BOS,NOP,BOS,1350.994476,1659.168052,-308.1735759999999,2025,1.0
22400686,0,1,0,2025,2025-02-01,IND,ATL,IND,ATL,IND,ATL,1594.324504,1444.077258,150.2472459999999,2025,0.0
22400688,1,1,0,2025,2025-02-01,CHA,DEN,CHO,DEN,CHO,DEN,1316.275126,1615.362763,-299.0876370000001,2025,1.0
22400690,2,2,0,2025,2025-02-01,MIN,WAS,MIN,WAS,MIN,WAS,1633.130569,1196.522429,436.6081399999998,2025,1.0
22400702,0,1,0,2025,2025-02-03,NYK,HOU,NYK,HOU,NYK,HOU,1606.129717,1598.202358,7.927359000000024,2025,0.0
22400707,2,2,0,2025,2025-02-03,UTA,IND,UTA,IND,UTA,IND,1381.129804,1596.569783,-215.439979,2025,1.0
22400708,1,2,0,2025,2025-02-03,GSW,ORL,GSW,ORL,GSW,ORL,1461.864192,1414.038014,47.82617800000003,2025,0.5
22400709,0,1,0,2025,2025-02-03,POR,PHX,POR,PHO,POR,PHO,1429.167348,1516.636781,-87.46943299999998,2025,0.0
22400712,0,2,0,2025,2025-02-04,PHI,DAL,PHI,DAL,PHI,DAL,1468.189633,1535.092331,-66.9026980000001,2025,0.0
22400713,1,1,0,2025,2025-02-04,TOR,NYK,TOR,NYK,TOR,NYK,1412.446992,1611.105158,-198.65816600000016,2025,1.0
22400718,0,2,0,2025,2025-02-05,DET,CLE,DET,CLE,DET,CLE,1492.039978,1687.724112,-195.68413400000009,2025,0.0
22400734,0,1,0,2025,2025-02-07,CHA,SAS,CHO,SAS,CHO,SAS,1289.171707,1468.717351,-179.54564400000004,2025,0.0
22400762,1,3,0,2025,2025-02-10,DAL,SAC,DAL,SAC,DAL,SAC,1556.209746,1518.953099,37.25664699999993,2025,0.3333333333333333
22400776,1,1,0,2025,2025-02-12,MIN,MIL,MIN,MIL,MIN,MIL,1616.628547,1511.005834,105.62271299999998,2025,1.0
22400786,0,1,0,2025,2025-02-13,DAL,MIA,DAL,MIA,DAL,MIA,1553.30697,1459.510811,93.79615899999999,2025,0.0
22400792,1,1,0,2025,2025-02-20,NYK,CHI,NYK,CHI,NYK,CHI,1609.818543,1368.686904,241.13163900000018,2025,1.0
22400798,1,1,0,2025,2025-02-21,ORL,MEM,ORL,MEM,ORL,MEM,1446.558948,1609.426694,-162.8677459999999,2025,1.0
22400799,0,1,0,2025,2025-02-21,WAS,MIL,WAS,MIL,WAS,MIL,1241.253438,1525.578904,-284.325466,2025,0.0
22400807,0,3,0,2025,2025-02-22,PHI,BKN,PHI,BRK,PHI,BRK,1426.524137,1374.512515,52.011622000000216,2025,0.0
22400814,1,2,0,2025,2025-02-23,ATL,DET,ATL,DET,ATL,DET,1456.894611,1549.529853,-92.63524200000006,2025,0.5
22400819,0,2,0,2025,2025-02-23,CLE,MEM,CLE,MEM,CLE,MEM,1723.988116,1612.586203,111.40191299999992,2025,0.0
22400832,0,1,0,2025,2025-02-25,MEM,PHX,MEM,PHO,MEM,PHO,1609.563839,1464.525605,145.03823399999987,2025,0.0
22400838,1,1,0,2025,2025-02-26,NYK,PHI,NYK,PHI,NYK,PHI,1595.450557,1381.430382,214.02017499999988,2025,1.0
22400854,1,2,0,2025,2025-02-28,MIA,IND,MIA,IND,MIA,IND,1466.879924,1578.353701,-111.47377699999993,2025,0.5
22400858,1,1,0,2025,2025-02-28,UTA,MIN,UTA,MIN,UTA,MIN,1372.287773,1614.610483,-242.32270999999992,2025,1.0
22400863,1,1,0,2025,2025-03-01,MEM,SAS,MEM,SAS,MEM,SAS,1605.534879,1437.484262,168.0506170000001,2025,1.0
22400864,1,2,0,2025,2025-03-01,PHI,GSW,PHI,GSW,PHI,GSW,1379.84516,1562.208432,-182.36327199999982,2025,0.5
22400867,0,2,0,2025,2025-03-02,CLE,POR,CLE,POR,CLE,POR,1749.660639,1480.164345,269.49629400000003,2025,0.0
22400870,1,1,0,2025,2025-03-02,ORL,TOR,ORL,TOR,ORL,TOR,1427.728481,1380.739465,46.98901599999999,2025,1.0
22400883,0,2,0,2025,2025-03-04,ORL,TOR,ORL,TOR,ORL,TOR,1420.065079,1388.402867,31.662211999999954,2025,0.0
22400884,1,1,0,2025,2025-03-04,ATL,MIL,ATL,MIL,ATL,MIL,1450.280554,1557.717451,-107.43689700000004,2025,1.0
22400894,2,2,0,2025,2025-03-05,WAS,UTA,WAS,UTA,WAS,UTA,1255.383978,1353.138352,-97.75437399999987,2025,1.0
22400901,1,2,0,2025,2025-03-06,BKN,GSW,BRK,GSW,BRK,GSW,1343.606234,1576.191057,-232.58482299999991,2025,0.5
22400903,1,4,0,2025,2025-03-06,LAL,NYK,LAL,NYK,LAL,NYK,1627.245542,1589.919781,37.32576099999983,2025,0.25
22400904,0,2,0,2025,2025-03-07,CHA,CLE,CHO,CLE,CHO,CLE,1244.750992,1757.200947,-512.449955,2025,0.0
22400907,2,2,0,2025,2025-03-07,MIA,MIN,MIA,MIN,MIA,MIN,1470.721998,1626.804257,-156.08225900000002,2025,1.0
22400909,1,1,0,2025,2025-03-07,DEN,PHX,DEN,PHO,DEN,PHO,1638.148145,1445.950455,192.1976900000002,2025,1.0
22400912,0,2,0,2025,2025-03-08,CHA,BKN,CHO,BRK,CHO,BRK,1244.233385,1340.828322,-96.59493700000007,2025,0.0
22400916,1,1,0,2025,2025-03-08,MIA,CHI,MIA,CHI,MIA,CHI,1466.837652,1397.185187,69.65246499999989,2025,1.0
22400917,1,2,0,2025,2025-03-08,MIL,ORL,MIL,ORL,MIL,ORL,1575.869521,1406.713218,169.15630299999998,2025,0.5
22400919,1,1,0,2025,2025-03-08,GSW,DET,GSW,DET,GSW,DET,1578.96897,1575.353941,3.615028999999822,2025,1.0
22400924,1,1,0,2025,2025-03-09,PHI,UTA,PHI,UTA,PHI,UTA,1371.361836,1342.363104,28.998732000000018,2025,1.0
22400930,0,1,0,2025,2025-03-10,BKN,LAL,BRK,LAL,BRK,LAL,1335.307533,1625.680077,-290.37254400000006,2025,0.0
22400931,0,1,0,2025,2025-03-10,MIA,CHA,MIA,CHO,MIA,CHO,1455.00771,1249.754174,205.25353600000017,2025,0.0
22400942,0,1,0,2025,2025-03-11,IND,MIL,IND,MIL,IND,MIL,1549.209943,1557.677825,-8.467881999999918,2025,0.0
22400944,1,1,0,2025,2025-03-06,ORL,CHI,ORL,CHI,ORL,CHI,1413.912789,1389.985616,23.92717300000004,2025,1.0
22400950,0,1,0,2025,2025-03-12,MEM,UTA,MEM,UTA,MEM,UTA,1591.485672,1337.927316,253.558356,2025,0.0
22400953,1,1,0,2025,2025-03-12,POR,NYK,POR,NYK,POR,NYK,1476.292827,1605.272146,-128.97931900000003,2025,1.0
22400968,1,2,0,2025,2025-03-15,BKN,BOS,BRK,BOS,BRK,BOS,1341.231624,1698.12922,-356.897596,2025,0.5
22400972,1,1,0,2025,2025-03-15,MIL,IND,MIL,IND,MIL,IND,1568.985702,1560.159036,8.826665999999932,2025,1.0
22400973,1,1,0,2025,2025-03-15,SAS,NOP,SAS,NOP,SAS,NOP,1414.431378,1356.162347,58.26903100000004,2025,1.0
22400975,0,1,0,2025,2025-03-15,DEN,WAS,DEN,WAS,DEN,WAS,1638.436013,1279.37676,359.0592529999999,2025,0.0
22400979,0,1,0,2025,2025-03-16,CLE,ORL,CLE,ORL,CLE,ORL,1773.510289,1431.294888,342.21540100000016,2025,0.0
22400980,1,2,0,2025,2025-03-16,POR,TOR,POR,TOR,POR,TOR,1472.67123,1414.213658,58.45757200000003,2025,0.5
22400985,0,2,0,2025,2025-03-17,HOU,PHI,HOU,PHI,HOU,PHI,1573.409118,1367.805848,205.60327000000007,2025,0.0
22400986,0,1,0,2025,2025-03-17,MIN,IND,MIN,IND,MIN,IND,1662.908927,1554.767827,108.14110000000005,2025,0.0
22401036,0,1,0,2025,2025-03-23,LAC,OKC,LAC,OKC,,,,,-155.76936,2025,0.0
22401075,1,1,0,2025,2025-03-29,WAS,BKN,WAS,BRK,,,,,-147.41665399999988,2025,1.0
22401102,1,3,0,2025,2025-04-01,DEN,MIN,DEN,MIN,,,,,24.34534799999983,2025,0.3333333333333333
22401131,0,2,0,2025,2025-04-05,MIA,MIL,MIA,MIL,,,,,31.45401300000003,2025,0.0
22401151,2,3,0,2025,2025-04-08,NYK,BOS,NYK,BOS,,,,,-47.089608,2025,0.6666666666666666
22401162,1,2,0,2025,2025-04-09,UTA,POR,UTA,POR,,,,,-61.05850699999996,2025,0.5
22401171,0,1,0,2025,2025-04-11,DET,MIL,DET,MIL,,,,,-114.9006159999999,2025,0.0
22401175,0,1,0,2025,2025-04-11,NYK,CLE,NYK,CLE,,,,,16.74951699999997,2025,0.0
22401189,0,1,0,2025,2025-04-13,CLE,IND,CLE,IND,,,,,127.06438700000012,2025,0.0
22401198,0,1,0,2025,2025-04-13,GSW,LAC,GSW,LAC,,,,,102.1706700000002,2025,0.0
22401201,1,1,0,2025,2024-12-10,MIL,ORL,MIL,ORL,MIL,ORL,1516.797794,1588.890193,-72.09239899999989,2025,1.0
22401204,1,2,0,2025,2024-12-11,HOU,GSW,HOU,GSW,HOU,GSW,1593.04596,1588.49493,4.551029999999855,2025,0.5
22401221,0,1,0,2025,2024-12-16,DET,MIA,DET,MIA,DET,MIA,1404.873584,1562.406296,-157.53271200000017,2025,0.0
22401229,0,1,0,2025,2024-12-14,MIL,ATL,MIL,ATL,,,,,49.90189199999986,2025,0.0
41400102,1,2,0,2015,2015-04-22,ATL,BKN,ATL,BRK,ATL,BRK,1597.3297,1464.5007,132.82899999999995,2015,0.5
41400104,2,4,0,2015,2015-04-27,BKN,ATL,BRK,ATL,BRK,ATL,1472.4146,1589.4159,-117.0012999999999,2015,0.5
41400105,0,1,0,2015,2015-04-29,ATL,BKN,ATL,BRK,ATL,BRK,1581.9326,1479.8978,102.03480000000013,2015,0.0
41400123,4,5,0,2015,2015-04-23,MIL,CHI,MIL,CHI,MIL,CHI,1463.8828,1591.4998,-127.61699999999996,2015,0.8
41400124,0,1,0,2015,2015-04-25,MIL,CHI,MIL,CHI,MIL,CHI,1456.3048,1599.0778,-142.77300000000014,2015,0.0
41400131,4,6,0,2015,2015-04-18,TOR,WAS,TOR,WAS,TOR,WAS,1547.5518,1508.7924,38.759399999999914,2015,0.6666666666666666
41400133,0,1,0,2015,2015-04-24,WAS,TOR,WAS,TOR,WAS,TOR,1537.7402,1518.6039,19.136299999999892,2015,0.0
41400143,2,5,0,2015,2015-04-23,NOP,GSW,NOP,GSW,NOP,GSW,1535.9929,1776.1202,-240.1273000000001,2015,0.4
41400162,1,1,0,2015,2015-04-22,LAC,SAS,LAC,SAS,LAC,SAS,1715.512,1722.6265,-7.114500000000135,2015,1.0
41400165,2,3,0,2015,2015-04-28,LAC,SAS,LAC,SAS,LAC,SAS,1710.2974,1727.8411,-17.54370000000017,2015,0.6666666666666666
41400173,2,2,0,2015,2015-04-25,POR,MEM,POR,MEM,POR,MEM,1563.23,1603.6591,-40.42910000000006,2015,1.0
41400174,2,3,0,2015,2015-04-27,POR,MEM,POR,MEM,POR,MEM,1553.7316,1613.1575,-59.425899999999956,2015,0.6666666666666666
41400201,0,1,0,2015,2015-05-03,ATL,WAS,ATL,WAS,ATL,WAS,1604.0933,1555.9502,48.143100000000004,2015,0.0
41400203,0,1,0,2015,2015-05-09,WAS,ATL,WAS,ATL,WAS,ATL,1559.8243,1600.2191,-40.39480000000003,2015,0.0
41400204,1,1,0,2015,2015-05-11,WAS,ATL,WAS,ATL,WAS,ATL,1563.6527,1596.3907,-32.73799999999983,2015,1.0
41400205,0,2,0,2015,2015-05-13,ATL,WAS,ATL,WAS,ATL,WAS,1605.2505,1554.793,50.45750000000021,2015,0.0
41400213,1,3,0,2015,2015-05-08,CHI,CLE,CHI,CLE,CHI,CLE,1617.1796,1652.8413,-35.66170000000011,2015,0.3333333333333333
41400214,1,1,0,2015,2015-05-10,CHI,CLE,CHI,CLE,CHI,CLE,1621.5231,1648.4978,-26.974699999999984,2015,1.0
41400215,0,2,0,2015,2015-05-12,CLE,CHI,CLE,CHI,CLE,CHI,1654.6924,1615.3285,39.36389999999983,2015,0.0
41400402,3,4,0,2015,2015-06-07,GSW,CLE,GSW,CLE,GSW,CLE,1806.2035,1708.1705,98.03300000000013,2015,0.75
41400403,1,2,0,2015,2015-06-09,CLE,GSW,CLE,GSW,CLE,GSW,1716.8708,1797.5032,-80.63240000000019,2015,0.5
41500101,0,1,0,2016,2016-04-17,CLE,DET,CLE,DET,CLE,DET,1642.356507,1514.63454,127.72196699999995,2016,0.0
41500103,2,2,0,2016,2016-04-22,DET,CLE,DET,CLE,DET,CLE,1506.981702,1650.009345,-143.0276429999999,2016,1.0
41500104,2,2,0,2016,2016-04-24,DET,CLE,DET,CLE,DET,CLE,1498.185623,1658.805424,-160.61980099999982,2016,1.0
41500117,1,2,0,2016,2016-05-01,TOR,IND,TOR,IND,TOR,IND,1605.928577,1546.03394,59.894636999999875,2016,0.5
41500124,1,4,0,2016,2016-04-25,CHA,MIA,CHO,MIA,CHO,MIA,1573.870616,1591.315467,-17.44485099999997,2016,0.25
41500125,2,2,0,2016,2016-04-27,MIA,CHA,MIA,CHO,MIA,CHO,1586.766617,1578.419466,8.34715099999994,2016,1.0
41500126,2,3,0,2016,2016-04-29,CHA,MIA,CHO,MIA,CHO,MIA,1585.308223,1579.87786,5.430362999999943,2016,0.6666666666666666
41500131,3,4,0,2016,2016-04-16,ATL,BOS,ATL,BOS,ATL,BOS,1605.928624,1573.581622,32.347001999999975,2016,0.75
41500133,0,1,0,2016,2016-04-22,BOS,ATL,BOS,ATL,BOS,ATL,1563.005867,1616.504379,-53.49851199999989,2016,0.0
41500134,0,4,0,2016,2016-04-24,BOS,ATL,BOS,ATL,BOS,ATL,1570.594869,1608.915377,-38.32050800000002,2016,0.0
41500143,2,4,0,2016,2016-04-21,HOU,GSW,HOU,GSW,HOU,GSW,1544.567209,1794.180558,-249.61334899999997,2016,0.5
41500162,3,4,0,2016,2016-04-18,OKC,DAL,OKC,DAL,OKC,DAL,1691.033896,1522.603288,168.4306079999999,2016,0.75
41500176,1,1,0,2016,2016-04-29,POR,LAC,POR,LAC,POR,LAC,1604.345647,1613.895519,-9.549871999999823,2016,1.0
41500211,6,7,0,2016,2016-05-03,TOR,MIA,TOR,MIA,TOR,MIA,1609.483351,1606.159705,3.3236460000000534,2016,0.8571428571428571
41500212,2,2,0,2016,2016-05-05,TOR,MIA,TOR,MIA,TOR,MIA,1598.618383,1617.024673,-18.4062899999999,2016,1.0
41500213,1,1,0,2016,2016-05-07,MIA,TOR,MIA,TOR,MIA,TOR,1612.456994,1603.186062,9.270931999999902,2016,1.0
41500214,1,3,0,2016,2016-05-09,MIA,TOR,MIA,TOR,MIA,TOR,1603.416351,1612.226705,-8.810353999999961,2016,0.3333333333333333
41500215,1,2,0,2016,2016-05-11,TOR,MIA,TOR,MIA,TOR,MIA,1606.397876,1609.24518,-2.8473039999998946,2016,0.5
41500224,3,3,0,2016,2016-05-09,POR,GSW,POR,GSW,POR,GSW,1619.134819,1792.329031,-173.19421199999988,2016,1.0
41500232,6,7,0,2016,2016-05-02,SAS,OKC,SAS,OKC,SAS,OKC,1792.527841,1699.924033,92.60380800000007,2016,0.8571428571428571
41500233,0,1,0,2016,2016-05-06,OKC,SAS,OKC,SAS,OKC,SAS,1707.109304,1785.342569,-78.23326499999985,2016,0.0
41500235,1,2,0,2016,2016-05-10,SAS,OKC,SAS,OKC,SAS,OKC,1779.700182,1712.751691,66.9484910000001,2016,0.5
41500304,1,1,0,2016,2016-05-23,TOR,CLE,TOR,CLE,TOR,CLE,1615.5416,1699.775347,-84.233747,2016,1.0
41500311,1,2,0,2016,2016-05-16,GSW,OKC,GSW,OKC,GSW,OKC,1800.291886,1733.732041,66.559845,2016,0.5
41500316,0,1,0,2016,2016-05-28,OKC,GSW,OKC,GSW,OKC,GSW,1760.931152,1773.092775,-12.161622999999963,2016,0.0
41600101,1,2,0,2017,2017-04-16,BOS,CHI,BOS,CHI,BOS,CHI,1586.548998,1518.698213,67.85078500000009,2017,0.5
41600111,0,2,0,2017,2017-04-15,CLE,IND,CLE,IND,CLE,IND,1544.969479,1525.604928,19.36455100000012,2017,0.0
41600113,1,2,0,2017,2017-04-20,IND,CLE,IND,CLE,IND,CLE,1518.516197,1552.05821,-33.542013,2017,0.5
41600114,1,2,0,2017,2017-04-23,IND,CLE,IND,CLE,IND,CLE,1509.679044,1560.895364,-51.216319999999996,2017,0.5
41600122,0,2,0,2017,2017-04-18,TOR,MIL,TOR,MIL,TOR,MIL,1577.169087,1525.461785,51.70730200000003,2017,0.0
41600126,2,3,0,2017,2017-04-27,MIL,TOR,MIL,TOR,MIL,TOR,1514.581917,1588.048955,-73.467038,2017,0.6666666666666666
41600131,2,2,0,2017,2017-04-16,WAS,ATL,WAS,ATL,WAS,ATL,1587.292796,1478.81584,108.47695599999997,2017,1.0
41600135,2,3,0,2017,2017-04-26,WAS,ATL,WAS,ATL,WAS,ATL,1567.654748,1498.453887,69.20086100000003,2017,0.6666666666666666
41600154,0,2,0,2017,2017-04-22,MEM,SAS,MEM,SAS,MEM,SAS,1488.336212,1655.033858,-166.69764600000008,2017,0.0
41600156,1,1,0,2017,2017-04-27,MEM,SAS,MEM,SAS,MEM,SAS,1490.587885,1652.782185,-162.1943000000001,2017,1.0
41600162,0,2,0,2017,2017-04-19,HOU,OKC,HOU,OKC,HOU,OKC,1613.002371,1531.365483,81.636888,2017,0.0
41600163,0,2,0,2017,2017-04-21,OKC,HOU,OKC,HOU,OKC,HOU,1528.493244,1615.874611,-87.38136699999995,2017,0.0
41600164,0,1,0,2017,2017-04-23,OKC,HOU,OKC,HOU,OKC,HOU,1533.103158,1611.264696,-78.16153800000006,2017,0.0
41600173,1,1,0,2017,2017-04-21,UTA,LAC,UTA,LAC,UTA,LAC,1618.306858,1634.451801,-16.144943000000012,2017,1.0
41600175,2,2,0,2017,2017-04-25,LAC,UTA,LAC,UTA,LAC,UTA,1637.268604,1615.490055,21.778549000000112,2017,1.0
41600176,2,2,0,2017,2017-04-28,UTA,LAC,UTA,LAC,UTA,LAC,1624.857203,1627.901456,-3.044253000000026,2017,1.0
41600202,0,1,0,2017,2017-05-02,BOS,WAS,BOS,WAS,BOS,WAS,1618.391332,1579.152055,39.2392769999999,2017,0.0
41600206,0,2,0,2017,2017-05-12,WAS,BOS,WAS,BOS,WAS,BOS,1589.529126,1608.014261,-18.485135000000128,2017,0.0
41600235,3,5,0,2017,2017-05-09,SAS,HOU,SAS,HOU,SAS,HOU,1644.322266,1636.49762,7.824645999999802,2017,0.6
41600303,0,1,0,2017,2017-05-21,CLE,BOS,CLE,BOS,CLE,BOS,1672.979549,1559.65245,113.32709899999986,2017,0.0
41600311,1,2,0,2017,2017-05-14,GSW,SAS,GSW,SAS,GSW,SAS,1821.749675,1683.196591,138.55308400000013,2017,0.5
41600403,1,2,0,2017,2017-06-07,CLE,GSW,CLE,GSW,CLE,GSW,1681.152783,1860.313175,-179.160392,2017,0.5
41700104,1,1,0,2018,2018-04-22,WAS,TOR,WAS,TOR,WAS,TOR,1499.843199,1658.444191,-158.60099200000013,2018,1.0
41700111,3,5,0,2018,2018-04-15,BOS,MIL,BOS,MIL,BOS,MIL,1575.480725,1514.049444,61.4312809999999,2018,0.6
41700114,2,3,0,2018,2018-04-22,MIL,BOS,MIL,BOS,MIL,BOS,1521.343448,1568.186721,-46.843272999999954,2018,0.6666666666666666
41700115,0,1,0,2018,2018-04-24,BOS,MIL,BOS,MIL,BOS,MIL,1564.255577,1525.274591,38.9809859999998,2018,0.0
41700124,1,1,0,2018,2018-04-21,MIA,PHI,MIA,PHI,MIA,PHI,1506.18544,1659.961725,-153.77628499999992,2018,1.0
41700134,0,1,0,2018,2018-04-22,IND,CLE,IND,CLE,IND,CLE,1575.816197,1533.158363,42.65783400000009,2018,0.0
41700135,2,2,0,2018,2018-04-25,CLE,IND,CLE,IND,CLE,IND,1543.074501,1565.900059,-22.825558,2018,1.0
41700141,1,1,0,2018,2018-04-15,HOU,MIN,HOU,MIN,HOU,MIN,1732.213741,1551.421614,180.79212699999994,2018,1.0
41700155,1,2,0,2018,2018-04-24,GSW,SAS,GSW,SAS,GSW,SAS,1601.946231,1556.190016,45.756214999999884,2018,0.5
41700161,1,2,0,2018,2018-04-14,POR,NOP,POR,NOP,POR,NOP,1614.263041,1588.290373,25.972667999999885,2018,0.5
41700176,1,1,0,2018,2018-04-27,UTA,OKC,UTA,OKC,UTA,OKC,1691.88512,1614.01343,77.87168999999994,2018,1.0
41700201,3,3,0,2018,2018-05-01,TOR,CLE,TOR,CLE,TOR,CLE,1659.669498,1537.325213,122.3442849999999,2018,1.0
41700215,2,4,0,2018,2018-05-09,BOS,PHI,BOS,PHI,BOS,PHI,1591.045139,1645.125139,-54.07999999999993,2018,0.5
41700315,0,1,0,2018,2018-05-24,HOU,GSW,HOU,GSW,HOU,GSW,1733.184472,1680.60157,52.582901999999876,2018,0.0
41700401,1,1,0,2018,2018-05-31,GSW,CLE,GSW,CLE,GSW,CLE,1709.991499,1611.343253,98.64824599999997,2018,1.0
41800111,1,2,0,2019,2019-04-13,TOR,ORL,TOR,ORL,TOR,ORL,1644.110577,1592.652024,51.45855299999994,2019,0.5
41800113,2,3,0,2019,2019-04-19,ORL,TOR,ORL,TOR,ORL,TOR,1589.411472,1647.351129,-57.9396569999999,2019,0.6666666666666666
41800124,1,2,0,2019,2019-04-20,BKN,PHI,BRK,PHI,BRK,PHI,1505.620945,1586.024348,-80.40340300000003,2019,0.5
41800132,2,3,0,2019,2019-04-17,BOS,IND,BOS,IND,BOS,IND,1591.612747,1532.407715,59.20503199999985,2019,0.6666666666666666
41800151,1,1,0,2019,2019-04-13,DEN,SAS,DEN,SAS,DEN,SAS,1595.375917,1578.035069,17.34084800000005,2019,1.0
41800157,0,1,0,2019,2019-04-27,DEN,SAS,DEN,SAS,DEN,SAS,1599.327082,1574.083904,25.243177999999943,2019,0.0
41800161,0,1,0,2019,2019-04-14,POR,OKC,POR,OKC,POR,OKC,1663.807169,1581.016001,82.79116799999997,2019,0.0
41800165,0,1,0,2019,2019-04-23,POR,OKC,POR,OKC,POR,OKC,1675.537837,1569.285333,106.25250400000004,2019,0.0
41800175,0,1,0,2019,2019-04-24,HOU,UTA,HOU,UTA,HOU,UTA,1720.423474,1629.487626,90.93584799999985,2019,0.0
41800212,0,1,0,2019,2019-04-29,TOR,PHI,TOR,PHI,TOR,PHI,1686.444617,1594.694129,91.75048800000013,2019,0.0
41800214,0,1,0,2019,2019-05-05,PHI,TOR,PHI,TOR,PHI,TOR,1622.114252,1659.024494,-36.910241999999926,2019,0.0
41800217,0,1,0,2019,2019-05-12,TOR,PHI,TOR,PHI,TOR,PHI,1670.501989,1610.636757,59.865232000000105,2019,0.0
41800221,3,3,0,2019,2019-04-28,GSW,HOU,GSW,HOU,GSW,HOU,1656.31245,1724.0711,-67.75864999999999,2019,1.0
41800223,2,2,0,2019,2019-05-04,HOU,GSW,HOU,GSW,HOU,GSW,1711.932506,1668.451044,43.48146200000019,2019,1.0
41800224,1,1,0,2019,2019-05-06,HOU,GSW,HOU,GSW,HOU,GSW,1715.777018,1664.606533,51.1704850000001,2019,1.0
41800225,1,2,0,2019,2019-05-08,GSW,HOU,GSW,HOU,GSW,HOU,1661.275346,1719.108204,-57.83285799999999,2019,0.5
41800226,2,3,0,2019,2019-05-10,HOU,GSW,HOU,GSW,HOU,GSW,1713.122678,1667.260873,45.861805000000004,2019,0.6666666666666666
41800233,1,3,0,2019,2019-05-03,POR,DEN,POR,DEN,POR,DEN,1679.275496,1601.594368,77.68112799999994,2019,0.3333333333333333
41800237,2,2,0,2019,2019-05-12,DEN,POR,DEN,POR,DEN,POR,1620.466432,1660.403432,-39.937000000000126,2019,1.0
41800303,1,4,0,2019,2019-05-19,TOR,MIL,TOR,MIL,TOR,MIL,1658.485994,1725.21599,-66.72999600000003,2019,0.25
41800305,1,1,0,2019,2019-05-23,MIL,TOR,MIL,TOR,MIL,TOR,1705.69257,1678.009415,27.683154999999942,2019,1.0
41800306,0,1,0,2019,2019-05-25,TOR,MIL,TOR,MIL,TOR,MIL,1689.651779,1694.050206,-4.398426999999856,2019,0.0
41800314,2,2,0,2019,2019-05-20,POR,GSW,POR,GSW,POR,GSW,1640.226262,1706.347072,-66.12081000000012,2019,1.0
41800402,1,1,0,2019,2019-06-02,TOR,GSW,TOR,GSW,TOR,GSW,1701.891364,1704.811887,-2.920523000000003,2019,1.0
41800405,0,1,0,2019,2019-06-10,TOR,GSW,TOR,GSW,TOR,GSW,1727.522337,1679.180914,48.34142300000008,2019,0.0
41900112,2,2,0,2020,2020-08-19,TOR,BKN,TOR,BRK,,,,,190.7647864999999,2020,1.0
41900121,1,1,0,2020,2020-08-17,BOS,PHI,BOS,PHI,,,,,27.535009500000115,2020,1.0
41900133,2,3,0,2020,2020-08-22,MIA,IND,MIA,IND,,,,,10.86517700000013,2020,0.6666666666666666
41900154,0,1,0,2020,2020-08-23,DAL,LAC,DAL,LAC,,,,,-18.52007249999997,2020,0.0
41900164,1,1,0,2020,2020-08-23,UTA,DEN,UTA,DEN,,,,,-2.465498000000025,2020,1.0
41900167,1,2,0,2020,2020-09-01,DEN,UTA,DEN,UTA,,,,,-48.715069000000085,2020,0.5
41900173,2,2,0,2020,2020-08-22,OKC,HOU,OKC,HOU,,,,,-75.131392,2020,1.0
41900174,1,1,0,2020,2020-08-24,OKC,HOU,OKC,HOU,,,,,-75.131392,2020,1.0
41900177,0,1,0,2020,2020-09-02,HOU,OKC,HOU,OKC,,,,,62.015030000000024,2020,0.0
41900202,2,3,0,2020,2020-09-02,MIL,MIA,MIL,MIA,,,,,146.38515000000007,2020,0.6666666666666666
41900204,0,2,0,2020,2020-09-06,MIA,MIL,MIA,MIL,,,,,-223.405982,2020,0.0
41900213,1,2,0,2020,2020-09-03,BOS,TOR,BOS,TOR,,,,,-29.386852499999804,2020,0.5
41900216,0,2,0,2020,2020-09-09,BOS,TOR,BOS,TOR,,,,,-29.386852499999804,2020,0.0
41900217,2,2,0,2020,2020-09-11,TOR,BOS,TOR,BOS,,,,,-6.855925999999954,2020,1.0
41900235,0,1,0,2020,2020-09-11,LAC,DEN,LAC,DEN,,,,,-42.555573000000095,2020,0.0
41900301,3,3,0,2020,2020-09-15,BOS,MIA,BOS,MIA,,,,,41.52136799999994,2020,1.0
41900304,1,3,0,2020,2020-09-23,MIA,BOS,MIA,BOS,,,,,-16.79792199999997,2020,0.3333333333333333
41900405,0,2,0,2020,2020-10-09,LAL,MIA,LAL,MIA,,,,,-25.308189000000084,2020,0.0
42000104,1,1,0,2021,2021-05-31,WAS,PHI,WAS,PHI,WAS,PHI,1484.622215,1654.373804,-169.75158899999997,2021,1.0
42000121,3,6,0,2021,2021-05-22,MIL,MIA,MIL,MIA,MIL,MIA,1621.559733,1565.159023,56.40071000000012,2021,0.5
42000131,1,1,0,2021,2021-05-23,NYK,ATL,NYK,ATL,NYK,ATL,1599.437157,1567.746732,31.690425000000005,2021,1.0
42000141,2,2,0,2021,2021-05-23,UTA,MEM,UTA,MEM,UTA,MEM,1675.0549,1571.234525,103.82037500000001,2021,1.0
42000163,1,1,0,2021,2021-05-27,POR,DEN,POR,DEN,POR,DEN,1624.770555,1626.21917,-1.448615000000018,2021,1.0
42000165,0,1,0,2021,2021-06-01,DEN,POR,DEN,POR,DEN,POR,1624.009601,1626.980124,-2.9705229999999574,2021,0.0
42000175,2,2,0,2021,2021-06-02,LAC,DAL,LAC,DAL,LAC,DAL,1629.722299,1557.391466,72.33083299999998,2021,1.0
42000201,1,3,0,2021,2021-06-06,PHI,ATL,PHI,ATL,PHI,ATL,1647.61488,1605.179234,42.43564600000013,2021,0.3333333333333333
42000204,1,2,0,2021,2021-06-14,ATL,PHI,ATL,PHI,ATL,PHI,1589.308154,1663.485959,-74.17780500000003,2021,0.5
42000205,1,1,0,2021,2021-06-16,PHI,ATL,PHI,ATL,PHI,ATL,1658.414844,1594.379269,64.03557499999988,2021,1.0
42000206,1,1,0,2021,2021-06-18,ATL,PHI,ATL,PHI,ATL,PHI,1603.645278,1649.148836,-45.50355800000011,2021,1.0
42000207,1,2,0,2021,2021-06-20,PHI,ATL,PHI,ATL,PHI,ATL,1657.651787,1595.142326,62.5094610000001,2021,0.5
42000213,0,3,0,2021,2021-06-10,MIL,BKN,MIL,BRK,MIL,BRK,1645.133339,1662.36886,-17.235521000000062,2021,0.0
42000215,1,1,0,2021,2021-06-15,BKN,MIL,BRK,MIL,BRK,MIL,1650.709107,1656.793092,-6.083984999999984,2021,1.0
42000217,1,3,0,2021,2021-06-19,BKN,MIL,BRK,MIL,BRK,MIL,1646.84925,1660.652949,-13.803699000000051,2021,0.3333333333333333
42000221,1,2,0,2021,2021-06-08,UTA,LAC,UTA,LAC,UTA,LAC,1693.616917,1634.396215,59.220702000000074,2021,0.5
42000301,2,2,0,2021,2021-06-23,MIL,ATL,MIL,ATL,MIL,ATL,1669.097223,1609.031934,60.06528899999989,2021,1.0
42000314,2,3,0,2021,2021-06-26,LAC,PHX,LAC,PHO,LAC,PHO,1679.993838,1704.866594,-24.87275599999998,2021,0.6666666666666666
42000404,3,4,0,2021,2021-07-14,MIL,PHX,MIL,PHO,MIL,PHO,1687.80102,1719.507606,-31.70658599999979,2021,0.75
42000405,2,2,0,2021,2021-07-17,PHX,MIL,PHO,MIL,PHO,MIL,1713.598424,1693.710202,19.88822200000004,2021,1.0
42100103,2,2,0,2022,2022-04-22,ATL,MIA,ATL,MIA,ATL,MIA,1567.616995,1614.555437,-46.938441999999895,2022,1.0
42100105,2,5,0,2022,2022-04-26,MIA,ATL,MIA,ATL,MIA,ATL,1634.145157,1548.027275,86.11788200000001,2022,0.4
42100111,1,2,0,2022,2022-04-17,BOS,BKN,BOS,BRK,BOS,BRK,1730.483025,1549.290766,181.19225899999992,2022,0.5
42100121,0,1,0,2022,2022-04-17,MIL,CHI,MIL,CHI,MIL,CHI,1577.357836,1461.243681,116.11415499999998,2022,0.0
42100122,1,1,0,2022,2022-04-20,MIL,CHI,MIL,CHI,MIL,CHI,1580.567338,1458.034179,122.53315900000007,2022,1.0
42100146,0,2,0,2022,2022-04-28,NOP,PHX,NOP,PHO,NOP,PHO,1552.344491,1651.286981,-98.9424899999999,2022,0.0
42100156,1,1,0,2022,2022-04-29,MIN,MEM,MIN,MEM,MIN,MEM,1564.698766,1639.215724,-74.51695799999993,2022,1.0
42100163,1,3,0,2022,2022-04-21,DEN,GSW,DEN,GSW,DEN,GSW,1534.492367,1624.815645,-90.32327799999985,2022,0.3333333333333333
42100164,2,3,0,2022,2022-04-24,DEN,GSW,DEN,GSW,DEN,GSW,1527.202606,1632.105407,-104.90280099999995,2022,0.6666666666666666
42100165,1,1,0,2022,2022-04-27,GSW,DEN,GSW,DEN,GSW,DEN,1624.940628,1534.367384,90.57324400000016,2022,1.0
42100171,0,1,0,2022,2022-04-16,DAL,UTA,DAL,UTA,DAL,UTA,1598.770266,1589.147694,9.622571999999991,2022,0.0
42100174,1,1,0,2022,2022-04-23,UTA,DAL,UTA,DAL,UTA,DAL,1582.074715,1605.843245,-23.768530000000055,2022,1.0
42100213,2,5,0,2022,2022-05-07,MIL,BOS,MIL,BOS,MIL,BOS,1625.011439,1728.765482,-103.75404299999991,2022,0.4
42100215,0,1,0,2022,2022-05-11,BOS,MIL,BOS,MIL,BOS,MIL,1733.148803,1620.628118,112.52068499999996,2022,0.0
42100231,2,3,0,2022,2022-05-01,MEM,GSW,MEM,GSW,MEM,GSW,1649.162556,1627.68775,21.474805999999944,2022,0.6666666666666666
42100232,1,1,0,2022,2022-05-03,MEM,GSW,MEM,GSW,MEM,GSW,1643.181083,1633.669222,9.511860999999953,2022,1.0
42100234,0,2,0,2022,2022-05-09,GSW,MEM,GSW,MEM,GSW,MEM,1644.971555,1631.878751,13.092804000000115,2022,0.0
42100306,2,6,0,2022,2022-05-27,BOS,MIA,BOS,MIA,BOS,MIA,1761.419199,1645.310209,116.10898999999995,2022,0.3333333333333333
42100307,2,2,0,2022,2022-05-29,MIA,BOS,MIA,BOS,MIA,BOS,1662.352474,1744.376933,-82.02445899999998,2022,1.0
42100404,1,2,0,2022,2022-06-10,BOS,GSW,BOS,GSW,BOS,GSW,1754.045814,1666.967594,87.0782200000001,2022,0.5
42200104,1,1,0,2023,2023-04-24,MIA,MIL,MIA,MIL,MIA,MIL,1562.822303,1572.997937,-10.175634000000173,2023,1.0
42200105,1,2,0,2023,2023-04-26,MIL,MIA,MIL,MIA,MIL,MIA,1568.09296,1567.727281,0.3656790000000001,2023,0.5
42200115,0,1,0,2023,2023-04-25,BOS,ATL,BOS,ATL,BOS,ATL,1686.18977,1529.113209,157.07656099999986,2023,0.0
42200144,0,2,0,2023,2023-04-23,MIN,DEN,MIN,DEN,MIN,DEN,1516.00524,1580.678137,-64.67289700000015,2023,0.0
42200145,1,1,0,2023,2023-04-25,DEN,MIN,DEN,MIN,DEN,MIN,1573.919968,1522.763409,51.156559000000016,2023,1.0
42200154,1,1,0,2023,2023-04-24,LAL,MEM,LAL,MEM,LAL,MEM,1596.152292,1579.841187,16.311104999999998,2023,1.0
42200161,1,1,0,2023,2023-04-15,SAC,GSW,SAC,GSW,SAC,GSW,1538.309857,1603.339713,-65.02985600000011,2023,1.0
42200164,1,1,0,2023,2023-04-23,GSW,SAC,GSW,SAC,GSW,SAC,1598.940035,1542.709535,56.23050000000012,2023,1.0
42200165,2,3,0,2023,2023-04-26,SAC,GSW,SAC,GSW,SAC,GSW,1540.631517,1601.018053,-60.38653599999998,2023,0.6666666666666666
42200171,1,1,0,2023,2023-04-16,PHX,LAC,PHO,LAC,PHO,LAC,1575.214725,1548.601354,26.613371000000143,2023,1.0
42200173,1,1,0,2023,2023-04-20,LAC,PHX,LAC,PHO,LAC,PHO,1550.799118,1573.016961,-22.21784300000013,2023,1.0
42200175,0,1,0,2023,2023-04-25,PHX,LAC,PHO,LAC,PHO,LAC,1596.462278,1527.353801,69.108477,2023,0.0
42200206,3,3,0,2023,2023-05-12,MIA,NYK,MIA,NYK,MIA,NYK,1594.293722,1599.471979,-5.1782570000000305,2023,1.0
42200211,1,3,0,2023,2023-05-01,BOS,PHI,BOS,PHI,BOS,PHI,1684.154846,1661.284273,22.870572999999922,2023,0.3333333333333333
42200214,1,1,0,2023,2023-05-07,PHI,BOS,PHI,BOS,PHI,BOS,1640.472035,1704.967084,-64.49504900000011,2023,1.0
42200224,1,1,0,2023,2023-05-07,PHX,DEN,PHO,DEN,PHO,DEN,1587.95629,1589.106012,-1.1497219999998833,2023,1.0
42200231,1,1,0,2023,2023-05-02,GSW,LAL,GSW,LAL,GSW,LAL,1604.562187,1607.711336,-3.1491490000000795,2023,1.0
42200234,0,2,0,2023,2023-05-08,LAL,GSW,LAL,GSW,LAL,GSW,1617.56415,1594.709373,22.854777000000013,2023,0.0
42200302,1,1,0,2023,2023-05-19,BOS,MIA,BOS,MIA,BOS,MIA,1689.885523,1614.064061,75.82146199999988,2023,1.0
42200306,2,2,0,2023,2023-05-27,MIA,BOS,MIA,BOS,MIA,BOS,1617.793049,1686.156535,-68.36348599999997,2023,1.0
42200312,1,4,0,2023,2023-05-18,DEN,LAL,DEN,LAL,DEN,LAL,1625.10583,1616.380153,8.725676999999905,2023,0.25
42200314,1,3,0,2023,2023-05-22,LAL,DEN,LAL,DEN,LAL,DEN,1597.341934,1644.144049,-46.80211499999996,2023,0.3333333333333333
42200402,0,1,0,2023,2023-06-04,DEN,MIA,DEN,MIA,DEN,MIA,1656.989505,1633.326917,23.662587999999914,2023,0.0
42200405,2,4,0,2023,2023-06-12,DEN,MIA,DEN,MIA,DEN,MIA,1681.904778,1608.411644,73.49313400000005,2023,0.5
42300111,2,2,0,2024,2024-04-20,NYK,PHI,NYK,PHI,NYK,PHI,1616.233538,1536.124864,80.10867400000006,2024,1.0
42300112,3,4,0,2024,2024-04-22,NYK,PHI,NYK,PHI,NYK,PHI,1620.083263,1532.275139,87.8081239999999,2024,0.75
42300114,1,2,0,2024,2024-04-28,PHI,NYK,PHI,NYK,PHI,NYK,1540.53167,1611.826732,-71.29506199999992,2024,0.5
42300115,1,4,0,2024,2024-04-30,NYK,PHI,NYK,PHI,NYK,PHI,1619.623251,1532.735151,86.8880999999999,2024,0.25
42300123,2,2,0,2024,2024-04-26,IND,MIL,IND,MIL,IND,MIL,1603.694192,1524.380196,79.31399599999986,2024,1.0
42300135,1,1,0,2024,2024-04-30,CLE,ORL,CLE,ORL,CLE,ORL,1505.07528,1540.75351,-35.678229999999985,2024,1.0
42300141,0,1,0,2024,2024-04-21,OKC,NOP,OKC,NOP,OKC,NOP,1651.335048,1595.044384,56.29066399999988,2024,0.0
42300152,1,1,0,2024,2024-04-22,DEN,LAL,DEN,LAL,DEN,LAL,1668.56182,1587.453527,81.108293,2024,1.0
42300155,0,1,0,2024,2024-04-29,DEN,LAL,DEN,LAL,DEN,LAL,1668.485254,1587.530094,80.95515999999998,2024,0.0
42300172,1,2,0,2024,2024-04-23,LAC,DAL,LAC,DAL,LAC,DAL,1541.932945,1590.780841,-48.84789599999999,2024,0.5
42300211,2,4,0,2024,2024-05-06,NYK,IND,NYK,IND,NYK,IND,1612.505753,1602.829458,9.676294999999982,2024,0.5
42300213,1,1,0,2024,2024-05-10,IND,NYK,IND,NYK,IND,NYK,1592.800736,1622.534476,-29.733740000000125,2024,1.0
42300223,2,2,0,2024,2024-05-11,DAL,OKC,DAL,OKC,DAL,OKC,1630.760343,1683.069569,-52.30922600000008,2024,1.0
42300224,2,3,0,2024,2024-05-13,DAL,OKC,DAL,OKC,DAL,OKC,1636.021289,1677.808622,-41.78733299999999,2024,0.6666666666666666
42300226,1,2,0,2024,2024-05-18,DAL,OKC,DAL,OKC,DAL,OKC,1647.242099,1666.587813,-19.345714000000044,2024,0.5
42300301,0,2,0,2024,2024-05-21,BOS,IND,BOS,IND,BOS,IND,1731.199754,1631.554201,99.64555300000006,2024,0.0
42300311,1,2,0,2024,2024-05-22,MIN,DAL,MIN,DAL,MIN,DAL,1704.042533,1650.173095,53.869437999999946,2024,0.5
42300312,0,1,0,2024,2024-05-24,MIN,DAL,MIN,DAL,MIN,DAL,1695.014825,1659.200803,35.81402200000002,2024,0.0
42300314,1,2,0,2024,2024-05-28,DAL,MIN,DAL,MIN,DAL,MIN,1672.60378,1681.611848,-9.008068000000094,2024,0.5
42300403,1,2,0,2024,2024-06-12,DAL,BOS,DAL,BOS,DAL,BOS,1677.064324,1761.624922,-84.56059800000003,2024,0.5
42400113,0,1,0,2025,2025-04-25,ORL,BOS,ORL,BOS,,,,,-136.66958299999988,2025,0.0
42400122,0,2,0,2025,2025-04-21,NYK,DET,NYK,DET,,,,,193.4572549999998,2025,0.0
42400123,0,1,0,2025,2025-04-24,DET,NYK,DET,NYK,,,,,-212.6791639999999,2025,0.0
42400124,0,1,0,2025,2025-04-27,DET,NYK,DET,NYK,,,,,-212.6791639999999,2025,0.0
42400125,0,1,0,2025,2025-04-29,NYK,DET,NYK,DET,,,,,193.4572549999998,2025,0.0
42400135,0,1,0,2025,2025-04-29,IND,MIL,IND,MIL,,,,,-4.470800000000054,2025,0.0
42400143,0,1,0,2025,2025-04-24,MEM,OKC,MEM,OKC,,,,,-144.9694324999998,2025,0.0
42400164,0,1,0,2025,2025-04-27,MIN,LAL,MIN,LAL,,,,,61.1781840000001,2025,0.0
42400165,0,1,0,2025,2025-04-30,LAL,MIN,LAL,MIN,,,,,-35.31931150000014,2025,0.0
42400171,0,1,0,2025,2025-04-19,DEN,LAC,DEN,LAC,,,,,67.82233066666686,2025,0.0
42400172,0,1,0,2025,2025-04-21,DEN,LAC,DEN,LAC,,,,,67.82233066666686,2025,0.0
42400174,0,1,0,2025,2025-04-26,LAC,DEN,LAC,DEN,,,,,-33.800835000000006,2025,0.0
42400202,1,3,0,2025,2025-05-06,CLE,IND,CLE,IND,,,,,127.06438700000012,2025,0.3333333333333333
42400205,0,2,0,2025,2025-05-13,CLE,IND,CLE,IND,,,,,127.06438700000012,2025,0.0
42400223,0,1,0,2025,2025-05-09,DEN,OKC,DEN,OKC,,,,,-43.85299799999984,2025,0.0
52000131,1,2,0,2021,2021-05-19,MEM,SAS,MEM,SAS,MEM,SAS,1559.102257,1471.274687,87.82756999999992,2021,0.5
52000211,2,3,0,2021,2021-05-21,GSW,MEM,GSW,MEM,GSW,MEM,1546.361702,1561.887367,-15.525665000000117,2021,0.6666666666666666
52100121,1,1,0,2022,2022-04-12,MIN,LAC,MIN,LAC,MIN,LAC,1561.909407,1537.785097,24.12431000000015,2022,1.0
52100211,1,1,0,2022,2022-04-15,LAC,NOP,LAC,NOP,LAC,NOP,1533.577886,1521.927966,11.649920000000066,2022,1.0
52200111,2,2,0,2023,2023-04-12,TOR,CHI,TOR,CHI,TOR,CHI,1569.686512,1541.762118,27.924393999999893,2023,1.0
52200121,0,2,0,2023,2023-04-11,LAL,MIN,LAL,MIN,LAL,MIN,1571.343079,1539.803364,31.539714999999887,2023,0.0
52200131,0,3,0,2023,2023-04-12,NOP,OKC,NOP,OKC,NOP,OKC,1540.227457,1518.857459,21.369997999999896,2023,0.0
52300101,0,1,0,2024,2024-04-17,PHI,MIA,PHI,MIA,PHI,MIA,1533.14608,1556.277236,-23.13115599999992,2024,0.0
52400121,0,4,0,2025,2025-04-15,GSW,MEM,GSW,MEM,,,,,76.60868950000008,2025,0.0
52400201,0,1,0,2025,2025-04-18,ATL,MIA,ATL,MIA,,,,,-41.485541999999896,2025,0.0
