attendance,away,away_score,away_team,date,gid,home,home_score,home_team,national_tv,playoff,season,beta,delta,home_IC,home_INC,away_IC,away_INC,n_plays,whos_favored,spread,id_spread,home_fav,home_covered,score_diff,period,nwg,ar,nwg_direction,spread_signed,cover_check,id_spread_match,score_home_match,score_away_match
18345,CLE,103,Cavaliers,2015-03-01,21400883,HOU,105,Rockets,NBATV,0,2015,1,2,0,1,0,2,21,home,0.0,1.0,True,1.0,2.0,Pre-COVID,-1,0.3333333333333333,NWG < 0,-0.0,1.0,True,True,True
18624,GSW,106,Warriors,2015-03-01,21400880,BOS,101,Celtics,no,0,2015,2,0,0,2,0,0,9,away,8.0,0.0,False,1.0,-5.0,Pre-COVID,2,1.0,NWG > 0,8.0,1.0,True,True,True
13109,NOP,99,Pelicans,2015-03-01,21400884,DEN,92,Nuggets,no,0,2015,0,1,0,0,0,1,13,away,4.5,1.0,False,0.0,-7.0,Pre-COVID,-1,0.0,NWG < 0,4.5,0.0,True,True,True
17732,GSW,108,Warriors,2015-03-02,21400886,BKN,110,Nets,no,0,2015,0,0,0,0,0,0,8,away,5.5,0.0,False,1.0,2.0,Pre-COVID,0,,NWG = 0,5.5,1.0,True,True,True
18239,LAC,110,Clippers,2015-03-02,21400888,MIN,105,Timberwolves,no,0,2015,2,2,0,1,1,2,15,away,6.5,0.0,False,1.0,-5.0,Pre-COVID,0,0.5,NWG = 0,6.5,1.0,True,True,True
18968,HOU,96,Rockets,2015-03-03,21400892,ATL,104,Hawks,no,0,2015,0,0,0,0,0,0,11,home,8.5,0.0,True,0.0,8.0,Pre-COVID,0,,NWG = 0,-8.5,0.0,True,True,True
16947,LAL,103,Lakers,2015-03-03,21400890,CHA,104,Hornets,no,0,2015,0,0,0,0,0,1,11,home,9.0,0.0,True,0.0,1.0,Pre-COVID,0,,NWG = 0,-9.0,0.0,True,True,True
21468,WAS,92,Wizards,2015-03-03,21400893,CHI,97,Bulls,no,0,2015,0,4,1,0,0,3,9,away,1.5,0.0,False,1.0,5.0,Pre-COVID,-4,0.0,NWG < 0,1.5,1.0,True,True,True
19800,CLE,120,Cavaliers,2015-03-04,21400900,TOR,112,Raptors,no,0,2015,0,0,0,0,0,0,7,away,4.5,1.0,False,0.0,-8.0,Pre-COVID,0,,NWG = 0,4.5,0.0,True,True,True
16925,DET,85,Pistons,2015-03-04,21400903,NOP,88,Pelicans,no,0,2015,0,0,0,0,0,0,6,home,5.0,0.0,True,0.0,3.0,Pre-COVID,0,,NWG = 0,-5.0,0.0,True,True,True
19600,LAL,94,Lakers,2015-03-04,21400905,MIA,100,Heat,ESPN,0,2015,1,0,0,0,1,0,7,home,9.5,0.0,True,0.0,6.0,Pre-COVID,1,1.0,NWG > 0,-9.5,0.0,True,True,True
18224,MEM,102,Grizzlies,2015-03-04,21400901,HOU,100,Rockets,no,0,2015,0,2,0,0,0,3,10,home,3.0,0.0,True,0.0,-2.0,Pre-COVID,-2,0.0,NWG < 0,-3.0,0.0,True,True,True
18203,PHI,118,76ers,2015-03-04,21400904,OKC,123,Thunder,no,0,2015,1,0,0,1,0,0,23,home,15.0,0.0,True,0.0,5.0,Pre-COVID,1,1.0,NWG > 0,-15.0,0.0,True,True,True
19060,POR,98,Trail Blazers,2015-03-04,21400908,LAC,93,Clippers,ESPN,0,2015,4,1,0,4,0,1,17,away,1.5,1.0,False,0.0,-5.0,Pre-COVID,3,0.8,NWG > 0,1.5,0.0,True,True,True
21696,OKC,105,Thunder,2015-03-05,21400909,CHI,108,Bulls,TNT,0,2015,0,0,0,0,0,1,13,away,1.5,0.0,False,1.0,3.0,Pre-COVID,0,,NWG = 0,1.5,1.0,True,True,True
17399,LAL,90,Lakers,2015-03-06,21400918,MEM,97,Grizzlies,no,0,2015,0,1,1,0,0,1,14,home,10.0,0.0,True,0.0,7.0,Pre-COVID,-1,0.0,NWG < 0,-10.0,0.0,True,True,True
20356,MIA,97,Heat,2015-03-06,21400920,WAS,99,Wizards,ESPN,0,2015,0,0,0,0,0,0,6,home,6.0,0.0,True,0.0,2.0,Pre-COVID,0,,NWG = 0,-6.0,0.0,True,True,True
16445,PHX,108,Suns,2015-03-06,21400916,BKN,100,Nets,no,0,2015,2,2,0,2,0,3,18,home,2.0,0.0,True,0.0,-8.0,Pre-COVID,0,0.5,NWG = 0,-2.0,0.0,True,True,True
15112,SAC,114,Kings,2015-03-06,21400913,ORL,119,Magic,no,0,2015,1,0,0,1,0,0,11,away,3.0,0.0,False,1.0,5.0,Pre-COVID,1,1.0,NWG > 0,3.0,1.0,True,True,True
17624,ATL,84,Hawks,2015-03-07,21400927,PHI,92,76ers,no,0,2015,0,0,0,0,0,0,5,away,7.5,0.0,False,1.0,8.0,Pre-COVID,0,,NWG = 0,7.5,1.0,True,True,True
19812,IND,92,Pacers,2015-03-07,21400926,NYK,86,Knicks,no,0,2015,0,1,0,0,0,1,3,away,8.5,0.0,False,1.0,-6.0,Pre-COVID,-1,0.0,NWG < 0,8.5,1.0,True,True,True
17346,MEM,89,Grizzlies,2015-03-07,21400923,NOP,95,Pelicans,no,0,2015,1,1,0,1,0,1,12,home,1.5,1.0,True,1.0,6.0,Pre-COVID,0,0.5,NWG = 0,-1.5,1.0,True,True,True
19600,SAC,109,Kings,2015-03-07,21400925,MIA,114,Heat,no,0,2015,0,1,1,0,0,0,20,away,1.0,0.0,False,1.0,5.0,Pre-COVID,-1,0.0,NWG < 0,1.0,1.0,True,True,True
16216,WAS,85,Wizards,2015-03-07,21400929,MIL,91,Bucks,no,0,2015,1,0,0,0,1,0,8,home,4.0,1.0,True,1.0,6.0,Pre-COVID,1,1.0,NWG > 0,-4.0,1.0,True,True,True
12218,NOP,114,Pelicans,2015-03-09,21400942,MIL,103,Bucks,no,0,2015,1,0,0,1,0,0,10,away,1.5,1.0,False,0.0,-11.0,Pre-COVID,1,1.0,NWG > 0,1.5,0.0,True,True,True
17771,DET,85,Pistons,2015-03-10,21400951,LAL,93,Lakers,no,0,2015,0,1,0,0,0,1,9,away,3.5,0.0,False,1.0,8.0,Pre-COVID,-1,0.0,NWG < 0,3.5,1.0,True,True,True
17121,NYK,82,Knicks,2015-03-10,21400950,UTA,87,Jazz,no,0,2015,0,0,0,0,0,0,13,home,13.0,0.0,True,0.0,5.0,Pre-COVID,0,,NWG = 0,-13.0,0.0,True,True,True
12400,CHI,104,Bulls,2015-03-11,21400953,PHI,95,76ers,no,0,2015,3,1,0,2,1,1,17,away,6.5,1.0,False,0.0,-9.0,Pre-COVID,2,0.75,NWG > 0,6.5,0.0,True,True,True
17135,MEM,92,Grizzlies,2015-03-11,21400954,BOS,95,Celtics,no,0,2015,0,1,0,0,0,2,13,away,6.5,0.0,False,1.0,3.0,Pre-COVID,-1,0.0,NWG < 0,6.5,1.0,True,True,True
12593,ORL,91,Magic,2015-03-11,21400956,MIL,97,Bucks,no,0,2015,0,0,0,0,0,0,7,home,8.0,0.0,True,0.0,6.0,Pre-COVID,0,,NWG = 0,-8.0,0.0,True,True,True
18581,CLE,128,Cavaliers,2015-03-12,21400964,SAS,125,Spurs,TNT,0,2015,2,0,0,2,0,0,26,away,1.5,1.0,False,0.0,-3.0,Pre-COVID,2,1.0,NWG > 0,1.5,0.0,True,True,True
15729,MIL,103,Bucks,2015-03-12,21400962,IND,109,Pacers,no,0,2015,1,1,0,0,1,2,25,home,7.0,0.0,True,0.0,6.0,Pre-COVID,0,0.5,NWG = 0,-7.0,0.0,True,True,True
18624,ORL,88,Magic,2015-03-13,21400969,BOS,95,Celtics,no,0,2015,0,2,0,0,0,2,12,home,5.0,1.0,True,1.0,7.0,Pre-COVID,-2,0.0,NWG < 0,-5.0,1.0,True,True,True
19911,DET,85,Pistons,2015-03-14,21400980,UTA,88,Jazz,no,0,2015,0,1,0,0,0,1,3,home,8.0,0.0,True,0.0,3.0,Pre-COVID,-1,0.0,NWG < 0,-8.0,0.0,True,True,True
18203,CHI,100,Bulls,2015-03-15,21400982,OKC,109,Thunder,ABC,0,2015,1,0,0,1,0,0,13,home,7.0,1.0,True,1.0,9.0,Pre-COVID,1,1.0,NWG > 0,-7.0,1.0,True,True,True
17248,DEN,118,Nuggets,2015-03-15,21400984,NOP,111,Pelicans,no,0,2015,6,1,0,6,0,4,34,home,7.5,0.0,True,0.0,-7.0,Pre-COVID,5,0.8571428571428571,NWG > 0,-7.5,0.0,True,True,True
19211,HOU,100,Rockets,2015-03-15,21400983,LAC,98,Clippers,ABC,0,2015,1,0,0,1,0,0,16,home,5.0,0.0,True,0.0,-2.0,Pre-COVID,1,1.0,NWG > 0,-5.0,0.0,True,True,True
16835,ATL,110,Hawks,2015-03-16,21400998,SAC,103,Kings,no,0,2015,1,0,0,1,0,0,11,away,4.5,1.0,False,0.0,-7.0,Pre-COVID,1,1.0,NWG > 0,4.5,0.0,True,True,True
19596,LAL,105,Lakers,2015-03-16,21400999,GSW,108,Warriors,ESPN,0,2015,1,1,1,1,0,0,8,home,18.0,0.0,True,0.0,3.0,Pre-COVID,0,0.5,NWG = 0,-18.0,0.0,True,True,True
20231,OKC,115,Thunder,2015-03-16,21400996,DAL,119,Mavericks,no,0,2015,0,0,0,0,0,0,17,home,6.5,0.0,True,0.0,4.0,Pre-COVID,0,,NWG = 0,-6.5,0.0,True,True,True
17881,MIL,84,Bucks,2015-03-17,21401003,NOP,85,Pelicans,no,0,2015,0,2,0,0,0,2,9,home,7.0,0.0,True,0.0,1.0,Pre-COVID,-2,0.0,NWG < 0,-7.0,0.0,True,True,True
19812,SAS,100,Spurs,2015-03-17,21401001,NYK,104,Knicks,no,0,2015,3,2,0,3,0,4,29,away,15.0,0.0,False,1.0,4.0,Pre-COVID,1,0.6,NWG > 0,15.0,1.0,True,True,True
19800,MIN,100,Timberwolves,2015-03-18,21401008,TOR,105,Raptors,no,0,2015,0,0,0,0,0,0,5,home,11.0,0.0,True,0.0,5.0,Pre-COVID,0,,NWG = 0,-11.0,0.0,True,True,True
20294,ORL,102,Magic,2015-03-18,21401012,DAL,107,Mavericks,no,0,2015,1,1,0,1,0,1,17,home,12.5,0.0,True,0.0,5.0,Pre-COVID,0,0.5,NWG = 0,-12.5,0.0,True,True,True
19621,POR,104,Trail Blazers,2015-03-18,21401007,MIA,108,Heat,no,0,2015,0,0,0,0,0,0,5,away,2.5,0.0,False,1.0,4.0,Pre-COVID,0,,NWG = 0,2.5,1.0,True,True,True
19812,MIN,95,Timberwolves,2015-03-19,21401016,NYK,92,Knicks,no,0,2015,1,3,1,1,0,4,23,home,2.0,0.0,True,0.0,-3.0,Pre-COVID,-2,0.25,NWG < 0,-2.0,0.0,True,True,True
18055,NOP,72,Pelicans,2015-03-19,21401018,PHX,74,Suns,no,0,2015,1,1,0,1,0,2,12,home,3.0,0.0,True,0.0,2.0,Pre-COVID,0,0.5,NWG = 0,-3.0,0.0,True,True,True
17407,UTA,80,Jazz,2015-03-19,21401019,LAL,73,Lakers,no,0,2015,0,0,0,0,0,0,7,away,4.5,1.0,False,0.0,-7.0,Pre-COVID,0,,NWG = 0,4.5,0.0,True,True,True
20562,IND,92,Pacers,2015-03-20,21401023,CLE,95,Cavaliers,no,0,2015,0,1,0,0,0,1,8,home,10.5,0.0,True,0.0,3.0,Pre-COVID,-1,0.0,NWG < 0,-10.5,0.0,True,True,True
16272,MIL,127,Bucks,2015-03-20,21401022,BKN,129,Nets,no,0,2015,4,1,0,4,0,1,47,home,2.0,2.0,True,,2.0,Pre-COVID,3,0.8,NWG > 0,-2.0,0.0,False,True,True
17435,DAL,92,Mavericks,2015-03-22,21401046,PHX,98,Suns,no,0,2015,3,5,1,3,0,4,19,away,4.5,0.0,False,1.0,6.0,Pre-COVID,-2,0.375,NWG < 0,4.5,1.0,True,True,True
18624,DET,105,Pistons,2015-03-22,21401043,BOS,97,Celtics,no,0,2015,3,1,0,3,0,2,28,home,5.5,0.0,True,0.0,-8.0,Pre-COVID,2,0.75,NWG > 0,-5.5,0.0,True,True,True
19911,MIN,106,Timberwolves,2015-03-23,21401052,UTA,104,Jazz,no,0,2015,1,0,0,1,0,2,30,home,10.5,0.0,True,0.0,-2.0,Pre-COVID,1,1.0,NWG > 0,-10.5,0.0,True,True,True
12313,MIA,88,Heat,2015-03-24,21401055,MIL,89,Bucks,no,0,2015,0,0,0,0,0,1,10,away,2.0,0.0,False,1.0,1.0,Pre-COVID,0,,NWG = 0,2.0,1.0,True,True,True
16636,PHI,106,76ers,2015-03-24,21401058,SAC,107,Kings,no,0,2015,1,1,0,1,0,1,12,home,8.5,0.0,True,0.0,1.0,Pre-COVID,0,0.5,NWG = 0,-8.5,0.0,True,True,True
14420,TOR,104,Raptors,2015-03-24,21401054,DET,108,Pistons,no,0,2015,0,1,0,0,0,1,13,away,4.0,0.0,False,1.0,4.0,Pre-COVID,-1,0.0,NWG < 0,4.0,1.0,True,True,True
15091,BKN,91,Nets,2015-03-25,21401060,CHA,88,Hornets,no,0,2015,0,1,0,0,0,1,12,home,3.5,0.0,True,0.0,-3.0,Pre-COVID,-1,0.0,NWG < 0,-3.5,0.0,True,True,True
18514,IND,103,Pacers,2015-03-25,21401063,WAS,101,Wizards,no,0,2015,1,0,0,1,0,0,6,home,3.0,0.0,True,0.0,-2.0,Pre-COVID,1,1.0,NWG > 0,-3.0,0.0,True,True,True
13438,LAL,101,Lakers,2015-03-25,21401067,MIN,99,Timberwolves,no,0,2015,3,2,0,3,1,2,21,home,1.0,0.0,True,0.0,-2.0,Pre-COVID,1,0.6,NWG > 0,-1.0,0.0,True,True,True
14068,PHI,99,76ers,2015-03-25,21401069,DEN,85,Nuggets,no,0,2015,2,0,0,2,0,0,12,home,11.5,0.0,True,0.0,-14.0,Pre-COVID,2,1.0,NWG > 0,-11.5,0.0,True,True,True
19911,POR,92,Trail Blazers,2015-03-25,21401070,UTA,89,Jazz,no,0,2015,2,0,0,2,0,0,13,home,1.5,0.0,True,0.0,-3.0,Pre-COVID,2,1.0,NWG > 0,-1.5,0.0,True,True,True
15366,IND,107,Pacers,2015-03-26,21401073,MIL,111,Bucks,no,0,2015,0,0,0,0,0,1,11,home,4.0,2.0,True,,4.0,Pre-COVID,0,,NWG = 0,-4.0,0.0,False,True,True
19812,BOS,96,Celtics,2015-03-27,21401079,NYK,92,Knicks,no,0,2015,0,0,0,0,0,0,12,away,11.0,0.0,False,1.0,-4.0,Pre-COVID,0,,NWG = 0,11.0,1.0,True,True,True
18441,CHA,107,Hornets,2015-03-27,21401076,WAS,110,Wizards,no,0,2015,2,2,0,2,0,3,36,home,5.0,0.0,True,0.0,3.0,Pre-COVID,0,0.5,NWG = 0,-5.0,0.0,True,True,True
17219,POR,87,Trail Blazers,2015-03-27,21401086,PHX,81,Suns,no,0,2015,1,0,0,1,0,0,6,away,1.0,1.0,False,0.0,-6.0,Pre-COVID,1,1.0,NWG > 0,1.0,0.0,True,True,True
17358,DAL,99,Mavericks,2015-03-29,21401099,IND,104,Pacers,no,0,2015,1,2,0,1,0,2,10,home,2.5,1.0,True,1.0,5.0,Pre-COVID,-1,0.3333333333333333,NWG < 0,-2.5,1.0,True,True,True
17732,LAL,99,Lakers,2015-03-29,21401093,BKN,107,Nets,no,0,2015,2,0,0,2,0,0,5,home,8.0,2.0,True,,8.0,Pre-COVID,2,1.0,NWG > 0,-8.0,0.0,False,True,True
20562,PHI,86,76ers,2015-03-29,21401092,CLE,87,Cavaliers,no,0,2015,1,0,0,1,0,0,11,home,17.0,0.0,True,0.0,1.0,Pre-COVID,1,1.0,NWG > 0,-17.0,0.0,True,True,True
19800,HOU,96,Rockets,2015-03-30,21401104,TOR,99,Raptors,NBATV,0,2015,1,0,0,1,0,0,8,home,2.0,1.0,True,1.0,3.0,Pre-COVID,1,1.0,NWG > 0,-2.0,1.0,True,True,True
13501,LAL,113,Lakers,2015-03-30,21401102,PHI,111,76ers,no,0,2015,1,0,0,1,0,1,20,home,5.0,0.0,True,0.0,-2.0,Pre-COVID,1,1.0,NWG > 0,-5.0,0.0,True,True,True
19601,GSW,110,Warriors,2015-03-31,21401111,LAC,106,Clippers,TNT,0,2015,0,0,0,0,0,0,15,home,3.5,0.0,True,0.0,-4.0,Pre-COVID,0,,NWG = 0,-3.5,0.0,True,True,True
16756,IND,106,Pacers,2015-03-31,21401108,BKN,111,Nets,no,0,2015,0,2,0,0,0,2,12,away,1.5,0.0,False,1.0,5.0,Pre-COVID,-2,0.0,NWG < 0,1.5,1.0,True,True,True
19812,BKN,100,Nets,2015-04-01,21401116,NYK,98,Knicks,no,0,2015,0,0,0,0,0,0,3,away,9.5,0.0,False,1.0,-2.0,Pre-COVID,0,,NWG = 0,9.5,1.0,True,True,True
15215,CHI,91,Bulls,2015-04-01,21401118,MIL,95,Bucks,no,0,2015,1,1,0,1,0,1,10,away,5.0,0.0,False,1.0,4.0,Pre-COVID,0,0.5,NWG = 0,5.0,1.0,True,True,True
18203,DAL,135,Mavericks,2015-04-01,21401120,OKC,131,Thunder,no,0,2015,1,1,1,1,0,0,14,home,3.0,0.0,True,0.0,-4.0,Pre-COVID,0,0.5,NWG = 0,-3.0,0.0,True,True,True
18312,SAC,111,Kings,2015-04-01,21401117,HOU,115,Rockets,no,0,2015,1,0,0,1,0,1,11,home,10.5,0.0,True,0.0,4.0,Pre-COVID,1,1.0,NWG > 0,-10.5,0.0,True,True,True
20062,HOU,108,Rockets,2015-04-02,21401125,DAL,101,Mavericks,no,0,2015,0,0,0,0,0,0,12,home,2.5,0.0,True,0.0,-7.0,Pre-COVID,0,,NWG = 0,-2.5,0.0,True,True,True
19596,PHX,106,Suns,2015-04-02,21401126,GSW,107,Warriors,no,0,2015,2,0,0,2,0,0,14,home,12.5,0.0,True,0.0,1.0,Pre-COVID,2,1.0,NWG > 0,-12.5,0.0,True,True,True
22058,DET,82,Pistons,2015-04-03,21401131,CHI,88,Bulls,ESPN,0,2015,0,0,0,0,0,0,12,home,9.5,0.0,True,0.0,6.0,Pre-COVID,0,,NWG = 0,-9.5,0.0,True,True,True
17021,NOP,101,Pelicans,2015-04-03,21401135,SAC,95,Kings,no,0,2015,0,2,0,0,0,2,20,away,6.5,0.0,False,1.0,-6.0,Pre-COVID,-2,0.0,NWG < 0,6.5,1.0,True,True,True
18119,OKC,92,Thunder,2015-04-03,21401132,MEM,100,Grizzlies,no,0,2015,0,0,0,0,0,2,13,home,5.5,1.0,True,1.0,8.0,Pre-COVID,0,,NWG = 0,-5.5,1.0,True,True,True
17732,TOR,109,Raptors,2015-04-03,21401130,BKN,114,Nets,no,0,2015,0,0,0,0,0,0,10,home,2.0,1.0,True,1.0,5.0,Pre-COVID,0,,NWG = 0,-2.0,1.0,True,True,True
19800,BOS,117,Celtics,2015-04-04,21401140,TOR,116,Raptors,no,0,2015,1,2,0,1,0,2,18,home,2.0,0.0,True,0.0,-1.0,Pre-COVID,-1,0.3333333333333333,NWG < 0,-2.0,0.0,True,True,True
14090,ORL,97,Magic,2015-04-04,21401143,MIL,90,Bucks,no,0,2015,0,1,0,0,0,1,11,home,8.5,0.0,True,0.0,-7.0,Pre-COVID,-1,0.0,NWG < 0,-8.5,0.0,True,True,True
17286,PHI,91,76ers,2015-04-04,21401137,CHA,92,Hornets,no,0,2015,1,0,0,1,0,0,8,home,6.5,0.0,True,0.0,1.0,Pre-COVID,1,1.0,NWG > 0,-6.5,0.0,True,True,True
18055,UTA,85,Jazz,2015-04-04,21401145,PHX,87,Suns,no,0,2015,2,0,0,2,0,0,13,home,1.5,1.0,True,1.0,2.0,Pre-COVID,2,1.0,NWG > 0,-1.5,1.0,True,True,True
20562,CHI,94,Bulls,2015-04-05,21401148,CLE,99,Cavaliers,ABC,0,2015,1,1,0,1,0,1,13,home,8.0,0.0,True,0.0,5.0,Pre-COVID,0,0.5,NWG = 0,-8.0,0.0,True,True,True
18203,HOU,115,Rockets,2015-04-05,21401147,OKC,112,Thunder,ABC,0,2015,2,1,0,2,0,1,19,away,1.0,1.0,False,0.0,-3.0,Pre-COVID,1,0.6666666666666666,NWG > 0,1.0,0.0,True,True,True
19812,PHI,91,76ers,2015-04-05,21401151,NYK,101,Knicks,no,0,2015,0,0,0,0,0,0,11,away,0.0,0.0,False,1.0,10.0,Pre-COVID,0,,NWG = 0,0.0,1.0,True,True,True
18097,GSW,100,Warriors,2015-04-07,21401156,NOP,103,Pelicans,no,0,2015,2,0,0,2,0,1,18,away,4.5,0.0,False,1.0,3.0,Pre-COVID,2,1.0,NWG > 0,4.5,1.0,True,True,True
17732,ATL,114,Hawks,2015-04-08,21401163,BKN,111,Nets,no,0,2015,0,0,0,0,0,0,7,home,4.5,0.0,True,0.0,-3.0,Pre-COVID,0,,NWG = 0,-4.5,0.0,True,True,True
18249,CHI,103,Bulls,2015-04-08,21401161,ORL,105,Magic,no,0,2015,1,0,0,1,0,0,10,away,7.5,0.0,False,1.0,2.0,Pre-COVID,1,1.0,NWG > 0,7.5,1.0,True,True,True
14629,CLE,104,Cavaliers,2015-04-08,21401167,MIL,99,Bucks,no,0,2015,0,0,0,0,0,0,4,away,6.5,0.0,False,1.0,-5.0,Pre-COVID,0,,NWG = 0,6.5,1.0,True,True,True
20262,PHX,104,Suns,2015-04-08,21401171,DAL,107,Mavericks,no,0,2015,0,1,1,0,0,0,8,home,8.5,0.0,True,0.0,3.0,Pre-COVID,-1,0.0,NWG < 0,-8.5,0.0,True,True,True
19596,POR,105,Trail Blazers,2015-04-09,21401174,GSW,116,Warriors,TNT,0,2015,0,0,0,0,0,0,6,home,10.5,1.0,True,1.0,11.0,Pre-COVID,0,,NWG = 0,-10.5,1.0,True,True,True
14041,DAL,144,Mavericks,2015-04-10,21401184,DEN,143,Nuggets,no,0,2015,2,0,0,1,1,1,22,home,1.5,0.0,True,0.0,-1.0,Pre-COVID,2,1.0,NWG > 0,-1.5,0.0,True,True,True
18561,IND,107,Pacers,2015-04-10,21401179,DET,103,Pistons,no,0,2015,0,0,0,0,0,0,9,away,5.5,0.0,False,1.0,-4.0,Pre-COVID,0,,NWG = 0,5.5,1.0,True,True,True
18873,MEM,89,Grizzlies,2015-04-10,21401185,UTA,88,Jazz,no,0,2015,0,0,0,0,1,0,8,away,2.5,0.0,False,1.0,-1.0,Pre-COVID,0,,NWG = 0,2.5,1.0,True,True,True
18457,SAS,104,Spurs,2015-04-10,21401181,HOU,103,Rockets,NBATV,0,2015,1,0,0,1,0,0,7,away,3.5,0.0,False,1.0,-1.0,Pre-COVID,1,1.0,NWG > 0,3.5,1.0,True,True,True
16227,TOR,101,Raptors,2015-04-10,21401175,ORL,99,Magic,no,0,2015,0,1,0,0,0,1,10,away,5.0,0.0,False,1.0,-2.0,Pre-COVID,-1,0.0,NWG < 0,5.0,1.0,True,True,True
17207,NYK,80,Knicks,2015-04-11,21401187,ORL,79,Magic,no,0,2015,2,1,0,2,0,1,14,home,11.0,0.0,True,0.0,-1.0,Pre-COVID,1,0.6666666666666666,NWG > 0,-11.0,0.0,True,True,True
22273,PHI,107,76ers,2015-04-11,21401189,CHI,114,Bulls,no,0,2015,1,0,0,1,0,0,7,home,15.5,0.0,True,0.0,7.0,Pre-COVID,1,1.0,NWG > 0,-15.5,0.0,True,True,True
19689,TOR,107,Raptors,2015-04-11,21401188,MIA,104,Heat,NBATV,0,2015,0,1,1,0,0,0,9,home,3.5,0.0,True,0.0,-3.0,Pre-COVID,-1,0.0,NWG < 0,-3.5,0.0,True,True,True
19908,UTA,111,Jazz,2015-04-11,21401191,POR,105,Trail Blazers,no,0,2015,1,0,0,1,0,0,9,home,10.0,0.0,True,0.0,-6.0,Pre-COVID,1,1.0,NWG > 0,-10.0,0.0,True,True,True
18165,OKC,104,Thunder,2015-04-12,21401197,IND,116,Pacers,no,0,2015,1,1,1,1,0,0,14,home,2.5,1.0,True,1.0,12.0,Pre-COVID,0,0.5,NWG = 0,-2.5,1.0,True,True,True
19060,DEN,103,Nuggets,2015-04-13,21401213,LAC,110,Clippers,no,0,2015,1,1,0,1,0,2,15,home,18.0,0.0,True,0.0,7.0,Pre-COVID,0,0.5,NWG = 0,-18.0,0.0,True,True,True
18265,NYK,112,Knicks,2015-04-13,21401205,ATL,108,Hawks,no,0,2015,0,0,0,0,0,0,15,home,14.5,0.0,True,0.0,-4.0,Pre-COVID,0,,NWG = 0,-14.5,0.0,True,True,True
18624,TOR,93,Raptors,2015-04-14,21401214,BOS,95,Celtics,no,0,2015,0,0,0,0,0,0,10,away,0.0,0.0,False,1.0,2.0,Pre-COVID,0,,NWG = 0,0.0,1.0,True,True,True
18165,WAS,95,Wizards,2015-04-14,21401215,IND,99,Pacers,TNT,0,2015,4,2,0,4,0,2,43,home,7.5,0.0,True,0.0,4.0,Pre-COVID,2,0.6666666666666666,NWG > 0,-7.5,0.0,True,True,True
22172,ATL,85,Hawks,2015-04-15,21401217,CHI,91,Bulls,no,0,2015,0,0,0,0,0,0,7,home,5.0,1.0,True,1.0,6.0,Pre-COVID,0,,NWG = 0,-5.0,1.0,True,True,True
19596,DEN,126,Nuggets,2015-04-15,21401229,GSW,133,Warriors,ESPN,0,2015,1,0,0,0,1,0,6,home,11.5,0.0,True,0.0,7.0,Pre-COVID,1,1.0,NWG > 0,-11.5,0.0,True,True,True
14476,MIA,105,Heat,2015-04-15,21401227,PHI,101,76ers,no,0,2015,1,0,0,1,0,0,10,home,2.0,0.0,True,0.0,-4.0,Pre-COVID,1,1.0,NWG > 0,-2.0,0.0,True,True,True
20562,WAS,108,Wizards,2015-04-15,21401225,CLE,113,Cavaliers,no,0,2015,2,0,0,2,0,1,20,home,8.0,0.0,True,0.0,5.0,Pre-COVID,2,1.0,NWG > 0,-8.0,0.0,True,True,True
19800,WAS,93,Wizards,2015-04-18,41400131,TOR,86,Raptors,no,1,2015,4,1,0,4,0,1,28,home,4.0,0.0,True,0.0,-7.0,Pre-COVID,3,0.8,NWG > 0,-4.0,0.0,True,True,True
18207,BKN,91,Nets,2015-04-22,41400102,ATL,96,Hawks,no,1,2015,1,0,0,0,1,1,6,home,9.0,0.0,True,0.0,5.0,Pre-COVID,1,1.0,NWG > 0,-9.0,0.0,True,True,True
19482,SAS,111,Spurs,2015-04-22,41400162,LAC,107,Clippers,no,1,2015,1,0,0,1,0,0,26,home,2.0,0.0,True,0.0,-4.0,Pre-COVID,1,1.0,NWG > 0,-2.0,0.0,True,True,True
18717,CHI,113,Bulls,2015-04-23,41400123,MIL,106,Bucks,no,1,2015,4,1,1,4,0,0,32,away,2.5,1.0,False,0.0,-7.0,Pre-COVID,3,0.8,NWG > 0,2.5,0.0,True,True,True
18444,GSW,123,Warriors,2015-04-23,41400143,NOP,119,Pelicans,no,1,2015,2,2,0,1,1,3,24,away,5.0,0.0,False,1.0,-4.0,Pre-COVID,0,0.5,NWG = 0,5.0,1.0,True,True,True
20651,HOU,130,Rockets,2015-04-24,41400153,DAL,128,Mavericks,no,1,2015,0,0,0,0,0,0,10,home,1.0,0.0,True,0.0,-2.0,Pre-COVID,0,,NWG = 0,-1.0,0.0,True,True,True
20356,TOR,99,Raptors,2015-04-24,41400133,WAS,106,Wizards,no,1,2015,0,1,0,0,0,1,13,home,4.5,1.0,True,1.0,7.0,Pre-COVID,-1,0.0,NWG < 0,-4.5,1.0,True,True,True
18717,CHI,90,Bulls,2015-04-25,41400124,MIL,92,Bucks,no,1,2015,0,1,0,0,0,1,15,away,4.0,0.0,False,1.0,2.0,Pre-COVID,-1,0.0,NWG < 0,4.0,1.0,True,True,True
19945,MEM,115,Grizzlies,2015-04-25,41400173,POR,109,Trail Blazers,no,1,2015,2,0,0,2,0,0,20,home,3.5,0.0,True,0.0,-6.0,Pre-COVID,2,1.0,NWG > 0,-3.5,0.0,True,True,True
17732,ATL,115,Hawks,2015-04-27,41400104,BKN,120,Nets,no,1,2015,2,1,0,2,0,1,22,away,6.0,0.0,False,1.0,5.0,Pre-COVID,1,0.6666666666666666,NWG > 0,6.0,1.0,True,True,True
19541,MEM,92,Grizzlies,2015-04-27,41400174,POR,99,Trail Blazers,no,1,2015,2,1,0,0,2,1,17,home,4.0,1.0,True,1.0,7.0,Pre-COVID,1,0.6666666666666666,NWG > 0,-4.0,1.0,True,True,True
19571,SAS,111,Spurs,2015-04-28,41400165,LAC,107,Clippers,no,1,2015,2,0,0,2,0,1,18,home,3.0,0.0,True,0.0,-4.0,Pre-COVID,2,1.0,NWG > 0,-3.0,0.0,True,True,True
18105,BKN,97,Nets,2015-04-29,41400105,ATL,107,Hawks,no,1,2015,0,1,0,0,0,1,13,home,9.0,1.0,True,1.0,10.0,Pre-COVID,-1,0.0,NWG < 0,-9.0,1.0,True,True,True
19588,SAS,109,Spurs,2015-05-02,41400167,LAC,111,Clippers,no,1,2015,0,0,0,0,0,0,18,home,3.0,0.0,True,0.0,2.0,Pre-COVID,0,,NWG = 0,-3.0,0.0,True,True,True
18148,WAS,104,Wizards,2015-05-03,41400201,ATL,98,Hawks,no,1,2015,0,1,0,0,0,1,10,home,5.5,0.0,True,0.0,-6.0,Pre-COVID,-1,0.0,NWG < 0,-5.5,0.0,True,True,True
22246,CLE,96,Cavaliers,2015-05-08,41400213,CHI,99,Bulls,no,1,2015,1,1,0,1,0,2,12,home,2.5,1.0,True,1.0,3.0,Pre-COVID,0,0.5,NWG = 0,-2.5,1.0,True,True,True
20356,ATL,101,Hawks,2015-05-09,41400203,WAS,103,Wizards,no,1,2015,0,1,0,0,0,1,14,away,4.0,0.0,False,1.0,2.0,Pre-COVID,-1,0.0,NWG < 0,4.0,1.0,True,True,True
22256,CLE,86,Cavaliers,2015-05-10,41400214,CHI,84,Bulls,no,1,2015,1,0,0,1,0,0,11,away,3.0,0.0,False,1.0,-2.0,Pre-COVID,1,1.0,NWG > 0,3.0,1.0,True,True,True
20356,ATL,106,Hawks,2015-05-11,41400204,WAS,101,Wizards,no,1,2015,1,0,0,1,0,0,12,away,4.5,1.0,False,0.0,-5.0,Pre-COVID,1,1.0,NWG > 0,4.5,0.0,True,True,True
20562,CHI,101,Bulls,2015-05-12,41400215,CLE,106,Cavaliers,no,1,2015,0,1,0,0,0,2,16,home,5.5,0.0,True,0.0,5.0,Pre-COVID,-1,0.0,NWG < 0,-5.5,0.0,True,True,True
18854,WAS,81,Wizards,2015-05-13,41400205,ATL,82,Hawks,no,1,2015,0,1,0,0,0,2,16,home,7.0,0.0,True,0.0,1.0,Pre-COVID,-1,0.0,NWG < 0,-7.0,0.0,True,True,True
20356,ATL,94,Hawks,2015-05-15,41400206,WAS,91,Wizards,no,1,2015,0,0,0,0,0,0,12,home,2.5,0.0,True,0.0,-3.0,Pre-COVID,0,,NWG = 0,-2.5,0.0,True,True,True
20562,ATL,111,Hawks,2015-05-24,41400303,CLE,114,Cavaliers,no,1,2015,0,0,0,0,0,0,24,home,8.0,0.0,True,0.0,3.0,Pre-COVID,0,,NWG = 0,-8.0,0.0,True,True,True
19596,CLE,100,Cavaliers,2015-06-04,41400401,GSW,108,Warriors,no,1,2015,0,0,0,0,0,0,15,home,6.0,1.0,True,1.0,8.0,Pre-COVID,0,,NWG = 0,-6.0,1.0,True,True,True
19596,CLE,95,Cavaliers,2015-06-07,41400402,GSW,93,Warriors,no,1,2015,3,0,0,3,0,1,41,home,7.5,0.0,True,0.0,-2.0,Pre-COVID,3,1.0,NWG > 0,-7.5,0.0,True,True,True
20562,GSW,91,Warriors,2015-06-09,41400403,CLE,96,Cavaliers,no,1,2015,1,1,0,1,0,1,18,away,2.0,0.0,False,1.0,5.0,Pre-COVID,0,0.5,NWG = 0,2.0,1.0,True,True,True
19800,IND,99,Pacers,2015-10-28,21500009,TOR,106,Raptors,no,0,2016,1,2,2,1,0,0,12,home,5.5,1.0,True,1.0,7.0,Pre-COVID,-1,0.3333333333333333,NWG < 0,-5.5,1.0,True,True,True
17458,LAC,111,Clippers,2015-10-28,21500016,SAC,104,Kings,no,0,2016,0,0,0,0,0,0,7,away,5.5,1.0,False,0.0,-7.0,Pre-COVID,0,,NWG = 0,5.5,0.0,True,True,True
18203,SAS,106,Spurs,2015-10-28,21500013,OKC,112,Thunder,ESPN,0,2016,0,0,0,0,0,1,6,home,4.0,1.0,True,1.0,6.0,Pre-COVID,0,,NWG = 0,-4.0,1.0,True,True,True
18434,UTA,87,Jazz,2015-10-28,21500007,DET,92,Pistons,no,0,2016,0,0,0,0,0,0,4,home,0.0,1.0,True,1.0,5.0,Pre-COVID,0,,NWG = 0,-0.0,1.0,True,True,True
18846,WAS,88,Wizards,2015-10-28,21500004,ORL,87,Magic,no,0,2016,0,0,0,0,0,0,9,away,4.0,0.0,False,1.0,-1.0,Pre-COVID,0,,NWG = 0,4.0,1.0,True,True,True
18165,MEM,112,Grizzlies,2015-10-29,21500018,IND,103,Pacers,no,0,2016,0,0,0,0,0,0,2,away,3.0,1.0,False,0.0,-9.0,Pre-COVID,0,,NWG = 0,3.0,0.0,True,True,True
17024,CHA,94,Hornets,2015-10-30,21500026,ATL,97,Hawks,no,0,2016,2,0,0,1,1,0,8,home,4.0,0.0,True,0.0,3.0,Pre-COVID,2,1.0,NWG > 0,-4.0,0.0,True,True,True
16035,CHI,94,Bulls,2015-10-30,21500025,DET,98,Pistons,no,0,2016,0,1,1,0,0,0,15,away,2.5,0.0,False,1.0,4.0,Pre-COVID,-1,0.0,NWG < 0,2.5,1.0,True,True,True
18846,OKC,139,Thunder,2015-10-30,21500022,ORL,136,Magic,no,0,2016,1,1,0,0,1,1,32,away,7.5,0.0,False,1.0,-3.0,Pre-COVID,0,0.5,NWG = 0,7.5,1.0,True,True,True
20356,NYK,117,Knicks,2015-10-31,21500034,WAS,110,Wizards,no,0,2016,1,0,0,1,0,1,13,home,7.0,0.0,True,0.0,-7.0,Pre-COVID,1,1.0,NWG > 0,-7.0,0.0,True,True,True
19060,SAC,109,Kings,2015-10-31,21500038,LAC,114,Clippers,NBATV,0,2016,0,0,0,0,0,0,8,home,10.5,0.0,True,0.0,5.0,Pre-COVID,0,,NWG = 0,-10.5,0.0,True,True,True
18691,ATL,94,Hawks,2015-11-01,21500039,CHA,92,Hornets,no,0,2016,1,1,0,1,0,1,5,away,2.0,2.0,False,,-2.0,Pre-COVID,0,0.5,NWG = 0,2.0,0.0,False,True,True
21585,ORL,87,Magic,2015-11-01,21500043,CHI,92,Bulls,no,0,2016,0,0,0,0,0,0,5,home,8.0,0.0,True,0.0,5.0,Pre-COVID,0,,NWG = 0,-8.0,0.0,True,True,True
12576,MIL,103,Bucks,2015-11-02,21500047,BKN,96,Nets,no,0,2016,0,1,1,0,0,0,9,away,1.5,1.0,False,0.0,-7.0,Pre-COVID,-1,0.0,NWG < 0,1.5,0.0,True,True,True
17224,OKC,105,Thunder,2015-11-02,21500049,HOU,110,Rockets,NBATV,0,2016,0,0,0,0,0,0,3,away,4.5,0.0,False,1.0,5.0,Pre-COVID,0,,NWG = 0,4.5,1.0,True,True,True
19060,PHX,96,Suns,2015-11-02,21500052,LAC,102,Clippers,no,0,2016,0,1,0,0,0,1,11,home,9.0,0.0,True,0.0,6.0,Pre-COVID,-1,0.0,NWG < 0,-9.0,0.0,True,True,True
18903,POR,106,Trail Blazers,2015-11-02,21500050,MIN,101,Timberwolves,no,0,2016,0,1,0,0,0,2,7,home,3.5,0.0,True,0.0,-5.0,Pre-COVID,-1,0.0,NWG < 0,-3.5,0.0,True,True,True
16876,ORL,103,Magic,2015-11-03,21500056,NOP,94,Pelicans,no,0,2016,1,0,0,0,1,0,6,home,5.0,0.0,True,0.0,-9.0,Pre-COVID,1,1.0,NWG > 0,-5.0,0.0,True,True,True
20034,TOR,102,Raptors,2015-11-03,21500057,DAL,91,Mavericks,no,0,2016,0,2,0,0,0,2,10,away,2.0,1.0,False,0.0,-11.0,Pre-COVID,-2,0.0,NWG < 0,2.0,0.0,True,True,True
14022,BOS,98,Celtics,2015-11-04,21500060,IND,100,Pacers,no,0,2016,0,0,0,0,0,0,8,away,2.0,0.0,False,1.0,2.0,Pre-COVID,0,,NWG = 0,2.0,1.0,True,True,True
19596,LAC,108,Clippers,2015-11-04,21500069,GSW,112,Warriors,ESPN,0,2016,1,0,0,1,0,0,12,home,7.5,0.0,True,0.0,4.0,Pre-COVID,1,1.0,NWG > 0,-7.5,0.0,True,True,True
16735,ORL,114,Magic,2015-11-04,21500064,HOU,119,Rockets,no,0,2016,0,1,0,0,0,1,27,home,9.0,0.0,True,0.0,5.0,Pre-COVID,-1,0.0,NWG < 0,-9.0,0.0,True,True,True
12437,PHI,87,76ers,2015-11-04,21500065,MIL,91,Bucks,no,0,2016,1,0,0,1,0,0,6,home,8.5,0.0,True,0.0,4.0,Pre-COVID,1,1.0,NWG > 0,-8.5,0.0,True,True,True
17721,SAS,99,Spurs,2015-11-04,21500061,WAS,102,Wizards,no,0,2016,0,0,0,0,0,0,7,away,4.0,0.0,False,1.0,3.0,Pre-COVID,0,,NWG = 0,4.0,1.0,True,True,True
18203,TOR,103,Raptors,2015-11-04,21500066,OKC,98,Thunder,no,0,2016,2,0,0,2,0,0,12,home,8.0,0.0,True,0.0,-5.0,Pre-COVID,2,1.0,NWG > 0,-8.0,0.0,True,True,True
21861,OKC,98,Thunder,2015-11-05,21500070,CHI,104,Bulls,TNT,0,2016,1,0,0,1,0,1,7,home,1.0,1.0,True,1.0,6.0,Pre-COVID,1,1.0,NWG > 0,-1.0,1.0,True,True,True
16676,DET,100,Pistons,2015-11-06,21500082,PHX,92,Suns,no,0,2016,0,0,0,0,0,0,10,home,4.0,0.0,True,0.0,-8.0,Pre-COVID,0,,NWG = 0,-4.0,0.0,True,True,True
16914,MIA,87,Heat,2015-11-06,21500080,IND,90,Pacers,ESPN,0,2016,0,0,0,0,0,0,10,away,1.0,0.0,False,1.0,3.0,Pre-COVID,0,,NWG = 0,1.0,1.0,True,True,True
16578,TOR,87,Raptors,2015-11-06,21500075,ORL,92,Magic,no,0,2016,2,2,0,2,0,2,14,away,6.0,0.0,False,1.0,5.0,Pre-COVID,0,0.5,NWG = 0,6.0,1.0,True,True,True
19361,HOU,109,Rockets,2015-11-07,21500093,LAC,105,Clippers,no,0,2016,0,0,0,0,0,1,8,home,5.5,0.0,True,0.0,-4.0,Pre-COVID,0,,NWG = 0,-5.5,0.0,True,True,True
21988,MIN,102,Timberwolves,2015-11-07,21500085,CHI,93,Bulls,no,0,2016,0,1,1,0,0,0,18,home,9.0,0.0,True,0.0,-9.0,Pre-COVID,-1,0.0,NWG < 0,-9.0,0.0,True,True,True
20562,IND,97,Pacers,2015-11-08,21500094,CLE,101,Cavaliers,no,0,2016,1,0,0,1,0,0,9,home,8.0,0.0,True,0.0,4.0,Pre-COVID,1,1.0,NWG > 0,-8.0,0.0,True,True,True
19812,LAL,95,Lakers,2015-11-08,21500095,NYK,99,Knicks,no,0,2016,1,2,0,1,0,2,11,home,6.0,0.0,True,0.0,4.0,Pre-COVID,-1,0.3333333333333333,NWG < 0,-6.0,0.0,True,True,True
19060,MEM,92,Grizzlies,2015-11-09,21500105,LAC,94,Clippers,no,0,2016,0,0,0,0,0,0,13,home,7.0,0.0,True,0.0,2.0,Pre-COVID,0,,NWG = 0,-7.0,0.0,True,True,True
12016,MIN,117,Timberwolves,2015-11-09,21500101,ATL,107,Hawks,no,0,2016,3,0,0,3,0,0,20,home,8.5,0.0,True,0.0,-10.0,Pre-COVID,3,1.0,NWG > 0,-8.5,0.0,True,True,True
9153,POR,104,Trail Blazers,2015-11-09,21500102,DEN,108,Nuggets,no,0,2016,1,0,0,0,1,0,10,away,1.0,0.0,False,1.0,4.0,Pre-COVID,1,1.0,NWG > 0,1.0,1.0,True,True,True
19800,NYK,111,Knicks,2015-11-10,21500109,TOR,109,Raptors,no,0,2016,0,0,0,0,0,2,17,home,7.5,0.0,True,0.0,-2.0,Pre-COVID,0,,NWG = 0,-7.5,0.0,True,True,True
18155,BKN,106,Nets,2015-11-11,21500119,HOU,98,Rockets,no,0,2016,0,0,0,0,0,0,6,home,11.5,0.0,True,0.0,-8.0,Pre-COVID,0,,NWG = 0,-11.5,0.0,True,True,True
19805,LAC,108,Clippers,2015-11-11,21500118,DAL,118,Mavericks,ESPN,0,2016,0,0,0,0,0,1,10,away,7.0,0.0,False,1.0,10.0,Pre-COVID,0,,NWG = 0,7.0,1.0,True,True,True
18846,LAL,99,Lakers,2015-11-11,21500114,ORL,101,Magic,no,0,2016,0,0,0,0,0,0,9,home,8.0,0.0,True,0.0,2.0,Pre-COVID,0,,NWG = 0,-8.0,0.0,True,True,True
9403,MIL,102,Bucks,2015-11-11,21500121,DEN,103,Nuggets,no,0,2016,2,0,0,1,1,0,7,home,4.0,0.0,True,0.0,1.0,Pre-COVID,2,1.0,NWG > 0,-4.0,0.0,True,True,True
16643,NYK,93,Knicks,2015-11-11,21500113,CHA,95,Hornets,no,0,2016,0,2,0,0,0,2,14,home,6.5,0.0,True,0.0,2.0,Pre-COVID,-2,0.0,NWG < 0,-6.5,0.0,True,True,True
19600,UTA,91,Jazz,2015-11-12,21500124,MIA,92,Heat,no,0,2016,0,0,0,0,0,0,13,home,3.5,0.0,True,0.0,1.0,Pre-COVID,0,,NWG = 0,-3.5,0.0,True,True,True
21749,CHA,97,Hornets,2015-11-13,21500132,CHI,102,Bulls,no,0,2016,0,0,0,0,0,0,4,home,6.5,0.0,True,0.0,5.0,Pre-COVID,0,,NWG = 0,-6.5,0.0,True,True,True
19812,CLE,90,Cavaliers,2015-11-13,21500130,NYK,84,Knicks,NBATV,0,2016,2,0,0,2,0,0,9,away,7.0,0.0,False,1.0,-6.0,Pre-COVID,2,1.0,NWG > 0,7.0,1.0,True,True,True
20260,LAL,82,Lakers,2015-11-13,21500135,DAL,90,Mavericks,no,0,2016,1,0,0,0,1,0,11,home,7.5,1.0,True,1.0,8.0,Pre-COVID,1,1.0,NWG > 0,-7.5,1.0,True,True,True
16919,POR,100,Trail Blazers,2015-11-13,21500133,MEM,101,Grizzlies,no,0,2016,0,0,0,0,0,0,10,home,6.5,0.0,True,0.0,1.0,Pre-COVID,0,,NWG = 0,-6.5,0.0,True,True,True
19596,BKN,99,Nets,2015-11-14,21500144,GSW,107,Warriors,no,0,2016,1,1,0,1,0,1,25,home,16.0,0.0,True,0.0,8.0,Pre-COVID,0,0.5,NWG = 0,-16.0,0.0,True,True,True
18717,CLE,105,Cavaliers,2015-11-14,21500141,MIL,108,Bucks,no,0,2016,2,1,1,1,2,0,25,away,5.0,0.0,False,1.0,3.0,Pre-COVID,1,0.6666666666666666,NWG > 0,5.0,1.0,True,True,True
19060,DET,96,Pistons,2015-11-14,21500138,LAC,101,Clippers,no,0,2016,0,0,0,0,0,0,8,home,2.5,1.0,True,1.0,5.0,Pre-COVID,0,,NWG = 0,-2.5,1.0,True,True,True
18311,ORL,99,Magic,2015-11-14,21500139,WAS,108,Wizards,no,0,2016,1,1,1,1,0,0,10,home,5.5,1.0,True,1.0,9.0,Pre-COVID,0,0.5,NWG = 0,-5.5,1.0,True,True,True
12086,MEM,114,Grizzlies,2015-11-15,21500146,MIN,106,Timberwolves,no,0,2016,0,0,0,0,0,0,14,away,4.5,1.0,False,0.0,-8.0,Pre-COVID,0,,NWG = 0,4.5,0.0,True,True,True
17006,TOR,101,Raptors,2015-11-15,21500150,SAC,107,Kings,no,0,2016,1,0,0,0,1,0,12,away,2.0,0.0,False,1.0,6.0,Pre-COVID,1,1.0,NWG > 0,2.0,1.0,True,True,True
11555,DAL,92,Mavericks,2015-11-16,21500152,PHI,86,76ers,no,0,2016,0,1,0,0,0,1,8,away,8.0,0.0,False,1.0,-6.0,Pre-COVID,-1,0.0,NWG < 0,8.0,1.0,True,True,True
21660,IND,95,Pacers,2015-11-16,21500153,CHI,96,Bulls,no,0,2016,1,0,0,1,0,0,9,home,6.5,0.0,True,0.0,1.0,Pre-COVID,1,1.0,NWG > 0,-6.5,0.0,True,True,True
17270,OKC,114,Thunder,2015-11-16,21500155,MEM,122,Grizzlies,no,0,2016,0,2,0,0,0,2,10,home,2.5,1.0,True,1.0,8.0,Pre-COVID,-2,0.0,NWG < 0,-2.5,1.0,True,True,True
18418,POR,80,Trail Blazers,2015-11-16,21500156,SAS,93,Spurs,no,0,2016,0,0,0,0,0,0,3,home,12.0,1.0,True,1.0,13.0,Pre-COVID,0,,NWG = 0,-12.0,1.0,True,True,True
12241,ATL,88,Hawks,2015-11-17,21500159,BKN,90,Nets,no,0,2016,0,1,0,0,0,1,11,away,4.5,0.0,False,1.0,2.0,Pre-COVID,-1,0.0,NWG < 0,4.5,1.0,True,True,True
19812,CHA,94,Hornets,2015-11-17,21500162,NYK,102,Knicks,no,0,2016,0,0,0,0,0,1,9,home,1.0,1.0,True,1.0,8.0,Pre-COVID,0,,NWG = 0,-1.0,1.0,True,True,True
18442,CLE,99,Cavaliers,2015-11-17,21500160,DET,104,Pistons,no,0,2016,0,0,0,0,0,0,14,away,4.5,0.0,False,1.0,5.0,Pre-COVID,0,,NWG = 0,4.5,1.0,True,True,True
19596,TOR,110,Raptors,2015-11-17,21500164,GSW,115,Warriors,NBATV,0,2016,0,1,0,0,0,1,13,home,9.5,0.0,True,0.0,5.0,Pre-COVID,-1,0.0,NWG < 0,-9.5,0.0,True,True,True
14040,BKN,111,Nets,2015-11-18,21500165,CHA,116,Hornets,no,0,2016,1,1,0,1,0,1,11,home,6.5,0.0,True,0.0,5.0,Pre-COVID,0,0.5,NWG = 0,-6.5,0.0,True,True,True
17262,DAL,106,Mavericks,2015-11-18,21500168,BOS,102,Celtics,no,0,2016,1,0,0,1,0,0,12,home,5.0,0.0,True,0.0,-4.0,Pre-COVID,1,1.0,NWG > 0,-5.0,0.0,True,True,True
16048,MIN,101,Timberwolves,2015-11-18,21500166,ORL,104,Magic,no,0,2016,0,1,0,0,0,1,22,home,5.0,0.0,True,0.0,3.0,Pre-COVID,-1,0.0,NWG < 0,-5.0,0.0,True,True,True
17107,POR,103,Trail Blazers,2015-11-18,21500170,HOU,108,Rockets,no,0,2016,2,0,0,2,0,0,30,home,7.0,0.0,True,0.0,5.0,Pre-COVID,2,1.0,NWG > 0,-7.0,0.0,True,True,True
18741,TOR,89,Raptors,2015-11-18,21500173,UTA,93,Jazz,no,0,2016,0,1,1,0,0,0,12,home,4.5,0.0,True,0.0,4.0,Pre-COVID,-1,0.0,NWG < 0,-4.5,0.0,True,True,True
19528,GSW,124,Warriors,2015-11-19,21500177,LAC,117,Clippers,TNT,0,2016,1,1,0,1,0,1,15,away,5.5,1.0,False,0.0,-7.0,Pre-COVID,0,0.5,NWG = 0,5.5,0.0,True,True,True
19596,CHI,94,Bulls,2015-11-20,21500187,GSW,106,Warriors,ESPN,0,2016,0,0,0,0,0,0,7,home,9.0,1.0,True,1.0,12.0,Pre-COVID,0,,NWG = 0,-9.0,1.0,True,True,True
18226,NYK,107,Knicks,2015-11-21,21500194,HOU,102,Rockets,no,0,2016,0,0,0,0,0,0,13,home,4.5,0.0,True,0.0,-5.0,Pre-COVID,0,,NWG = 0,-4.5,0.0,True,True,True
19673,PHI,91,76ers,2015-11-21,21500193,MIA,96,Heat,no,0,2016,0,0,0,0,0,0,8,home,12.5,0.0,True,0.0,5.0,Pre-COVID,0,,NWG = 0,-12.5,0.0,True,True,True
15890,WAS,97,Wizards,2015-11-21,21500192,DET,95,Pistons,NBATV,0,2016,0,0,0,0,0,0,12,home,0.0,0.0,True,0.0,-2.0,Pre-COVID,0,,NWG = 0,-0.0,0.0,True,True,True
18203,DAL,114,Mavericks,2015-11-22,21500199,OKC,117,Thunder,no,0,2016,1,0,0,1,0,0,10,home,3.5,0.0,True,0.0,3.0,Pre-COVID,1,1.0,NWG > 0,-3.5,0.0,True,True,True
16680,PHX,116,Suns,2015-11-22,21500198,NOP,122,Pelicans,no,0,2016,0,0,0,0,0,0,11,home,1.0,1.0,True,1.0,6.0,Pre-COVID,0,,NWG = 0,-1.0,1.0,True,True,True
11382,PHI,95,76ers,2015-11-23,21500206,MIN,100,Timberwolves,no,0,2016,2,0,0,1,1,0,11,home,7.0,0.0,True,0.0,5.0,Pre-COVID,2,1.0,NWG > 0,-7.0,0.0,True,True,True
14163,SAC,122,Kings,2015-11-23,21500202,CHA,127,Hornets,no,0,2016,0,0,0,0,0,0,27,home,3.5,1.0,True,1.0,5.0,Pre-COVID,0,,NWG = 0,-3.5,1.0,True,True,True
19393,CHI,93,Bulls,2015-11-24,21500213,POR,88,Trail Blazers,no,0,2016,2,0,0,2,0,0,14,away,2.5,1.0,False,0.0,-5.0,Pre-COVID,2,1.0,NWG > 0,2.5,0.0,True,True,True
14289,ATL,95,Hawks,2015-11-25,21500222,MIN,99,Timberwolves,no,0,2016,0,0,0,0,0,0,14,away,3.0,0.0,False,1.0,4.0,Pre-COVID,0,,NWG = 0,3.0,1.0,True,True,True
18418,DAL,83,Mavericks,2015-11-25,21500224,SAS,88,Spurs,no,0,2016,0,0,0,0,0,0,10,home,9.5,0.0,True,0.0,5.0,Pre-COVID,0,,NWG = 0,-9.5,0.0,True,True,True
16338,NOP,120,Pelicans,2015-11-25,21500225,PHX,114,Suns,no,0,2016,0,0,0,0,0,0,16,home,4.0,0.0,True,0.0,-6.0,Pre-COVID,0,,NWG = 0,-4.0,0.0,True,True,True
17588,PHI,80,76ers,2015-11-25,21500217,BOS,84,Celtics,no,0,2016,0,0,0,0,0,0,8,home,11.5,0.0,True,0.0,4.0,Pre-COVID,0,,NWG = 0,-11.5,0.0,True,True,True
19093,CLE,95,Cavaliers,2015-11-27,21500227,CHA,90,Hornets,no,0,2016,0,0,0,0,0,0,10,away,4.0,1.0,False,0.0,-5.0,Pre-COVID,0,,NWG = 0,4.0,0.0,True,True,True
17306,PHI,114,76ers,2015-11-27,21500232,HOU,116,Rockets,no,0,2016,0,0,0,0,0,0,12,home,11.0,0.0,True,0.0,2.0,Pre-COVID,0,,NWG = 0,-11.0,0.0,True,True,True
20562,BKN,88,Nets,2015-11-28,21500240,CLE,90,Cavaliers,no,0,2016,2,0,0,1,1,1,15,home,9.0,0.0,True,0.0,2.0,Pre-COVID,2,1.0,NWG > 0,-9.0,0.0,True,True,True
16841,TOR,84,Raptors,2015-11-28,21500239,WAS,82,Wizards,no,0,2016,0,0,0,0,0,0,14,away,3.5,0.0,False,1.0,-2.0,Pre-COVID,0,,NWG = 0,3.5,1.0,True,True,True
12823,DET,83,Pistons,2015-11-29,21500248,BKN,87,Nets,no,0,2016,0,1,0,0,0,1,17,away,5.0,0.0,False,1.0,4.0,Pre-COVID,-1,0.0,NWG < 0,5.0,1.0,True,True,True
19812,HOU,116,Rockets,2015-11-29,21500252,NYK,111,Knicks,no,0,2016,1,4,0,1,0,5,24,away,4.0,1.0,False,0.0,-5.0,Pre-COVID,-3,0.2,NWG < 0,4.0,0.0,True,True,True
14224,MIL,82,Bucks,2015-11-29,21500246,CHA,87,Hornets,no,0,2016,0,0,0,0,0,0,9,home,6.5,0.0,True,0.0,5.0,Pre-COVID,0,,NWG = 0,-6.5,0.0,True,True,True
19800,PHX,107,Suns,2015-11-29,21500250,TOR,102,Raptors,no,0,2016,0,1,1,0,0,0,17,home,3.0,0.0,True,0.0,-5.0,Pre-COVID,-1,0.0,NWG < 0,-3.0,0.0,True,True,True
19600,BOS,105,Celtics,2015-11-30,21500255,MIA,95,Heat,no,0,2016,1,1,0,0,1,1,10,home,4.0,0.0,True,0.0,-10.0,Pre-COVID,0,0.5,NWG = 0,-4.0,0.0,True,True,True
19911,GSW,106,Warriors,2015-11-30,21500259,UTA,103,Jazz,no,0,2016,0,0,0,0,0,0,10,away,7.0,0.0,False,1.0,-3.0,Pre-COVID,0,,NWG = 0,7.0,1.0,True,True,True
17768,OKC,100,Thunder,2015-11-30,21500256,ATL,106,Hawks,no,0,2016,1,1,0,1,0,1,16,away,3.0,0.0,False,1.0,6.0,Pre-COVID,0,0.5,NWG = 0,3.0,1.0,True,True,True
21909,SAS,89,Spurs,2015-11-30,21500257,CHI,92,Bulls,NBATV,0,2016,4,0,0,3,1,0,11,away,4.5,0.0,False,1.0,3.0,Pre-COVID,4,1.0,NWG > 0,4.5,1.0,True,True,True
19393,DAL,115,Mavericks,2015-12-01,21500267,POR,112,Trail Blazers,NBATV,0,2016,0,1,0,0,0,1,20,home,1.5,0.0,True,0.0,-3.0,Pre-COVID,-1,0.0,NWG < 0,-1.5,0.0,True,True,True
16020,MEM,113,Grizzlies,2015-12-01,21500266,NOP,104,Pelicans,no,0,2016,0,0,0,0,0,0,6,home,1.0,0.0,True,0.0,-9.0,Pre-COVID,0,,NWG = 0,-1.0,0.0,True,True,True
10694,ORL,96,Magic,2015-12-01,21500265,MIN,93,Timberwolves,no,0,2016,1,0,0,1,0,0,13,home,1.0,0.0,True,0.0,-3.0,Pre-COVID,1,1.0,NWG > 0,-1.0,0.0,True,True,True
12787,PHX,91,Suns,2015-12-01,21500264,BKN,94,Nets,no,0,2016,1,0,0,1,0,0,8,away,4.0,0.0,False,1.0,3.0,Pre-COVID,1,1.0,NWG > 0,4.0,1.0,True,True,True
20356,LAL,108,Lakers,2015-12-02,21500269,WAS,104,Wizards,no,0,2016,0,1,1,0,0,0,9,home,10.0,0.0,True,0.0,-4.0,Pre-COVID,-1,0.0,NWG < 0,-10.0,0.0,True,True,True
13985,PHX,122,Suns,2015-12-02,21500270,DET,127,Pistons,no,0,2016,2,1,1,2,0,0,30,home,3.5,1.0,True,1.0,5.0,Pre-COVID,1,0.6666666666666666,NWG > 0,-3.5,1.0,True,True,True
19800,DEN,106,Nuggets,2015-12-03,21500278,TOR,105,Raptors,no,0,2016,0,0,0,0,0,0,17,home,10.0,0.0,True,0.0,-1.0,Pre-COVID,0,,NWG = 0,-10.0,0.0,True,True,True
19600,OKC,95,Thunder,2015-12-03,21500277,MIA,97,Heat,TNT,0,2016,2,0,0,1,1,1,10,away,4.0,0.0,False,1.0,2.0,Pre-COVID,2,1.0,NWG > 0,4.0,1.0,True,True,True
17906,CLE,108,Cavaliers,2015-12-04,21500288,NOP,114,Pelicans,ESPN,0,2016,0,0,0,0,0,1,23,away,4.5,0.0,False,1.0,6.0,Pre-COVID,0,,NWG = 0,4.5,1.0,True,True,True
20339,HOU,100,Rockets,2015-12-04,21500287,DAL,96,Mavericks,no,0,2016,1,0,0,1,0,0,16,home,5.0,0.0,True,0.0,-4.0,Pre-COVID,1,1.0,NWG > 0,-5.0,0.0,True,True,True
17255,PHX,106,Suns,2015-12-04,21500284,WAS,109,Wizards,no,0,2016,0,0,0,0,0,0,16,away,2.5,0.0,False,1.0,3.0,Pre-COVID,0,,NWG = 0,2.5,1.0,True,True,True
18418,BOS,105,Celtics,2015-12-05,21500296,SAS,108,Spurs,no,0,2016,2,2,2,2,0,0,12,home,8.5,0.0,True,0.0,3.0,Pre-COVID,0,0.5,NWG = 0,-8.5,0.0,True,True,True
21770,CHA,102,Hornets,2015-12-05,21500292,CHI,96,Bulls,no,0,2016,0,0,0,0,0,0,5,home,5.5,0.0,True,0.0,-6.0,Pre-COVID,0,,NWG = 0,-5.5,0.0,True,True,True
14367,DEN,108,Nuggets,2015-12-05,21500289,PHI,105,76ers,no,0,2016,0,0,0,0,0,0,5,away,3.0,2.0,False,,-3.0,Pre-COVID,0,,NWG = 0,3.0,0.0,False,True,True
20160,GSW,112,Warriors,2015-12-05,21500290,TOR,109,Raptors,no,0,2016,0,0,0,0,0,0,11,away,7.5,0.0,False,1.0,-3.0,Pre-COVID,0,,NWG = 0,7.5,1.0,True,True,True
19500,IND,119,Pacers,2015-12-05,21500297,UTA,122,Jazz,no,0,2016,1,1,0,0,1,2,18,away,2.0,0.0,False,1.0,3.0,Pre-COVID,0,0.5,NWG = 0,2.0,1.0,True,True,True
19146,ORL,101,Magic,2015-12-05,21500298,LAC,103,Clippers,no,0,2016,0,0,0,0,0,0,7,home,2.0,2.0,True,,2.0,Pre-COVID,0,,NWG = 0,-2.0,0.0,False,True,True
17318,SAC,113,Kings,2015-12-05,21500293,HOU,120,Rockets,no,0,2016,0,0,0,0,0,0,7,home,3.0,1.0,True,1.0,7.0,Pre-COVID,0,,NWG = 0,-3.0,1.0,True,True,True
16022,PHX,93,Suns,2015-12-06,21500299,MEM,95,Grizzlies,no,0,2016,0,2,0,0,0,2,12,home,5.5,0.0,True,0.0,2.0,Pre-COVID,-2,0.0,NWG < 0,-5.5,0.0,True,True,True
11467,LAC,110,Clippers,2015-12-07,21500311,MIN,106,Timberwolves,no,0,2016,1,0,0,1,0,0,19,away,4.0,2.0,False,,-4.0,Pre-COVID,1,1.0,NWG > 0,4.0,0.0,False,True,True
21337,PHX,103,Suns,2015-12-07,21500309,CHI,101,Bulls,no,0,2016,0,0,0,0,0,0,8,home,7.0,0.0,True,0.0,-2.0,Pre-COVID,0,,NWG = 0,-7.0,0.0,True,True,True
14389,POR,88,Trail Blazers,2015-12-07,21500310,MIL,90,Bucks,no,0,2016,1,0,0,1,0,0,13,away,2.0,0.0,False,1.0,2.0,Pre-COVID,1,1.0,NWG > 0,2.0,1.0,True,True,True
19600,WAS,114,Wizards,2015-12-07,21500306,MIA,103,Heat,no,0,2016,0,0,0,0,0,1,12,home,8.0,0.0,True,0.0,-11.0,Pre-COVID,0,,NWG = 0,-8.0,0.0,True,True,True
13319,HOU,105,Rockets,2015-12-08,21500315,BKN,110,Nets,no,0,2016,2,1,0,2,0,2,12,away,5.0,0.0,False,1.0,5.0,Pre-COVID,1,0.6666666666666666,NWG > 0,5.0,1.0,True,True,True
13925,ORL,85,Magic,2015-12-08,21500317,DEN,74,Nuggets,no,0,2016,0,0,0,0,0,0,12,away,4.0,1.0,False,0.0,-11.0,Pre-COVID,0,,NWG = 0,4.0,0.0,True,True,True
19936,ATL,98,Hawks,2015-12-09,21500328,DAL,95,Mavericks,ESPN,0,2016,1,0,0,1,0,1,10,away,2.0,1.0,False,0.0,-3.0,Pre-COVID,1,1.0,NWG > 0,2.0,0.0,True,True,True
16041,HOU,109,Rockets,2015-12-09,21500321,WAS,103,Wizards,no,0,2016,1,0,0,1,0,0,9,home,4.0,0.0,True,0.0,-6.0,Pre-COVID,1,1.0,NWG > 0,-4.0,0.0,True,True,True
18076,LAL,122,Lakers,2015-12-09,21500325,MIN,123,Timberwolves,no,0,2016,0,1,0,0,0,1,31,home,7.5,0.0,True,0.0,1.0,Pre-COVID,-1,0.0,NWG < 0,-7.5,0.0,True,True,True
13411,MEM,93,Grizzlies,2015-12-09,21500322,DET,92,Pistons,no,0,2016,0,1,0,0,0,1,11,home,4.5,0.0,True,0.0,-1.0,Pre-COVID,-1,0.0,NWG < 0,-4.5,0.0,True,True,True
17637,ORL,104,Magic,2015-12-09,21500326,PHX,107,Suns,no,0,2016,0,2,0,0,0,2,17,home,4.5,0.0,True,0.0,3.0,Pre-COVID,-2,0.0,NWG < 0,-4.5,0.0,True,True,True
19800,SAS,94,Spurs,2015-12-09,21500323,TOR,97,Raptors,no,0,2016,0,0,0,0,0,0,10,away,6.0,0.0,False,1.0,3.0,Pre-COVID,0,,NWG = 0,6.0,1.0,True,True,True
17317,NYK,97,Knicks,2015-12-10,21500332,SAC,99,Kings,TNT,0,2016,1,0,0,1,0,0,9,home,6.0,0.0,True,0.0,2.0,Pre-COVID,1,1.0,NWG > 0,-6.0,0.0,True,True,True
13266,PHI,91,76ers,2015-12-10,21500329,BKN,100,Nets,no,0,2016,0,0,0,0,0,0,9,home,6.0,1.0,True,1.0,9.0,Pre-COVID,0,,NWG = 0,-6.0,1.0,True,True,True
18624,GSW,124,Warriors,2015-12-11,21500336,BOS,119,Celtics,no,0,2016,0,0,0,0,0,0,46,away,5.0,2.0,False,,-5.0,Pre-COVID,0,,NWG = 0,5.0,0.0,False,True,True
12533,MIN,108,Timberwolves,2015-12-11,21500340,DEN,111,Nuggets,no,0,2016,2,2,0,2,0,2,30,home,0.0,1.0,True,1.0,3.0,Pre-COVID,0,0.5,NWG = 0,-0.0,1.0,True,True,True
19911,OKC,94,Thunder,2015-12-11,21500341,UTA,90,Jazz,no,0,2016,0,1,0,0,0,1,8,away,3.5,1.0,False,0.0,-4.0,Pre-COVID,-1,0.0,NWG < 0,3.5,0.0,True,True,True
16875,WAS,105,Wizards,2015-12-11,21500339,NOP,107,Pelicans,no,0,2016,1,1,0,1,0,1,12,home,3.5,0.0,True,0.0,2.0,Pre-COVID,0,0.5,NWG = 0,-3.5,0.0,True,True,True
18490,BOS,98,Celtics,2015-12-12,21500345,CHA,93,Hornets,no,0,2016,1,1,0,1,0,1,11,home,3.0,0.0,True,0.0,-5.0,Pre-COVID,0,0.5,NWG = 0,-3.0,0.0,True,True,True
15689,LAC,105,Clippers,2015-12-12,21500344,BKN,100,Nets,no,0,2016,1,0,0,1,0,0,9,away,6.5,0.0,False,1.0,-5.0,Pre-COVID,1,1.0,NWG > 0,6.5,1.0,True,True,True
21605,NOP,94,Pelicans,2015-12-12,21500348,CHI,98,Bulls,no,0,2016,1,1,0,1,0,2,12,home,7.0,0.0,True,0.0,4.0,Pre-COVID,0,0.5,NWG = 0,-7.0,0.0,True,True,True
18203,UTA,98,Jazz,2015-12-13,21500356,OKC,104,Thunder,no,0,2016,1,1,0,1,0,2,15,home,9.0,0.0,True,0.0,6.0,Pre-COVID,0,0.5,NWG = 0,-9.0,0.0,True,True,True
13525,LAC,105,Clippers,2015-12-14,21500359,DET,103,Pistons,no,0,2016,4,0,0,3,1,0,34,away,2.0,2.0,False,,-2.0,Pre-COVID,4,1.0,NWG > 0,2.0,0.0,False,True,True
13120,BOS,116,Celtics,2015-12-16,21500374,DET,119,Pistons,no,0,2016,1,2,1,1,0,1,15,home,2.5,1.0,True,1.0,3.0,Pre-COVID,-1,0.3333333333333333,NWG < 0,-2.5,1.0,True,True,True
20562,OKC,100,Thunder,2015-12-17,21500384,CLE,104,Cavaliers,TNT,0,2016,0,0,0,0,0,0,11,home,2.0,1.0,True,1.0,4.0,Pre-COVID,0,,NWG = 0,-2.0,1.0,True,True,True
15817,TOR,99,Raptors,2015-12-17,21500383,CHA,109,Hornets,no,0,2016,0,4,0,0,0,4,24,away,3.0,0.0,False,1.0,10.0,Pre-COVID,-4,0.0,NWG < 0,3.0,1.0,True,True,True
18624,ATL,109,Hawks,2015-12-18,21500389,BOS,101,Celtics,no,0,2016,0,0,0,0,0,0,12,home,4.0,0.0,True,0.0,-8.0,Pre-COVID,0,,NWG = 0,-4.0,0.0,True,True,True
19169,DEN,88,Nuggets,2015-12-18,21500395,UTA,97,Jazz,no,0,2016,1,0,0,1,0,0,8,home,5.5,1.0,True,1.0,9.0,Pre-COVID,1,1.0,NWG > 0,-5.5,1.0,True,True,True
21534,DET,147,Pistons,2015-12-18,21500391,CHI,144,Bulls,no,0,2016,1,4,0,1,1,5,73,home,4.5,0.0,True,0.0,-3.0,Pre-COVID,-3,0.2,NWG < 0,-4.5,0.0,True,True,True
18418,LAC,107,Clippers,2015-12-18,21500393,SAS,115,Spurs,ESPN,0,2016,0,0,0,0,0,0,12,home,7.5,1.0,True,1.0,8.0,Pre-COVID,0,,NWG = 0,-7.5,1.0,True,True,True
19596,MIL,112,Bucks,2015-12-18,21500397,GSW,121,Warriors,no,0,2016,2,0,0,1,1,0,16,home,19.0,0.0,True,0.0,9.0,Pre-COVID,2,1.0,NWG > 0,-19.0,0.0,True,True,True
12770,SAC,95,Kings,2015-12-18,21500392,MIN,99,Timberwolves,no,0,2016,1,0,0,1,0,1,13,away,2.5,0.0,False,1.0,4.0,Pre-COVID,1,1.0,NWG > 0,2.5,1.0,True,True,True
16987,CHA,101,Hornets,2015-12-19,21500399,WAS,109,Wizards,NBATV,0,2016,0,0,0,0,1,0,16,away,2.0,0.0,False,1.0,8.0,Pre-COVID,0,,NWG = 0,2.0,1.0,True,True,True
16982,ATL,103,Hawks,2015-12-20,21500407,ORL,100,Magic,no,0,2016,1,0,0,1,0,0,8,away,1.5,1.0,False,0.0,-3.0,Pre-COVID,1,1.0,NWG > 0,1.5,0.0,True,True,True
16859,MIL,101,Bucks,2015-12-20,21500406,PHX,95,Suns,no,0,2016,0,0,0,0,0,0,10,home,7.5,0.0,True,0.0,-6.0,Pre-COVID,0,,NWG = 0,-7.5,0.0,True,True,True
13857,NOP,130,Pelicans,2015-12-20,21500409,DEN,125,Nuggets,no,0,2016,0,0,0,0,0,0,12,home,1.0,0.0,True,0.0,-5.0,Pre-COVID,0,,NWG = 0,-1.0,0.0,True,True,True
18236,CHA,95,Hornets,2015-12-21,21500415,HOU,102,Rockets,no,0,2016,0,1,1,0,0,0,17,home,3.0,1.0,True,1.0,7.0,Pre-COVID,-1,0.0,NWG < 0,-3.0,1.0,True,True,True
19415,OKC,100,Thunder,2015-12-21,21500418,LAC,99,Clippers,NBATV,0,2016,0,3,0,0,0,3,16,away,1.5,0.0,False,1.0,-1.0,Pre-COVID,-3,0.0,NWG < 0,1.5,1.0,True,True,True
19901,DET,93,Pistons,2015-12-22,21500420,MIA,92,Heat,no,0,2016,2,0,0,1,1,0,12,home,2.5,0.0,True,0.0,-1.0,Pre-COVID,2,1.0,NWG > 0,-2.5,0.0,True,True,True
19124,LAL,111,Lakers,2015-12-22,21500422,DEN,107,Nuggets,no,0,2016,1,0,0,1,0,0,14,home,5.5,0.0,True,0.0,-4.0,Pre-COVID,1,1.0,NWG > 0,-5.5,0.0,True,True,True
15994,DAL,119,Mavericks,2015-12-23,21500428,BKN,118,Nets,no,0,2016,1,0,0,1,0,0,27,away,3.0,0.0,False,1.0,-1.0,Pre-COVID,1,1.0,NWG > 0,3.0,1.0,True,True,True
17061,HOU,101,Rockets,2015-12-23,21500426,ORL,104,Magic,NBATV,0,2016,0,2,0,0,0,2,21,home,1.0,1.0,True,1.0,3.0,Pre-COVID,-2,0.0,NWG < 0,-1.0,1.0,True,True,True
20562,NYK,84,Knicks,2015-12-23,21500424,CLE,91,Cavaliers,no,0,2016,0,0,0,0,0,0,8,home,13.0,0.0,True,0.0,7.0,Pre-COVID,0,,NWG = 0,-13.0,0.0,True,True,True
18165,SAC,108,Kings,2015-12-23,21500425,IND,106,Pacers,no,0,2016,0,1,0,0,0,2,13,home,6.5,0.0,True,0.0,-2.0,Pre-COVID,-1,0.0,NWG < 0,-6.5,0.0,True,True,True
19596,CLE,83,Cavaliers,2015-12-25,21500438,GSW,89,Warriors,ABC,0,2016,0,1,1,0,0,0,12,home,6.5,0.0,True,0.0,6.0,Pre-COVID,-1,0.0,NWG < 0,-6.5,0.0,True,True,True
19845,NOP,88,Pelicans,2015-12-25,21500436,MIA,94,Heat,ESPN,0,2016,0,0,0,0,0,0,24,home,4.0,1.0,True,1.0,6.0,Pre-COVID,0,,NWG = 0,-4.0,1.0,True,True,True
18319,SAS,84,Spurs,2015-12-25,21500439,HOU,88,Rockets,ESPN,0,2016,0,1,0,0,0,1,13,away,7.0,0.0,False,1.0,4.0,Pre-COVID,-1,0.0,NWG < 0,7.0,1.0,True,True,True
20392,CHI,111,Bulls,2015-12-26,21500449,DAL,118,Mavericks,no,0,2016,0,0,0,0,0,0,7,home,2.5,1.0,True,1.0,7.0,Pre-COVID,0,,NWG = 0,-2.5,1.0,True,True,True
18248,HOU,108,Rockets,2015-12-26,21500445,NOP,110,Pelicans,NBATV,0,2016,1,1,0,1,0,1,6,away,1.0,0.0,False,1.0,2.0,Pre-COVID,0,0.5,NWG = 0,1.0,1.0,True,True,True
19911,LAC,109,Clippers,2015-12-26,21500452,UTA,104,Jazz,no,0,2016,1,0,0,1,0,0,11,away,2.0,1.0,False,0.0,-5.0,Pre-COVID,1,1.0,NWG > 0,2.0,0.0,True,True,True
19091,MEM,92,Grizzlies,2015-12-26,21500443,CHA,98,Hornets,no,0,2016,1,0,0,1,0,0,8,home,2.5,1.0,True,1.0,6.0,Pre-COVID,1,1.0,NWG > 0,-2.5,1.0,True,True,True
18846,MIA,108,Heat,2015-12-26,21500444,ORL,101,Magic,no,0,2016,0,1,1,0,0,0,7,home,5.0,0.0,True,0.0,-7.0,Pre-COVID,-1,0.0,NWG < 0,-5.0,0.0,True,True,True
17317,POR,98,Trail Blazers,2015-12-27,21500457,SAC,94,Kings,no,0,2016,0,0,0,0,0,0,6,home,9.0,0.0,True,0.0,-4.0,Pre-COVID,0,,NWG = 0,-9.0,0.0,True,True,True
18319,CLE,101,Cavaliers,2015-12-28,21500466,PHX,97,Suns,no,0,2016,0,0,0,0,0,0,13,away,9.5,0.0,False,1.0,-4.0,Pre-COVID,0,,NWG = 0,9.5,1.0,True,True,True
19911,PHI,91,76ers,2015-12-28,21500467,UTA,95,Jazz,no,0,2016,0,0,0,0,0,0,16,home,8.0,0.0,True,0.0,4.0,Pre-COVID,0,,NWG = 0,-8.0,0.0,True,True,True
18211,ATL,121,Hawks,2015-12-29,21500470,HOU,115,Rockets,no,0,2016,0,1,0,0,0,1,6,home,4.0,0.0,True,0.0,-6.0,Pre-COVID,-1,0.0,NWG < 0,-4.0,0.0,True,True,True
18119,MIA,90,Heat,2015-12-29,21500471,MEM,99,Grizzlies,no,0,2016,0,0,0,0,0,0,17,home,4.5,1.0,True,1.0,9.0,Pre-COVID,0,,NWG = 0,-4.5,1.0,True,True,True
18397,BKN,93,Nets,2015-12-30,21500475,ORL,100,Magic,no,0,2016,2,0,0,2,0,0,8,home,7.5,0.0,True,0.0,7.0,Pre-COVID,2,1.0,NWG > 0,-7.5,0.0,True,True,True
22206,IND,100,Pacers,2015-12-30,21500478,CHI,102,Bulls,no,0,2016,1,0,0,1,0,0,19,home,3.0,0.0,True,0.0,2.0,Pre-COVID,1,1.0,NWG > 0,-3.0,0.0,True,True,True
18624,LAL,112,Lakers,2015-12-30,21500476,BOS,104,Celtics,NBATV,0,2016,2,1,0,1,1,1,11,home,14.0,0.0,True,0.0,-8.0,Pre-COVID,1,0.6666666666666666,NWG > 0,-14.0,0.0,True,True,True
17317,PHI,110,76ers,2015-12-30,21500483,SAC,105,Kings,no,0,2016,1,0,0,0,1,0,13,home,10.5,0.0,True,0.0,-5.0,Pre-COVID,1,1.0,NWG > 0,-10.5,0.0,True,True,True
16920,LAC,95,Clippers,2015-12-31,21500487,NOP,89,Pelicans,no,0,2016,0,0,0,0,0,0,11,home,2.0,0.0,True,0.0,-6.0,Pre-COVID,0,,NWG = 0,-2.0,0.0,True,True,True
18203,PHX,106,Suns,2015-12-31,21500488,OKC,110,Thunder,no,0,2016,0,0,0,0,0,0,14,home,16.0,0.0,True,0.0,4.0,Pre-COVID,0,,NWG = 0,-16.0,0.0,True,True,True
19596,DEN,108,Nuggets,2016-01-02,21500504,GSW,111,Warriors,no,0,2016,0,2,1,0,0,1,19,home,15.0,0.0,True,0.0,3.0,Pre-COVID,-2,0.0,NWG < 0,-15.0,0.0,True,True,True
18455,MEM,87,Grizzlies,2016-01-02,21500503,UTA,92,Jazz,no,0,2016,2,0,0,1,1,0,18,away,2.0,0.0,False,1.0,5.0,Pre-COVID,2,1.0,NWG > 0,2.0,1.0,True,True,True
20152,NOP,105,Pelicans,2016-01-02,21500501,DAL,98,Mavericks,no,0,2016,1,1,1,1,1,1,12,home,4.0,0.0,True,0.0,-7.0,Pre-COVID,0,0.5,NWG = 0,-4.0,0.0,True,True,True
19800,CHI,115,Bulls,2016-01-03,21500507,TOR,113,Raptors,no,0,2016,1,0,0,1,0,0,12,home,4.0,0.0,True,0.0,-2.0,Pre-COVID,1,1.0,NWG > 0,-4.0,0.0,True,True,True
17912,HOU,93,Rockets,2016-01-04,21500518,UTA,91,Jazz,no,0,2016,1,2,0,1,0,2,11,away,3.5,0.0,False,1.0,-2.0,Pre-COVID,-1,0.3333333333333333,NWG < 0,3.5,1.0,True,True,True
19874,IND,100,Pacers,2016-01-04,21500515,MIA,103,Heat,NBATV,0,2016,2,0,0,2,0,0,26,home,2.0,1.0,True,1.0,3.0,Pre-COVID,2,1.0,NWG > 0,-2.0,1.0,True,True,True
15082,NYK,107,Knicks,2016-01-05,21500521,ATL,101,Hawks,no,0,2016,1,1,0,1,0,1,12,home,7.5,0.0,True,0.0,-6.0,Pre-COVID,0,0.5,NWG = 0,-7.5,0.0,True,True,True
20059,SAC,116,Kings,2016-01-05,21500523,DAL,117,Mavericks,no,0,2016,3,2,1,3,0,2,36,home,7.0,0.0,True,0.0,1.0,Pre-COVID,1,0.6,NWG > 0,-7.0,0.0,True,True,True
16910,CHA,102,Hornets,2016-01-06,21500533,PHX,111,Suns,no,0,2016,1,3,0,1,0,3,14,away,2.0,0.0,False,1.0,9.0,Pre-COVID,-2,0.25,NWG < 0,2.0,1.0,True,True,True
12059,DEN,78,Nuggets,2016-01-06,21500530,MIN,74,Timberwolves,no,0,2016,0,0,0,0,0,0,9,home,3.0,0.0,True,0.0,-4.0,Pre-COVID,0,,NWG = 0,-3.0,0.0,True,True,True
18624,DET,99,Pistons,2016-01-06,21500528,BOS,94,Celtics,no,0,2016,0,0,0,0,0,0,17,home,3.0,0.0,True,0.0,-5.0,Pre-COVID,0,,NWG = 0,-3.0,0.0,True,True,True
17386,LAL,115,Lakers,2016-01-07,21500539,SAC,118,Kings,TNT,0,2016,0,0,0,0,0,0,13,home,8.5,0.0,True,0.0,3.0,Pre-COVID,0,,NWG = 0,-8.5,0.0,True,True,True
18155,UTA,94,Jazz,2016-01-07,21500538,HOU,103,Rockets,no,0,2016,0,0,0,0,0,0,9,home,6.5,1.0,True,1.0,9.0,Pre-COVID,0,,NWG = 0,-6.5,1.0,True,True,True
16409,DAL,95,Mavericks,2016-01-08,21500545,MIL,96,Bucks,no,0,2016,0,0,0,0,0,0,15,home,0.0,1.0,True,1.0,1.0,Pre-COVID,0,,NWG = 0,-0.0,1.0,True,True,True
17499,DEN,84,Nuggets,2016-01-08,21500542,MEM,91,Grizzlies,no,0,2016,0,0,0,0,0,0,10,home,5.5,1.0,True,1.0,7.0,Pre-COVID,0,,NWG = 0,-5.5,1.0,True,True,True
16895,IND,91,Pacers,2016-01-08,21500544,NOP,86,Pelicans,no,0,2016,1,0,0,1,0,0,9,away,2.0,1.0,False,0.0,-5.0,Pre-COVID,1,1.0,NWG > 0,2.0,0.0,True,True,True
16866,MIA,103,Heat,2016-01-08,21500547,PHX,95,Suns,no,0,2016,0,0,0,0,0,1,7,away,5.0,1.0,False,0.0,-8.0,Pre-COVID,0,,NWG = 0,5.0,0.0,True,True,True
18420,NYK,99,Knicks,2016-01-08,21500546,SAS,100,Spurs,no,0,2016,0,0,0,0,0,0,9,home,14.5,0.0,True,0.0,1.0,Pre-COVID,0,,NWG = 0,-14.5,0.0,True,True,True
18997,OKC,117,Thunder,2016-01-08,21500549,LAL,113,Lakers,ESPN,0,2016,1,1,1,1,0,0,12,away,15.5,0.0,False,1.0,-4.0,Pre-COVID,0,0.5,NWG = 0,15.5,1.0,True,True,True
17112,BOS,98,Celtics,2016-01-10,21500560,MEM,101,Grizzlies,no,0,2016,0,1,0,0,0,1,21,away,3.0,0.0,False,1.0,3.0,Pre-COVID,-1,0.0,NWG < 0,3.0,1.0,True,True,True
18133,IND,103,Pacers,2016-01-10,21500561,HOU,107,Rockets,no,0,2016,2,0,0,1,1,1,25,home,2.5,1.0,True,1.0,4.0,Pre-COVID,2,1.0,NWG > 0,-2.5,1.0,True,True,True
19060,NOP,111,Pelicans,2016-01-10,21500558,LAC,114,Clippers,no,0,2016,1,0,0,1,0,0,31,home,10.0,0.0,True,0.0,3.0,Pre-COVID,1,1.0,NWG > 0,-10.0,0.0,True,True,True
19393,OKC,110,Thunder,2016-01-10,21500564,POR,115,Trail Blazers,no,0,2016,0,0,0,0,0,0,6,away,8.0,0.0,False,1.0,5.0,Pre-COVID,0,,NWG = 0,8.0,1.0,True,True,True
19812,BOS,114,Celtics,2016-01-12,21500571,NYK,120,Knicks,no,0,2016,0,0,0,0,0,0,7,away,1.5,0.0,False,1.0,6.0,Pre-COVID,0,,NWG = 0,1.5,1.0,True,True,True
16867,CHI,101,Bulls,2016-01-12,21500573,MIL,106,Bucks,NBATV,0,2016,0,0,0,0,0,0,12,away,3.0,0.0,False,1.0,5.0,Pre-COVID,0,,NWG = 0,3.0,1.0,True,True,True
20347,CLE,110,Cavaliers,2016-01-12,21500575,DAL,107,Mavericks,no,0,2016,4,2,1,4,0,1,36,away,5.5,0.0,False,1.0,-3.0,Pre-COVID,2,0.6666666666666666,NWG > 0,5.5,1.0,True,True,True
18997,NOP,91,Pelicans,2016-01-12,21500576,LAL,95,Lakers,NBATV,0,2016,1,1,0,1,0,1,11,away,2.0,0.0,False,1.0,4.0,Pre-COVID,0,0.5,NWG = 0,2.0,1.0,True,True,True
14791,OKC,101,Thunder,2016-01-12,21500574,MIN,96,Timberwolves,no,0,2016,0,0,0,0,0,0,12,away,11.0,0.0,False,1.0,-5.0,Pre-COVID,0,,NWG = 0,11.0,1.0,True,True,True
18004,GSW,110,Warriors,2016-01-13,21500583,DEN,112,Nuggets,no,0,2016,0,0,0,0,0,0,11,away,9.5,0.0,False,1.0,2.0,Pre-COVID,0,,NWG = 0,9.5,1.0,True,True,True
18624,IND,94,Pacers,2016-01-13,21500580,BOS,103,Celtics,ESPN,0,2016,0,1,0,0,0,2,10,home,3.5,1.0,True,1.0,9.0,Pre-COVID,-1,0.0,NWG < 0,-3.5,1.0,True,True,True
16248,MIL,101,Bucks,2016-01-13,21500578,WAS,106,Wizards,no,0,2016,0,0,0,0,0,0,8,home,5.5,0.0,True,0.0,5.0,Pre-COVID,0,,NWG = 0,-5.5,0.0,True,True,True
17115,MIN,104,Timberwolves,2016-01-13,21500581,HOU,107,Rockets,no,0,2016,0,1,0,0,0,1,7,home,7.5,0.0,True,0.0,3.0,Pre-COVID,-1,0.0,NWG < 0,-7.5,0.0,True,True,True
17732,NYK,104,Knicks,2016-01-13,21500579,BKN,110,Nets,no,0,2016,1,0,0,1,0,0,13,away,3.5,0.0,False,1.0,6.0,Pre-COVID,1,1.0,NWG > 0,3.5,1.0,True,True,True
14063,CHI,115,Bulls,2016-01-14,21500587,PHI,111,76ers,no,0,2016,2,1,0,1,1,1,13,away,8.5,0.0,False,1.0,-4.0,Pre-COVID,1,0.6666666666666666,NWG > 0,8.5,1.0,True,True,True
15977,DET,101,Pistons,2016-01-14,21500589,MEM,103,Grizzlies,no,0,2016,2,0,0,2,0,0,6,away,2.0,0.0,False,1.0,2.0,Pre-COVID,2,1.0,NWG > 0,2.0,1.0,True,True,True
17894,SAC,103,Kings,2016-01-14,21500591,UTA,101,Jazz,no,0,2016,0,2,0,0,0,2,9,home,2.5,0.0,True,0.0,-2.0,Pre-COVID,-2,0.0,NWG < 0,-2.5,0.0,True,True,True
18689,TOR,106,Raptors,2016-01-14,21500588,ORL,103,Magic,NBATV,0,2016,1,1,0,1,0,1,15,away,4.5,0.0,False,1.0,-3.0,Pre-COVID,0,0.5,NWG = 0,4.5,1.0,True,True,True
15144,ATL,101,Hawks,2016-01-15,21500599,MIL,108,Bucks,no,0,2016,1,0,0,1,0,1,19,away,4.5,0.0,False,1.0,7.0,Pre-COVID,1,1.0,NWG > 0,4.5,1.0,True,True,True
16876,CHA,107,Hornets,2016-01-15,21500598,NOP,109,Pelicans,no,0,2016,0,0,0,0,0,1,6,home,3.5,0.0,True,0.0,2.0,Pre-COVID,0,,NWG = 0,-3.5,0.0,True,True,True
15406,MIA,98,Heat,2016-01-15,21500600,DEN,95,Nuggets,no,0,2016,0,0,0,0,0,0,5,away,1.5,1.0,False,0.0,-3.0,Pre-COVID,0,,NWG = 0,1.5,0.0,True,True,True
20356,BOS,119,Celtics,2016-01-16,21500604,WAS,117,Wizards,no,0,2016,2,0,0,1,1,0,16,away,1.5,1.0,False,0.0,-2.0,Pre-COVID,2,1.0,NWG > 0,1.5,0.0,True,True,True
19191,SAC,110,Kings,2016-01-16,21500609,LAC,103,Clippers,no,0,2016,0,0,0,0,0,0,9,home,3.5,0.0,True,0.0,-7.0,Pre-COVID,0,,NWG = 0,-3.5,0.0,True,True,True
11104,IND,126,Pacers,2016-01-17,21500613,DEN,129,Nuggets,no,0,2016,0,1,1,0,0,0,13,away,2.5,0.0,False,1.0,3.0,Pre-COVID,-1,0.0,NWG < 0,2.5,1.0,True,True,True
19866,BOS,113,Celtics,2016-01-18,21500623,DAL,118,Mavericks,no,0,2016,2,0,0,2,0,0,23,away,2.0,0.0,False,1.0,5.0,Pre-COVID,2,1.0,NWG > 0,2.0,1.0,True,True,True
19060,HOU,132,Rockets,2016-01-18,21500624,LAC,140,Clippers,TNT,0,2016,1,0,0,0,1,0,22,home,6.0,1.0,True,1.0,8.0,Pre-COVID,1,1.0,NWG > 0,-6.0,1.0,True,True,True
19812,PHI,113,76ers,2016-01-18,21500615,NYK,119,Knicks,no,0,2016,5,2,1,4,1,1,40,home,9.5,0.0,True,0.0,6.0,Pre-COVID,3,0.7142857142857143,NWG > 0,-9.5,0.0,True,True,True
17459,UTA,119,Jazz,2016-01-18,21500616,CHA,124,Hornets,no,0,2016,2,0,0,2,0,0,53,home,3.5,1.0,True,1.0,5.0,Pre-COVID,2,1.0,NWG > 0,-3.5,1.0,True,True,True
18783,ATL,104,Hawks,2016-01-20,21500639,POR,98,Trail Blazers,ESPN,0,2016,2,0,0,2,0,0,13,away,1.5,1.0,False,0.0,-6.0,Pre-COVID,2,1.0,NWG > 0,1.5,0.0,True,True,True
19800,BOS,109,Celtics,2016-01-20,21500633,TOR,115,Raptors,no,0,2016,1,0,0,1,0,0,10,home,3.5,1.0,True,1.0,6.0,Pre-COVID,1,1.0,NWG > 0,-3.5,1.0,True,True,True
19621,MIN,94,Timberwolves,2016-01-20,21500637,DAL,106,Mavericks,no,0,2016,1,2,1,1,0,1,19,home,6.5,1.0,True,1.0,12.0,Pre-COVID,-1,0.3333333333333333,NWG < 0,-6.5,1.0,True,True,True
19812,UTA,111,Jazz,2016-01-20,21500632,NYK,118,Knicks,no,0,2016,3,1,0,3,0,1,31,home,2.5,1.0,True,1.0,7.0,Pre-COVID,2,0.75,NWG > 0,-2.5,1.0,True,True,True
17019,ATL,88,Hawks,2016-01-21,21500643,SAC,91,Kings,no,0,2016,2,0,0,1,1,0,20,home,0.0,1.0,True,1.0,3.0,Pre-COVID,2,1.0,NWG > 0,-0.0,1.0,True,True,True
16140,MEM,102,Grizzlies,2016-01-21,21500642,DEN,101,Nuggets,no,0,2016,1,0,0,0,1,0,8,away,2.5,0.0,False,1.0,-1.0,Pre-COVID,1,1.0,NWG > 0,2.5,1.0,True,True,True
18083,CHA,120,Hornets,2016-01-22,21500645,ORL,116,Magic,no,0,2016,2,0,0,1,1,0,23,home,4.5,0.0,True,0.0,-4.0,Pre-COVID,2,1.0,NWG > 0,-4.5,0.0,True,True,True
17034,ATL,95,Hawks,2016-01-23,21500660,PHX,98,Suns,no,0,2016,0,0,0,0,0,0,8,away,10.0,0.0,False,1.0,3.0,Pre-COVID,0,,NWG = 0,10.0,1.0,True,True,True
14646,DET,101,Pistons,2016-01-23,21500661,DEN,104,Nuggets,no,0,2016,0,1,0,0,0,1,15,away,4.5,0.0,False,1.0,3.0,Pre-COVID,-1,0.0,NWG < 0,4.5,1.0,True,True,True
15608,MEM,101,Grizzlies,2016-01-23,21500658,MIN,106,Timberwolves,no,0,2016,1,0,0,1,0,0,9,away,3.0,0.0,False,1.0,5.0,Pre-COVID,1,1.0,NWG > 0,3.0,1.0,True,True,True
16991,CHA,129,Hornets,2016-01-25,21500674,SAC,128,Kings,no,0,2016,2,1,1,1,1,1,52,home,8.0,0.0,True,0.0,-1.0,Pre-COVID,1,0.6666666666666666,NWG > 0,-8.0,0.0,True,True,True
18783,DET,95,Pistons,2016-01-25,21500673,UTA,92,Jazz,no,0,2016,2,0,0,2,0,0,11,home,3.0,0.0,True,0.0,-3.0,Pre-COVID,2,1.0,NWG > 0,-3.0,0.0,True,True,True
15688,HOU,112,Rockets,2016-01-25,21500671,NOP,111,Pelicans,no,0,2016,0,0,0,0,0,0,11,home,4.0,0.0,True,0.0,-1.0,Pre-COVID,0,,NWG = 0,-4.0,0.0,True,True,True
21720,MIA,89,Heat,2016-01-25,21500669,CHI,84,Bulls,no,0,2016,0,0,0,0,0,0,9,home,6.5,0.0,True,0.0,-5.0,Pre-COVID,0,,NWG = 0,-6.5,0.0,True,True,True
15779,ORL,102,Magic,2016-01-25,21500670,MEM,108,Grizzlies,no,0,2016,1,1,0,1,0,1,28,home,5.5,1.0,True,1.0,6.0,Pre-COVID,0,0.5,NWG = 0,-5.5,1.0,True,True,True
18997,DAL,92,Mavericks,2016-01-26,21500683,LAL,90,Lakers,NBATV,0,2016,0,1,1,0,0,0,10,away,6.5,0.0,False,1.0,-2.0,Pre-COVID,-1,0.0,NWG < 0,6.5,1.0,True,True,True
15448,LAC,91,Clippers,2016-01-26,21500676,IND,89,Pacers,no,0,2016,0,0,0,0,1,1,15,away,1.0,1.0,False,0.0,-2.0,Pre-COVID,0,,NWG = 0,1.0,0.0,True,True,True
15267,MIA,102,Heat,2016-01-26,21500678,BKN,98,Nets,no,0,2016,0,0,0,0,0,0,13,away,3.5,1.0,False,0.0,-4.0,Pre-COVID,0,,NWG = 0,3.5,0.0,True,True,True
19812,OKC,128,Thunder,2016-01-26,21500679,NYK,122,Knicks,NBATV,0,2016,1,0,0,1,0,1,30,away,9.0,0.0,False,1.0,-6.0,Pre-COVID,1,1.0,NWG > 0,9.0,1.0,True,True,True
11884,ORL,100,Magic,2016-01-26,21500681,MIL,107,Bucks,no,0,2016,0,0,0,0,0,0,9,home,5.0,1.0,True,1.0,7.0,Pre-COVID,0,,NWG = 0,-5.0,1.0,True,True,True
17664,LAC,85,Clippers,2016-01-27,21500687,ATL,83,Hawks,no,0,2016,1,0,0,1,0,0,17,home,5.0,0.0,True,0.0,-2.0,Pre-COVID,1,1.0,NWG > 0,-5.0,0.0,True,True,True
13337,OKC,126,Thunder,2016-01-27,21500688,MIN,123,Timberwolves,no,0,2016,1,0,0,0,1,0,15,away,6.5,0.0,False,1.0,-3.0,Pre-COVID,1,1.0,NWG > 0,6.5,1.0,True,True,True
15146,DEN,117,Nuggets,2016-01-28,21500693,WAS,113,Wizards,no,0,2016,1,1,1,1,0,0,20,home,7.5,0.0,True,0.0,-4.0,Pre-COVID,0,0.5,NWG = 0,-7.5,0.0,True,True,True
17846,MIA,107,Heat,2016-01-29,21500703,MIL,103,Bucks,no,0,2016,0,1,0,0,0,1,16,home,0.0,0.0,True,0.0,-4.0,Pre-COVID,-1,0.0,NWG < 0,-0.0,0.0,True,True,True
18037,BKN,103,Nets,2016-01-30,21500710,NOP,105,Pelicans,no,0,2016,0,0,0,0,0,0,4,home,9.0,0.0,True,0.0,2.0,Pre-COVID,0,,NWG = 0,-9.0,0.0,True,True,True
18165,DEN,105,Nuggets,2016-01-30,21500709,IND,109,Pacers,no,0,2016,1,0,0,1,0,0,15,home,9.5,0.0,True,0.0,4.0,Pre-COVID,1,1.0,NWG > 0,-9.5,0.0,True,True,True
18320,WAS,123,Wizards,2016-01-30,21500711,HOU,122,Rockets,no,0,2016,1,1,1,1,0,0,8,home,4.0,0.0,True,0.0,-1.0,Pre-COVID,0,0.5,NWG = 0,-4.0,0.0,True,True,True
18811,CHI,96,Bulls,2016-02-01,21500728,UTA,105,Jazz,no,0,2016,0,1,0,0,0,1,29,home,5.5,1.0,True,1.0,9.0,Pre-COVID,-1,0.0,NWG < 0,-5.5,1.0,True,True,True
17283,CLE,111,Cavaliers,2016-02-01,21500721,IND,106,Pacers,NBATV,0,2016,2,1,0,2,0,1,26,away,5.5,0.0,False,1.0,-5.0,Pre-COVID,1,0.6666666666666666,NWG > 0,5.5,1.0,True,True,True
13290,DET,105,Pistons,2016-02-01,21500722,BKN,100,Nets,no,0,2016,1,0,0,1,0,0,11,away,7.0,0.0,False,1.0,-5.0,Pre-COVID,1,1.0,NWG > 0,7.0,1.0,True,True,True
18997,MIN,115,Timberwolves,2016-02-02,21500734,LAL,119,Lakers,NBATV,0,2016,2,0,0,2,0,0,17,away,4.0,0.0,False,1.0,4.0,Pre-COVID,2,1.0,NWG > 0,4.0,1.0,True,True,True
17317,CHI,107,Bulls,2016-02-03,21500744,SAC,102,Kings,no,0,2016,0,1,0,0,0,1,22,home,4.0,0.0,True,0.0,-5.0,Pre-COVID,-1,0.0,NWG < 0,-4.0,0.0,True,True,True
19461,DEN,81,Nuggets,2016-02-03,21500743,UTA,85,Jazz,no,0,2016,1,1,0,1,0,1,15,home,8.0,0.0,True,0.0,4.0,Pre-COVID,0,0.5,NWG = 0,-8.0,0.0,True,True,True
20385,MIA,93,Heat,2016-02-03,21500741,DAL,90,Mavericks,no,0,2016,1,0,0,1,0,0,9,home,2.5,0.0,True,0.0,-3.0,Pre-COVID,1,1.0,NWG > 0,-2.5,0.0,True,True,True
19060,MIN,108,Timberwolves,2016-02-03,21500745,LAC,102,Clippers,ESPN,0,2016,2,0,0,2,0,0,16,home,11.0,0.0,True,0.0,-6.0,Pre-COVID,2,1.0,NWG > 0,-11.0,0.0,True,True,True
18203,ORL,114,Magic,2016-02-03,21500740,OKC,117,Thunder,no,0,2016,1,0,0,1,0,0,12,home,11.5,0.0,True,0.0,3.0,Pre-COVID,1,1.0,NWG > 0,-11.5,0.0,True,True,True
15723,HOU,111,Rockets,2016-02-04,21500749,PHX,105,Suns,no,0,2016,1,0,0,1,0,0,10,away,7.5,0.0,False,1.0,-6.0,Pre-COVID,1,1.0,NWG > 0,7.5,1.0,True,True,True
17095,NYK,105,Knicks,2016-02-04,21500746,DET,111,Pistons,TNT,0,2016,0,1,1,0,0,0,9,home,4.5,1.0,True,1.0,6.0,Pre-COVID,-1,0.0,NWG < 0,-4.5,1.0,True,True,True
20562,BOS,104,Celtics,2016-02-05,21500755,CLE,103,Cavaliers,no,0,2016,0,1,1,0,0,0,16,home,6.5,0.0,True,0.0,-1.0,Pre-COVID,-1,0.0,NWG < 0,-6.5,0.0,True,True,True
19155,CHI,110,Bulls,2016-02-05,21500757,DEN,115,Nuggets,no,0,2016,1,0,0,1,0,0,10,home,2.5,1.0,True,1.0,5.0,Pre-COVID,1,1.0,NWG > 0,-2.5,1.0,True,True,True
17225,IND,96,Pacers,2016-02-05,21500750,ATL,102,Hawks,ESPN,0,2016,1,1,0,1,0,1,14,home,5.0,1.0,True,1.0,6.0,Pre-COVID,0,0.5,NWG = 0,-5.0,1.0,True,True,True
19812,MEM,91,Grizzlies,2016-02-05,21500756,NYK,85,Knicks,no,0,2016,2,1,1,2,0,1,17,away,5.5,1.0,False,0.0,-6.0,Pre-COVID,1,0.6666666666666666,NWG > 0,5.5,0.0,True,True,True
19147,MIA,98,Heat,2016-02-05,21500751,CHA,95,Hornets,no,0,2016,2,0,0,2,0,0,13,home,4.0,0.0,True,0.0,-3.0,Pre-COVID,2,1.0,NWG > 0,-4.0,0.0,True,True,True
19911,MIL,81,Bucks,2016-02-05,21500758,UTA,84,Jazz,no,0,2016,0,1,0,0,0,1,10,home,7.0,0.0,True,0.0,3.0,Pre-COVID,-1,0.0,NWG < 0,-7.0,0.0,True,True,True
18847,BKN,98,Nets,2016-02-06,21500764,PHI,103,76ers,no,0,2016,0,0,0,0,0,0,14,home,1.0,1.0,True,1.0,5.0,Pre-COVID,0,,NWG = 0,-1.0,1.0,True,True,True
17876,CHI,105,Bulls,2016-02-06,21500766,MIN,112,Timberwolves,no,0,2016,0,0,0,0,0,0,8,home,3.5,1.0,True,1.0,7.0,Pre-COVID,0,,NWG = 0,-3.5,1.0,True,True,True
18119,DAL,114,Mavericks,2016-02-06,21500765,MEM,110,Grizzlies,no,0,2016,4,0,0,2,2,1,27,home,5.5,0.0,True,0.0,-4.0,Pre-COVID,4,1.0,NWG > 0,-5.5,0.0,True,True,True
18165,DET,104,Pistons,2016-02-06,21500762,IND,112,Pacers,no,0,2016,0,0,0,0,0,0,9,home,4.5,1.0,True,1.0,8.0,Pre-COVID,0,,NWG = 0,-4.5,1.0,True,True,True
18418,LAL,102,Lakers,2016-02-06,21500767,SAS,106,Spurs,no,0,2016,1,0,0,0,1,0,9,home,17.0,0.0,True,0.0,4.0,Pre-COVID,1,1.0,NWG > 0,-17.0,0.0,True,True,True
19596,OKC,108,Thunder,2016-02-06,21500769,GSW,116,Warriors,ESPN,0,2016,1,0,0,1,0,0,9,home,7.5,1.0,True,1.0,8.0,Pre-COVID,1,1.0,NWG > 0,-7.5,1.0,True,True,True
18450,WAS,104,Wizards,2016-02-06,21500761,CHA,108,Hornets,no,0,2016,1,1,0,1,0,1,14,home,5.5,0.0,True,0.0,4.0,Pre-COVID,0,0.5,NWG = 0,-5.5,0.0,True,True,True
16021,ATL,94,Hawks,2016-02-07,21500771,ORL,96,Magic,no,0,2016,0,1,0,0,0,1,16,away,3.0,0.0,False,1.0,2.0,Pre-COVID,-1,0.0,NWG < 0,3.0,1.0,True,True,True
19812,DEN,101,Nuggets,2016-02-07,21500770,NYK,96,Knicks,no,0,2016,2,0,0,2,0,1,17,home,4.0,0.0,True,0.0,-5.0,Pre-COVID,2,1.0,NWG > 0,-4.0,0.0,True,True,True
13043,DEN,104,Nuggets,2016-02-08,21500778,BKN,105,Nets,no,0,2016,0,0,0,0,0,0,7,away,2.5,0.0,False,1.0,1.0,Pre-COVID,0,,NWG = 0,2.5,1.0,True,True,True
13310,LAC,98,Clippers,2016-02-08,21500777,PHI,92,76ers,no,0,2016,1,1,0,1,0,1,18,away,9.0,0.0,False,1.0,-6.0,Pre-COVID,0,0.5,NWG = 0,9.0,1.0,True,True,True
18165,LAL,87,Lakers,2016-02-08,21500776,IND,89,Pacers,no,0,2016,0,0,0,0,0,0,11,home,12.5,0.0,True,0.0,2.0,Pre-COVID,0,,NWG = 0,-12.5,0.0,True,True,True
13057,ORL,117,Magic,2016-02-08,21500780,ATL,110,Hawks,NBATV,0,2016,1,1,1,1,0,0,23,home,8.5,0.0,True,0.0,-7.0,Pre-COVID,0,0.5,NWG = 0,-8.5,0.0,True,True,True
15892,POR,112,Trail Blazers,2016-02-08,21500781,MEM,106,Grizzlies,no,0,2016,1,0,0,0,1,0,23,home,3.0,0.0,True,0.0,-6.0,Pre-COVID,1,1.0,NWG > 0,-3.0,0.0,True,True,True
13215,BOS,111,Celtics,2016-02-09,21500786,MIL,112,Bucks,no,0,2016,0,0,0,0,0,0,7,away,4.0,0.0,False,1.0,1.0,Pre-COVID,0,,NWG = 0,4.0,1.0,True,True,True
19394,UTA,121,Jazz,2016-02-09,21500787,DAL,119,Mavericks,no,0,2016,2,0,0,1,1,1,31,home,1.5,0.0,True,0.0,-2.0,Pre-COVID,2,1.0,NWG > 0,-1.5,0.0,True,True,True
18186,LAC,134,Clippers,2016-02-10,21500792,BOS,139,Celtics,no,0,2016,1,1,1,0,1,0,24,home,2.0,1.0,True,1.0,5.0,Pre-COVID,0,0.5,NWG = 0,-2.0,1.0,True,True,True
12501,SAC,114,Kings,2016-02-10,21500791,PHI,110,76ers,no,0,2016,0,0,0,0,0,0,8,away,5.5,0.0,False,1.0,-4.0,Pre-COVID,0,,NWG = 0,5.5,1.0,True,True,True
17467,SAS,98,Spurs,2016-02-10,21500790,ORL,96,Magic,no,0,2016,0,0,0,0,0,0,9,away,8.5,0.0,False,1.0,-2.0,Pre-COVID,0,,NWG = 0,8.5,1.0,True,True,True
11171,TOR,112,Raptors,2016-02-10,21500797,MIN,117,Timberwolves,no,0,2016,0,0,0,0,0,0,11,away,6.0,0.0,False,1.0,5.0,Pre-COVID,0,,NWG = 0,6.0,1.0,True,True,True
15256,UTA,96,Jazz,2016-02-10,21500798,NOP,100,Pelicans,no,0,2016,0,0,0,0,0,0,7,home,1.5,1.0,True,1.0,4.0,Pre-COVID,0,,NWG = 0,-1.5,1.0,True,True,True
16370,CHA,98,Hornets,2016-02-19,21500813,MIL,95,Bucks,no,0,2016,0,1,0,0,0,1,14,away,1.5,1.0,False,0.0,-3.0,Pre-COVID,-1,0.0,NWG < 0,1.5,0.0,True,True,True
17764,DAL,104,Mavericks,2016-02-19,21500805,ORL,110,Magic,no,0,2016,2,1,0,1,1,1,28,home,1.5,1.0,True,1.0,6.0,Pre-COVID,1,0.6666666666666666,NWG > 0,-1.5,1.0,True,True,True
18203,IND,101,Pacers,2016-02-19,21500812,OKC,98,Thunder,ESPN,0,2016,0,0,0,0,0,0,10,home,8.0,0.0,True,0.0,-3.0,Pre-COVID,0,,NWG = 0,-8.0,0.0,True,True,True
19043,MIA,115,Heat,2016-02-19,21500808,ATL,111,Hawks,no,0,2016,0,1,0,0,0,1,8,home,10.0,0.0,True,0.0,-4.0,Pre-COVID,-1,0.0,NWG < 0,-10.0,0.0,True,True,True
18119,MIN,104,Timberwolves,2016-02-19,21500810,MEM,109,Grizzlies,no,0,2016,1,1,1,0,1,0,10,home,4.5,1.0,True,1.0,5.0,Pre-COVID,0,0.5,NWG = 0,-4.5,1.0,True,True,True
18997,SAS,119,Spurs,2016-02-19,21500818,LAL,113,Lakers,no,0,2016,0,0,0,0,0,0,6,away,10.0,0.0,False,1.0,-6.0,Pre-COVID,0,,NWG = 0,10.0,1.0,True,True,True
18653,MIL,117,Bucks,2016-02-20,21500819,ATL,109,Hawks,no,0,2016,1,0,0,1,0,1,29,home,8.0,0.0,True,0.0,-8.0,Pre-COVID,1,1.0,NWG > 0,-8.0,0.0,True,True,True
17242,IND,105,Pacers,2016-02-21,21500828,ORL,102,Magic,no,0,2016,0,0,0,0,0,0,11,away,1.5,1.0,False,0.0,-3.0,Pre-COVID,0,,NWG = 0,1.5,0.0,True,True,True
23143,LAL,115,Lakers,2016-02-21,21500831,CHI,126,Bulls,ESPN,0,2016,0,0,0,0,0,0,6,home,7.0,1.0,True,1.0,11.0,Pre-COVID,0,,NWG = 0,-7.0,1.0,True,True,True
19800,MEM,85,Grizzlies,2016-02-21,21500829,TOR,98,Raptors,no,0,2016,0,0,0,0,0,1,13,home,7.5,1.0,True,1.0,13.0,Pre-COVID,0,,NWG = 0,-7.5,1.0,True,True,True
16224,SAS,118,Spurs,2016-02-21,21500826,PHX,111,Suns,no,0,2016,0,0,0,0,0,0,12,away,14.0,0.0,False,1.0,-7.0,Pre-COVID,0,,NWG = 0,14.0,1.0,True,True,True
19470,UTA,111,Jazz,2016-02-21,21500832,POR,115,Trail Blazers,no,0,2016,0,0,0,0,0,1,8,home,3.5,1.0,True,1.0,4.0,Pre-COVID,0,,NWG = 0,-3.5,1.0,True,True,True
19600,IND,93,Pacers,2016-02-22,21500834,MIA,101,Heat,no,0,2016,1,5,1,1,0,7,38,home,1.5,1.0,True,1.0,8.0,Pre-COVID,-4,0.16666666666666666,NWG < 0,-1.5,1.0,True,True,True
19393,BKN,104,Nets,2016-02-23,21500844,POR,112,Trail Blazers,NBATV,0,2016,0,2,0,0,0,2,13,home,11.5,0.0,True,0.0,8.0,Pre-COVID,-2,0.0,NWG < 0,-11.5,0.0,True,True,True
18132,HOU,114,Rockets,2016-02-23,21500843,UTA,117,Jazz,no,0,2016,0,4,0,0,0,6,33,home,4.5,0.0,True,0.0,3.0,Pre-COVID,-4,0.0,NWG < 0,-4.5,0.0,True,True,True
15721,SAC,114,Kings,2016-02-23,21500842,DEN,110,Nuggets,no,0,2016,2,0,0,2,0,0,21,home,2.5,0.0,True,0.0,-4.0,Pre-COVID,2,1.0,NWG > 0,-2.5,0.0,True,True,True
19060,DEN,87,Nuggets,2016-02-24,21500853,LAC,81,Clippers,no,0,2016,0,1,1,0,0,1,9,home,11.0,0.0,True,0.0,-6.0,Pre-COVID,-1,0.0,NWG < 0,-11.0,0.0,True,True,True
19899,GSW,118,Warriors,2016-02-24,21500848,MIA,112,Heat,no,0,2016,3,0,0,3,0,0,17,away,9.0,0.0,False,1.0,-6.0,Pre-COVID,3,1.0,NWG > 0,9.0,1.0,True,True,True
19800,MIN,105,Timberwolves,2016-02-24,21500849,TOR,114,Raptors,no,0,2016,2,1,0,2,0,1,10,home,9.5,0.0,True,0.0,9.0,Pre-COVID,1,0.6666666666666666,NWG > 0,-9.5,0.0,True,True,True
16018,NYK,105,Knicks,2016-02-24,21500846,IND,108,Pacers,no,0,2016,1,1,0,1,0,2,15,home,6.5,0.0,True,0.0,3.0,Pre-COVID,0,0.5,NWG = 0,-6.5,0.0,True,True,True
19393,HOU,119,Rockets,2016-02-25,21500859,POR,105,Trail Blazers,TNT,0,2016,0,0,0,0,0,0,14,home,4.0,0.0,True,0.0,-14.0,Pre-COVID,0,,NWG = 0,-4.0,0.0,True,True,True
18165,CHA,96,Hornets,2016-02-26,21500861,IND,95,Pacers,no,0,2016,1,0,0,0,1,0,10,home,4.0,0.0,True,0.0,-1.0,Pre-COVID,1,1.0,NWG > 0,-4.0,0.0,True,True,True
19800,CLE,97,Cavaliers,2016-02-26,21500864,TOR,99,Raptors,no,0,2016,0,0,0,0,0,1,13,away,2.5,0.0,False,1.0,2.0,Pre-COVID,0,,NWG = 0,2.5,1.0,True,True,True
20298,DEN,116,Nuggets,2016-02-26,21500866,DAL,122,Mavericks,no,0,2016,3,1,1,3,0,1,33,home,6.0,2.0,True,,6.0,Pre-COVID,2,0.75,NWG > 0,-6.0,0.0,False,True,True
16511,WAS,103,Wizards,2016-02-26,21500862,PHI,94,76ers,no,0,2016,3,1,0,3,0,1,15,away,7.5,1.0,False,0.0,-9.0,Pre-COVID,2,0.75,NWG > 0,7.5,0.0,True,True,True
18203,GSW,121,Warriors,2016-02-27,21500874,OKC,118,Thunder,ABC,0,2016,2,0,0,2,0,0,20,away,3.0,2.0,False,,-3.0,Pre-COVID,2,1.0,NWG > 0,3.0,0.0,False,True,True
17338,MIN,112,Timberwolves,2016-02-27,21500870,NOP,110,Pelicans,no,0,2016,0,0,0,0,0,0,8,home,2.0,0.0,True,0.0,-2.0,Pre-COVID,0,,NWG = 0,-2.0,0.0,True,True,True
20562,IND,96,Pacers,2016-02-29,21500884,CLE,100,Cavaliers,NBATV,0,2016,0,1,0,0,0,1,11,home,8.0,0.0,True,0.0,4.0,Pre-COVID,-1,0.0,NWG < 0,-8.0,0.0,True,True,True
10324,MEM,103,Grizzlies,2016-02-29,21500888,DEN,96,Nuggets,no,0,2016,2,1,0,2,0,1,14,away,1.5,1.0,False,0.0,-7.0,Pre-COVID,1,0.6666666666666666,NWG > 0,1.5,0.0,True,True,True
17680,UTA,95,Jazz,2016-02-29,21500886,BOS,100,Celtics,no,0,2016,0,2,0,0,0,2,9,home,5.0,2.0,True,,5.0,Pre-COVID,-2,0.0,NWG < 0,-5.0,0.0,False,True,True
19596,ATL,105,Hawks,2016-03-01,21500895,GSW,109,Warriors,NBATV,0,2016,5,0,0,3,2,1,26,home,5.5,0.0,True,0.0,4.0,Pre-COVID,5,1.0,NWG > 0,-5.5,0.0,True,True,True
18997,BKN,101,Nets,2016-03-01,21500896,LAL,107,Lakers,no,0,2016,1,0,0,1,0,0,10,home,1.0,1.0,True,1.0,6.0,Pre-COVID,1,1.0,NWG > 0,-1.0,1.0,True,True,True
18226,NOP,95,Pelicans,2016-03-02,21500901,HOU,100,Rockets,no,0,2016,1,0,0,0,1,0,13,home,5.5,0.0,True,0.0,5.0,Pre-COVID,1,1.0,NWG > 0,-5.5,0.0,True,True,True
19304,OKC,98,Thunder,2016-03-02,21500907,LAC,103,Clippers,ESPN,0,2016,0,0,0,0,0,0,12,away,1.0,0.0,False,1.0,5.0,Pre-COVID,0,,NWG = 0,1.0,1.0,True,True,True
15310,SAC,98,Kings,2016-03-02,21500902,MEM,104,Grizzlies,no,0,2016,0,1,0,0,0,1,12,home,3.5,1.0,True,1.0,6.0,Pre-COVID,-1,0.0,NWG < 0,-3.5,1.0,True,True,True
17781,SAS,94,Spurs,2016-03-03,21500909,NOP,86,Pelicans,TNT,0,2016,0,0,0,0,0,0,6,away,10.0,0.0,False,1.0,-8.0,Pre-COVID,0,,NWG = 0,10.0,1.0,True,True,True
14163,BKN,121,Nets,2016-03-04,21500920,DEN,120,Nuggets,no,0,2016,1,1,0,1,0,2,29,home,5.5,0.0,True,0.0,-1.0,Pre-COVID,0,0.5,NWG = 0,-5.5,0.0,True,True,True
18624,NYK,104,Knicks,2016-03-04,21500915,BOS,105,Celtics,no,0,2016,1,0,0,1,0,1,14,home,10.0,0.0,True,0.0,1.0,Pre-COVID,1,1.0,NWG > 0,-10.0,0.0,True,True,True
19800,POR,115,Trail Blazers,2016-03-04,21500916,TOR,117,Raptors,no,0,2016,0,1,0,0,0,1,13,home,6.0,0.0,True,0.0,2.0,Pre-COVID,-1,0.0,NWG < 0,-6.0,0.0,True,True,True
20356,IND,100,Pacers,2016-03-05,21500924,WAS,99,Wizards,no,0,2016,0,0,0,0,0,0,10,home,2.5,0.0,True,0.0,-1.0,Pre-COVID,0,,NWG = 0,-2.5,0.0,True,True,True
14802,DAL,114,Mavericks,2016-03-06,21500933,DEN,116,Nuggets,no,0,2016,4,0,0,4,0,0,35,away,4.0,0.0,False,1.0,2.0,Pre-COVID,4,1.0,NWG > 0,4.0,1.0,True,True,True
19800,HOU,113,Rockets,2016-03-06,21500936,TOR,107,Raptors,no,0,2016,2,1,0,2,0,1,21,home,8.0,0.0,True,0.0,-6.0,Pre-COVID,1,0.6666666666666666,NWG > 0,-8.0,0.0,True,True,True
19820,PHI,98,76ers,2016-03-06,21500935,MIA,103,Heat,no,0,2016,0,0,0,0,0,0,7,home,14.0,0.0,True,0.0,5.0,Pre-COVID,0,,NWG = 0,-14.0,0.0,True,True,True
20562,MEM,106,Grizzlies,2016-03-07,21500938,CLE,103,Cavaliers,NBATV,0,2016,1,2,0,1,0,2,17,home,15.0,0.0,True,0.0,-3.0,Pre-COVID,-1,0.3333333333333333,NWG < 0,-15.0,0.0,True,True,True
16403,SAC,112,Kings,2016-03-07,21500941,NOP,115,Pelicans,no,0,2016,1,0,0,1,0,0,9,away,1.5,0.0,False,1.0,3.0,Pre-COVID,1,1.0,NWG > 0,1.5,1.0,True,True,True
16742,SAS,91,Spurs,2016-03-07,21500939,IND,99,Pacers,no,0,2016,1,0,0,0,1,0,15,away,6.5,0.0,False,1.0,8.0,Pre-COVID,1,1.0,NWG > 0,6.5,1.0,True,True,True
19800,BKN,99,Nets,2016-03-08,21500944,TOR,104,Raptors,no,0,2016,2,2,0,2,0,2,15,home,12.5,0.0,True,0.0,5.0,Pre-COVID,0,0.5,NWG = 0,-12.5,0.0,True,True,True
19393,WAS,109,Wizards,2016-03-08,21500948,POR,116,Trail Blazers,NBATV,0,2016,2,1,0,2,0,1,24,home,5.5,1.0,True,1.0,7.0,Pre-COVID,1,0.6666666666666666,NWG > 0,-5.5,1.0,True,True,True
17317,CLE,120,Cavaliers,2016-03-09,21500957,SAC,111,Kings,no,0,2016,0,1,0,0,0,2,7,away,7.0,1.0,False,0.0,-9.0,Pre-COVID,-1,0.0,NWG < 0,7.0,0.0,True,True,True
20249,DET,102,Pistons,2016-03-09,21500954,DAL,96,Mavericks,no,0,2016,1,1,0,1,0,1,18,home,2.0,0.0,True,0.0,-6.0,Pre-COVID,0,0.5,NWG = 0,-2.0,0.0,True,True,True
15005,MIA,108,Heat,2016-03-09,21500952,MIL,114,Bucks,no,0,2016,2,3,0,2,0,3,17,away,3.5,0.0,False,1.0,6.0,Pre-COVID,-1,0.4,NWG < 0,3.5,1.0,True,True,True
16335,NOP,113,Pelicans,2016-03-09,21500950,CHA,122,Hornets,no,0,2016,1,0,0,1,0,0,10,home,8.5,1.0,True,1.0,9.0,Pre-COVID,1,1.0,NWG > 0,-8.5,1.0,True,True,True
18203,MIN,99,Timberwolves,2016-03-11,21500968,OKC,96,Thunder,no,0,2016,0,1,0,0,0,1,13,home,12.0,0.0,True,0.0,-3.0,Pre-COVID,-1,0.0,NWG < 0,-12.0,0.0,True,True,True
18119,NOP,114,Pelicans,2016-03-11,21500967,MEM,121,Grizzlies,no,0,2016,4,2,0,4,0,3,30,away,2.5,0.0,False,1.0,7.0,Pre-COVID,2,0.6666666666666666,NWG > 0,2.5,1.0,True,True,True
19800,MIA,104,Heat,2016-03-12,21500977,TOR,112,Raptors,no,0,2016,3,0,0,3,0,1,25,home,6.0,1.0,True,1.0,8.0,Pre-COVID,3,1.0,NWG > 0,-6.0,1.0,True,True,True
15241,MIL,109,Bucks,2016-03-13,21500985,BKN,100,Nets,no,0,2016,1,0,0,1,0,1,8,away,1.5,1.0,False,0.0,-9.0,Pre-COVID,1,1.0,NWG > 0,1.5,0.0,True,True,True
18997,NYK,90,Knicks,2016-03-13,21500987,LAL,87,Lakers,no,0,2016,0,0,0,0,0,2,12,away,1.5,1.0,False,0.0,-3.0,Pre-COVID,0,,NWG = 0,1.5,0.0,True,True,True
17480,MIN,104,Timberwolves,2016-03-14,21500995,PHX,107,Suns,no,0,2016,1,2,1,1,0,1,11,away,1.0,0.0,False,1.0,3.0,Pre-COVID,-1,0.3333333333333333,NWG < 0,1.0,1.0,True,True,True
14121,ATL,118,Hawks,2016-03-16,21501007,DET,114,Pistons,no,0,2016,2,0,0,2,0,0,21,home,0.0,0.0,True,0.0,-4.0,Pre-COVID,2,1.0,NWG > 0,-0.0,0.0,True,True,True
20562,DAL,98,Mavericks,2016-03-16,21501005,CLE,99,Cavaliers,no,0,2016,2,4,1,2,0,3,12,home,5.5,0.0,True,0.0,1.0,Pre-COVID,-2,0.3333333333333333,NWG < 0,-5.5,0.0,True,True,True
19848,CHA,109,Hornets,2016-03-17,21501014,MIA,106,Heat,no,0,2016,2,0,0,2,0,0,17,home,4.5,0.0,True,0.0,-3.0,Pre-COVID,2,1.0,NWG > 0,-4.5,0.0,True,True,True
15104,TOR,101,Raptors,2016-03-17,21501012,IND,94,Pacers,no,0,2016,2,1,0,2,0,2,29,home,1.5,0.0,True,0.0,-7.0,Pre-COVID,1,0.6666666666666666,NWG > 0,-1.5,0.0,True,True,True
10521,WAS,99,Wizards,2016-03-17,21501013,PHI,94,76ers,no,0,2016,1,6,1,1,0,5,22,away,8.5,0.0,False,1.0,-5.0,Pre-COVID,-5,0.14285714285714285,NWG < 0,8.5,1.0,True,True,True
18997,PHX,95,Suns,2016-03-18,21501027,LAL,90,Lakers,no,0,2016,0,2,0,0,0,4,18,home,4.0,0.0,True,0.0,-5.0,Pre-COVID,-2,0.0,NWG < 0,-4.0,0.0,True,True,True
17263,POR,117,Trail Blazers,2016-03-18,21501025,NOP,112,Pelicans,no,0,2016,0,0,0,0,0,0,14,away,2.5,1.0,False,0.0,-5.0,Pre-COVID,0,,NWG = 0,2.5,0.0,True,True,True
18825,GSW,79,Warriors,2016-03-19,21501036,SAS,87,Spurs,ABC,0,2016,0,0,0,0,0,1,9,home,5.0,1.0,True,1.0,8.0,Pre-COVID,0,,NWG = 0,-5.0,1.0,True,True,True
19800,ORL,100,Magic,2016-03-20,21501038,TOR,105,Raptors,no,0,2016,1,0,0,1,0,0,9,home,9.0,0.0,True,0.0,5.0,Pre-COVID,1,1.0,NWG > 0,-9.0,0.0,True,True,True
20351,POR,120,Trail Blazers,2016-03-20,21501037,DAL,132,Mavericks,no,0,2016,2,2,0,2,0,4,34,away,1.5,0.0,False,1.0,12.0,Pre-COVID,0,0.5,NWG = 0,1.5,1.0,True,True,True
19452,GSW,109,Warriors,2016-03-21,21501050,MIN,104,Timberwolves,no,0,2016,0,2,0,0,0,3,13,away,12.0,0.0,False,1.0,-5.0,Pre-COVID,-2,0.0,NWG < 0,12.0,1.0,True,True,True
15868,MEM,103,Grizzlies,2016-03-21,21501051,PHX,97,Suns,NBATV,0,2016,0,1,0,0,0,2,16,away,2.5,1.0,False,0.0,-6.0,Pre-COVID,-1,0.0,NWG < 0,2.5,0.0,True,True,True
13577,MIL,91,Bucks,2016-03-21,21501047,DET,92,Pistons,no,0,2016,6,0,0,6,0,0,18,home,7.5,0.0,True,0.0,1.0,Pre-COVID,6,1.0,NWG > 0,-7.5,0.0,True,True,True
21531,SAC,102,Kings,2016-03-21,21501049,CHI,109,Bulls,no,0,2016,2,0,0,2,0,0,13,home,8.0,0.0,True,0.0,7.0,Pre-COVID,2,1.0,NWG > 0,-8.0,0.0,True,True,True
18260,SAS,88,Spurs,2016-03-21,21501043,CHA,91,Hornets,NBATV,0,2016,0,2,0,0,0,3,12,away,6.0,0.0,False,1.0,3.0,Pre-COVID,-2,0.0,NWG < 0,6.0,1.0,True,True,True
18203,HOU,107,Rockets,2016-03-22,21501054,OKC,111,Thunder,TNT,0,2016,2,1,0,2,0,1,18,home,9.0,0.0,True,0.0,4.0,Pre-COVID,1,0.6666666666666666,NWG > 0,-9.0,0.0,True,True,True
10684,PHI,103,76ers,2016-03-23,21501064,DEN,104,Nuggets,no,0,2016,0,0,0,0,0,0,12,home,8.5,0.0,True,0.0,1.0,Pre-COVID,0,,NWG = 0,-8.5,0.0,True,True,True
18151,UTA,89,Jazz,2016-03-23,21501061,HOU,87,Rockets,no,0,2016,2,0,0,2,0,3,15,home,2.0,0.0,True,0.0,-2.0,Pre-COVID,2,1.0,NWG > 0,-2.0,0.0,True,True,True
19359,POR,94,Trail Blazers,2016-03-24,21501072,LAC,96,Clippers,no,0,2016,4,0,0,4,0,1,17,home,6.0,0.0,True,0.0,2.0,Pre-COVID,4,1.0,NWG > 0,-6.0,0.0,True,True,True
20356,MIN,132,Timberwolves,2016-03-25,21501073,WAS,129,Wizards,no,0,2016,5,5,0,5,0,9,49,home,9.0,0.0,True,0.0,-3.0,Pre-COVID,0,0.5,NWG = 0,-9.0,0.0,True,True,True
18055,BOS,102,Celtics,2016-03-26,21501090,PHX,99,Suns,no,0,2016,1,1,0,1,0,1,11,away,9.0,0.0,False,1.0,-3.0,Pre-COVID,0,0.5,NWG = 0,9.0,1.0,True,True,True
16625,IND,110,Pacers,2016-03-26,21501082,BKN,120,Nets,no,0,2016,0,0,0,0,0,0,6,away,5.5,0.0,False,1.0,10.0,Pre-COVID,0,,NWG = 0,5.5,1.0,True,True,True
19506,PHI,105,76ers,2016-03-26,21501091,POR,108,Trail Blazers,no,0,2016,1,0,0,1,0,1,11,home,15.0,0.0,True,0.0,3.0,Pre-COVID,1,1.0,NWG > 0,-15.0,0.0,True,True,True
17165,HOU,101,Rockets,2016-03-27,21501093,IND,104,Pacers,no,0,2016,1,2,0,1,0,3,15,home,1.5,1.0,True,1.0,3.0,Pre-COVID,-1,0.3333333333333333,NWG < 0,-1.5,1.0,True,True,True
21761,ATL,102,Hawks,2016-03-28,21501099,CHI,100,Bulls,NBATV,0,2016,2,0,0,2,0,0,15,away,3.0,0.0,False,1.0,-2.0,Pre-COVID,2,1.0,NWG > 0,3.0,1.0,True,True,True
17000,NYK,91,Knicks,2016-03-28,21501102,NOP,99,Pelicans,no,0,2016,1,1,0,0,1,4,16,away,5.5,0.0,False,1.0,8.0,Pre-COVID,0,0.5,NWG = 0,5.5,1.0,True,True,True
11141,PHX,116,Suns,2016-03-28,21501101,MIN,121,Timberwolves,no,0,2016,0,0,0,0,0,0,13,home,6.0,0.0,True,0.0,5.0,Pre-COVID,0,,NWG = 0,-6.0,0.0,True,True,True
17050,CHI,98,Bulls,2016-03-29,21501107,IND,96,Pacers,no,0,2016,1,0,0,0,1,0,10,home,5.5,0.0,True,0.0,-2.0,Pre-COVID,1,1.0,NWG > 0,-5.5,0.0,True,True,True
20562,HOU,106,Rockets,2016-03-29,21501111,CLE,100,Cavaliers,TNT,0,2016,1,0,0,1,0,0,13,home,1.5,0.0,True,0.0,-6.0,Pre-COVID,1,1.0,NWG > 0,-1.5,0.0,True,True,True
18201,OKC,82,Thunder,2016-03-29,21501110,DET,88,Pistons,no,0,2016,2,0,0,1,1,0,12,home,2.0,1.0,True,1.0,6.0,Pre-COVID,2,1.0,NWG > 0,-2.0,1.0,True,True,True
19911,GSW,103,Warriors,2016-03-30,21501119,UTA,96,Jazz,no,0,2016,0,2,0,0,0,4,30,away,4.5,1.0,False,0.0,-7.0,Pre-COVID,-2,0.0,NWG < 0,4.5,0.0,True,True,True
18997,MIA,100,Heat,2016-03-30,21501121,LAL,102,Lakers,NBATV,0,2016,0,0,0,0,0,1,29,away,10.5,0.0,False,1.0,2.0,Pre-COVID,0,,NWG = 0,10.5,1.0,True,True,True
20435,NYK,89,Knicks,2016-03-30,21501117,DAL,91,Mavericks,no,0,2016,2,1,0,2,0,3,18,home,6.0,0.0,True,0.0,2.0,Pre-COVID,1,0.6666666666666666,NWG > 0,-6.0,0.0,True,True,True
19393,BOS,109,Celtics,2016-03-31,21501127,POR,116,Trail Blazers,no,0,2016,1,1,0,1,0,1,14,home,2.5,1.0,True,1.0,7.0,Pre-COVID,0,0.5,NWG = 0,-2.5,1.0,True,True,True
18244,CHI,103,Bulls,2016-03-31,21501124,HOU,100,Rockets,TNT,0,2016,3,0,0,3,0,0,17,home,6.0,0.0,True,0.0,-3.0,Pre-COVID,3,1.0,NWG > 0,-6.0,0.0,True,True,True
16269,DEN,95,Nuggets,2016-03-31,21501125,NOP,101,Pelicans,no,0,2016,0,3,0,0,0,3,15,away,7.0,0.0,False,1.0,6.0,Pre-COVID,-3,0.0,NWG < 0,7.0,1.0,True,True,True
18203,LAC,117,Clippers,2016-03-31,21501126,OKC,119,Thunder,TNT,0,2016,0,3,0,0,0,4,16,home,16.5,0.0,True,0.0,2.0,Pre-COVID,-3,0.0,NWG < 0,-16.5,0.0,True,True,True
19427,CLE,110,Cavaliers,2016-04-01,21501131,ATL,108,Hawks,ESPN,0,2016,5,4,0,5,0,4,40,home,2.0,0.0,True,0.0,-2.0,Pre-COVID,1,0.5555555555555556,NWG > 0,-2.0,0.0,True,True,True
17317,MIA,112,Heat,2016-04-01,21501135,SAC,106,Kings,no,0,2016,1,2,0,1,0,2,11,away,6.5,0.0,False,1.0,-6.0,Pre-COVID,-1,0.3333333333333333,NWG < 0,6.5,1.0,True,True,True
16268,ORL,110,Magic,2016-04-01,21501133,MIL,113,Bucks,no,0,2016,2,2,0,2,0,2,18,home,2.5,1.0,True,1.0,3.0,Pre-COVID,0,0.5,NWG = 0,-2.5,1.0,True,True,True
17077,TOR,99,Raptors,2016-04-01,21501132,MEM,95,Grizzlies,no,0,2016,3,1,0,3,0,1,19,away,5.5,0.0,False,1.0,-4.0,Pre-COVID,2,0.75,NWG > 0,5.5,1.0,True,True,True
22197,DET,94,Pistons,2016-04-02,21501139,CHI,90,Bulls,NBATV,0,2016,1,0,0,0,1,1,11,home,2.5,0.0,True,0.0,-4.0,Pre-COVID,1,1.0,NWG > 0,-2.5,0.0,True,True,True
15607,SAC,115,Kings,2016-04-02,21501141,DEN,106,Nuggets,no,0,2016,0,0,0,0,0,0,7,home,9.5,0.0,True,0.0,-9.0,Pre-COVID,0,,NWG = 0,-9.5,0.0,True,True,True
18418,TOR,95,Raptors,2016-04-02,21501140,SAS,102,Spurs,no,0,2016,0,0,0,0,0,0,10,home,13.5,0.0,True,0.0,7.0,Pre-COVID,0,,NWG = 0,-13.5,0.0,True,True,True
15768,CHI,102,Bulls,2016-04-03,21501150,MIL,98,Bucks,no,0,2016,0,1,0,0,0,1,12,home,1.5,0.0,True,0.0,-4.0,Pre-COVID,-1,0.0,NWG < 0,-1.5,0.0,True,True,True
19812,IND,92,Pacers,2016-04-03,21501151,NYK,87,Knicks,no,0,2016,0,1,0,0,0,1,15,away,7.0,0.0,False,1.0,-5.0,Pre-COVID,-1,0.0,NWG < 0,7.0,1.0,True,True,True
18462,OKC,110,Thunder,2016-04-03,21501145,HOU,118,Rockets,ABC,0,2016,3,0,0,1,2,1,16,away,3.5,0.0,False,1.0,8.0,Pre-COVID,3,1.0,NWG > 0,3.5,1.0,True,True,True
19596,MIN,124,Timberwolves,2016-04-05,21501163,GSW,117,Warriors,TNT,0,2016,1,2,1,1,0,2,36,home,14.5,0.0,True,0.0,-7.0,Pre-COVID,-1,0.3333333333333333,NWG < 0,-14.5,0.0,True,True,True
19381,SAS,88,Spurs,2016-04-05,21501161,UTA,86,Jazz,no,0,2016,0,0,0,0,0,0,12,away,3.5,0.0,False,1.0,-2.0,Pre-COVID,0,,NWG = 0,3.5,1.0,True,True,True
16553,DET,108,Pistons,2016-04-06,21501166,ORL,104,Magic,no,0,2016,3,0,0,3,0,0,14,home,3.0,0.0,True,0.0,-4.0,Pre-COVID,3,1.0,NWG > 0,-3.0,0.0,True,True,True
20108,HOU,86,Rockets,2016-04-06,21501170,DAL,88,Mavericks,ESPN,0,2016,3,2,0,3,0,3,25,away,1.5,0.0,False,1.0,2.0,Pre-COVID,1,0.6,NWG > 0,1.5,1.0,True,True,True
18624,NOP,97,Pelicans,2016-04-06,21501168,BOS,104,Celtics,no,0,2016,0,0,0,0,0,0,6,home,14.5,0.0,True,0.0,7.0,Pre-COVID,0,,NWG = 0,-14.5,0.0,True,True,True
18227,PHX,124,Suns,2016-04-07,21501175,HOU,115,Rockets,no,0,2016,4,0,0,3,1,0,15,home,12.0,0.0,True,0.0,-9.0,Pre-COVID,4,1.0,NWG > 0,-12.0,0.0,True,True,True
17864,TOR,87,Raptors,2016-04-07,21501173,ATL,95,Hawks,no,0,2016,2,0,0,1,1,0,15,home,5.5,1.0,True,1.0,8.0,Pre-COVID,2,1.0,NWG > 0,-5.5,1.0,True,True,True
19911,LAC,102,Clippers,2016-04-08,21501187,UTA,99,Jazz,no,0,2016,1,1,0,1,0,1,29,home,13.5,0.0,True,0.0,-3.0,Pre-COVID,0,0.5,NWG = 0,-13.5,0.0,True,True,True
18152,MIA,109,Heat,2016-04-08,21501179,ORL,112,Magic,no,0,2016,1,1,0,1,0,1,18,away,1.5,0.0,False,1.0,3.0,Pre-COVID,0,0.5,NWG = 0,1.5,1.0,True,True,True
16347,SAS,98,Spurs,2016-04-08,21501186,DEN,102,Nuggets,no,0,2016,0,1,1,0,0,0,16,home,1.0,1.0,True,1.0,4.0,Pre-COVID,-1,0.0,NWG < 0,-1.0,1.0,True,True,True
18119,GSW,100,Warriors,2016-04-09,21501190,MEM,99,Grizzlies,ESPN,0,2016,3,1,0,3,0,1,15,away,13.0,0.0,False,1.0,-1.0,Pre-COVID,2,0.75,NWG > 0,13.0,1.0,True,True,True
17317,OKC,112,Thunder,2016-04-09,21501193,SAC,114,Kings,no,0,2016,2,0,0,2,0,0,11,away,8.5,0.0,False,1.0,2.0,Pre-COVID,2,1.0,NWG > 0,8.5,1.0,True,True,True
16267,MIL,109,Bucks,2016-04-10,21501197,PHI,108,76ers,no,0,2016,4,0,0,3,1,0,32,away,4.5,0.0,False,1.0,-1.0,Pre-COVID,4,1.0,NWG > 0,4.5,1.0,True,True,True
19812,TOR,93,Raptors,2016-04-10,21501202,NYK,89,Knicks,no,0,2016,2,0,0,2,0,0,21,away,6.5,0.0,False,1.0,-4.0,Pre-COVID,2,1.0,NWG > 0,6.5,1.0,True,True,True
16867,CHI,121,Bulls,2016-04-11,21501208,NOP,116,Pelicans,no,0,2016,1,0,0,1,0,1,14,away,5.0,2.0,False,,-5.0,Pre-COVID,1,1.0,NWG > 0,5.0,0.0,False,True,True
18374,MIL,98,Bucks,2016-04-11,21501204,ORL,107,Magic,no,0,2016,0,2,0,0,0,2,12,home,2.5,1.0,True,1.0,9.0,Pre-COVID,-2,0.0,NWG < 0,-2.5,1.0,True,True,True
18765,OKC,98,Thunder,2016-04-12,21501215,SAS,102,Spurs,TNT,0,2016,2,0,0,1,1,0,21,home,12.5,0.0,True,0.0,4.0,Pre-COVID,2,1.0,NWG > 0,-12.5,0.0,True,True,True
20562,DET,112,Pistons,2016-04-13,21501220,CLE,110,Cavaliers,no,0,2016,2,1,0,2,0,2,25,home,3.5,0.0,True,0.0,-2.0,Pre-COVID,1,0.6666666666666666,NWG > 0,-3.5,0.0,True,True,True
20346,SAS,96,Spurs,2016-04-13,21501223,DAL,91,Mavericks,no,0,2016,1,0,0,1,0,1,16,home,5.0,0.0,True,0.0,-5.0,Pre-COVID,1,1.0,NWG > 0,-5.0,0.0,True,True,True
18980,BOS,101,Celtics,2016-04-16,41500131,ATL,102,Hawks,ESPN,1,2016,3,1,1,3,0,0,18,home,5.0,0.0,True,0.0,1.0,Pre-COVID,2,0.75,NWG > 0,-5.0,0.0,True,True,True
20562,DET,101,Pistons,2016-04-17,41500101,CLE,106,Cavaliers,ABC,1,2016,0,1,0,0,0,1,15,home,11.5,0.0,True,0.0,5.0,Pre-COVID,-1,0.0,NWG < 0,-11.5,0.0,True,True,True
18203,DAL,85,Mavericks,2016-04-18,41500162,OKC,84,Thunder,TNT,1,2016,2,1,0,2,0,1,20,home,14.0,0.0,True,0.0,-1.0,Pre-COVID,1,0.6666666666666666,NWG > 0,-14.0,0.0,True,True,True
18200,GSW,96,Warriors,2016-04-21,41500143,HOU,97,Rockets,TNT,1,2016,2,2,0,2,0,2,20,away,3.0,0.0,False,1.0,1.0,Pre-COVID,0,0.5,NWG = 0,3.0,1.0,True,True,True
18624,ATL,103,Hawks,2016-04-22,41500133,BOS,111,Celtics,ESPN 2,1,2016,0,1,1,0,0,0,9,home,3.0,1.0,True,1.0,8.0,Pre-COVID,-1,0.0,NWG < 0,-3.0,1.0,True,True,True
21584,CLE,101,Cavaliers,2016-04-22,41500103,DET,91,Pistons,ESPN,1,2016,2,0,0,2,0,0,16,away,4.5,1.0,False,0.0,-10.0,Pre-COVID,2,1.0,NWG > 0,4.5,0.0,True,True,True
19761,LAC,88,Clippers,2016-04-23,41500173,POR,96,Trail Blazers,ESPN,1,2016,0,0,0,0,0,0,12,away,1.5,0.0,False,1.0,8.0,Pre-COVID,0,,NWG = 0,1.5,1.0,True,True,True
18624,ATL,95,Hawks,2016-04-24,41500134,BOS,104,Celtics,TNT,1,2016,0,2,0,0,0,3,35,away,1.0,0.0,False,1.0,9.0,Pre-COVID,-2,0.0,NWG < 0,1.0,1.0,True,True,True
21584,CLE,100,Cavaliers,2016-04-24,41500104,DET,98,Pistons,TNT,1,2016,2,0,0,2,0,0,16,away,6.5,0.0,False,1.0,-2.0,Pre-COVID,2,1.0,NWG > 0,6.5,1.0,True,True,True
19156,MIA,85,Heat,2016-04-25,41500124,CHA,89,Hornets,NBATV,1,2016,1,2,0,1,0,3,17,home,2.5,1.0,True,1.0,4.0,Pre-COVID,-1,0.3333333333333333,NWG < 0,-2.5,1.0,True,True,True
19685,CHA,90,Hornets,2016-04-27,41500125,MIA,88,Heat,TNT,1,2016,2,0,0,2,0,0,23,home,6.0,0.0,True,0.0,-2.0,Pre-COVID,2,1.0,NWG > 0,-6.0,0.0,True,True,True
19768,LAC,103,Clippers,2016-04-29,41500176,POR,106,Trail Blazers,ESPN,1,2016,1,0,0,1,0,0,12,home,9.5,0.0,True,0.0,3.0,Pre-COVID,1,1.0,NWG > 0,-9.5,0.0,True,True,True
19636,MIA,97,Heat,2016-04-29,41500126,CHA,90,Hornets,ESPN,1,2016,2,1,0,2,0,1,13,home,2.0,0.0,True,0.0,-7.0,Pre-COVID,1,0.6666666666666666,NWG > 0,-2.0,0.0,True,True,True
20669,IND,84,Pacers,2016-05-01,41500117,TOR,89,Raptors,TNT,1,2016,1,1,0,1,0,1,18,home,6.0,0.0,True,0.0,5.0,Pre-COVID,0,0.5,NWG = 0,-6.0,0.0,True,True,True
18418,OKC,98,Thunder,2016-05-02,41500232,SAS,97,Spurs,TNT,1,2016,5,1,0,5,0,1,29,home,7.0,0.0,True,0.0,-1.0,Pre-COVID,4,0.8333333333333334,NWG > 0,-7.0,0.0,True,True,True
19800,MIA,102,Heat,2016-05-03,41500211,TOR,96,Raptors,TNT,1,2016,6,1,0,6,0,1,49,home,4.0,0.0,True,0.0,-6.0,Pre-COVID,5,0.8571428571428571,NWG > 0,-4.0,0.0,True,True,True
20906,MIA,92,Heat,2016-05-05,41500212,TOR,96,Raptors,ESPN,1,2016,2,0,0,2,0,0,34,home,5.0,0.0,True,0.0,4.0,Pre-COVID,2,1.0,NWG > 0,-5.0,0.0,True,True,True
18203,SAS,100,Spurs,2016-05-06,41500233,OKC,96,Thunder,ESPN,1,2016,0,0,0,0,0,1,21,away,2.5,1.0,False,0.0,-4.0,Pre-COVID,0,,NWG = 0,2.5,0.0,True,True,True
19675,TOR,95,Raptors,2016-05-07,41500213,MIA,91,Heat,ESPN,1,2016,1,0,0,1,0,0,19,home,5.0,0.0,True,0.0,-4.0,Pre-COVID,1,1.0,NWG > 0,-5.0,0.0,True,True,True
19031,CLE,100,Cavaliers,2016-05-08,41500204,ATL,99,Hawks,ABC,1,2016,0,0,0,0,0,0,15,away,5.5,0.0,False,1.0,-1.0,Pre-COVID,0,,NWG = 0,5.5,1.0,True,True,True
19583,GSW,132,Warriors,2016-05-09,41500224,POR,125,Trail Blazers,TNT,1,2016,3,0,0,2,1,0,15,away,6.0,1.0,False,0.0,-7.0,Pre-COVID,3,1.0,NWG > 0,6.0,0.0,True,True,True
19600,TOR,87,Raptors,2016-05-09,41500214,MIA,94,Heat,TNT,1,2016,1,1,0,1,0,2,21,home,4.5,1.0,True,1.0,7.0,Pre-COVID,0,0.5,NWG = 0,-4.5,1.0,True,True,True
18418,OKC,95,Thunder,2016-05-10,41500235,SAS,91,Spurs,TNT,1,2016,1,1,1,1,0,0,14,home,7.0,0.0,True,0.0,-4.0,Pre-COVID,0,0.5,NWG = 0,-7.0,0.0,True,True,True
20155,MIA,91,Heat,2016-05-11,41500215,TOR,99,Raptors,TNT,1,2016,1,1,1,1,0,0,14,home,5.0,1.0,True,1.0,8.0,Pre-COVID,0,0.5,NWG = 0,-5.0,1.0,True,True,True
19596,POR,121,Trail Blazers,2016-05-11,41500225,GSW,125,Warriors,TNT,1,2016,0,0,0,0,0,0,12,home,13.5,0.0,True,0.0,4.0,Pre-COVID,0,,NWG = 0,-13.5,0.0,True,True,True
19596,OKC,108,Thunder,2016-05-16,41500311,GSW,102,Warriors,TNT,1,2016,1,0,0,1,0,1,17,home,8.0,0.0,True,0.0,-6.0,Pre-COVID,1,1.0,NWG > 0,-8.0,0.0,True,True,True
20367,CLE,99,Cavaliers,2016-05-23,41500304,TOR,105,Raptors,ESPN,1,2016,1,0,0,1,0,0,11,away,6.0,0.0,False,1.0,6.0,Pre-COVID,1,1.0,NWG > 0,6.0,1.0,True,True,True
18203,GSW,108,Warriors,2016-05-28,41500316,OKC,101,Thunder,TNT,1,2016,0,1,0,0,0,1,12,home,3.5,0.0,True,0.0,-7.0,Pre-COVID,-1,0.0,NWG < 0,-3.5,0.0,True,True,True
19596,CLE,93,Cavaliers,2016-06-19,41500407,GSW,89,Warriors,ABC,1,2016,0,0,0,0,0,0,18,home,4.5,0.0,True,0.0,-4.0,Pre-COVID,0,,NWG = 0,-4.5,0.0,True,True,True
19446,UTA,104,Jazz,2016-10-25,21600002,POR,113,Trail Blazers,no,0,2017,0,1,0,0,0,1,8,home,5.5,1.0,True,1.0,9.0,Pre-COVID,-1,0.0,NWG < 0,-5.5,1.0,True,True,True
17923,DAL,121,Mavericks,2016-10-26,21600005,IND,130,Pacers,no,0,2017,0,0,0,0,0,0,21,home,5.5,1.0,True,1.0,9.0,Pre-COVID,0,,NWG = 0,-5.5,1.0,True,True,True
15869,DEN,107,Nuggets,2016-10-26,21600010,NOP,102,Pelicans,no,0,2017,2,0,0,2,0,0,15,home,1.5,0.0,True,0.0,-5.0,Pre-COVID,2,1.0,NWG > 0,-1.5,0.0,True,True,True
18997,HOU,114,Rockets,2016-10-26,21600013,LAL,120,Lakers,ESPN,0,2017,0,1,0,0,0,2,7,away,6.0,0.0,False,1.0,6.0,Pre-COVID,-1,0.0,NWG < 0,6.0,1.0,True,True,True
18119,MIN,98,Timberwolves,2016-10-26,21600009,MEM,102,Grizzlies,no,0,2017,2,1,0,2,0,2,19,away,1.5,0.0,False,1.0,4.0,Pre-COVID,1,0.6666666666666666,NWG > 0,1.5,1.0,True,True,True
20487,OKC,103,Thunder,2016-10-26,21600011,PHI,97,76ers,ESPN,0,2017,0,1,0,0,0,1,18,away,9.0,0.0,False,1.0,-6.0,Pre-COVID,-1,0.0,NWG < 0,9.0,1.0,True,True,True
21501,BOS,99,Celtics,2016-10-27,21600015,CHI,105,Bulls,TNT,0,2017,0,2,0,0,0,2,12,home,1.0,1.0,True,1.0,6.0,Pre-COVID,-2,0.0,NWG < 0,-1.0,1.0,True,True,True
19800,CLE,94,Cavaliers,2016-10-28,21600018,TOR,91,Raptors,ESPN,0,2017,0,1,0,0,0,1,10,away,2.5,1.0,False,0.0,-3.0,Pre-COVID,-1,0.0,NWG < 0,2.5,0.0,True,True,True
18203,PHX,110,Suns,2016-10-28,21600021,OKC,113,Thunder,no,0,2017,0,0,0,0,0,1,17,home,7.5,0.0,True,0.0,3.0,Pre-COVID,0,,NWG = 0,-7.5,0.0,True,True,True
17608,MIN,103,Timberwolves,2016-10-29,21600034,SAC,106,Kings,NBA TV,0,2017,0,0,0,0,0,0,17,home,0.0,1.0,True,1.0,3.0,Pre-COVID,0,,NWG = 0,-0.0,1.0,True,True,True
18055,POR,115,Trail Blazers,2016-10-29,21600033,DEN,113,Nuggets,no,0,2017,1,2,0,1,0,2,22,away,1.0,1.0,False,0.0,-2.0,Pre-COVID,-1,0.3333333333333333,NWG < 0,1.0,0.0,True,True,True
18055,DAL,92,Mavericks,2016-10-30,21600041,HOU,93,Rockets,no,0,2017,0,0,0,0,0,0,10,home,6.0,0.0,True,0.0,1.0,Pre-COVID,0,,NWG = 0,-6.0,0.0,True,True,True
17011,GSW,106,Warriors,2016-10-30,21600036,PHX,100,Suns,no,0,2017,0,0,0,0,0,0,11,away,11.5,0.0,False,1.0,-6.0,Pre-COVID,0,,NWG = 0,11.5,1.0,True,True,True
19678,SAS,106,Spurs,2016-10-30,21600037,MIA,99,Heat,no,0,2017,0,0,0,0,0,0,9,away,6.5,1.0,False,0.0,-7.0,Pre-COVID,0,,NWG = 0,6.5,0.0,True,True,True
15573,WAS,103,Wizards,2016-10-30,21600039,MEM,112,Grizzlies,NBA TV,0,2017,1,0,0,1,0,0,9,away,3.5,0.0,False,1.0,9.0,Pre-COVID,1,1.0,NWG > 0,3.5,1.0,True,True,True
19800,DEN,102,Nuggets,2016-10-31,21600042,TOR,105,Raptors,no,0,2017,1,1,1,1,0,0,8,home,6.5,0.0,True,0.0,3.0,Pre-COVID,0,0.5,NWG = 0,-6.5,0.0,True,True,True
20562,HOU,120,Rockets,2016-11-01,21600047,CLE,128,Cavaliers,NBA TV,0,2017,0,1,0,0,0,1,14,home,9.5,0.0,True,0.0,8.0,Pre-COVID,-1,0.0,NWG < 0,-9.5,0.0,True,True,True
15348,LAL,108,Lakers,2016-11-01,21600048,IND,115,Pacers,no,0,2017,0,0,0,0,0,1,10,home,9.0,0.0,True,0.0,7.0,Pre-COVID,0,,NWG = 0,-9.0,0.0,True,True,True
15515,MIL,117,Bucks,2016-11-01,21600051,NOP,113,Pelicans,no,0,2017,0,0,0,0,0,0,7,home,3.5,0.0,True,0.0,-4.0,Pre-COVID,0,,NWG = 0,-3.5,0.0,True,True,True
12529,ORL,103,Magic,2016-11-01,21600046,PHI,101,76ers,no,0,2017,0,0,0,0,0,0,11,away,5.0,0.0,False,1.0,-2.0,Pre-COVID,0,,NWG = 0,5.0,1.0,True,True,True
19612,SAC,96,Kings,2016-11-01,21600049,MIA,108,Heat,no,0,2017,1,0,0,1,0,0,10,home,3.5,1.0,True,1.0,12.0,Pre-COVID,1,1.0,NWG > 0,-3.5,1.0,True,True,True
18624,CHI,100,Bulls,2016-11-02,21600061,BOS,107,Celtics,ESPN,0,2017,0,2,1,0,0,1,13,home,3.0,1.0,True,1.0,7.0,Pre-COVID,-2,0.0,NWG < 0,-3.0,1.0,True,True,True
13650,DET,101,Pistons,2016-11-02,21600057,BKN,109,Nets,no,0,2017,0,0,0,0,0,0,14,away,4.0,0.0,False,1.0,8.0,Pre-COVID,0,,NWG = 0,4.0,1.0,True,True,True
13800,LAL,123,Lakers,2016-11-02,21600059,ATL,116,Hawks,no,0,2017,0,0,0,0,0,0,14,home,12.0,0.0,True,0.0,-7.0,Pre-COVID,0,,NWG = 0,-12.0,0.0,True,True,True
15881,NOP,83,Pelicans,2016-11-02,21600060,MEM,89,Grizzlies,no,0,2017,0,0,0,0,0,1,20,home,5.0,1.0,True,1.0,6.0,Pre-COVID,0,,NWG = 0,-5.0,1.0,True,True,True
19060,OKC,85,Thunder,2016-11-02,21600064,LAC,83,Clippers,ESPN,0,2017,0,0,0,0,0,0,11,home,7.0,0.0,True,0.0,-2.0,Pre-COVID,0,,NWG = 0,-7.0,0.0,True,True,True
17284,POR,115,Trail Blazers,2016-11-02,21600063,PHX,118,Suns,no,0,2017,1,0,0,1,0,1,34,away,2.5,0.0,False,1.0,3.0,Pre-COVID,1,1.0,NWG > 0,2.5,1.0,True,True,True
11219,DEN,102,Nuggets,2016-11-03,21600067,MIN,99,Timberwolves,no,0,2017,3,0,0,3,0,1,12,home,3.0,0.0,True,0.0,-3.0,Pre-COVID,3,1.0,NWG > 0,-3.0,0.0,True,True,True
15775,CHA,99,Hornets,2016-11-04,21600072,BKN,95,Nets,no,0,2017,1,1,0,0,1,1,14,away,6.5,0.0,False,1.0,-4.0,Pre-COVID,0,0.5,NWG = 0,6.5,1.0,True,True,True
15379,PHX,112,Suns,2016-11-04,21600075,NOP,111,Pelicans,no,0,2017,3,0,0,2,1,1,20,home,2.5,0.0,True,0.0,-1.0,Pre-COVID,3,1.0,NWG > 0,-2.5,0.0,True,True,True
20497,CLE,102,Cavaliers,2016-11-05,21600080,PHI,101,76ers,no,0,2017,0,0,0,0,0,0,9,away,12.0,0.0,False,1.0,-1.0,Pre-COVID,0,,NWG = 0,12.0,1.0,True,True,True
18846,WAS,86,Wizards,2016-11-05,21600081,ORL,88,Magic,no,0,2017,0,1,0,0,0,1,16,home,6.5,0.0,True,0.0,2.0,Pre-COVID,-1,0.0,NWG < 0,-6.5,0.0,True,True,True
19345,MIL,75,Bucks,2016-11-06,21600090,DAL,86,Mavericks,NBA TV,0,2017,0,1,0,0,0,2,27,home,3.0,1.0,True,1.0,11.0,Pre-COVID,-1,0.0,NWG < 0,-3.0,1.0,True,True,True
16233,POR,100,Trail Blazers,2016-11-06,21600088,MEM,94,Grizzlies,no,0,2017,1,0,0,1,0,0,12,home,0.0,0.0,True,0.0,-6.0,Pre-COVID,1,1.0,NWG > 0,-0.0,0.0,True,True,True
19800,SAC,96,Kings,2016-11-06,21600089,TOR,91,Raptors,no,0,2017,0,1,0,0,0,1,9,home,7.0,0.0,True,0.0,-5.0,Pre-COVID,-1,0.0,NWG < 0,-7.0,0.0,True,True,True
15109,DEN,107,Nuggets,2016-11-08,21600102,MEM,108,Grizzlies,no,0,2017,0,1,0,0,0,1,15,home,3.5,0.0,True,0.0,1.0,Pre-COVID,-1,0.0,NWG < 0,-3.5,0.0,True,True,True
13610,MIN,110,Timberwolves,2016-11-08,21600101,BKN,119,Nets,no,0,2017,1,0,0,1,0,0,13,away,4.5,0.0,False,1.0,9.0,Pre-COVID,1,1.0,NWG > 0,4.5,1.0,True,True,True
19239,PHX,121,Suns,2016-11-08,21600103,POR,124,Trail Blazers,no,0,2017,0,1,0,0,0,1,15,home,8.5,0.0,True,0.0,3.0,Pre-COVID,-1,0.0,NWG < 0,-8.5,0.0,True,True,True
16719,DET,100,Pistons,2016-11-09,21600113,PHX,107,Suns,no,0,2017,0,0,0,0,0,2,14,away,4.5,0.0,False,1.0,7.0,Pre-COVID,0,,NWG = 0,4.5,1.0,True,True,True
18418,HOU,101,Rockets,2016-11-09,21600114,SAS,99,Spurs,ESPN,0,2017,0,1,0,0,0,1,14,home,8.5,0.0,True,0.0,-2.0,Pre-COVID,-1,0.0,NWG < 0,-8.5,0.0,True,True,True
15360,PHI,115,76ers,2016-11-09,21600110,IND,122,Pacers,no,0,2017,0,0,0,0,0,0,42,home,11.5,0.0,True,0.0,7.0,Pre-COVID,0,,NWG = 0,-11.5,0.0,True,True,True
19600,CHI,98,Bulls,2016-11-10,21600118,MIA,95,Heat,TNT,0,2017,1,0,0,1,0,0,9,home,1.0,0.0,True,0.0,-3.0,Pre-COVID,1,1.0,NWG > 0,-1.0,0.0,True,True,True
17643,IND,105,Pacers,2016-11-11,21600121,PHI,109,76ers,no,0,2017,0,1,0,0,0,1,17,away,5.0,0.0,False,1.0,4.0,Pre-COVID,-1,0.0,NWG < 0,5.0,1.0,True,True,True
18203,LAC,110,Clippers,2016-11-11,21600126,OKC,108,Thunder,NBA TV,0,2017,1,1,0,1,0,1,9,away,5.0,0.0,False,1.0,-2.0,Pre-COVID,0,0.5,NWG = 0,5.0,1.0,True,True,True
19918,SAC,120,Kings,2016-11-11,21600128,POR,122,Trail Blazers,no,0,2017,1,0,0,0,1,2,16,home,6.5,0.0,True,0.0,2.0,Pre-COVID,1,1.0,NWG > 0,-6.5,0.0,True,True,True
18107,TOR,113,Raptors,2016-11-11,21600123,CHA,111,Hornets,no,0,2017,1,0,0,1,0,1,9,home,0.0,0.0,True,0.0,-2.0,Pre-COVID,1,1.0,NWG > 0,-0.0,0.0,True,True,True
19800,NYK,107,Knicks,2016-11-12,21600131,TOR,118,Raptors,no,0,2017,1,0,0,1,0,0,10,home,7.5,1.0,True,1.0,11.0,Pre-COVID,1,1.0,NWG > 0,-7.5,1.0,True,True,True
18203,ORL,119,Magic,2016-11-13,21600141,OKC,117,Thunder,no,0,2017,0,0,0,0,0,0,7,home,9.5,0.0,True,0.0,-2.0,Pre-COVID,0,,NWG = 0,-9.5,0.0,True,True,True
15001,BOS,105,Celtics,2016-11-14,21600148,NOP,106,Pelicans,no,0,2017,0,0,0,0,0,1,17,away,3.5,0.0,False,1.0,1.0,Pre-COVID,0,,NWG = 0,3.5,1.0,True,True,True
18176,MEM,102,Grizzlies,2016-11-14,21600151,UTA,96,Jazz,no,0,2017,1,0,0,0,1,0,10,home,6.0,0.0,True,0.0,-6.0,Pre-COVID,1,1.0,NWG > 0,-6.0,0.0,True,True,True
19600,ATL,93,Hawks,2016-11-15,21600154,MIA,90,Heat,no,0,2017,1,0,0,1,0,0,17,away,6.5,0.0,False,1.0,-3.0,Pre-COVID,1,1.0,NWG > 0,6.5,1.0,True,True,True
18426,BKN,118,Nets,2016-11-15,21600157,LAL,125,Lakers,no,0,2017,0,2,1,0,0,1,12,home,7.0,2.0,True,,7.0,Pre-COVID,-2,0.0,NWG < 0,-7.0,0.0,False,True,True
20562,TOR,117,Raptors,2016-11-15,21600153,CLE,121,Cavaliers,NBA TV,0,2017,0,0,0,0,0,1,18,home,6.0,0.0,True,0.0,4.0,Pre-COVID,0,,NWG = 0,-6.0,0.0,True,True,True
18624,DAL,83,Mavericks,2016-11-16,21600161,BOS,90,Celtics,no,0,2017,0,0,0,0,0,1,8,home,6.0,1.0,True,1.0,7.0,Pre-COVID,0,,NWG = 0,-6.0,1.0,True,True,True
18203,HOU,103,Rockets,2016-11-16,21600164,OKC,105,Thunder,no,0,2017,4,0,0,4,0,0,20,home,2.5,0.0,True,0.0,2.0,Pre-COVID,4,1.0,NWG > 0,-2.5,0.0,True,True,True
19060,MEM,111,Grizzlies,2016-11-16,21600167,LAC,107,Clippers,ESPN,0,2017,0,1,1,0,0,2,17,home,12.5,0.0,True,0.0,-4.0,Pre-COVID,-1,0.0,NWG < 0,-12.5,0.0,True,True,True
16127,NOP,82,Pelicans,2016-11-16,21600159,ORL,89,Magic,no,0,2017,2,1,0,1,1,1,13,home,7.0,2.0,True,,7.0,Pre-COVID,1,0.6666666666666666,NWG > 0,-7.0,0.0,False,True,True
14863,WAS,102,Wizards,2016-11-16,21600158,PHI,109,76ers,no,0,2017,1,2,0,1,0,2,18,away,7.0,0.0,False,1.0,7.0,Pre-COVID,-1,0.3333333333333333,NWG < 0,7.0,1.0,True,True,True
17989,ATL,96,Hawks,2016-11-18,21600174,CHA,100,Hornets,no,0,2017,0,1,0,0,1,1,17,home,2.0,1.0,True,1.0,4.0,Pre-COVID,-1,0.0,NWG < 0,-2.0,1.0,True,True,True
17608,LAC,121,Clippers,2016-11-18,21600183,SAC,115,Kings,ESPN,0,2017,1,0,0,1,0,0,15,away,8.5,0.0,False,1.0,-6.0,Pre-COVID,1,1.0,NWG > 0,8.5,1.0,True,True,True
12476,TOR,113,Raptors,2016-11-18,21600181,DEN,111,Nuggets,no,0,2017,1,0,0,1,0,1,37,away,3.5,0.0,False,1.0,-2.0,Pre-COVID,1,1.0,NWG > 0,3.5,1.0,True,True,True
16107,BOS,94,Celtics,2016-11-19,21600188,DET,92,Pistons,no,0,2017,0,0,0,0,0,0,18,home,2.0,0.0,True,0.0,-2.0,Pre-COVID,0,,NWG = 0,-2.0,0.0,True,True,True
15739,CHA,116,Hornets,2016-11-19,21600185,NOP,121,Pelicans,no,0,2017,0,0,0,0,0,0,39,away,2.0,0.0,False,1.0,5.0,Pre-COVID,0,,NWG = 0,2.0,1.0,True,True,True
19060,CHI,95,Bulls,2016-11-19,21600192,LAC,102,Clippers,NBA TV,0,2017,1,1,0,1,0,1,17,home,8.0,0.0,True,0.0,7.0,Pre-COVID,0,0.5,NWG = 0,-8.0,0.0,True,True,True
18717,GSW,124,Warriors,2016-11-19,21600191,MIL,121,Bucks,no,0,2017,0,0,0,0,0,0,20,away,9.0,0.0,False,1.0,-3.0,Pre-COVID,0,,NWG = 0,9.0,1.0,True,True,True
18203,IND,115,Pacers,2016-11-20,21600195,OKC,111,Thunder,no,0,2017,0,0,0,0,0,0,30,home,9.5,0.0,True,0.0,-4.0,Pre-COVID,0,,NWG = 0,-9.5,0.0,True,True,True
17608,TOR,99,Raptors,2016-11-20,21600196,SAC,102,Kings,no,0,2017,1,1,0,1,0,1,15,away,3.5,0.0,False,1.0,3.0,Pre-COVID,0,0.5,NWG = 0,3.5,1.0,True,True,True
13167,BOS,99,Celtics,2016-11-21,21600205,MIN,93,Timberwolves,no,0,2017,2,0,0,2,0,0,10,away,2.0,1.0,False,0.0,-6.0,Pre-COVID,2,1.0,NWG > 0,2.0,0.0,True,True,True
18418,DAL,91,Mavericks,2016-11-21,21600206,SAS,96,Spurs,NBA TV,0,2017,2,0,0,2,0,0,16,home,13.5,0.0,True,0.0,5.0,Pre-COVID,2,1.0,NWG > 0,-13.5,0.0,True,True,True
13632,HOU,99,Rockets,2016-11-21,21600203,DET,96,Pistons,no,0,2017,3,0,0,2,1,1,22,away,2.5,1.0,False,0.0,-3.0,Pre-COVID,3,1.0,NWG > 0,2.5,0.0,True,True,True
12306,ORL,89,Magic,2016-11-21,21600204,MIL,93,Bucks,no,0,2017,0,0,0,0,0,0,9,home,7.0,0.0,True,0.0,4.0,Pre-COVID,0,,NWG = 0,-7.0,0.0,True,True,True
12790,PHX,101,Suns,2016-11-21,21600200,WAS,106,Wizards,no,0,2017,0,0,0,0,0,0,20,home,7.5,0.0,True,0.0,5.0,Pre-COVID,0,,NWG = 0,-7.5,0.0,True,True,True
14328,CHI,107,Bulls,2016-11-22,21600210,DEN,110,Nuggets,NBA TV,0,2017,2,0,0,2,0,0,23,away,1.5,0.0,False,1.0,3.0,Pre-COVID,2,1.0,NWG > 0,1.5,1.0,True,True,True
19812,POR,103,Trail Blazers,2016-11-22,21600208,NYK,107,Knicks,no,0,2017,2,0,0,2,0,0,18,home,1.0,1.0,True,1.0,4.0,Pre-COVID,2,1.0,NWG > 0,-1.0,1.0,True,True,True
15880,MEM,104,Grizzlies,2016-11-23,21600212,PHI,99,76ers,no,0,2017,3,0,0,3,0,0,27,away,6.0,0.0,False,1.0,-5.0,Pre-COVID,3,1.0,NWG > 0,6.0,1.0,True,True,True
18515,SAS,119,Spurs,2016-11-23,21600213,CHA,114,Hornets,ESPN,0,2017,0,1,1,0,0,0,16,away,5.5,0.0,False,1.0,-5.0,Pre-COVID,-1,0.0,NWG < 0,5.5,1.0,True,True,True
19812,CHA,111,Hornets,2016-11-25,21600228,NYK,113,Knicks,NBA TV,0,2017,0,0,0,0,0,0,15,away,1.5,0.0,False,1.0,2.0,Pre-COVID,0,,NWG = 0,1.5,1.0,True,True,True
14327,OKC,132,Thunder,2016-11-25,21600235,DEN,129,Nuggets,no,0,2017,1,0,0,1,0,1,25,away,3.0,2.0,False,,-3.0,Pre-COVID,1,1.0,NWG > 0,3.0,0.0,False,True,True
16223,TOR,105,Raptors,2016-11-25,21600232,MIL,99,Bucks,no,0,2017,0,0,0,0,0,0,8,away,3.5,1.0,False,0.0,-6.0,Pre-COVID,0,,NWG = 0,3.5,0.0,True,True,True
17103,WAS,94,Wizards,2016-11-25,21600226,ORL,91,Magic,no,0,2017,0,0,0,0,0,1,14,away,2.0,1.0,False,0.0,-3.0,Pre-COVID,0,,NWG = 0,2.0,0.0,True,True,True
19600,MEM,110,Grizzlies,2016-11-26,21600243,MIA,107,Heat,no,0,2017,0,0,0,0,0,0,11,away,1.0,1.0,False,0.0,-3.0,Pre-COVID,0,,NWG = 0,1.0,0.0,True,True,True
19596,ATL,100,Hawks,2016-11-28,21600259,GSW,105,Warriors,no,0,2017,0,0,0,0,0,0,15,home,13.5,0.0,True,0.0,5.0,Pre-COVID,0,,NWG = 0,-13.5,0.0,True,True,True
12571,SAC,95,Kings,2016-11-28,21600253,WAS,101,Wizards,no,0,2017,2,1,0,2,0,1,33,home,5.0,1.0,True,1.0,6.0,Pre-COVID,1,0.6666666666666666,NWG > 0,-5.0,1.0,True,True,True
15681,LAC,122,Clippers,2016-11-29,21600261,BKN,127,Nets,no,0,2017,1,0,0,1,0,1,34,away,11.0,0.0,False,1.0,5.0,Pre-COVID,1,1.0,NWG > 0,11.0,1.0,True,True,True
15909,ATL,107,Hawks,2016-11-30,21600274,PHX,109,Suns,no,0,2017,0,0,0,0,0,0,14,away,3.0,0.0,False,1.0,2.0,Pre-COVID,0,,NWG = 0,3.0,1.0,True,True,True
21773,LAL,96,Lakers,2016-11-30,21600269,CHI,90,Bulls,no,0,2017,1,1,0,1,0,1,16,home,10.5,0.0,True,0.0,-6.0,Pre-COVID,0,0.5,NWG = 0,-10.5,0.0,True,True,True
13987,NYK,106,Knicks,2016-11-30,21600271,MIN,104,Timberwolves,no,0,2017,1,1,0,1,0,1,8,home,3.5,0.0,True,0.0,-2.0,Pre-COVID,0,0.5,NWG = 0,-3.5,0.0,True,True,True
19245,SAS,94,Spurs,2016-11-30,21600272,DAL,87,Mavericks,no,0,2017,2,0,0,2,0,0,14,away,8.5,0.0,False,1.0,-7.0,Pre-COVID,2,1.0,NWG > 0,8.5,1.0,True,True,True
18203,WAS,115,Wizards,2016-11-30,21600270,OKC,126,Thunder,no,0,2017,0,0,0,0,0,0,12,home,5.0,1.0,True,1.0,11.0,Pre-COVID,0,,NWG = 0,-5.0,1.0,True,True,True
14471,DAL,87,Mavericks,2016-12-01,21600276,CHA,97,Hornets,no,0,2017,1,1,1,1,0,0,9,home,12.0,0.0,True,0.0,10.0,Pre-COVID,0,0.5,NWG = 0,-12.0,0.0,True,True,True
19596,HOU,132,Rockets,2016-12-01,21600281,GSW,127,Warriors,TNT,0,2017,2,0,0,2,0,2,36,home,11.5,0.0,True,0.0,-5.0,Pre-COVID,2,1.0,NWG > 0,-11.5,0.0,True,True,True
19073,MIA,111,Heat,2016-12-01,21600280,UTA,110,Jazz,no,0,2017,2,1,0,2,0,2,13,home,6.5,0.0,True,0.0,-1.0,Pre-COVID,1,0.6666666666666666,NWG > 0,-6.5,0.0,True,True,True
13344,ORL,94,Magic,2016-12-01,21600278,MEM,95,Grizzlies,no,0,2017,0,0,0,0,0,1,13,away,4.0,0.0,False,1.0,1.0,Pre-COVID,0,,NWG = 0,4.0,1.0,True,True,True
19812,MIN,114,Timberwolves,2016-12-02,21600285,NYK,118,Knicks,no,0,2017,0,1,0,0,0,2,16,away,2.5,0.0,False,1.0,4.0,Pre-COVID,-1,0.0,NWG < 0,2.5,1.0,True,True,True
18624,SAC,92,Kings,2016-12-02,21600283,BOS,97,Celtics,no,0,2017,0,1,0,0,0,1,15,home,6.0,0.0,True,0.0,5.0,Pre-COVID,-1,0.0,NWG < 0,-6.0,0.0,True,True,True
18418,WAS,105,Wizards,2016-12-02,21600289,SAS,107,Spurs,no,0,2017,0,0,0,0,0,0,12,home,9.0,0.0,True,0.0,2.0,Pre-COVID,0,,NWG = 0,-9.0,0.0,True,True,True
17063,BOS,107,Celtics,2016-12-03,21600294,PHI,106,76ers,no,0,2017,2,2,0,2,0,2,13,away,10.0,0.0,False,1.0,-1.0,Pre-COVID,0,0.5,NWG = 0,10.0,1.0,True,True,True
17017,LAL,100,Lakers,2016-12-03,21600295,MEM,103,Grizzlies,no,0,2017,2,1,0,2,0,1,12,home,2.5,1.0,True,1.0,3.0,Pre-COVID,1,0.6666666666666666,NWG > 0,-2.5,1.0,True,True,True
19393,MIA,92,Heat,2016-12-03,21600298,POR,99,Trail Blazers,no,0,2017,1,0,0,1,0,1,13,home,6.0,1.0,True,1.0,7.0,Pre-COVID,1,1.0,NWG > 0,-6.0,1.0,True,True,True
16982,MIN,125,Timberwolves,2016-12-03,21600292,CHA,120,Hornets,no,0,2017,1,0,0,1,0,0,10,home,6.0,0.0,True,0.0,-5.0,Pre-COVID,1,1.0,NWG > 0,-6.0,0.0,True,True,True
19812,SAC,98,Kings,2016-12-04,21600302,NYK,106,Knicks,no,0,2017,0,0,0,0,0,0,12,home,1.0,1.0,True,1.0,8.0,Pre-COVID,0,,NWG = 0,-1.0,1.0,True,True,True
15730,BOS,106,Celtics,2016-12-05,21600311,HOU,107,Rockets,NBA TV,0,2017,1,1,0,1,0,2,18,home,5.5,0.0,True,0.0,1.0,Pre-COVID,0,0.5,NWG = 0,-5.5,0.0,True,True,True
13795,MEM,110,Grizzlies,2016-12-05,21600310,NOP,108,Pelicans,no,0,2017,3,0,0,3,0,1,40,home,4.0,0.0,True,0.0,-2.0,Pre-COVID,3,1.0,NWG > 0,-4.0,0.0,True,True,True
14256,SAS,97,Spurs,2016-12-05,21600309,MIL,96,Bucks,no,0,2017,0,0,0,0,0,0,9,away,6.0,0.0,False,1.0,-1.0,Pre-COVID,0,,NWG = 0,6.0,1.0,True,True,True
12529,WAS,118,Wizards,2016-12-05,21600306,BKN,113,Nets,no,0,2017,1,0,0,1,0,0,8,away,6.5,0.0,False,1.0,-5.0,Pre-COVID,1,1.0,NWG > 0,6.5,1.0,True,True,True
13521,PHI,91,76ers,2016-12-06,21600318,MEM,96,Grizzlies,no,0,2017,0,0,0,0,0,0,15,home,7.0,0.0,True,0.0,5.0,Pre-COVID,0,,NWG = 0,-7.0,0.0,True,True,True
18997,PHX,105,Suns,2016-12-06,21600320,UTA,112,Jazz,no,0,2017,0,0,0,0,0,0,10,home,7.0,2.0,True,,7.0,Pre-COVID,0,,NWG = 0,-7.0,0.0,False,True,True
12645,DEN,85,Nuggets,2016-12-08,21600332,WAS,92,Wizards,no,0,2017,0,2,0,0,0,2,12,home,5.5,1.0,True,1.0,7.0,Pre-COVID,-2,0.0,NWG < 0,-5.5,1.0,True,True,True
14317,POR,86,Trail Blazers,2016-12-08,21600333,MEM,88,Grizzlies,no,0,2017,0,1,0,0,0,1,12,away,2.5,0.0,False,1.0,2.0,Pre-COVID,-1,0.0,NWG < 0,2.5,1.0,True,True,True
16289,ATL,114,Hawks,2016-12-09,21600340,MIL,110,Bucks,no,0,2017,1,0,0,1,0,0,13,home,3.0,0.0,True,0.0,-4.0,Pre-COVID,1,1.0,NWG > 0,-3.0,0.0,True,True,True
18203,HOU,102,Rockets,2016-12-09,21600341,OKC,99,Thunder,ESPN,0,2017,2,1,0,2,0,1,17,away,1.0,1.0,False,0.0,-3.0,Pre-COVID,1,0.6666666666666666,NWG > 0,1.0,0.0,True,True,True
17608,NYK,103,Knicks,2016-12-09,21600345,SAC,100,Kings,no,0,2017,2,0,0,2,0,0,17,home,5.5,0.0,True,0.0,-3.0,Pre-COVID,2,1.0,NWG > 0,-5.5,0.0,True,True,True
17010,DEN,121,Nuggets,2016-12-10,21600347,ORL,113,Magic,no,0,2017,0,0,0,0,0,0,14,away,2.0,1.0,False,0.0,-8.0,Pre-COVID,0,,NWG = 0,2.0,0.0,True,True,True
21450,MIA,100,Heat,2016-12-10,21600350,CHI,105,Bulls,NBA TV,0,2017,0,0,0,0,0,0,7,home,9.5,0.0,True,0.0,5.0,Pre-COVID,0,,NWG = 0,-9.5,0.0,True,True,True
14816,MIL,105,Bucks,2016-12-10,21600346,WAS,110,Wizards,no,0,2017,1,1,0,1,0,1,15,home,4.5,1.0,True,1.0,5.0,Pre-COVID,0,0.5,NWG = 0,-4.5,1.0,True,True,True
16211,POR,111,Trail Blazers,2016-12-10,21600348,IND,118,Pacers,no,0,2017,0,0,0,0,0,0,13,away,0.0,0.0,False,1.0,7.0,Pre-COVID,0,,NWG = 0,0.0,1.0,True,True,True
18203,BOS,96,Celtics,2016-12-11,21600357,OKC,99,Thunder,no,0,2017,0,0,0,0,0,0,13,home,3.0,2.0,True,,3.0,Pre-COVID,0,,NWG = 0,-3.0,0.0,False,True,True
16949,NOP,120,Pelicans,2016-12-11,21600359,PHX,119,Suns,no,0,2017,1,1,0,1,0,1,24,home,2.0,0.0,True,0.0,-1.0,Pre-COVID,0,0.5,NWG = 0,-2.0,0.0,True,True,True
13619,BKN,118,Nets,2016-12-12,21600364,HOU,122,Rockets,no,0,2017,2,0,0,2,0,0,17,home,13.5,0.0,True,0.0,4.0,Pre-COVID,2,1.0,NWG > 0,-13.5,0.0,True,True,True
19060,POR,120,Trail Blazers,2016-12-12,21600366,LAC,121,Clippers,NBA TV,0,2017,2,2,0,2,0,2,17,home,10.0,0.0,True,0.0,1.0,Pre-COVID,0,0.5,NWG = 0,-10.0,0.0,True,True,True
19600,WAS,101,Wizards,2016-12-12,21600363,MIA,112,Heat,NBA TV,0,2017,0,1,0,0,0,1,8,away,1.0,0.0,False,1.0,11.0,Pre-COVID,-1,0.0,NWG < 0,1.0,1.0,True,True,True
17789,GSW,113,Warriors,2016-12-13,21600371,NOP,109,Pelicans,no,0,2017,0,1,0,0,0,1,15,away,11.5,0.0,False,1.0,-4.0,Pre-COVID,-1,0.0,NWG < 0,11.5,1.0,True,True,True
21146,MIN,99,Timberwolves,2016-12-13,21600370,CHI,94,Bulls,ESPN,0,2017,2,1,0,2,0,1,11,home,5.5,0.0,True,0.0,-5.0,Pre-COVID,1,0.6666666666666666,NWG > 0,-5.5,0.0,True,True,True
16429,NYK,111,Knicks,2016-12-13,21600372,PHX,113,Suns,no,0,2017,3,1,0,3,0,3,27,away,2.0,0.0,False,1.0,2.0,Pre-COVID,2,0.75,NWG > 0,2.0,1.0,True,True,True
13447,CHA,106,Hornets,2016-12-14,21600375,WAS,109,Wizards,no,0,2017,1,0,0,1,0,0,16,away,2.0,0.0,False,1.0,3.0,Pre-COVID,1,1.0,NWG > 0,2.0,1.0,True,True,True
19600,IND,89,Pacers,2016-12-14,21600377,MIA,95,Heat,ESPN,0,2017,1,0,0,1,0,0,13,away,1.0,0.0,False,1.0,6.0,Pre-COVID,1,1.0,NWG > 0,1.0,1.0,True,True,True
15472,IND,95,Pacers,2016-12-15,21600385,NOP,102,Pelicans,no,0,2017,0,1,0,0,0,2,14,home,3.0,1.0,True,1.0,7.0,Pre-COVID,-1,0.0,NWG < 0,-3.0,1.0,True,True,True
17668,BKN,111,Nets,2016-12-16,21600390,ORL,118,Magic,no,0,2017,0,0,0,0,0,0,12,home,6.5,1.0,True,1.0,7.0,Pre-COVID,0,,NWG = 0,-6.5,1.0,True,True,True
18721,DAL,100,Mavericks,2016-12-16,21600398,UTA,103,Jazz,ESPN,0,2017,0,1,0,0,0,3,10,home,11.0,0.0,True,0.0,3.0,Pre-COVID,-1,0.0,NWG < 0,-11.0,0.0,True,True,True
15987,SAC,96,Kings,2016-12-16,21600394,MEM,92,Grizzlies,no,0,2017,4,1,0,4,0,2,18,home,5.0,0.0,True,0.0,-4.0,Pre-COVID,3,0.8,NWG > 0,-5.0,0.0,True,True,True
17918,CHA,107,Hornets,2016-12-17,21600401,ATL,99,Hawks,no,0,2017,0,1,0,0,0,1,10,home,2.5,0.0,True,0.0,-8.0,Pre-COVID,-1,0.0,NWG < 0,-2.5,0.0,True,True,True
14689,HOU,111,Rockets,2016-12-17,21600403,MIN,109,Timberwolves,no,0,2017,0,0,0,0,0,0,27,away,2.5,0.0,False,1.0,-2.0,Pre-COVID,0,,NWG = 0,2.5,1.0,True,True,True
16460,BKN,107,Nets,2016-12-18,21600408,PHI,108,76ers,no,0,2017,0,2,0,0,0,3,18,home,1.0,2.0,True,,1.0,Pre-COVID,-2,0.0,NWG < 0,-1.0,0.0,False,True,True
19600,BOS,105,Celtics,2016-12-18,21600410,MIA,95,Heat,no,0,2017,0,0,0,0,0,0,15,away,4.0,1.0,False,0.0,-10.0,Pre-COVID,0,,NWG = 0,4.0,0.0,True,True,True
17380,LAC,110,Clippers,2016-12-18,21600406,WAS,117,Wizards,no,0,2017,2,0,0,2,0,0,14,away,5.5,0.0,False,1.0,7.0,Pre-COVID,2,1.0,NWG > 0,5.5,1.0,True,True,True
18203,ATL,110,Hawks,2016-12-19,21600415,OKC,108,Thunder,no,0,2017,0,2,0,0,0,2,11,home,3.0,0.0,True,0.0,-2.0,Pre-COVID,-2,0.0,NWG < 0,-3.0,0.0,True,True,True
16519,BOS,112,Celtics,2016-12-20,21600424,MEM,109,Grizzlies,no,0,2017,0,0,0,0,0,1,19,away,2.0,1.0,False,0.0,-3.0,Pre-COVID,0,,NWG = 0,2.0,0.0,True,True,True
17053,CLE,114,Cavaliers,2016-12-20,21600423,MIL,108,Bucks,no,0,2017,1,1,0,1,0,1,20,away,3.5,1.0,False,0.0,-6.0,Pre-COVID,0,0.5,NWG = 0,3.5,0.0,True,True,True
19093,LAL,113,Lakers,2016-12-20,21600419,CHA,117,Hornets,no,0,2017,2,1,0,2,0,1,10,home,9.0,0.0,True,0.0,4.0,Pre-COVID,1,0.6666666666666666,NWG > 0,-9.0,0.0,True,True,True
19600,ORL,136,Magic,2016-12-20,21600422,MIA,130,Heat,no,0,2017,1,1,0,1,0,3,40,home,3.5,0.0,True,0.0,-6.0,Pre-COVID,0,0.5,NWG = 0,-3.5,0.0,True,True,True
17608,POR,121,Trail Blazers,2016-12-20,21600428,SAC,126,Kings,no,0,2017,1,0,0,1,0,0,12,away,1.0,0.0,False,1.0,5.0,Pre-COVID,1,1.0,NWG > 0,1.0,1.0,True,True,True
18055,SAS,102,Spurs,2016-12-20,21600425,HOU,100,Rockets,NBA TV,0,2017,2,0,0,2,0,2,15,home,0.0,0.0,True,0.0,-2.0,Pre-COVID,2,1.0,NWG > 0,-0.0,0.0,True,True,True
19393,DAL,96,Mavericks,2016-12-21,21600436,POR,95,Trail Blazers,NBA TV,0,2017,1,0,0,1,0,0,15,home,6.0,0.0,True,0.0,-1.0,Pre-COVID,1,1.0,NWG > 0,-6.0,0.0,True,True,True
19195,SAC,94,Kings,2016-12-21,21600434,UTA,93,Jazz,no,0,2017,1,1,0,1,0,1,19,home,8.0,0.0,True,0.0,-1.0,Pre-COVID,0,0.5,NWG = 0,-8.0,0.0,True,True,True
19712,LAL,107,Lakers,2016-12-22,21600439,MIA,115,Heat,TNT,0,2017,1,0,0,1,0,0,15,home,6.0,1.0,True,1.0,8.0,Pre-COVID,1,1.0,NWG > 0,-6.0,1.0,True,True,True
13823,ATL,109,Hawks,2016-12-23,21600451,DEN,108,Nuggets,no,0,2017,1,1,1,0,1,0,12,home,6.0,0.0,True,0.0,-1.0,Pre-COVID,0,0.5,NWG = 0,-6.0,0.0,True,True,True
19060,DAL,90,Mavericks,2016-12-23,21600455,LAC,88,Clippers,NBA TV,0,2017,1,1,0,1,0,1,10,home,3.5,0.0,True,0.0,-2.0,Pre-COVID,0,0.5,NWG = 0,-3.5,0.0,True,True,True
21012,GSW,119,Warriors,2016-12-23,21600446,DET,113,Pistons,no,0,2017,0,1,0,0,0,1,10,away,7.5,0.0,False,1.0,-6.0,Pre-COVID,-1,0.0,NWG < 0,7.5,1.0,True,True,True
17454,HOU,109,Rockets,2016-12-23,21600448,MEM,115,Grizzlies,no,0,2017,0,0,0,0,0,0,10,away,3.5,0.0,False,1.0,6.0,Pre-COVID,0,,NWG = 0,3.5,1.0,True,True,True
16322,MIA,87,Heat,2016-12-23,21600449,NOP,91,Pelicans,no,0,2017,0,1,0,0,0,1,9,home,4.5,0.0,True,0.0,4.0,Pre-COVID,-1,0.0,NWG < 0,-4.5,0.0,True,True,True
18624,OKC,117,Thunder,2016-12-23,21600445,BOS,112,Celtics,NBA TV,0,2017,1,1,0,1,0,1,8,home,5.5,0.0,True,0.0,-5.0,Pre-COVID,0,0.5,NWG = 0,-5.5,0.0,True,True,True
13288,SAC,109,Kings,2016-12-23,21600450,MIN,105,Timberwolves,no,0,2017,1,0,0,1,0,0,6,home,4.5,0.0,True,0.0,-4.0,Pre-COVID,1,1.0,NWG > 0,-4.5,0.0,True,True,True
20562,GSW,108,Warriors,2016-12-25,21600457,CLE,109,Cavaliers,ABC,0,2017,2,0,0,2,0,0,8,away,3.5,0.0,False,1.0,1.0,Pre-COVID,2,1.0,NWG > 0,3.5,1.0,True,True,True
17732,CHA,118,Hornets,2016-12-26,21600463,BKN,120,Nets,no,0,2017,0,0,0,0,0,0,12,away,6.5,0.0,False,1.0,2.0,Pre-COVID,0,,NWG = 0,6.5,1.0,True,True,True
15764,DAL,104,Mavericks,2016-12-26,21600466,NOP,111,Pelicans,no,0,2017,0,1,1,0,0,0,14,home,4.5,1.0,True,1.0,7.0,Pre-COVID,-1,0.0,NWG < 0,-4.5,1.0,True,True,True
19060,DEN,106,Nuggets,2016-12-26,21600470,LAC,102,Clippers,NBA TV,0,2017,0,0,0,0,0,0,8,away,4.5,0.0,False,1.0,-4.0,Pre-COVID,0,,NWG = 0,4.5,1.0,True,True,True
21922,IND,85,Pacers,2016-12-26,21600465,CHI,90,Bulls,NBA TV,0,2017,1,0,0,1,0,0,10,home,2.0,1.0,True,1.0,5.0,Pre-COVID,1,1.0,NWG > 0,-2.0,1.0,True,True,True
15773,MIL,102,Bucks,2016-12-26,21600461,WAS,107,Wizards,no,0,2017,0,0,0,0,0,1,14,home,3.5,1.0,True,1.0,5.0,Pre-COVID,0,,NWG = 0,-3.5,1.0,True,True,True
17608,PHI,100,76ers,2016-12-26,21600471,SAC,102,Kings,no,0,2017,1,0,0,1,0,0,11,home,8.0,0.0,True,0.0,2.0,Pre-COVID,1,1.0,NWG > 0,-8.0,0.0,True,True,True
19393,TOR,95,Raptors,2016-12-26,21600469,POR,91,Trail Blazers,no,0,2017,0,0,0,0,0,0,9,away,8.0,0.0,False,1.0,-4.0,Pre-COVID,0,,NWG = 0,8.0,1.0,True,True,True
18624,MEM,103,Grizzlies,2016-12-27,21600472,BOS,113,Celtics,no,0,2017,0,0,0,0,0,0,8,home,7.5,1.0,True,1.0,10.0,Pre-COVID,0,,NWG = 0,-7.5,1.0,True,True,True
18997,UTA,102,Jazz,2016-12-27,21600475,LAL,100,Lakers,NBA TV,0,2017,2,0,0,2,0,0,13,away,5.5,0.0,False,1.0,-2.0,Pre-COVID,2,1.0,NWG > 0,5.5,1.0,True,True,True
21957,BKN,99,Nets,2016-12-28,21600480,CHI,101,Bulls,no,0,2017,2,0,0,2,0,0,14,home,9.5,0.0,True,0.0,2.0,Pre-COVID,2,1.0,NWG > 0,-9.5,0.0,True,True,True
16172,IND,105,Pacers,2016-12-28,21600476,WAS,111,Wizards,no,0,2017,1,1,1,0,1,0,8,home,4.0,1.0,True,1.0,6.0,Pre-COVID,0,0.5,NWG = 0,-4.0,1.0,True,True,True
19066,NYK,98,Knicks,2016-12-28,21600478,ATL,102,Hawks,no,0,2017,0,1,0,0,0,2,20,home,5.5,0.0,True,0.0,4.0,Pre-COVID,-1,0.0,NWG < 0,-5.5,0.0,True,True,True
20562,BOS,118,Celtics,2016-12-29,21600488,CLE,124,Cavaliers,TNT,0,2017,1,0,0,1,0,0,14,home,6.0,2.0,True,,6.0,Pre-COVID,1,1.0,NWG > 0,-6.0,0.0,False,True,True
19471,MIA,82,Heat,2016-12-29,21600486,CHA,91,Hornets,no,0,2017,0,1,0,0,0,1,9,home,6.0,1.0,True,1.0,9.0,Pre-COVID,-1,0.0,NWG < 0,-6.0,1.0,True,True,True
17923,CHI,101,Bulls,2016-12-30,21600492,IND,111,Pacers,no,0,2017,0,0,0,0,0,0,8,home,4.0,1.0,True,1.0,10.0,Pre-COVID,0,,NWG = 0,-4.0,1.0,True,True,True
18624,MIA,114,Heat,2016-12-30,21600494,BOS,117,Celtics,no,0,2017,0,1,0,0,0,1,16,home,9.5,0.0,True,0.0,3.0,Pre-COVID,-1,0.0,NWG < 0,-9.5,0.0,True,True,True
13619,PHI,124,76ers,2016-12-30,21600500,DEN,122,Nuggets,no,0,2017,0,0,0,0,0,0,19,home,10.0,0.0,True,0.0,-2.0,Pre-COVID,0,,NWG = 0,-10.0,0.0,True,True,True
19911,PHX,86,Suns,2016-12-31,21600506,UTA,91,Jazz,no,0,2017,1,1,0,1,0,1,13,home,11.5,0.0,True,0.0,5.0,Pre-COVID,0,0.5,NWG = 0,-11.5,0.0,True,True,True
15804,POR,95,Trail Blazers,2017-01-01,21600511,MIN,89,Timberwolves,no,0,2017,0,0,0,0,0,0,13,home,6.0,0.0,True,0.0,-6.0,Pre-COVID,0,,NWG = 0,-6.0,0.0,True,True,True
18088,SAS,112,Spurs,2017-01-01,21600508,ATL,114,Hawks,no,0,2017,1,1,0,1,0,1,30,away,5.0,0.0,False,1.0,2.0,Pre-COVID,0,0.5,NWG = 0,5.0,1.0,True,True,True
21612,CHA,111,Hornets,2017-01-02,21600517,CHI,118,Bulls,NBA TV,0,2017,0,0,0,0,0,0,13,away,1.0,0.0,False,1.0,7.0,Pre-COVID,0,,NWG = 0,1.0,1.0,True,True,True
17423,OKC,94,Thunder,2017-01-02,21600513,MIL,98,Bucks,no,0,2017,0,1,0,0,0,1,12,home,1.5,1.0,True,1.0,4.0,Pre-COVID,-1,0.0,NWG < 0,-1.5,1.0,True,True,True
16569,WAS,91,Wizards,2017-01-02,21600518,HOU,101,Rockets,no,0,2017,0,0,0,0,0,1,6,home,7.5,1.0,True,1.0,10.0,Pre-COVID,0,,NWG = 0,-7.5,1.0,True,True,True
17124,MIN,91,Timberwolves,2017-01-03,21600521,PHI,93,76ers,no,0,2017,0,0,0,0,0,1,10,away,4.5,0.0,False,1.0,2.0,Pre-COVID,0,,NWG = 0,4.5,1.0,True,True,True
19318,WAS,105,Wizards,2017-01-03,21600524,DAL,113,Mavericks,no,0,2017,0,0,0,0,0,0,6,home,0.0,1.0,True,1.0,8.0,Pre-COVID,0,,NWG = 0,-0.0,1.0,True,True,True
19060,MEM,106,Grizzlies,2017-01-04,21600533,LAC,115,Clippers,no,0,2017,1,0,0,0,1,0,10,away,1.5,0.0,False,1.0,9.0,Pre-COVID,1,1.0,NWG > 0,1.5,1.0,True,True,True
17608,MIA,107,Heat,2017-01-04,21600535,SAC,102,Kings,no,0,2017,0,1,0,0,0,1,12,home,7.5,0.0,True,0.0,-5.0,Pre-COVID,-1,0.0,NWG < 0,-7.5,0.0,True,True,True
19812,MIL,105,Bucks,2017-01-04,21600531,NYK,104,Knicks,no,0,2017,2,0,0,2,0,0,14,away,3.5,0.0,False,1.0,-1.0,Pre-COVID,2,1.0,NWG > 0,3.5,1.0,True,True,True
15003,ATL,99,Hawks,2017-01-05,21600539,NOP,94,Pelicans,no,0,2017,0,1,0,0,0,2,11,home,1.5,0.0,True,0.0,-5.0,Pre-COVID,-1,0.0,NWG < 0,-1.5,0.0,True,True,True
18055,OKC,116,Thunder,2017-01-05,21600540,HOU,118,Rockets,TNT,0,2017,1,0,0,1,0,0,9,home,8.0,0.0,True,0.0,2.0,Pre-COVID,1,1.0,NWG > 0,-8.0,0.0,True,True,True
19570,PHX,102,Suns,2017-01-05,21600541,DAL,95,Mavericks,no,0,2017,0,0,0,0,0,0,6,home,5.0,0.0,True,0.0,-7.0,Pre-COVID,0,,NWG = 0,-5.0,0.0,True,True,True
19800,UTA,93,Jazz,2017-01-05,21600537,TOR,101,Raptors,no,0,2017,1,2,0,1,0,2,11,home,4.5,1.0,True,1.0,8.0,Pre-COVID,-1,0.3333333333333333,NWG < 0,-4.5,1.0,True,True,True
19596,MEM,128,Grizzlies,2017-01-06,21600550,GSW,119,Warriors,ESPN,0,2017,0,0,0,0,0,0,15,home,13.5,0.0,True,0.0,-9.0,Pre-COVID,0,,NWG = 0,-13.5,0.0,True,True,True
18686,MIN,105,Timberwolves,2017-01-06,21600544,WAS,112,Wizards,no,0,2017,1,0,0,1,0,1,9,home,4.5,1.0,True,1.0,7.0,Pre-COVID,1,1.0,NWG > 0,-4.5,1.0,True,True,True
18717,NYK,116,Knicks,2017-01-06,21600548,MIL,111,Bucks,ESPN,0,2017,0,0,0,0,0,0,7,home,5.5,0.0,True,0.0,-5.0,Pre-COVID,0,,NWG = 0,-5.5,0.0,True,True,True
18624,PHI,106,76ers,2017-01-06,21600546,BOS,110,Celtics,no,0,2017,2,0,0,2,0,0,11,home,11.0,0.0,True,0.0,4.0,Pre-COVID,2,1.0,NWG > 0,-11.0,0.0,True,True,True
21195,TOR,118,Raptors,2017-01-07,21600554,CHI,123,Bulls,no,0,2017,1,0,0,1,0,1,16,away,1.5,0.0,False,1.0,5.0,Pre-COVID,1,1.0,NWG > 0,1.5,1.0,True,True,True
13945,UTA,94,Jazz,2017-01-07,21600556,MIN,92,Timberwolves,no,0,2017,0,0,0,0,0,0,7,away,4.5,0.0,False,1.0,-2.0,Pre-COVID,0,,NWG = 0,4.5,1.0,True,True,True
13506,DET,125,Pistons,2017-01-08,21600559,POR,124,Trail Blazers,no,0,2017,1,1,0,1,0,1,19,home,3.5,0.0,True,0.0,-1.0,Pre-COVID,0,0.5,NWG = 0,-3.5,0.0,True,True,True
15311,WAS,107,Wizards,2017-01-08,21600562,MIL,101,Bucks,no,0,2017,1,0,0,1,0,0,11,away,1.0,1.0,False,0.0,-6.0,Pre-COVID,1,1.0,NWG > 0,1.0,0.0,True,True,True
19800,BOS,106,Celtics,2017-01-10,21600572,TOR,114,Raptors,NBA TV,0,2017,0,0,0,0,0,1,18,home,5.5,1.0,True,1.0,8.0,Pre-COVID,0,,NWG = 0,-5.5,1.0,True,True,True
16196,CHA,114,Hornets,2017-01-10,21600574,HOU,121,Rockets,no,0,2017,1,0,0,1,0,0,11,home,9.0,0.0,True,0.0,7.0,Pre-COVID,1,1.0,NWG > 0,-9.0,0.0,True,True,True
14361,CHI,99,Bulls,2017-01-10,21600571,WAS,101,Wizards,no,0,2017,1,0,0,1,0,0,11,home,12.0,0.0,True,0.0,2.0,Pre-COVID,1,1.0,NWG > 0,-12.0,0.0,True,True,True
17608,DET,94,Pistons,2017-01-10,21600579,SAC,100,Kings,no,0,2017,0,0,0,0,0,0,8,home,3.0,1.0,True,1.0,6.0,Pre-COVID,0,,NWG = 0,-3.0,1.0,True,True,True
18418,MIL,109,Bucks,2017-01-10,21600575,SAS,107,Spurs,no,0,2017,0,0,0,0,0,0,9,home,10.0,0.0,True,0.0,-2.0,Pre-COVID,0,,NWG = 0,-10.0,0.0,True,True,True
18203,MEM,95,Grizzlies,2017-01-11,21600581,OKC,103,Thunder,ESPN,0,2017,0,0,0,0,0,0,14,home,4.5,1.0,True,1.0,8.0,Pre-COVID,0,,NWG = 0,-4.5,1.0,True,True,True
14352,NOP,104,Pelicans,2017-01-12,21600586,BKN,95,Nets,no,0,2017,1,0,0,1,0,1,18,home,2.5,0.0,True,0.0,-9.0,Pre-COVID,1,1.0,NWG > 0,-2.5,0.0,True,True,True
18216,BOS,103,Celtics,2017-01-13,21600597,ATL,101,Hawks,ESPN,0,2017,0,1,0,0,0,1,8,home,3.5,0.0,True,0.0,-2.0,Pre-COVID,-1,0.0,NWG < 0,-3.5,0.0,True,True,True
18055,MEM,110,Grizzlies,2017-01-13,21600595,HOU,105,Rockets,no,0,2017,0,0,0,0,0,0,12,home,7.5,0.0,True,0.0,-5.0,Pre-COVID,0,,NWG = 0,-7.5,0.0,True,True,True
19344,ORL,115,Magic,2017-01-13,21600598,POR,109,Trail Blazers,no,0,2017,0,0,0,0,0,0,17,home,7.0,0.0,True,0.0,-6.0,Pre-COVID,0,,NWG = 0,-7.0,0.0,True,True,True
19911,ORL,107,Magic,2017-01-14,21600604,UTA,114,Jazz,no,0,2017,1,0,0,0,1,1,11,home,11.5,0.0,True,0.0,7.0,Pre-COVID,1,1.0,NWG > 0,-11.5,0.0,True,True,True
20532,SAS,105,Spurs,2017-01-14,21600605,PHX,108,Suns,NBA TV,0,2017,1,0,0,1,0,1,15,away,12.5,0.0,False,1.0,3.0,Pre-COVID,1,1.0,NWG > 0,12.5,1.0,True,True,True
18119,CHI,108,Bulls,2017-01-15,21600611,MEM,104,Grizzlies,ESPN,0,2017,1,0,0,1,0,0,14,home,8.5,0.0,True,0.0,-4.0,Pre-COVID,1,1.0,NWG > 0,-8.5,0.0,True,True,True
18997,DET,102,Pistons,2017-01-15,21600612,LAL,97,Lakers,no,0,2017,0,0,0,0,0,0,16,away,2.0,1.0,False,0.0,-5.0,Pre-COVID,0,,NWG = 0,2.0,0.0,True,True,True
19812,ATL,108,Hawks,2017-01-16,21600613,NYK,107,Knicks,NBA TV,0,2017,0,0,0,0,0,0,10,away,2.5,0.0,False,1.0,-1.0,Pre-COVID,0,,NWG = 0,2.5,1.0,True,True,True
15525,NOP,95,Pelicans,2017-01-16,21600616,IND,98,Pacers,no,0,2017,0,0,0,0,0,1,14,home,5.0,0.0,True,0.0,3.0,Pre-COVID,0,,NWG = 0,-5.0,0.0,True,True,True
16767,UTA,106,Jazz,2017-01-16,21600620,PHX,101,Suns,no,0,2017,2,1,0,2,0,1,13,away,6.5,0.0,False,1.0,-5.0,Pre-COVID,1,0.6666666666666666,NWG > 0,6.5,1.0,True,True,True
21294,DAL,99,Mavericks,2017-01-17,21600624,CHI,98,Bulls,no,0,2017,0,1,0,0,0,1,10,home,4.5,0.0,True,0.0,-1.0,Pre-COVID,-1,0.0,NWG < 0,-4.5,0.0,True,True,True
18412,DEN,127,Nuggets,2017-01-17,21600626,LAL,121,Lakers,NBA TV,0,2017,0,0,0,0,0,0,11,away,1.0,1.0,False,0.0,-6.0,Pre-COVID,0,,NWG = 0,1.0,0.0,True,True,True
17608,IND,106,Pacers,2017-01-18,21600635,SAC,100,Kings,no,0,2017,1,0,0,1,0,0,12,home,2.5,0.0,True,0.0,-6.0,Pre-COVID,1,1.0,NWG > 0,-2.5,0.0,True,True,True
15079,MEM,101,Grizzlies,2017-01-18,21600628,WAS,104,Wizards,no,0,2017,0,0,0,0,0,0,12,home,2.0,1.0,True,1.0,3.0,Pre-COVID,0,,NWG = 0,-2.0,1.0,True,True,True
17223,TOR,89,Raptors,2017-01-18,21600627,PHI,94,76ers,no,0,2017,0,0,0,0,0,0,15,away,6.0,0.0,False,1.0,5.0,Pre-COVID,0,,NWG = 0,6.0,1.0,True,True,True
19600,DAL,95,Mavericks,2017-01-19,21600637,MIA,99,Heat,no,0,2017,2,0,0,2,0,0,15,home,2.0,1.0,True,1.0,4.0,Pre-COVID,2,1.0,NWG > 0,-2.0,1.0,True,True,True
19060,MIN,104,Timberwolves,2017-01-19,21600640,LAC,101,Clippers,TNT,0,2017,0,0,0,0,0,0,10,away,1.5,1.0,False,0.0,-3.0,Pre-COVID,0,,NWG = 0,1.5,0.0,True,True,True
19812,WAS,113,Wizards,2017-01-19,21600638,NYK,110,Knicks,TNT,0,2017,1,0,0,1,0,0,13,away,1.5,1.0,False,0.0,-3.0,Pre-COVID,1,1.0,NWG > 0,1.5,0.0,True,True,True
19476,POR,92,Trail Blazers,2017-01-20,21600641,PHI,93,76ers,no,0,2017,1,0,0,1,0,0,12,away,2.0,0.0,False,1.0,1.0,Pre-COVID,1,1.0,NWG > 0,2.0,1.0,True,True,True
19421,UTA,112,Jazz,2017-01-20,21600648,DAL,107,Mavericks,no,0,2017,1,0,0,1,0,0,28,away,5.5,0.0,False,1.0,-5.0,Pre-COVID,1,1.0,NWG > 0,5.5,1.0,True,True,True
19812,PHX,107,Suns,2017-01-21,21600654,NYK,105,Knicks,no,0,2017,0,0,0,0,0,0,20,home,4.5,0.0,True,0.0,-2.0,Pre-COVID,0,,NWG = 0,-4.5,0.0,True,True,True
18624,POR,127,Trail Blazers,2017-01-21,21600650,BOS,123,Celtics,no,0,2017,0,1,1,0,0,0,37,home,7.5,0.0,True,0.0,-4.0,Pre-COVID,-1,0.0,NWG < 0,-7.5,0.0,True,True,True
21606,SAC,99,Kings,2017-01-21,21600660,CHI,102,Bulls,no,0,2017,1,1,0,0,1,2,19,home,6.5,0.0,True,0.0,3.0,Pre-COVID,0,0.5,NWG = 0,-6.5,0.0,True,True,True
20562,SAS,118,Spurs,2017-01-21,21600657,CLE,115,Cavaliers,ABC,0,2017,0,0,0,0,0,0,33,home,3.5,0.0,True,0.0,-3.0,Pre-COVID,0,,NWG = 0,-3.5,0.0,True,True,True
18231,WAS,112,Wizards,2017-01-21,21600651,DET,113,Pistons,no,0,2017,1,0,0,1,0,0,19,home,2.0,0.0,True,0.0,1.0,Pre-COVID,1,1.0,NWG > 0,-2.0,0.0,True,True,True
12788,DEN,108,Nuggets,2017-01-22,21600664,MIN,111,Timberwolves,no,0,2017,1,0,0,1,0,1,10,home,3.5,0.0,True,0.0,3.0,Pre-COVID,1,1.0,NWG > 0,-3.5,0.0,True,True,True
19600,GSW,102,Warriors,2017-01-23,21600668,MIA,105,Heat,no,0,2017,0,1,0,0,0,1,11,away,11.0,0.0,False,1.0,3.0,Pre-COVID,-1,0.0,NWG < 0,11.0,1.0,True,True,True
16015,NYK,109,Knicks,2017-01-23,21600672,IND,103,Pacers,TNT,0,2017,0,0,0,0,0,0,11,home,5.5,0.0,True,0.0,-6.0,Pre-COVID,0,,NWG = 0,-5.5,0.0,True,True,True
19911,OKC,97,Thunder,2017-01-23,21600673,UTA,95,Jazz,no,0,2017,1,0,0,1,0,0,11,home,5.0,0.0,True,0.0,-2.0,Pre-COVID,1,1.0,NWG > 0,-5.0,0.0,True,True,True
17241,MIN,112,Timberwolves,2017-01-24,21600679,PHX,111,Suns,no,0,2017,0,0,0,0,1,1,15,away,1.5,0.0,False,1.0,-1.0,Pre-COVID,0,,NWG = 0,1.5,1.0,True,True,True
19800,SAS,108,Spurs,2017-01-24,21600674,TOR,106,Raptors,NBA TV,0,2017,0,0,0,0,0,1,16,home,2.5,0.0,True,0.0,-2.0,Pre-COVID,0,,NWG = 0,-2.5,0.0,True,True,True
21445,ATL,119,Hawks,2017-01-25,21600683,CHI,114,Bulls,no,0,2017,0,1,0,0,0,1,16,away,1.5,1.0,False,0.0,-5.0,Pre-COVID,-1,0.0,NWG < 0,1.5,0.0,True,True,True
19393,LAL,98,Lakers,2017-01-25,21600689,POR,105,Trail Blazers,ESPN,0,2017,0,0,0,0,0,0,10,home,8.0,0.0,True,0.0,7.0,Pre-COVID,0,,NWG = 0,-8.0,0.0,True,True,True
14929,MIA,109,Heat,2017-01-25,21600682,BKN,106,Nets,no,0,2017,0,0,0,0,0,0,16,away,2.5,1.0,False,0.0,-3.0,Pre-COVID,0,,NWG = 0,2.5,0.0,True,True,True
13663,PHI,114,76ers,2017-01-25,21600684,MIL,109,Bucks,no,0,2017,0,0,0,0,0,0,12,home,11.0,0.0,True,0.0,-5.0,Pre-COVID,0,,NWG = 0,-11.0,0.0,True,True,True
20562,SAC,116,Kings,2017-01-25,21600680,CLE,112,Cavaliers,no,0,2017,1,1,0,1,0,1,32,home,10.5,0.0,True,0.0,-4.0,Pre-COVID,0,0.5,NWG = 0,-10.5,0.0,True,True,True
15904,TOR,99,Raptors,2017-01-25,21600685,MEM,101,Grizzlies,no,0,2017,0,1,0,0,0,1,13,home,5.0,0.0,True,0.0,2.0,Pre-COVID,-1,0.0,NWG < 0,-5.0,0.0,True,True,True
19812,CHA,107,Hornets,2017-01-27,21600699,NYK,110,Knicks,no,0,2017,1,0,0,1,0,0,13,away,1.0,0.0,False,1.0,3.0,Pre-COVID,1,1.0,NWG > 0,1.0,1.0,True,True,True
19558,MEM,109,Grizzlies,2017-01-27,21600703,POR,112,Trail Blazers,no,0,2017,2,0,0,2,0,0,13,home,1.5,1.0,True,1.0,3.0,Pre-COVID,2,1.0,NWG > 0,-1.5,1.0,True,True,True
17522,SAC,111,Kings,2017-01-27,21600696,IND,115,Pacers,no,0,2017,1,0,0,0,1,1,27,home,4.5,0.0,True,0.0,4.0,Pre-COVID,1,1.0,NWG > 0,-4.5,0.0,True,True,True
18717,BOS,112,Celtics,2017-01-28,21600706,MIL,108,Bucks,no,0,2017,1,0,0,1,0,0,11,home,2.5,0.0,True,0.0,-4.0,Pre-COVID,1,1.0,NWG > 0,-2.5,0.0,True,True,True
19911,MEM,102,Grizzlies,2017-01-28,21600708,UTA,95,Jazz,no,0,2017,0,1,0,0,0,1,6,home,7.5,0.0,True,0.0,-7.0,Pre-COVID,-1,0.0,NWG < 0,-7.5,0.0,True,True,True
18597,SAC,109,Kings,2017-01-28,21600704,CHA,106,Hornets,no,0,2017,0,0,0,0,0,0,10,home,7.0,0.0,True,0.0,-3.0,Pre-COVID,0,,NWG = 0,-7.0,0.0,True,True,True
18418,DAL,105,Mavericks,2017-01-29,21600717,SAS,101,Spurs,no,0,2017,0,0,0,0,0,1,17,home,12.0,0.0,True,0.0,-4.0,Pre-COVID,0,,NWG = 0,-12.0,0.0,True,True,True
19393,GSW,113,Warriors,2017-01-29,21600718,POR,111,Trail Blazers,NBA TV,0,2017,2,0,0,2,0,1,19,away,6.0,0.0,False,1.0,-2.0,Pre-COVID,2,1.0,NWG > 0,6.0,1.0,True,True,True
13643,NYK,139,Knicks,2017-01-29,21600711,ATL,142,Hawks,no,0,2017,7,4,0,5,2,5,51,home,6.0,0.0,True,0.0,3.0,Pre-COVID,3,0.6363636363636364,NWG > 0,-6.0,0.0,True,True,True
19600,BKN,96,Nets,2017-01-30,21600719,MIA,104,Heat,no,0,2017,1,1,0,1,0,1,12,home,7.5,1.0,True,1.0,8.0,Pre-COVID,0,0.5,NWG = 0,-7.5,1.0,True,True,True
18188,DET,109,Pistons,2017-01-30,21600721,BOS,113,Celtics,TNT,0,2017,1,0,0,1,0,0,17,home,5.5,0.0,True,0.0,4.0,Pre-COVID,1,1.0,NWG > 0,-5.5,0.0,True,True,True
11124,ORL,105,Magic,2017-01-30,21600720,MIN,111,Timberwolves,no,0,2017,0,0,0,0,0,0,11,home,8.0,0.0,True,0.0,6.0,Pre-COVID,0,,NWG = 0,-8.0,0.0,True,True,True
15840,SAC,119,Kings,2017-01-30,21600266,PHI,122,76ers,no,0,2017,0,0,0,0,0,0,14,away,3.0,0.0,False,1.0,3.0,Pre-COVID,0,,NWG = 0,3.0,1.0,True,True,True
18997,DEN,116,Nuggets,2017-01-31,21600729,LAL,120,Lakers,no,0,2017,0,0,0,0,0,0,15,home,0.0,1.0,True,1.0,4.0,Pre-COVID,0,,NWG = 0,-0.0,1.0,True,True,True
19800,NOP,106,Pelicans,2017-01-31,21600725,TOR,108,Raptors,no,0,2017,1,1,1,1,0,0,35,home,7.5,0.0,True,0.0,2.0,Pre-COVID,0,0.5,NWG = 0,-7.5,0.0,True,True,True
18624,TOR,104,Raptors,2017-02-01,21600732,BOS,109,Celtics,no,0,2017,0,0,0,0,0,0,15,home,6.0,0.0,True,0.0,5.0,Pre-COVID,0,,NWG = 0,-6.0,0.0,True,True,True
15602,ATL,113,Hawks,2017-02-02,21600743,HOU,108,Rockets,TNT,0,2017,0,1,0,0,0,1,8,home,9.5,0.0,True,0.0,-5.0,Pre-COVID,-1,0.0,NWG < 0,-9.5,0.0,True,True,True
16473,LAL,108,Lakers,2017-02-02,21600742,WAS,116,Wizards,no,0,2017,0,0,0,0,0,0,16,home,10.5,0.0,True,0.0,8.0,Pre-COVID,0,,NWG = 0,-10.5,0.0,True,True,True
18055,CHI,117,Bulls,2017-02-03,21600749,HOU,121,Rockets,no,0,2017,0,3,1,0,0,2,20,home,10.0,0.0,True,0.0,4.0,Pre-COVID,-3,0.0,NWG < 0,-10.0,0.0,True,True,True
19393,DAL,108,Mavericks,2017-02-03,21600754,POR,104,Trail Blazers,ESPN,0,2017,0,0,0,0,0,0,8,home,6.0,0.0,True,0.0,-4.0,Pre-COVID,0,,NWG = 0,-6.0,0.0,True,True,True
14557,IND,106,Pacers,2017-02-03,21600747,BKN,97,Nets,no,0,2017,3,0,0,3,0,0,13,away,6.5,1.0,False,0.0,-9.0,Pre-COVID,3,1.0,NWG > 0,6.5,0.0,True,True,True
18203,MEM,102,Grizzlies,2017-02-03,21600750,OKC,114,Thunder,no,0,2017,0,0,0,0,0,0,8,away,1.0,0.0,False,1.0,12.0,Pre-COVID,0,,NWG = 0,1.0,1.0,True,True,True
18792,MIL,117,Bucks,2017-02-03,21600752,DEN,121,Nuggets,no,0,2017,0,0,0,0,0,0,15,home,3.0,1.0,True,1.0,4.0,Pre-COVID,0,,NWG = 0,-3.0,1.0,True,True,True
17608,PHX,105,Suns,2017-02-03,21600753,SAC,103,Kings,no,0,2017,0,0,0,0,0,0,8,home,4.0,0.0,True,0.0,-2.0,Pre-COVID,0,,NWG = 0,-4.0,0.0,True,True,True
19911,CHA,98,Hornets,2017-02-04,21600760,UTA,105,Jazz,no,0,2017,0,0,0,0,0,0,15,home,8.0,0.0,True,0.0,7.0,Pre-COVID,0,,NWG = 0,-8.0,0.0,True,True,True
17608,GSW,106,Warriors,2017-02-04,21600764,SAC,109,Kings,no,0,2017,4,1,0,4,0,1,28,away,14.5,0.0,False,1.0,3.0,Pre-COVID,3,0.8,NWG > 0,14.5,1.0,True,True,True
18203,POR,99,Trail Blazers,2017-02-05,21600767,OKC,105,Thunder,no,0,2017,0,0,0,0,0,0,10,home,5.0,1.0,True,1.0,6.0,Pre-COVID,0,,NWG = 0,-5.0,1.0,True,True,True
20356,CLE,140,Cavaliers,2017-02-06,21600769,WAS,135,Wizards,TNT,0,2017,3,1,0,3,0,2,23,away,1.0,1.0,False,0.0,-5.0,Pre-COVID,2,0.75,NWG > 0,1.0,0.0,True,True,True
16123,OKC,90,Thunder,2017-02-06,21600770,IND,93,Pacers,no,0,2017,0,0,0,0,0,0,8,home,5.0,0.0,True,0.0,3.0,Pre-COVID,0,,NWG = 0,-5.0,0.0,True,True,True
15888,PHX,106,Suns,2017-02-06,21600774,NOP,111,Pelicans,no,0,2017,0,1,0,0,0,1,13,home,5.5,0.0,True,0.0,5.0,Pre-COVID,-1,0.0,NWG < 0,-5.5,0.0,True,True,True
19326,POR,114,Trail Blazers,2017-02-07,21600781,DAL,113,Mavericks,no,0,2017,0,0,0,0,1,0,19,away,3.0,0.0,False,1.0,-1.0,Pre-COVID,0,,NWG = 0,3.0,1.0,True,True,True
14222,DEN,106,Nuggets,2017-02-08,21600785,ATL,117,Hawks,no,0,2017,1,0,0,1,0,0,12,home,4.0,1.0,True,1.0,11.0,Pre-COVID,1,1.0,NWG > 0,-4.0,1.0,True,True,True
19812,LAC,119,Clippers,2017-02-08,21600791,NYK,115,Knicks,ESPN,0,2017,0,2,0,0,0,2,13,away,1.0,1.0,False,0.0,-4.0,Pre-COVID,-2,0.0,NWG < 0,1.0,0.0,True,True,True
13832,TOR,109,Raptors,2017-02-08,21600790,MIN,112,Timberwolves,no,0,2017,1,0,0,1,0,0,12,away,3.0,0.0,False,1.0,3.0,Pre-COVID,1,1.0,NWG > 0,3.0,1.0,True,True,True
13179,WAS,114,Wizards,2017-02-08,21600784,BKN,110,Nets,no,0,2017,1,2,1,1,0,1,34,away,10.0,0.0,False,1.0,-4.0,Pre-COVID,-1,0.3333333333333333,NWG < 0,10.0,1.0,True,True,True
19393,BOS,120,Celtics,2017-02-09,21600798,POR,111,Trail Blazers,TNT,0,2017,0,0,0,0,0,0,13,home,3.5,0.0,True,0.0,-9.0,Pre-COVID,0,,NWG = 0,-3.5,0.0,True,True,True
19883,UTA,105,Jazz,2017-02-09,21600797,DAL,112,Mavericks,no,0,2017,0,1,0,0,0,1,27,away,2.0,0.0,False,1.0,7.0,Pre-COVID,-1,0.0,NWG < 0,2.0,1.0,True,True,True
17608,ATL,107,Hawks,2017-02-10,21600806,SAC,108,Kings,no,0,2017,2,0,0,2,0,1,15,away,2.0,0.0,False,1.0,1.0,Pre-COVID,2,1.0,NWG > 0,2.0,1.0,True,True,True
19503,IND,107,Pacers,2017-02-10,21600805,WAS,112,Wizards,ESPN,0,2017,0,1,0,0,0,1,18,home,6.0,0.0,True,0.0,5.0,Pre-COVID,-1,0.0,NWG < 0,-6.0,0.0,True,True,True
15382,MIA,108,Heat,2017-02-10,21600799,BKN,99,Nets,no,0,2017,1,1,0,1,0,1,15,away,5.5,1.0,False,0.0,-9.0,Pre-COVID,0,0.5,NWG = 0,5.5,0.0,True,True,True
19483,LAC,107,Clippers,2017-02-11,21600808,CHA,102,Hornets,no,0,2017,2,2,0,2,0,2,21,home,2.5,0.0,True,0.0,-5.0,Pre-COVID,0,0.5,NWG = 0,-2.5,0.0,True,True,True
19800,DET,102,Pistons,2017-02-12,21600818,TOR,101,Raptors,NBA TV,0,2017,0,1,0,0,0,1,12,home,6.5,0.0,True,0.0,-1.0,Pre-COVID,-1,0.0,NWG < 0,-6.5,0.0,True,True,True
19812,SAS,90,Spurs,2017-02-12,21600817,NYK,94,Knicks,ABC,0,2017,0,0,0,0,0,1,15,away,9.5,0.0,False,1.0,4.0,Pre-COVID,0,,NWG = 0,9.5,1.0,True,True,True
19475,ATL,109,Hawks,2017-02-13,21600830,POR,104,Trail Blazers,TNT,0,2017,0,1,0,0,0,2,26,home,2.0,0.0,True,0.0,-5.0,Pre-COVID,-1,0.0,NWG < 0,-2.0,0.0,True,True,True
16321,NOP,110,Pelicans,2017-02-13,21600829,PHX,108,Suns,no,0,2017,2,0,0,2,0,0,18,home,3.5,0.0,True,0.0,-2.0,Pre-COVID,2,1.0,NWG > 0,-3.5,0.0,True,True,True
19600,ORL,116,Magic,2017-02-13,21600823,MIA,107,Heat,no,0,2017,0,0,0,0,0,0,10,home,7.5,0.0,True,0.0,-9.0,Pre-COVID,0,,NWG = 0,-7.5,0.0,True,True,True
15203,SAS,110,Spurs,2017-02-13,21600825,IND,106,Pacers,no,0,2017,2,0,0,2,0,1,15,away,5.0,0.0,False,1.0,-4.0,Pre-COVID,2,1.0,NWG > 0,5.0,1.0,True,True,True
19997,SAC,97,Kings,2017-02-14,21600833,LAL,96,Lakers,NBA TV,0,2017,0,0,0,0,0,0,14,home,2.5,0.0,True,0.0,-1.0,Pre-COVID,0,,NWG = 0,-2.5,0.0,True,True,True
21220,TOR,94,Raptors,2017-02-14,21600831,CHI,105,Bulls,no,0,2017,1,0,0,1,0,2,16,away,4.0,0.0,False,1.0,11.0,Pre-COVID,1,1.0,NWG > 0,4.0,1.0,True,True,True
19800,CHA,85,Hornets,2017-02-15,21600837,TOR,90,Raptors,no,0,2017,0,0,0,0,0,0,13,home,6.0,0.0,True,0.0,5.0,Pre-COVID,0,,NWG = 0,-6.0,0.0,True,True,True
16182,MIL,129,Bucks,2017-02-15,21600838,BKN,125,Nets,no,0,2017,0,0,0,0,0,0,15,away,5.0,0.0,False,1.0,-4.0,Pre-COVID,0,,NWG = 0,5.0,1.0,True,True,True
16145,NOP,95,Pelicans,2017-02-15,21600840,MEM,91,Grizzlies,no,0,2017,2,1,0,2,0,1,19,home,8.0,0.0,True,0.0,-4.0,Pre-COVID,1,0.6666666666666666,NWG > 0,-8.0,0.0,True,True,True
21866,BOS,103,Celtics,2017-02-16,21600849,CHI,104,Bulls,TNT,0,2017,0,0,0,0,0,0,19,away,1.0,0.0,False,1.0,1.0,Pre-COVID,0,,NWG = 0,1.0,1.0,True,True,True
14913,CHA,108,Hornets,2017-02-23,21600851,DET,114,Pistons,no,0,2017,0,1,0,0,0,1,22,home,4.0,1.0,True,1.0,6.0,Pre-COVID,-1,0.0,NWG < 0,-4.0,1.0,True,True,True
17487,POR,112,Trail Blazers,2017-02-23,21600850,ORL,103,Magic,no,0,2017,0,0,0,0,0,0,11,away,2.5,1.0,False,0.0,-9.0,Pre-COVID,0,,NWG = 0,2.5,0.0,True,True,True
19800,BOS,97,Celtics,2017-02-24,21600858,TOR,107,Raptors,ESPN,0,2017,0,2,0,0,0,3,16,home,1.5,1.0,True,1.0,10.0,Pre-COVID,-2,0.0,NWG < 0,-1.5,1.0,True,True,True
21641,PHX,121,Suns,2017-02-24,21600859,CHI,128,Bulls,no,0,2017,2,0,0,2,0,0,22,home,6.0,1.0,True,1.0,7.0,Pre-COVID,2,1.0,NWG > 0,-6.0,1.0,True,True,True
19812,PHI,109,76ers,2017-02-25,21600868,NYK,110,Knicks,no,0,2017,2,0,0,2,0,1,15,home,6.5,0.0,True,0.0,1.0,Pre-COVID,2,1.0,NWG > 0,-6.5,0.0,True,True,True
20141,BOS,104,Celtics,2017-02-26,21600879,DET,98,Pistons,no,0,2017,0,0,0,0,0,0,16,away,2.0,1.0,False,0.0,-6.0,Pre-COVID,0,,NWG = 0,2.0,0.0,True,True,True
19060,CHA,121,Hornets,2017-02-26,21600881,LAC,124,Clippers,NBA TV,0,2017,1,1,0,1,0,1,28,home,11.5,0.0,True,0.0,3.0,Pre-COVID,0,0.5,NWG = 0,-11.5,0.0,True,True,True
18203,NOP,110,Pelicans,2017-02-26,21600880,OKC,118,Thunder,NBA TV,0,2017,0,0,0,0,0,0,11,home,6.0,1.0,True,1.0,8.0,Pre-COVID,0,,NWG = 0,-6.0,1.0,True,True,True
19800,POR,106,Trail Blazers,2017-02-26,21600878,TOR,112,Raptors,no,0,2017,1,0,0,1,0,0,16,home,5.0,1.0,True,1.0,6.0,Pre-COVID,1,1.0,NWG > 0,-5.0,1.0,True,True,True
19539,MIA,89,Heat,2017-02-27,21600887,DAL,96,Mavericks,no,0,2017,0,0,0,0,0,0,12,away,1.0,0.0,False,1.0,7.0,Pre-COVID,0,,NWG = 0,1.0,1.0,True,True,True
19812,TOR,92,Raptors,2017-02-27,21600882,NYK,91,Knicks,no,0,2017,0,3,0,0,0,3,18,away,3.5,0.0,False,1.0,-1.0,Pre-COVID,-3,0.0,NWG < 0,3.5,1.0,True,True,True
18997,CHA,109,Hornets,2017-02-28,21600894,LAL,104,Lakers,NBA TV,0,2017,1,0,0,1,0,0,14,away,5.0,2.0,False,,-5.0,Pre-COVID,1,1.0,NWG > 0,5.0,0.0,False,True,True
20356,GSW,108,Warriors,2017-02-28,21600889,WAS,112,Wizards,NBA TV,0,2017,1,0,0,1,0,0,8,away,7.0,0.0,False,1.0,4.0,Pre-COVID,1,1.0,NWG > 0,7.0,1.0,True,True,True
13502,POR,113,Trail Blazers,2017-02-28,21600890,DET,120,Pistons,no,0,2017,2,1,0,2,0,1,25,home,4.0,1.0,True,1.0,7.0,Pre-COVID,1,0.6666666666666666,NWG > 0,-4.0,1.0,True,True,True
18203,UTA,106,Jazz,2017-02-28,21600893,OKC,109,Thunder,no,0,2017,1,0,0,1,0,0,14,away,2.5,0.0,False,1.0,3.0,Pre-COVID,1,1.0,NWG > 0,2.5,1.0,True,True,True
18624,CLE,99,Cavaliers,2017-03-01,21600901,BOS,103,Celtics,ESPN,0,2017,1,0,0,1,0,0,16,home,2.0,1.0,True,1.0,4.0,Pre-COVID,1,1.0,NWG > 0,-2.0,1.0,True,True,True
12483,DAL,95,Mavericks,2017-03-01,21600897,ATL,100,Hawks,no,0,2017,0,0,0,0,0,0,16,home,6.0,0.0,True,0.0,5.0,Pre-COVID,0,,NWG = 0,-6.0,0.0,True,True,True
18418,IND,99,Pacers,2017-03-01,21600902,SAS,100,Spurs,no,0,2017,1,0,0,1,0,1,25,home,10.0,0.0,True,0.0,1.0,Pre-COVID,1,1.0,NWG > 0,-10.0,0.0,True,True,True
22253,GSW,87,Warriors,2017-03-02,21600906,CHI,94,Bulls,TNT,0,2017,0,1,0,0,0,1,14,away,7.5,0.0,False,1.0,7.0,Pre-COVID,-1,0.0,NWG < 0,7.5,1.0,True,True,True
18877,CLE,135,Cavaliers,2017-03-03,21600913,ATL,130,Hawks,ESPN,0,2017,0,1,0,0,0,1,20,away,2.5,1.0,False,0.0,-5.0,Pre-COVID,-1,0.0,NWG < 0,2.5,0.0,True,True,True
18518,NYK,102,Knicks,2017-03-03,21600909,PHI,105,76ers,no,0,2017,0,1,0,0,0,2,21,away,2.0,0.0,False,1.0,3.0,Pre-COVID,-1,0.0,NWG < 0,2.0,1.0,True,True,True
17669,SAS,101,Spurs,2017-03-03,21600917,NOP,98,Pelicans,ESPN,0,2017,0,1,1,0,0,0,28,away,6.0,0.0,False,1.0,-3.0,Pre-COVID,-1,0.0,NWG < 0,6.0,1.0,True,True,True
18418,MIN,90,Timberwolves,2017-03-04,21600925,SAS,97,Spurs,no,0,2017,1,0,0,1,0,0,20,home,8.0,0.0,True,0.0,7.0,Pre-COVID,1,1.0,NWG > 0,-8.0,0.0,True,True,True
16790,BOS,106,Celtics,2017-03-05,21600929,PHX,109,Suns,no,0,2017,1,1,0,1,0,1,20,away,4.0,0.0,False,1.0,3.0,Pre-COVID,0,0.5,NWG = 0,4.0,1.0,True,True,True
15366,IND,97,Pacers,2017-03-05,21600927,ATL,96,Hawks,no,0,2017,0,0,0,0,0,0,12,home,3.0,0.0,True,0.0,-1.0,Pre-COVID,0,,NWG = 0,-3.0,0.0,True,True,True
18997,NOP,105,Pelicans,2017-03-05,21600933,LAL,97,Lakers,no,0,2017,0,0,0,0,0,0,9,away,6.0,1.0,False,0.0,-8.0,Pre-COVID,0,,NWG = 0,6.0,0.0,True,True,True
19195,ORL,114,Magic,2017-03-05,21600930,WAS,115,Wizards,no,0,2017,0,0,0,0,0,0,10,home,12.5,0.0,True,0.0,1.0,Pre-COVID,0,,NWG = 0,-12.5,0.0,True,True,True
17608,UTA,110,Jazz,2017-03-05,21600931,SAC,109,Kings,NBA TV,0,2017,0,1,0,0,0,1,40,away,10.0,0.0,False,1.0,-1.0,Pre-COVID,-1,0.0,NWG < 0,10.0,1.0,True,True,True
18418,HOU,110,Rockets,2017-03-06,21600942,SAS,112,Spurs,no,0,2017,1,1,0,1,0,2,16,home,3.5,0.0,True,0.0,2.0,Pre-COVID,0,0.5,NWG = 0,-3.5,0.0,True,True,True
18203,POR,126,Trail Blazers,2017-03-07,21600946,OKC,121,Thunder,NBA TV,0,2017,0,0,0,0,0,0,18,home,6.5,0.0,True,0.0,-5.0,Pre-COVID,0,,NWG = 0,-6.5,0.0,True,True,True
11931,BKN,105,Nets,2017-03-08,21600950,ATL,110,Hawks,no,0,2017,1,1,0,1,0,1,14,home,9.5,0.0,True,0.0,5.0,Pre-COVID,0,0.5,NWG = 0,-9.5,0.0,True,True,True
16063,CHI,91,Bulls,2017-03-08,21600949,ORL,98,Magic,no,0,2017,0,0,0,0,0,1,14,home,0.0,1.0,True,1.0,7.0,Pre-COVID,0,,NWG = 0,-0.0,1.0,True,True,True
18418,SAC,104,Kings,2017-03-08,21600957,SAS,114,Spurs,no,0,2017,0,0,0,0,0,0,9,home,11.5,0.0,True,0.0,10.0,Pre-COVID,0,,NWG = 0,-11.5,0.0,True,True,True
16230,UTA,115,Jazz,2017-03-08,21600954,HOU,108,Rockets,no,0,2017,1,1,0,1,0,1,13,home,8.5,0.0,True,0.0,-7.0,Pre-COVID,0,0.5,NWG = 0,-8.5,0.0,True,True,True
19240,PHI,108,76ers,2017-03-09,21600963,POR,114,Trail Blazers,no,0,2017,0,0,0,0,0,0,30,home,9.5,0.0,True,0.0,6.0,Pre-COVID,0,,NWG = 0,-9.5,0.0,True,True,True
20412,GSW,102,Warriors,2017-03-10,21600968,MIN,103,Timberwolves,NBA TV,0,2017,1,0,0,1,0,0,18,away,5.5,0.0,False,1.0,1.0,Pre-COVID,1,1.0,NWG > 0,5.5,1.0,True,True,True
17608,WAS,130,Wizards,2017-03-10,21600972,SAC,122,Kings,NBA TV,0,2017,1,1,0,1,0,1,20,away,8.5,0.0,False,1.0,-8.0,Pre-COVID,0,0.5,NWG = 0,8.5,1.0,True,True,True
18717,MIN,95,Timberwolves,2017-03-11,21600978,MIL,102,Bucks,no,0,2017,1,1,0,1,0,1,15,home,3.0,1.0,True,1.0,7.0,Pre-COVID,0,0.5,NWG = 0,-3.0,1.0,True,True,True
18196,NOP,125,Pelicans,2017-03-11,21600976,CHA,122,Hornets,no,0,2017,0,0,0,0,0,0,27,home,3.5,0.0,True,0.0,-3.0,Pre-COVID,0,,NWG = 0,-3.5,0.0,True,True,True
20324,PHX,100,Suns,2017-03-11,21600982,DAL,98,Mavericks,no,0,2017,1,1,0,1,0,2,19,home,5.5,0.0,True,0.0,-2.0,Pre-COVID,0,0.5,NWG = 0,-5.5,0.0,True,True,True
19482,WAS,125,Wizards,2017-03-11,21600983,POR,124,Trail Blazers,no,0,2017,2,1,0,2,0,2,31,home,4.5,0.0,True,0.0,-1.0,Pre-COVID,1,0.6666666666666666,NWG > 0,-4.5,0.0,True,True,True
17923,MIA,98,Heat,2017-03-12,21600987,IND,102,Pacers,NBA TV,0,2017,0,2,0,0,0,2,15,home,6.5,0.0,True,0.0,4.0,Pre-COVID,-2,0.0,NWG < 0,-6.5,0.0,True,True,True
18997,PHI,118,76ers,2017-03-12,21600990,LAL,116,Lakers,no,0,2017,0,0,0,0,0,0,22,home,4.5,0.0,True,0.0,-2.0,Pre-COVID,0,,NWG = 0,-4.5,0.0,True,True,True
19911,LAC,108,Clippers,2017-03-13,21600996,UTA,114,Jazz,no,0,2017,0,3,0,0,0,3,14,home,2.0,1.0,True,1.0,6.0,Pre-COVID,-3,0.0,NWG < 0,-2.0,1.0,True,True,True
17608,ORL,115,Magic,2017-03-13,21600997,SAC,120,Kings,no,0,2017,1,1,0,1,0,1,13,away,1.5,0.0,False,1.0,5.0,Pre-COVID,0,0.5,NWG = 0,1.5,1.0,True,True,True
19596,PHI,104,76ers,2017-03-14,21601003,GSW,106,Warriors,NBA TV,0,2017,1,0,0,1,0,2,17,home,17.0,0.0,True,0.0,2.0,Pre-COVID,1,1.0,NWG > 0,-17.0,0.0,True,True,True
21583,MEM,98,Grizzlies,2017-03-15,21601009,CHI,91,Bulls,no,0,2017,1,0,0,1,0,0,13,away,2.0,1.0,False,0.0,-7.0,Pre-COVID,1,1.0,NWG > 0,2.0,0.0,True,True,True
19060,MIL,97,Bucks,2017-03-15,21601013,LAC,96,Clippers,ESPN,0,2017,1,0,0,1,0,0,14,home,7.5,0.0,True,0.0,-1.0,Pre-COVID,1,1.0,NWG > 0,-7.5,0.0,True,True,True
17196,SAC,107,Kings,2017-03-15,21601012,PHX,101,Suns,no,0,2017,0,0,0,0,0,1,17,home,5.5,0.0,True,0.0,-6.0,Pre-COVID,0,,NWG = 0,-5.5,0.0,True,True,True
20562,UTA,83,Jazz,2017-03-16,21601014,CLE,91,Cavaliers,NBA TV,0,2017,0,0,0,0,0,0,15,home,8.0,2.0,True,,8.0,Pre-COVID,0,,NWG = 0,-8.0,0.0,False,True,True
19446,BOS,99,Celtics,2017-03-19,21601037,PHI,105,76ers,no,0,2017,1,2,0,1,0,2,14,away,5.0,0.0,False,1.0,6.0,Pre-COVID,-1,0.3333333333333333,NWG < 0,5.0,1.0,True,True,True
16080,DEN,124,Nuggets,2017-03-20,21601048,HOU,125,Rockets,no,0,2017,0,1,0,0,0,1,11,home,8.0,0.0,True,0.0,1.0,Pre-COVID,-1,0.0,NWG < 0,-8.0,0.0,True,True,True
16236,PHI,109,76ers,2017-03-20,21601045,ORL,112,Magic,no,0,2017,0,1,0,0,0,2,29,home,5.5,0.0,True,0.0,3.0,Pre-COVID,-1,0.0,NWG < 0,-5.5,0.0,True,True,True
15458,UTA,100,Jazz,2017-03-20,21601046,IND,107,Pacers,no,0,2017,1,1,0,1,0,1,17,away,2.5,0.0,False,1.0,7.0,Pre-COVID,0,0.5,NWG = 0,2.5,1.0,True,True,True
19800,CHI,120,Bulls,2017-03-21,21601051,TOR,122,Raptors,ESPN,0,2017,0,1,0,0,1,2,22,home,7.5,0.0,True,0.0,2.0,Pre-COVID,-1,0.0,NWG < 0,-7.5,0.0,True,True,True
14343,DET,96,Pistons,2017-03-21,21601052,BKN,98,Nets,no,0,2017,0,3,0,0,0,3,11,away,5.0,0.0,False,1.0,2.0,Pre-COVID,-3,0.0,NWG < 0,5.0,1.0,True,True,True
19525,MIL,93,Bucks,2017-03-21,21601057,POR,90,Trail Blazers,no,0,2017,1,0,0,1,0,0,8,home,3.5,0.0,True,0.0,-3.0,Pre-COVID,1,1.0,NWG > 0,-3.5,0.0,True,True,True
13742,SAS,100,Spurs,2017-03-21,21601056,MIN,93,Timberwolves,ESPN,0,2017,0,0,0,0,0,0,12,away,5.0,1.0,False,0.0,-7.0,Pre-COVID,0,,NWG = 0,5.0,0.0,True,True,True
18137,ATL,100,Hawks,2017-03-22,21601063,WAS,104,Wizards,ESPN,0,2017,0,0,0,0,0,0,17,home,7.5,0.0,True,0.0,4.0,Pre-COVID,0,,NWG = 0,-7.5,0.0,True,True,True
19703,LAC,95,Clippers,2017-03-23,21601069,DAL,97,Mavericks,no,0,2017,0,3,0,0,0,3,16,away,5.0,0.0,False,1.0,2.0,Pre-COVID,-3,0.0,NWG < 0,5.0,1.0,True,True,True
16786,ATL,97,Hawks,2017-03-24,21601078,MIL,100,Bucks,NBA TV,0,2017,0,0,0,0,0,0,19,home,6.5,0.0,True,0.0,3.0,Pre-COVID,0,,NWG = 0,-6.5,0.0,True,True,True
18997,MIN,119,Timberwolves,2017-03-24,21601080,LAL,130,Lakers,no,0,2017,0,0,0,0,0,0,14,away,6.5,0.0,False,1.0,11.0,Pre-COVID,0,,NWG = 0,6.5,1.0,True,True,True
18055,NOP,107,Pelicans,2017-03-24,21601079,HOU,117,Rockets,no,0,2017,0,0,0,0,0,0,10,home,8.0,1.0,True,1.0,10.0,Pre-COVID,0,,NWG = 0,-8.0,1.0,True,True,True
18624,MIA,108,Heat,2017-03-26,21601093,BOS,112,Celtics,no,0,2017,0,3,1,0,0,2,21,home,6.0,0.0,True,0.0,4.0,Pre-COVID,-3,0.0,NWG < 0,-6.0,0.0,True,True,True
19060,SAC,98,Kings,2017-03-26,21601089,LAC,97,Clippers,no,0,2017,0,0,0,0,0,0,13,home,13.0,0.0,True,0.0,-1.0,Pre-COVID,0,,NWG = 0,-13.0,0.0,True,True,True
17608,MEM,90,Grizzlies,2017-03-27,21601101,SAC,91,Kings,no,0,2017,0,0,0,0,0,0,12,away,7.0,0.0,False,1.0,1.0,Pre-COVID,0,,NWG = 0,7.0,1.0,True,True,True
17160,MIA,97,Heat,2017-03-28,21601107,DET,96,Pistons,no,0,2017,2,2,0,2,0,2,23,away,3.0,0.0,False,1.0,-1.0,Pre-COVID,0,0.5,NWG = 0,3.0,1.0,True,True,True
17534,MIN,115,Timberwolves,2017-03-28,21601104,IND,114,Pacers,no,0,2017,1,2,0,1,0,3,18,home,4.0,0.0,True,0.0,-1.0,Pre-COVID,-1,0.3333333333333333,NWG < 0,-4.0,0.0,True,True,True
15471,PHI,106,76ers,2017-03-28,21601105,BKN,101,Nets,no,0,2017,0,1,1,0,0,1,19,home,4.0,0.0,True,0.0,-5.0,Pre-COVID,-1,0.0,NWG < 0,-4.0,0.0,True,True,True
18997,WAS,119,Wizards,2017-03-28,21601110,LAL,108,Lakers,NBA TV,0,2017,1,0,0,1,0,0,9,away,9.0,1.0,False,0.0,-11.0,Pre-COVID,1,1.0,NWG > 0,9.0,0.0,True,True,True
19800,CHA,110,Hornets,2017-03-29,21601114,TOR,106,Raptors,no,0,2017,1,0,0,1,0,0,14,home,5.0,0.0,True,0.0,-4.0,Pre-COVID,1,1.0,NWG > 0,-5.0,0.0,True,True,True
16000,DAL,118,Mavericks,2017-03-29,21601117,NOP,121,Pelicans,no,0,2017,0,0,0,0,0,1,14,home,6.0,0.0,True,0.0,3.0,Pre-COVID,0,,NWG = 0,-6.0,0.0,True,True,True
18624,MIL,103,Bucks,2017-03-29,21601113,BOS,100,Celtics,no,0,2017,0,1,0,0,0,1,17,home,7.0,0.0,True,0.0,-3.0,Pre-COVID,-1,0.0,NWG < 0,-7.0,0.0,True,True,True
18408,OKC,114,Thunder,2017-03-29,21601112,ORL,106,Magic,NBA TV,0,2017,0,2,0,0,0,2,21,away,5.0,1.0,False,0.0,-8.0,Pre-COVID,-2,0.0,NWG < 0,5.0,0.0,True,True,True
15804,BKN,89,Nets,2017-03-30,21601121,DET,90,Pistons,no,0,2017,0,0,0,0,0,0,21,home,6.5,0.0,True,0.0,1.0,Pre-COVID,0,,NWG = 0,-6.5,0.0,True,True,True
20049,HOU,107,Rockets,2017-03-30,21601125,POR,117,Trail Blazers,TNT,0,2017,0,1,0,0,0,1,12,home,0.0,1.0,True,1.0,10.0,Pre-COVID,-1,0.0,NWG < 0,-0.0,1.0,True,True,True
18353,DEN,114,Nuggets,2017-03-31,21601127,CHA,122,Hornets,no,0,2017,0,0,0,0,0,0,10,home,2.5,1.0,True,1.0,8.0,Pre-COVID,0,,NWG = 0,-2.5,1.0,True,True,True
18717,DET,105,Pistons,2017-03-31,21601130,MIL,108,Bucks,no,0,2017,0,3,0,0,0,3,35,home,7.0,0.0,True,0.0,3.0,Pre-COVID,-3,0.0,NWG < 0,-7.0,0.0,True,True,True
19600,NYK,98,Knicks,2017-03-31,21601133,MIA,94,Heat,no,0,2017,0,0,0,0,0,0,22,home,10.5,0.0,True,0.0,-4.0,Pre-COVID,0,,NWG = 0,-10.5,0.0,True,True,True
18624,ORL,116,Magic,2017-03-31,21601129,BOS,117,Celtics,no,0,2017,0,0,0,0,0,0,13,home,10.0,0.0,True,0.0,1.0,Pre-COVID,0,,NWG = 0,-10.0,0.0,True,True,True
18203,SAS,100,Spurs,2017-03-31,21601135,OKC,95,Thunder,ESPN,0,2017,0,0,0,0,0,0,19,away,3.0,1.0,False,0.0,-5.0,Pre-COVID,0,,NWG = 0,3.0,0.0,True,True,True
19911,WAS,88,Wizards,2017-03-31,21601134,UTA,95,Jazz,no,0,2017,0,1,0,0,0,1,18,home,3.0,1.0,True,1.0,7.0,Pre-COVID,-1,0.0,NWG < 0,-3.0,1.0,True,True,True
22019,ATL,104,Hawks,2017-04-01,21601138,CHI,106,Bulls,no,0,2017,0,1,0,0,0,2,14,home,5.5,0.0,True,0.0,2.0,Pre-COVID,-1,0.0,NWG < 0,-5.5,0.0,True,True,True
20562,IND,130,Pacers,2017-04-02,21601150,CLE,135,Cavaliers,no,0,2017,0,0,0,0,0,3,49,home,8.0,0.0,True,0.0,5.0,Pre-COVID,0,,NWG = 0,-8.0,0.0,True,True,True
18997,MEM,103,Grizzlies,2017-04-02,21601143,LAL,108,Lakers,no,0,2017,0,1,0,0,0,1,19,away,7.0,0.0,False,1.0,5.0,Pre-COVID,-1,0.0,NWG < 0,7.0,1.0,True,True,True
14677,POR,109,Trail Blazers,2017-04-03,21600940,MIN,110,Timberwolves,NBA TV,0,2017,0,1,0,0,0,2,15,home,1.5,0.0,True,0.0,1.0,Pre-COVID,-1,0.0,NWG < 0,-1.5,0.0,True,True,True
18614,CHA,111,Hornets,2017-04-04,21601155,WAS,118,Wizards,no,0,2017,0,2,0,0,0,2,19,home,3.0,1.0,True,1.0,7.0,Pre-COVID,-2,0.0,NWG < 0,-3.0,1.0,True,True,True
16050,DEN,134,Nuggets,2017-04-04,21601158,NOP,131,Pelicans,no,0,2017,0,0,0,0,0,1,19,home,3.0,0.0,True,0.0,-3.0,Pre-COVID,0,,NWG = 0,-3.0,0.0,True,True,True
18418,MEM,89,Grizzlies,2017-04-04,21601161,SAS,95,Spurs,no,0,2017,0,2,0,0,0,2,26,home,9.0,0.0,True,0.0,6.0,Pre-COVID,-2,0.0,NWG < 0,-9.0,0.0,True,True,True
18055,DEN,104,Nuggets,2017-04-05,21601168,HOU,110,Rockets,no,0,2017,0,1,0,0,0,1,16,home,7.5,0.0,True,0.0,6.0,Pre-COVID,-1,0.0,NWG < 0,-7.5,0.0,True,True,True
17298,OKC,103,Thunder,2017-04-05,21601167,MEM,100,Grizzlies,no,0,2017,3,0,0,3,0,0,21,away,2.5,1.0,False,0.0,-3.0,Pre-COVID,3,1.0,NWG > 0,2.5,0.0,True,True,True
17578,TOR,105,Raptors,2017-04-05,21601166,DET,102,Pistons,no,0,2017,3,0,0,3,0,0,16,away,3.0,2.0,False,,-3.0,Pre-COVID,3,1.0,NWG > 0,3.0,0.0,False,True,True
19393,MIN,98,Timberwolves,2017-04-06,21601178,POR,105,Trail Blazers,TNT,0,2017,0,0,0,0,0,0,13,home,5.0,1.0,True,1.0,7.0,Pre-COVID,0,,NWG = 0,-5.0,1.0,True,True,True
19812,WAS,106,Wizards,2017-04-06,21601176,NYK,103,Knicks,no,0,2017,0,0,0,0,0,0,12,away,6.0,0.0,False,1.0,-3.0,Pre-COVID,0,,NWG = 0,6.0,1.0,True,True,True
18055,DET,114,Pistons,2017-04-07,21601182,HOU,109,Rockets,no,0,2017,0,0,0,0,0,2,17,home,11.0,0.0,True,0.0,-5.0,Pre-COVID,0,,NWG = 0,-11.0,0.0,True,True,True
19800,MIA,94,Heat,2017-04-07,21601180,TOR,96,Raptors,no,0,2017,1,1,0,1,0,2,24,home,4.5,0.0,True,0.0,2.0,Pre-COVID,0,0.5,NWG = 0,-4.5,0.0,True,True,True
19911,MIN,113,Timberwolves,2017-04-07,21601185,UTA,120,Jazz,no,0,2017,1,1,0,1,0,2,14,home,11.0,0.0,True,0.0,7.0,Pre-COVID,0,0.5,NWG = 0,-11.0,0.0,True,True,True
18997,SAC,94,Kings,2017-04-07,21601187,LAL,98,Lakers,no,0,2017,1,0,0,1,0,0,14,home,2.5,1.0,True,1.0,4.0,Pre-COVID,1,1.0,NWG > 0,-2.5,1.0,True,True,True
19407,BOS,121,Celtics,2017-04-08,21601189,CHA,114,Hornets,no,0,2017,0,0,0,0,0,0,17,home,0.0,0.0,True,0.0,-7.0,Pre-COVID,0,,NWG = 0,-0.0,0.0,True,True,True
17732,CHI,106,Bulls,2017-04-08,21601188,BKN,107,Nets,NBA TV,0,2017,0,1,0,0,0,1,16,away,3.0,0.0,False,1.0,1.0,Pre-COVID,-1,0.0,NWG < 0,3.0,1.0,True,True,True
20365,MIA,106,Heat,2017-04-08,21601192,WAS,103,Wizards,no,0,2017,1,1,0,1,0,2,19,home,3.5,0.0,True,0.0,-3.0,Pre-COVID,0,0.5,NWG = 0,-3.5,0.0,True,True,True
18835,CLE,125,Cavaliers,2017-04-09,21601197,ATL,126,Hawks,NBA TV,0,2017,2,1,1,1,1,1,44,away,5.0,0.0,False,1.0,1.0,Pre-COVID,1,0.6666666666666666,NWG > 0,5.0,1.0,True,True,True
18997,MIN,109,Timberwolves,2017-04-09,21601202,LAL,110,Lakers,NBA TV,0,2017,0,0,0,0,0,0,14,away,6.0,0.0,False,1.0,1.0,Pre-COVID,0,,NWG = 0,6.0,1.0,True,True,True
19673,CLE,121,Cavaliers,2017-04-10,21601205,MIA,124,Heat,no,0,2017,0,1,0,0,0,1,29,home,10.5,0.0,True,0.0,3.0,Pre-COVID,-1,0.0,NWG < 0,-10.5,0.0,True,True,True
19393,SAS,98,Spurs,2017-04-10,21601209,POR,99,Trail Blazers,no,0,2017,0,1,0,0,0,1,16,away,10.5,0.0,False,1.0,1.0,Pre-COVID,-1,0.0,NWG < 0,10.5,1.0,True,True,True
19596,UTA,105,Jazz,2017-04-10,21601211,GSW,99,Warriors,no,0,2017,0,1,0,0,0,1,10,home,10.0,0.0,True,0.0,-6.0,Pre-COVID,-1,0.0,NWG < 0,-10.0,0.0,True,True,True
21012,WAS,105,Wizards,2017-04-10,21601208,DET,101,Pistons,TNT,0,2017,0,0,0,0,0,0,11,home,5.5,0.0,True,0.0,-4.0,Pre-COVID,0,,NWG = 0,-5.5,0.0,True,True,True
19356,OKC,100,Thunder,2017-04-11,21601213,MIN,98,Timberwolves,NBA TV,0,2017,0,2,0,0,0,2,17,home,8.0,0.0,True,0.0,-2.0,Pre-COVID,-2,0.0,NWG < 0,-8.0,0.0,True,True,True
16274,DAL,100,Mavericks,2017-04-12,21601223,MEM,93,Grizzlies,no,0,2017,0,0,0,0,0,0,11,home,8.5,0.0,True,0.0,-7.0,Pre-COVID,0,,NWG = 0,-8.5,0.0,True,True,True
19458,DET,109,Pistons,2017-04-12,21601217,ORL,113,Magic,no,0,2017,1,0,0,1,0,0,11,home,1.5,1.0,True,1.0,4.0,Pre-COVID,1,1.0,NWG > 0,-1.5,1.0,True,True,True
19521,NOP,103,Pelicans,2017-04-12,21601230,POR,100,Trail Blazers,ESPN,0,2017,1,1,0,1,0,1,12,home,7.0,0.0,True,0.0,-3.0,Pre-COVID,0,0.5,NWG = 0,-7.0,0.0,True,True,True
19812,PHI,113,76ers,2017-04-12,21601220,NYK,114,Knicks,no,0,2017,0,0,0,0,0,0,10,home,3.0,0.0,True,0.0,1.0,Pre-COVID,0,,NWG = 0,-3.0,0.0,True,True,True
19911,SAS,97,Spurs,2017-04-12,21601227,UTA,101,Jazz,no,0,2017,0,0,0,0,0,0,12,home,4.0,2.0,True,,4.0,Pre-COVID,0,,NWG = 0,-4.0,0.0,False,True,True
20562,IND,108,Pacers,2017-04-15,41600111,CLE,109,Cavaliers,ABC,1,2017,0,2,0,0,0,2,12,home,9.0,0.0,True,0.0,1.0,Pre-COVID,-2,0.0,NWG < 0,-9.0,0.0,True,True,True
19060,UTA,97,Jazz,2017-04-15,41600171,LAC,95,Clippers,ESPN,1,2017,0,0,0,0,0,0,21,home,6.0,0.0,True,0.0,-2.0,Pre-COVID,0,,NWG = 0,-6.0,0.0,True,True,True
20356,ATL,107,Hawks,2017-04-16,41600131,WAS,114,Wizards,TNT,1,2017,2,0,0,2,0,0,17,home,5.5,1.0,True,1.0,7.0,Pre-COVID,2,1.0,NWG > 0,-5.5,1.0,True,True,True
18624,CHI,106,Bulls,2017-04-16,41600101,BOS,102,Celtics,TNT,1,2017,1,0,0,1,0,1,20,home,6.5,0.0,True,0.0,-4.0,Pre-COVID,1,1.0,NWG > 0,-6.5,0.0,True,True,True
20077,MIL,100,Bucks,2017-04-18,41600122,TOR,106,Raptors,NBA TV,1,2017,0,1,0,0,0,2,17,home,8.0,0.0,True,0.0,6.0,Pre-COVID,-1,0.0,NWG < 0,-8.0,0.0,True,True,True
20356,ATL,101,Hawks,2017-04-19,41600132,WAS,109,Wizards,NBA TV,1,2017,0,0,0,0,0,0,14,home,6.0,1.0,True,1.0,8.0,Pre-COVID,0,,NWG = 0,-6.0,1.0,True,True,True
18055,OKC,111,Thunder,2017-04-19,41600162,HOU,115,Rockets,TNT,1,2017,0,1,0,0,0,2,20,home,7.5,0.0,True,0.0,4.0,Pre-COVID,-1,0.0,NWG < 0,-7.5,0.0,True,True,True
17923,CLE,119,Cavaliers,2017-04-20,41600113,IND,114,Pacers,TNT,1,2017,1,1,0,1,0,1,22,away,1.5,1.0,False,0.0,-5.0,Pre-COVID,0,0.5,NWG = 0,1.5,0.0,True,True,True
18203,HOU,113,Rockets,2017-04-21,41600163,OKC,115,Thunder,ESPN,1,2017,0,2,0,0,0,2,17,home,2.5,0.0,True,0.0,2.0,Pre-COVID,-2,0.0,NWG < 0,-2.5,0.0,True,True,True
19911,LAC,111,Clippers,2017-04-21,41600173,UTA,106,Jazz,ESPN2,1,2017,1,0,0,1,0,0,19,away,1.5,1.0,False,0.0,-5.0,Pre-COVID,1,1.0,NWG > 0,1.5,0.0,True,True,True
18119,SAS,108,Spurs,2017-04-22,41600154,MEM,110,Grizzlies,ESPN,1,2017,0,0,0,0,0,2,26,away,5.0,0.0,False,1.0,2.0,Pre-COVID,0,,NWG = 0,5.0,1.0,True,True,True
17923,CLE,106,Cavaliers,2017-04-23,41600114,IND,102,Pacers,ABC,1,2017,1,0,0,1,0,1,14,away,4.0,2.0,False,,-4.0,Pre-COVID,1,1.0,NWG > 0,4.0,0.0,False,True,True
18203,HOU,113,Rockets,2017-04-23,41600164,OKC,109,Thunder,ABC,1,2017,0,1,0,0,0,1,16,home,0.0,0.0,True,0.0,-4.0,Pre-COVID,-1,0.0,NWG < 0,-0.0,0.0,True,True,True
19911,LAC,98,Clippers,2017-04-23,41600174,UTA,105,Jazz,TNT,1,2017,0,0,0,0,0,0,11,home,5.0,1.0,True,1.0,7.0,Pre-COVID,0,,NWG = 0,-5.0,1.0,True,True,True
19171,UTA,96,Jazz,2017-04-25,41600175,LAC,92,Clippers,TNT,1,2017,2,0,0,1,1,0,25,home,3.0,0.0,True,0.0,-4.0,Pre-COVID,2,1.0,NWG > 0,-3.0,0.0,True,True,True
20356,ATL,99,Hawks,2017-04-26,41600135,WAS,103,Wizards,TNT,1,2017,2,1,0,2,0,1,16,home,6.5,0.0,True,0.0,4.0,Pre-COVID,1,0.6666666666666666,NWG > 0,-6.5,0.0,True,True,True
18119,SAS,103,Spurs,2017-04-27,41600156,MEM,96,Grizzlies,TNT,1,2017,1,0,0,1,0,0,14,away,5.0,1.0,False,0.0,-7.0,Pre-COVID,1,1.0,NWG > 0,5.0,0.0,True,True,True
18717,TOR,92,Raptors,2017-04-27,41600126,MIL,89,Bucks,TNT,1,2017,2,1,0,2,0,1,20,home,1.5,0.0,True,0.0,-3.0,Pre-COVID,1,0.6666666666666666,NWG > 0,-1.5,0.0,True,True,True
19911,LAC,98,Clippers,2017-04-28,41600176,UTA,93,Jazz,ESPN,1,2017,2,0,0,2,0,0,22,home,5.5,0.0,True,0.0,-5.0,Pre-COVID,2,1.0,NWG > 0,-5.5,0.0,True,True,True
18624,WAS,119,Wizards,2017-05-02,41600202,BOS,129,Celtics,TNT,1,2017,0,1,0,0,0,1,22,home,5.0,1.0,True,1.0,10.0,Pre-COVID,-1,0.0,NWG < 0,-5.0,1.0,True,True,True
18418,HOU,107,Rockets,2017-05-09,41600235,SAS,110,Spurs,TNT,1,2017,3,2,0,3,0,2,33,home,5.5,0.0,True,0.0,3.0,Pre-COVID,1,0.6,NWG > 0,-5.5,0.0,True,True,True
20356,BOS,91,Celtics,2017-05-12,41600206,WAS,92,Wizards,ESPN,1,2017,0,1,0,0,0,2,22,home,5.0,0.0,True,0.0,1.0,Pre-COVID,-1,0.0,NWG < 0,-5.0,0.0,True,True,True
19596,SAS,111,Spurs,2017-05-14,41600311,GSW,113,Warriors,ABC,1,2017,1,0,0,1,0,1,17,home,10.0,0.0,True,0.0,2.0,Pre-COVID,1,1.0,NWG > 0,-10.0,0.0,True,True,True
20562,BOS,111,Celtics,2017-05-21,41600303,CLE,108,Cavaliers,TNT,1,2017,0,1,0,0,0,1,14,home,15.5,0.0,True,0.0,-3.0,Pre-COVID,-1,0.0,NWG < 0,-15.5,0.0,True,True,True
20562,GSW,118,Warriors,2017-06-07,41600403,CLE,113,Cavaliers,ABC,1,2017,1,1,0,1,0,1,18,away,3.0,1.0,False,0.0,-5.0,Pre-COVID,0,0.5,NWG = 0,3.0,0.0,True,True,True
20562,BOS,99,Celtics,2017-10-17,21700001,CLE,102,Cavaliers,TNT,0,2018,1,1,0,1,0,1,16,home,4.5,0.0,True,0.0,3.0,Pre-COVID,0,0.5,NWG = 0,-4.5,0.0,True,True,True
19596,HOU,122,Rockets,2017-10-17,21700002,GSW,121,Warriors,TNT,0,2018,1,0,0,1,0,0,17,home,9.0,0.0,True,0.0,-1.0,Pre-COVID,1,1.0,NWG > 0,-9.0,0.0,True,True,True
19709,ATL,117,Hawks,2017-10-18,21700009,DAL,111,Mavericks,no,0,2018,1,1,0,1,0,2,18,home,5.5,0.0,True,0.0,-6.0,Pre-COVID,0,0.5,NWG = 0,-5.5,0.0,True,True,True
17583,HOU,105,Rockets,2017-10-18,21700013,SAC,100,Kings,no,0,2018,0,1,1,0,0,1,15,away,7.0,0.0,False,1.0,-5.0,Pre-COVID,-1,0.0,NWG < 0,7.0,1.0,True,True,True
18846,MIA,109,Heat,2017-10-18,21700005,ORL,116,Magic,no,0,2018,0,1,0,0,0,1,17,away,3.5,0.0,False,1.0,7.0,Pre-COVID,-1,0.0,NWG < 0,3.5,1.0,True,True,True
18624,MIL,108,Bucks,2017-10-18,21700007,BOS,100,Celtics,no,0,2018,0,0,0,0,0,0,15,home,1.5,0.0,True,0.0,-8.0,Pre-COVID,0,,NWG = 0,-1.5,0.0,True,True,True
20356,PHI,115,76ers,2017-10-18,21700006,WAS,120,Wizards,ESPN,0,2018,1,1,0,1,0,1,15,home,6.5,0.0,True,0.0,5.0,Pre-COVID,0,0.5,NWG = 0,-6.5,0.0,True,True,True
16337,DET,111,Pistons,2017-10-20,21700020,WAS,115,Wizards,no,0,2018,2,0,0,2,0,0,14,home,6.5,0.0,True,0.0,4.0,Pre-COVID,2,1.0,NWG > 0,-6.5,0.0,True,True,True
18055,LAL,132,Lakers,2017-10-20,21700026,PHX,130,Suns,no,0,2018,2,0,0,2,0,0,20,home,3.5,0.0,True,0.0,-2.0,Pre-COVID,2,1.0,NWG > 0,-3.5,0.0,True,True,True
16144,ORL,121,Magic,2017-10-20,21700022,BKN,126,Nets,no,0,2018,0,0,0,0,0,1,19,home,2.0,1.0,True,1.0,5.0,Pre-COVID,0,,NWG = 0,-2.0,1.0,True,True,True
19273,SAC,93,Kings,2017-10-20,21700024,DAL,88,Mavericks,no,0,2018,1,0,0,1,0,0,14,home,6.0,0.0,True,0.0,-5.0,Pre-COVID,1,1.0,NWG > 0,-6.0,0.0,True,True,True
18978,UTA,97,Jazz,2017-10-20,21700023,MIN,100,Timberwolves,no,0,2018,3,0,0,3,0,0,26,home,5.0,0.0,True,0.0,3.0,Pre-COVID,3,1.0,NWG > 0,-5.0,0.0,True,True,True
19812,DET,111,Pistons,2017-10-21,21700030,NYK,107,Knicks,no,0,2018,1,1,0,1,0,1,12,away,1.0,1.0,False,0.0,-4.0,Pre-COVID,0,0.5,NWG = 0,1.0,0.0,True,True,True
19600,IND,108,Pacers,2017-10-21,21700029,MIA,112,Heat,no,0,2018,0,0,0,0,0,0,14,home,9.5,0.0,True,0.0,4.0,Pre-COVID,0,,NWG = 0,-9.5,0.0,True,True,True
16211,POR,110,Trail Blazers,2017-10-21,21700034,MIL,113,Bucks,no,0,2018,1,2,0,1,0,2,17,home,3.0,2.0,True,,3.0,Pre-COVID,-1,0.3333333333333333,NWG < 0,-3.0,0.0,False,True,True
18203,MIN,115,Timberwolves,2017-10-22,21700039,OKC,113,Thunder,no,0,2018,2,2,0,2,0,2,17,home,4.0,0.0,True,0.0,-2.0,Pre-COVID,0,0.5,NWG = 0,-4.0,0.0,True,True,True
12887,CHA,94,Hornets,2017-10-23,21700044,MIL,103,Bucks,no,0,2018,0,1,0,0,0,2,24,home,6.5,1.0,True,1.0,9.0,Pre-COVID,-1,0.0,NWG < 0,-6.5,1.0,True,True,True
14903,SAC,115,Kings,2017-10-23,21700048,PHX,117,Suns,no,0,2018,0,2,0,0,0,2,22,away,2.5,0.0,False,1.0,2.0,Pre-COVID,-2,0.0,NWG < 0,2.5,1.0,True,True,True
18418,TOR,97,Raptors,2017-10-23,21700046,SAS,101,Spurs,NBA TV,0,2018,0,0,0,0,0,1,12,home,2.5,1.0,True,1.0,4.0,Pre-COVID,0,,NWG = 0,-2.5,1.0,True,True,True
14294,WAS,109,Wizards,2017-10-23,21700047,DEN,104,Nuggets,no,0,2018,3,1,0,2,1,1,16,home,5.0,0.0,True,0.0,-5.0,Pre-COVID,2,0.75,NWG > 0,-5.0,0.0,True,True,True
16015,BKN,121,Nets,2017-10-24,21700050,ORL,125,Magic,no,0,2018,0,1,0,0,0,1,19,home,5.0,0.0,True,0.0,4.0,Pre-COVID,-1,0.0,NWG < 0,-5.0,0.0,True,True,True
19446,NOP,93,Pelicans,2017-10-24,21700053,POR,103,Trail Blazers,NBA TV,0,2018,0,0,0,0,0,0,11,home,5.0,1.0,True,1.0,10.0,Pre-COVID,0,,NWG = 0,-5.0,1.0,True,True,True
17732,CLE,107,Cavaliers,2017-10-25,21700058,BKN,112,Nets,no,0,2018,1,0,0,1,0,1,22,away,8.0,0.0,False,1.0,5.0,Pre-COVID,1,1.0,NWG > 0,8.0,1.0,True,True,True
20682,HOU,105,Rockets,2017-10-25,21700057,PHI,104,76ers,no,0,2018,1,0,0,1,0,0,20,away,3.0,0.0,False,1.0,-1.0,Pre-COVID,1,1.0,NWG > 0,3.0,1.0,True,True,True
19596,TOR,112,Raptors,2017-10-25,21700063,GSW,117,Warriors,no,0,2018,2,0,0,2,0,0,15,home,12.0,0.0,True,0.0,5.0,Pre-COVID,2,1.0,NWG > 0,-12.0,0.0,True,True,True
18997,WAS,99,Wizards,2017-10-25,21700064,LAL,102,Lakers,ESPN,0,2018,0,2,0,0,0,2,27,away,5.5,0.0,False,1.0,3.0,Pre-COVID,-2,0.0,NWG < 0,5.5,1.0,True,True,True
21104,ATL,86,Hawks,2017-10-26,21700065,CHI,91,Bulls,no,0,2018,2,0,0,2,0,0,19,home,2.0,1.0,True,1.0,5.0,Pre-COVID,2,1.0,NWG > 0,-2.0,1.0,True,True,True
15839,DAL,91,Mavericks,2017-10-26,21700066,MEM,96,Grizzlies,no,0,2018,2,0,0,2,0,0,21,home,8.0,0.0,True,0.0,5.0,Pre-COVID,2,1.0,NWG > 0,-8.0,0.0,True,True,True
18694,LAC,104,Clippers,2017-10-26,21700068,POR,103,Trail Blazers,no,0,2018,1,1,0,1,0,1,18,home,2.5,0.0,True,0.0,-1.0,Pre-COVID,0,0.5,NWG = 0,-2.5,0.0,True,True,True
17583,NOP,114,Pelicans,2017-10-26,21700069,SAC,106,Kings,TNT,0,2018,0,0,0,0,0,0,10,home,1.0,0.0,True,0.0,-8.0,Pre-COVID,0,,NWG = 0,-1.0,0.0,True,True,True
16220,DEN,105,Nuggets,2017-10-27,21700072,ATL,100,Hawks,no,0,2018,2,0,0,1,1,0,25,away,7.0,0.0,False,1.0,-5.0,Pre-COVID,2,1.0,NWG > 0,7.0,1.0,True,True,True
17620,OKC,116,Thunder,2017-10-27,21700074,MIN,119,Timberwolves,NBA TV,0,2018,1,1,1,1,0,0,23,away,2.0,0.0,False,1.0,3.0,Pre-COVID,0,0.5,NWG = 0,2.0,1.0,True,True,True
19596,WAS,117,Wizards,2017-10-27,21700075,GSW,120,Warriors,NBA TV,0,2018,0,2,0,0,0,2,20,home,12.0,0.0,True,0.0,3.0,Pre-COVID,-2,0.0,NWG < 0,-12.0,0.0,True,True,True
19600,BOS,96,Celtics,2017-10-28,21700078,MIA,90,Heat,no,0,2018,0,0,0,0,0,0,18,away,1.0,1.0,False,0.0,-6.0,Pre-COVID,0,,NWG = 0,1.0,0.0,True,True,True
19567,PHI,112,76ers,2017-10-28,21700081,DAL,110,Mavericks,no,0,2018,1,0,0,0,1,0,14,home,0.0,0.0,True,0.0,-2.0,Pre-COVID,1,1.0,NWG > 0,-0.0,0.0,True,True,True
19343,PHX,107,Suns,2017-10-28,21700083,POR,114,Trail Blazers,no,0,2018,2,2,0,1,1,3,20,home,12.0,0.0,True,0.0,7.0,Pre-COVID,0,0.5,NWG = 0,-12.0,0.0,True,True,True
19596,DET,115,Pistons,2017-10-29,21700091,GSW,107,Warriors,no,0,2018,0,1,0,0,0,2,20,home,14.5,0.0,True,0.0,-8.0,Pre-COVID,-1,0.0,NWG < 0,-14.5,0.0,True,True,True
15013,SAS,94,Spurs,2017-10-29,21700086,IND,97,Pacers,no,0,2018,0,0,0,0,0,0,24,away,6.5,0.0,False,1.0,3.0,Pre-COVID,0,,NWG = 0,6.5,1.0,True,True,True
15771,CHA,104,Hornets,2017-10-30,21700096,MEM,99,Grizzlies,no,0,2018,0,0,0,0,0,0,20,home,5.5,0.0,True,0.0,-5.0,Pre-COVID,0,,NWG = 0,-5.5,0.0,True,True,True
19600,MIN,125,Timberwolves,2017-10-30,21700093,MIA,122,Heat,no,0,2018,0,0,0,0,0,0,41,away,3.0,2.0,False,,-3.0,Pre-COVID,0,,NWG = 0,3.0,0.0,False,True,True
15655,MIL,121,Bucks,2017-11-01,21700105,CHA,126,Hornets,no,0,2018,0,1,0,0,0,1,13,home,4.0,1.0,True,1.0,5.0,Pre-COVID,-1,0.0,NWG < 0,-4.0,1.0,True,True,True
14788,MIN,104,Timberwolves,2017-11-01,21700113,NOP,98,Pelicans,no,0,2018,0,1,0,0,0,1,11,home,2.0,0.0,True,0.0,-6.0,Pre-COVID,-1,0.0,NWG < 0,-2.0,0.0,True,True,True
15434,ORL,101,Magic,2017-11-01,21700112,MEM,99,Grizzlies,no,0,2018,0,0,0,0,0,0,10,home,2.5,0.0,True,0.0,-2.0,Pre-COVID,0,,NWG = 0,-2.5,0.0,True,True,True
16685,POR,103,Trail Blazers,2017-11-01,21700115,UTA,112,Jazz,no,0,2018,1,0,0,1,0,0,17,home,3.5,1.0,True,1.0,9.0,Pre-COVID,1,1.0,NWG > 0,-3.5,1.0,True,True,True
19469,LAL,110,Lakers,2017-11-02,21700118,POR,113,Trail Blazers,TNT,0,2018,0,0,0,0,0,0,16,home,6.0,0.0,True,0.0,3.0,Pre-COVID,0,,NWG = 0,-6.0,0.0,True,True,True
18203,BOS,101,Celtics,2017-11-03,21700129,OKC,94,Thunder,ESPN,0,2018,0,0,0,0,0,0,17,home,6.5,0.0,True,0.0,-7.0,Pre-COVID,0,,NWG = 0,-6.5,0.0,True,True,True
20668,IND,110,Pacers,2017-11-03,21700121,PHI,121,76ers,no,0,2018,2,0,0,1,1,0,15,home,5.0,1.0,True,1.0,11.0,Pre-COVID,2,1.0,NWG > 0,-5.0,1.0,True,True,True
15317,MIA,94,Heat,2017-11-03,21700127,DEN,95,Nuggets,no,0,2018,0,3,1,0,0,2,21,home,5.5,0.0,True,0.0,1.0,Pre-COVID,-3,0.0,NWG < 0,-5.5,0.0,True,True,True
21254,NOP,96,Pelicans,2017-11-04,21700133,CHI,90,Bulls,no,0,2018,0,0,0,0,0,0,18,away,5.5,1.0,False,0.0,-6.0,Pre-COVID,0,,NWG = 0,5.5,0.0,True,True,True
20562,ATL,117,Hawks,2017-11-05,21700136,CLE,115,Cavaliers,no,0,2018,1,0,0,1,0,0,22,home,11.5,0.0,True,0.0,-2.0,Pre-COVID,1,1.0,NWG > 0,-11.5,0.0,True,True,True
17889,IND,101,Pacers,2017-11-05,21700142,NYK,108,Knicks,no,0,2018,0,0,0,0,0,0,16,home,0.0,1.0,True,1.0,7.0,Pre-COVID,0,,NWG = 0,-0.0,1.0,True,True,True
18997,MEM,102,Grizzlies,2017-11-05,21700145,LAL,107,Lakers,no,0,2018,0,0,0,0,0,0,19,away,2.5,0.0,False,1.0,5.0,Pre-COVID,0,,NWG = 0,2.5,1.0,True,True,True
15676,MIA,104,Heat,2017-11-05,21700137,LAC,101,Clippers,no,0,2018,0,0,0,0,0,1,21,home,5.5,0.0,True,0.0,-3.0,Pre-COVID,0,,NWG = 0,-5.5,0.0,True,True,True
19393,OKC,99,Thunder,2017-11-05,21700144,POR,103,Trail Blazers,no,0,2018,1,0,0,1,0,0,20,away,3.0,0.0,False,1.0,4.0,Pre-COVID,1,1.0,NWG > 0,3.0,1.0,True,True,True
13215,BOS,110,Celtics,2017-11-06,21700146,ATL,107,Hawks,no,0,2018,1,0,0,1,0,0,15,away,7.5,0.0,False,1.0,-3.0,Pre-COVID,1,1.0,NWG > 0,7.5,1.0,True,True,True
18704,CHA,113,Hornets,2017-11-07,21700152,NYK,118,Knicks,no,0,2018,0,1,0,0,0,1,18,away,2.0,0.0,False,1.0,5.0,Pre-COVID,-1,0.0,NWG < 0,2.0,1.0,True,True,True
19800,CHI,114,Bulls,2017-11-07,21700153,TOR,119,Raptors,no,0,2018,1,1,0,1,0,1,22,home,11.5,0.0,True,0.0,5.0,Pre-COVID,0,0.5,NWG = 0,-11.5,0.0,True,True,True
18692,MEM,98,Grizzlies,2017-11-07,21700157,POR,97,Trail Blazers,no,0,2018,1,1,0,1,0,1,18,home,2.5,0.0,True,0.0,-1.0,Pre-COVID,0,0.5,NWG = 0,-2.5,0.0,True,True,True
15014,NOP,117,Pelicans,2017-11-07,21700150,IND,112,Pacers,no,0,2018,0,0,0,0,0,0,15,away,1.5,1.0,False,0.0,-5.0,Pre-COVID,0,,NWG = 0,1.5,0.0,True,True,True
17583,OKC,86,Thunder,2017-11-07,21700158,SAC,94,Kings,NBA TV,0,2018,0,0,0,0,0,0,15,away,11.0,0.0,False,1.0,8.0,Pre-COVID,0,,NWG = 0,11.0,1.0,True,True,True
16063,PHI,104,76ers,2017-11-07,21700156,UTA,97,Jazz,no,0,2018,2,0,0,2,0,0,18,home,6.5,0.0,True,0.0,-7.0,Pre-COVID,2,1.0,NWG > 0,-6.5,0.0,True,True,True
18055,CLE,113,Cavaliers,2017-11-09,21700166,HOU,117,Rockets,TNT,0,2018,2,0,0,2,0,0,14,home,5.5,0.0,True,0.0,4.0,Pre-COVID,2,1.0,NWG > 0,-5.5,0.0,True,True,True
19800,NOP,118,Pelicans,2017-11-09,21700165,TOR,122,Raptors,no,0,2018,0,0,0,0,0,0,17,home,5.0,0.0,True,0.0,4.0,Pre-COVID,0,,NWG = 0,-5.0,0.0,True,True,True
17583,PHI,108,76ers,2017-11-09,21700167,SAC,109,Kings,no,0,2018,0,0,0,0,0,0,19,away,6.5,0.0,False,1.0,1.0,Pre-COVID,0,,NWG = 0,6.5,1.0,True,True,True
16687,ATL,104,Hawks,2017-11-10,21700169,DET,111,Pistons,no,0,2018,1,0,0,1,0,0,21,home,7.5,0.0,True,0.0,7.0,Pre-COVID,1,1.0,NWG > 0,-7.5,0.0,True,True,True
19393,BKN,101,Nets,2017-11-10,21700176,POR,97,Trail Blazers,no,0,2018,0,0,0,0,0,0,18,home,8.5,0.0,True,0.0,-4.0,Pre-COVID,0,,NWG = 0,-8.5,0.0,True,True,True
18624,CHA,87,Hornets,2017-11-10,21700170,BOS,90,Celtics,no,0,2018,0,1,0,0,0,1,21,home,2.5,1.0,True,1.0,3.0,Pre-COVID,-1,0.0,NWG < 0,-2.5,1.0,True,True,True
18306,MIA,84,Heat,2017-11-10,21700175,UTA,74,Jazz,no,0,2018,0,0,0,0,0,0,14,home,2.5,0.0,True,0.0,-10.0,Pre-COVID,0,,NWG = 0,-2.5,0.0,True,True,True
18418,MIL,94,Bucks,2017-11-10,21700173,SAS,87,Spurs,ESPN,0,2018,1,0,0,1,0,0,15,home,4.5,0.0,True,0.0,-7.0,Pre-COVID,1,1.0,NWG > 0,-4.5,0.0,True,True,True
20378,CLE,111,Cavaliers,2017-11-11,21700181,DAL,104,Mavericks,no,0,2018,0,0,0,0,0,0,18,away,6.0,1.0,False,0.0,-7.0,Pre-COVID,0,,NWG = 0,6.0,0.0,True,True,True
16910,MIN,110,Timberwolves,2017-11-11,21700186,PHX,118,Suns,no,0,2018,1,1,0,0,1,2,21,away,10.0,0.0,False,1.0,8.0,Pre-COVID,0,0.5,NWG = 0,10.0,1.0,True,True,True
18624,TOR,94,Raptors,2017-11-12,21700188,BOS,95,Celtics,no,0,2018,1,1,0,1,0,1,21,away,3.5,0.0,False,1.0,1.0,Pre-COVID,0,0.5,NWG = 0,3.5,1.0,True,True,True
14631,ATL,105,Hawks,2017-11-13,21700195,NOP,106,Pelicans,no,0,2018,0,0,0,0,0,0,19,home,9.5,0.0,True,0.0,1.0,Pre-COVID,0,,NWG = 0,-9.5,0.0,True,True,True
19812,CLE,104,Cavaliers,2017-11-13,21700193,NYK,101,Knicks,no,0,2018,1,0,0,1,0,0,19,away,5.0,0.0,False,1.0,-3.0,Pre-COVID,1,1.0,NWG > 0,5.0,1.0,True,True,True
19068,PHI,109,76ers,2017-11-13,21700200,LAC,105,Clippers,no,0,2018,1,0,0,1,0,0,20,home,2.0,0.0,True,0.0,-4.0,Pre-COVID,1,1.0,NWG > 0,-2.0,0.0,True,True,True
14594,DET,95,Pistons,2017-11-15,21700209,MIL,99,Bucks,no,0,2018,0,1,0,0,0,1,18,home,5.0,0.0,True,0.0,4.0,Pre-COVID,-1,0.0,NWG < 0,-5.0,0.0,True,True,True
16033,IND,116,Pacers,2017-11-15,21700208,MEM,113,Grizzlies,no,0,2018,2,0,0,2,0,0,15,home,3.0,0.0,True,0.0,-3.0,Pre-COVID,2,1.0,NWG > 0,-3.0,0.0,True,True,True
18695,UTA,101,Jazz,2017-11-15,21700206,NYK,106,Knicks,no,0,2018,0,0,0,0,0,0,12,home,3.5,1.0,True,1.0,5.0,Pre-COVID,0,,NWG = 0,-3.5,1.0,True,True,True
18624,GSW,88,Warriors,2017-11-16,21700215,BOS,92,Celtics,TNT,0,2018,1,0,0,1,0,0,19,away,7.0,0.0,False,1.0,4.0,Pre-COVID,1,1.0,NWG > 0,7.0,1.0,True,True,True
20493,CHA,120,Hornets,2017-11-17,21700222,CHI,123,Bulls,no,0,2018,0,0,0,0,0,0,16,away,6.5,0.0,False,1.0,3.0,Pre-COVID,0,,NWG = 0,6.5,1.0,True,True,True
20562,LAC,113,Clippers,2017-11-17,21700220,CLE,118,Cavaliers,no,0,2018,1,1,0,1,0,1,33,home,6.5,0.0,True,0.0,5.0,Pre-COVID,0,0.5,NWG = 0,-6.5,0.0,True,True,True
17551,MIA,91,Heat,2017-11-17,21700218,WAS,88,Wizards,no,0,2018,0,1,0,0,0,1,18,home,5.0,0.0,True,0.0,-3.0,Pre-COVID,-1,0.0,NWG < 0,-5.0,0.0,True,True,True
18418,OKC,101,Thunder,2017-11-17,21700223,SAS,104,Spurs,ESPN,0,2018,1,1,0,1,0,1,22,away,1.5,0.0,False,1.0,3.0,Pre-COVID,0,0.5,NWG = 0,1.5,1.0,True,True,True
17583,POR,82,Trail Blazers,2017-11-17,21700225,SAC,86,Kings,no,0,2018,1,0,0,1,0,0,20,away,7.0,0.0,False,1.0,4.0,Pre-COVID,1,1.0,NWG > 0,7.0,1.0,True,True,True
16069,DET,100,Pistons,2017-11-19,21700238,MIN,97,Timberwolves,no,0,2018,0,0,0,0,0,0,17,home,6.0,0.0,True,0.0,-3.0,Pre-COVID,0,,NWG = 0,-6.0,0.0,True,True,True
20302,BOS,110,Celtics,2017-11-20,21700249,DAL,102,Mavericks,no,0,2018,0,3,1,0,0,2,37,away,7.0,1.0,False,0.0,-8.0,Pre-COVID,-3,0.0,NWG < 0,7.0,0.0,True,True,True
17239,IND,105,Pacers,2017-11-20,21700243,ORL,97,Magic,NBA TV,0,2018,0,0,0,0,0,0,17,home,3.5,0.0,True,0.0,-8.0,Pre-COVID,0,,NWG = 0,-3.5,0.0,True,True,True
18997,CHI,94,Bulls,2017-11-21,21700252,LAL,103,Lakers,NBA TV,0,2018,0,1,0,0,0,1,20,home,5.5,1.0,True,1.0,9.0,Pre-COVID,-1,0.0,NWG < 0,-5.5,1.0,True,True,True
16101,DAL,95,Mavericks,2017-11-22,21700260,MEM,94,Grizzlies,no,0,2018,0,0,0,0,0,0,13,home,6.0,0.0,True,0.0,-1.0,Pre-COVID,0,,NWG = 0,-6.0,0.0,True,True,True
16270,MIL,113,Bucks,2017-11-22,21700264,PHX,107,Suns,no,0,2018,2,0,0,2,0,0,36,away,2.0,1.0,False,0.0,-6.0,Pre-COVID,2,1.0,NWG > 0,2.0,0.0,True,True,True
16041,WAS,124,Wizards,2017-11-22,21700253,CHA,129,Hornets,no,0,2018,0,1,0,0,0,2,28,home,3.0,1.0,True,1.0,5.0,Pre-COVID,-1,0.0,NWG < 0,-3.0,1.0,True,True,True
20562,CHA,99,Hornets,2017-11-24,21700270,CLE,100,Cavaliers,NBA TV,0,2018,0,0,0,0,0,0,18,home,5.5,0.0,True,0.0,1.0,Pre-COVID,0,,NWG = 0,-5.5,0.0,True,True,True
18203,DET,99,Pistons,2017-11-24,21700273,OKC,98,Thunder,no,0,2018,0,2,0,0,0,2,21,home,8.5,0.0,True,0.0,-1.0,Pre-COVID,-2,0.0,NWG < 0,-8.5,0.0,True,True,True
15246,POR,127,Trail Blazers,2017-11-24,21700267,BKN,125,Nets,no,0,2018,2,2,0,2,0,2,33,away,4.5,0.0,False,1.0,-2.0,Pre-COVID,0,0.5,NWG = 0,4.5,1.0,True,True,True
16523,TOR,104,Raptors,2017-11-24,21700271,IND,107,Pacers,no,0,2018,2,0,0,2,0,1,21,away,2.0,0.0,False,1.0,3.0,Pre-COVID,2,1.0,NWG > 0,2.0,1.0,True,True,True
17583,LAC,97,Clippers,2017-11-25,21700286,SAC,95,Kings,no,0,2018,0,0,0,0,0,0,17,away,4.5,0.0,False,1.0,-2.0,Pre-COVID,0,,NWG = 0,4.5,1.0,True,True,True
18092,POR,108,Trail Blazers,2017-11-25,21700279,WAS,105,Wizards,no,0,2018,0,1,0,0,0,1,20,home,4.5,0.0,True,0.0,-3.0,Pre-COVID,-1,0.0,NWG < 0,-4.5,0.0,True,True,True
18086,LAL,115,Lakers,2017-11-27,21700297,LAC,120,Clippers,no,0,2018,0,0,0,0,0,0,16,home,4.5,1.0,True,1.0,5.0,Pre-COVID,0,,NWG = 0,-4.5,1.0,True,True,True
19596,SAC,110,Kings,2017-11-27,21700296,GSW,106,Warriors,no,0,2018,0,0,0,0,0,0,19,home,12.5,0.0,True,0.0,-4.0,Pre-COVID,0,,NWG = 0,-12.5,0.0,True,True,True
18324,PHX,104,Suns,2017-11-28,21700299,CHI,99,Bulls,no,0,2018,0,2,0,0,0,2,25,home,0.0,0.0,True,0.0,-5.0,Pre-COVID,-2,0.0,NWG < 0,-0.0,0.0,True,True,True
13442,WAS,92,Wizards,2017-11-28,21700300,MIN,89,Timberwolves,no,0,2018,1,2,0,1,0,2,24,home,5.0,0.0,True,0.0,-3.0,Pre-COVID,-1,0.3333333333333333,NWG < 0,-5.0,0.0,True,True,True
19327,BKN,109,Nets,2017-11-29,21700310,DAL,104,Mavericks,no,0,2018,1,1,0,1,1,1,23,home,5.5,0.0,True,0.0,-5.0,Pre-COVID,0,0.5,NWG = 0,-5.5,0.0,True,True,True
18997,GSW,127,Warriors,2017-11-29,21700312,LAL,123,Lakers,NBA TV,0,2018,1,0,0,1,0,0,37,away,13.5,0.0,False,1.0,-4.0,Pre-COVID,1,1.0,NWG > 0,13.5,1.0,True,True,True
20492,WAS,113,Wizards,2017-11-29,21700305,PHI,118,76ers,NBA TV,0,2018,1,1,1,1,0,0,21,home,7.0,0.0,True,0.0,5.0,Pre-COVID,0,0.5,NWG = 0,-7.0,0.0,True,True,True
15156,CHI,110,Bulls,2017-11-30,21700315,DEN,111,Nuggets,no,0,2018,0,1,0,0,0,1,15,home,10.0,0.0,True,0.0,1.0,Pre-COVID,-1,0.0,NWG < 0,-10.0,0.0,True,True,True
16379,CLE,121,Cavaliers,2017-11-30,21700313,ATL,114,Hawks,no,0,2018,0,1,0,0,0,1,15,away,7.5,0.0,False,1.0,-7.0,Pre-COVID,-1,0.0,NWG < 0,7.5,1.0,True,True,True
19600,CHA,100,Hornets,2017-12-01,21700321,MIA,105,Heat,no,0,2018,0,0,0,0,0,0,19,home,2.0,1.0,True,1.0,5.0,Pre-COVID,0,,NWG = 0,-2.0,1.0,True,True,True
18203,MIN,107,Timberwolves,2017-12-01,21700324,OKC,111,Thunder,NBA TV,0,2018,0,0,0,0,0,0,20,home,5.5,0.0,True,0.0,4.0,Pre-COVID,0,,NWG = 0,-5.5,0.0,True,True,True
17725,NOP,108,Pelicans,2017-12-01,21700325,UTA,114,Jazz,no,0,2018,1,0,0,0,1,0,14,away,3.5,0.0,False,1.0,6.0,Pre-COVID,1,1.0,NWG > 0,3.5,1.0,True,True,True
19268,SAC,107,Kings,2017-12-01,21700322,CHI,106,Bulls,no,0,2018,0,1,0,0,0,1,15,away,1.0,2.0,False,,-1.0,Pre-COVID,-1,0.0,NWG < 0,1.0,0.0,False,True,True
20562,DET,103,Pistons,2017-12-02,21700330,PHI,108,76ers,no,0,2018,0,0,0,0,0,0,12,home,4.0,1.0,True,1.0,5.0,Pre-COVID,0,,NWG = 0,-4.0,1.0,True,True,True
20562,MEM,111,Grizzlies,2017-12-02,21700329,CLE,116,Cavaliers,no,0,2018,0,0,0,0,0,0,15,home,11.5,0.0,True,0.0,5.0,Pre-COVID,0,,NWG = 0,-11.5,0.0,True,True,True
18624,PHX,111,Suns,2017-12-02,21700326,BOS,116,Celtics,no,0,2018,0,1,0,0,0,1,17,home,12.0,0.0,True,0.0,5.0,Pre-COVID,-1,0.0,NWG < 0,-12.0,0.0,True,True,True
15581,SAC,104,Kings,2017-12-02,21700331,MIL,109,Bucks,no,0,2018,0,0,0,0,0,0,14,home,13.0,0.0,True,0.0,5.0,Pre-COVID,0,,NWG = 0,-13.0,0.0,True,True,True
13172,LAC,106,Clippers,2017-12-03,21700336,MIN,112,Timberwolves,no,0,2018,0,0,0,0,0,0,12,home,12.0,0.0,True,0.0,6.0,Pre-COVID,0,,NWG = 0,-12.0,0.0,True,True,True
19082,ORL,105,Magic,2017-12-03,21700334,NYK,100,Knicks,no,0,2018,1,0,0,1,0,0,19,away,2.5,1.0,False,0.0,-5.0,Pre-COVID,1,1.0,NWG > 0,2.5,0.0,True,True,True
18203,SAS,87,Spurs,2017-12-03,21700337,OKC,90,Thunder,NBA TV,0,2018,0,1,0,0,0,1,16,home,8.5,0.0,True,0.0,3.0,Pre-COVID,-1,0.0,NWG < 0,-8.5,0.0,True,True,True
18288,DET,93,Pistons,2017-12-04,21700348,SAS,96,Spurs,no,0,2018,0,0,0,0,0,0,24,home,4.0,0.0,True,0.0,3.0,Pre-COVID,0,,NWG = 0,-4.0,0.0,True,True,True
14012,MIN,92,Timberwolves,2017-12-04,21700345,MEM,95,Grizzlies,no,0,2018,1,0,0,1,0,0,19,away,2.5,0.0,False,1.0,3.0,Pre-COVID,1,1.0,NWG > 0,2.5,1.0,True,True,True
18203,UTA,94,Jazz,2017-12-05,21700351,OKC,100,Thunder,no,0,2018,1,0,0,1,0,0,20,home,8.5,0.0,True,0.0,6.0,Pre-COVID,1,1.0,NWG > 0,-8.5,0.0,True,True,True
16167,ATL,106,Hawks,2017-12-06,21700355,ORL,110,Magic,no,0,2018,1,0,0,1,0,0,40,home,6.0,0.0,True,0.0,4.0,Pre-COVID,1,1.0,NWG > 0,-6.0,0.0,True,True,True
13013,CHI,96,Bulls,2017-12-06,21700354,IND,98,Pacers,no,0,2018,0,1,0,0,0,1,23,home,10.0,0.0,True,0.0,2.0,Pre-COVID,-1,0.0,NWG < 0,-10.0,0.0,True,True,True
15841,DET,100,Pistons,2017-12-06,21700359,MIL,104,Bucks,no,0,2018,0,0,0,0,0,0,24,home,4.5,0.0,True,0.0,4.0,Pre-COVID,0,,NWG = 0,-4.5,0.0,True,True,True
20562,SAC,95,Kings,2017-12-06,21700353,CLE,101,Cavaliers,no,0,2018,1,0,0,1,0,0,24,home,12.5,0.0,True,0.0,6.0,Pre-COVID,1,1.0,NWG > 0,-12.5,0.0,True,True,True
20495,LAL,107,Lakers,2017-12-07,21700363,PHI,104,76ers,TNT,0,2018,0,0,0,0,0,0,14,home,9.0,0.0,True,0.0,-3.0,Pre-COVID,0,,NWG = 0,-9.0,0.0,True,True,True
20562,OKC,95,Thunder,2017-12-07,21700365,BKN,100,Nets,no,0,2018,0,0,0,0,0,0,22,away,7.0,0.0,False,1.0,5.0,Pre-COVID,0,,NWG = 0,7.0,1.0,True,True,True
18418,BOS,102,Celtics,2017-12-08,21700374,SAS,105,Spurs,ESPN,0,2018,0,1,0,0,0,1,13,home,2.5,1.0,True,1.0,3.0,Pre-COVID,-1,0.0,NWG < 0,-2.5,1.0,True,True,True
14077,CHI,119,Bulls,2017-12-08,21700367,CHA,111,Hornets,no,0,2018,1,2,0,1,0,2,46,home,9.5,0.0,True,0.0,-8.0,Pre-COVID,-1,0.3333333333333333,NWG < 0,-9.5,0.0,True,True,True
17032,CLE,102,Cavaliers,2017-12-08,21700369,IND,106,Pacers,no,0,2018,0,0,0,0,0,0,17,away,3.0,0.0,False,1.0,4.0,Pre-COVID,0,,NWG = 0,3.0,1.0,True,True,True
15889,DAL,102,Mavericks,2017-12-08,21700372,MIL,109,Bucks,no,0,2018,0,0,0,0,0,0,18,home,6.5,1.0,True,1.0,7.0,Pre-COVID,0,,NWG = 0,-6.5,1.0,True,True,True
20491,GSW,102,Warriors,2017-12-08,21700368,DET,98,Pistons,ESPN,0,2018,0,0,0,0,0,0,31,away,5.5,0.0,False,1.0,-4.0,Pre-COVID,0,,NWG = 0,5.5,1.0,True,True,True
15019,SAC,116,Kings,2017-12-08,21700373,NOP,109,Pelicans,no,0,2018,1,0,0,1,0,0,41,home,9.5,0.0,True,0.0,-7.0,Pre-COVID,1,1.0,NWG > 0,-9.5,0.0,True,True,True
19503,HOU,124,Rockets,2017-12-09,21700384,POR,117,Trail Blazers,no,0,2018,1,0,0,1,0,0,17,away,8.5,0.0,False,1.0,-7.0,Pre-COVID,1,1.0,NWG > 0,8.5,1.0,True,True,True
20149,NYK,102,Knicks,2017-12-09,21700380,CHI,104,Bulls,no,0,2018,1,2,0,0,1,2,18,away,3.5,0.0,False,1.0,2.0,Pre-COVID,-1,0.3333333333333333,NWG < 0,3.5,1.0,True,True,True
17794,OKC,102,Thunder,2017-12-09,21700382,MEM,101,Grizzlies,no,0,2018,3,1,0,2,1,1,34,away,5.5,0.0,False,1.0,-1.0,Pre-COVID,2,0.75,NWG > 0,5.5,1.0,True,True,True
12719,ORL,110,Magic,2017-12-09,21700378,ATL,117,Hawks,no,0,2018,0,0,0,0,0,0,12,home,5.5,1.0,True,1.0,7.0,Pre-COVID,0,,NWG = 0,-5.5,1.0,True,True,True
20562,PHI,98,76ers,2017-12-09,21700379,CLE,105,Cavaliers,no,0,2018,0,0,0,0,0,0,12,home,5.5,1.0,True,1.0,7.0,Pre-COVID,0,,NWG = 0,-5.5,1.0,True,True,True
16575,SAS,104,Spurs,2017-12-09,21700383,PHX,101,Suns,no,0,2018,0,2,0,0,0,2,18,away,5.0,0.0,False,1.0,-3.0,Pre-COVID,-2,0.0,NWG < 0,5.0,1.0,True,True,True
15739,WAS,112,Wizards,2017-12-09,21700375,LAC,113,Clippers,no,0,2018,0,0,0,0,0,1,21,away,2.0,0.0,False,1.0,1.0,Pre-COVID,0,,NWG = 0,2.0,1.0,True,True,True
19189,ATL,107,Hawks,2017-12-10,21700390,NYK,111,Knicks,no,0,2018,1,1,1,1,0,0,19,home,5.5,0.0,True,0.0,4.0,Pre-COVID,0,0.5,NWG = 0,-5.5,0.0,True,True,True
13094,DAL,92,Mavericks,2017-12-10,21700388,MIN,97,Timberwolves,no,0,2018,0,1,0,0,0,1,19,home,8.0,0.0,True,0.0,5.0,Pre-COVID,-1,0.0,NWG < 0,-8.0,0.0,True,True,True
14587,DEN,116,Nuggets,2017-12-10,21700387,IND,126,Pacers,no,0,2018,0,0,0,0,0,0,17,home,5.0,1.0,True,1.0,10.0,Pre-COVID,0,,NWG = 0,-5.0,1.0,True,True,True
18055,NOP,123,Pelicans,2017-12-11,21700392,HOU,130,Rockets,NBA TV,0,2018,2,0,0,2,0,1,19,home,14.0,0.0,True,0.0,7.0,Pre-COVID,2,1.0,NWG > 0,-14.0,0.0,True,True,True
16658,TOR,91,Raptors,2017-12-11,21700396,LAC,96,Clippers,NBA TV,0,2018,0,0,0,0,0,0,20,away,6.0,0.0,False,1.0,5.0,Pre-COVID,0,,NWG = 0,6.0,1.0,True,True,True
19359,LAL,109,Lakers,2017-12-12,21700399,NYK,113,Knicks,ESPN,0,2018,0,1,0,0,0,1,36,home,2.5,1.0,True,1.0,4.0,Pre-COVID,-1,0.0,NWG < 0,-2.5,1.0,True,True,True
14659,PHI,118,76ers,2017-12-12,21700401,MIN,112,Timberwolves,ESPN,0,2018,1,0,0,1,0,0,17,home,4.5,0.0,True,0.0,-6.0,Pre-COVID,1,1.0,NWG > 0,-4.5,0.0,True,True,True
14515,WAS,98,Wizards,2017-12-12,21700400,BKN,103,Nets,no,0,2018,0,3,0,0,0,3,20,away,3.0,0.0,False,1.0,5.0,Pre-COVID,-3,0.0,NWG < 0,3.0,1.0,True,True,True
17923,OKC,100,Thunder,2017-12-13,21700404,IND,95,Pacers,ESPN,0,2018,1,1,0,1,0,1,23,away,1.5,1.0,False,0.0,-5.0,Pre-COVID,0,0.5,NWG = 0,1.5,0.0,True,True,True
19600,POR,102,Trail Blazers,2017-12-13,21700408,MIA,95,Heat,no,0,2018,1,0,0,1,0,0,14,home,2.5,0.0,True,0.0,-7.0,Pre-COVID,1,1.0,NWG > 0,-2.5,0.0,True,True,True
15517,TOR,115,Raptors,2017-12-13,21700411,PHX,109,Suns,no,0,2018,1,1,0,1,0,1,20,away,12.0,0.0,False,1.0,-6.0,Pre-COVID,0,0.5,NWG = 0,12.0,1.0,True,True,True
18102,UTA,100,Jazz,2017-12-13,21700409,CHI,103,Bulls,no,0,2018,0,0,0,0,0,0,25,away,5.5,0.0,False,1.0,3.0,Pre-COVID,0,,NWG = 0,5.5,1.0,True,True,True
15803,ATL,94,Hawks,2017-12-15,21700425,MEM,96,Grizzlies,no,0,2018,2,0,0,2,0,1,20,home,6.5,0.0,True,0.0,2.0,Pre-COVID,2,1.0,NWG > 0,-6.5,0.0,True,True,True
16921,CHI,115,Bulls,2017-12-15,21700426,MIL,109,Bucks,no,0,2018,0,0,0,0,0,0,15,home,8.5,0.0,True,0.0,-6.0,Pre-COVID,0,,NWG = 0,-8.5,0.0,True,True,True
14687,DET,104,Pistons,2017-12-15,21700419,IND,98,Pacers,no,0,2018,1,0,0,1,0,0,22,home,5.5,0.0,True,0.0,-6.0,Pre-COVID,1,1.0,NWG > 0,-5.5,0.0,True,True,True
15565,MIA,104,Heat,2017-12-15,21700418,CHA,98,Hornets,no,0,2018,0,0,0,0,0,0,18,home,5.0,0.0,True,0.0,-6.0,Pre-COVID,0,,NWG = 0,-5.0,0.0,True,True,True
17584,NOP,111,Pelicans,2017-12-15,21700427,DEN,117,Nuggets,no,0,2018,1,2,0,1,0,2,40,home,1.5,1.0,True,1.0,6.0,Pre-COVID,-1,0.3333333333333333,NWG < 0,-1.5,1.0,True,True,True
20612,OKC,119,Thunder,2017-12-15,21700421,PHI,117,76ers,ESPN,0,2018,4,1,0,4,0,1,61,home,1.5,0.0,True,0.0,-2.0,Pre-COVID,3,0.8,NWG > 0,-1.5,0.0,True,True,True
18418,DAL,96,Mavericks,2017-12-16,21700435,SAS,98,Spurs,no,0,2018,2,0,0,2,0,1,17,home,6.0,0.0,True,0.0,2.0,Pre-COVID,2,1.0,NWG > 0,-6.0,0.0,True,True,True
19600,LAC,85,Clippers,2017-12-16,21700432,MIA,90,Heat,no,0,2018,1,0,0,1,0,0,22,home,6.5,0.0,True,0.0,5.0,Pre-COVID,1,1.0,NWG > 0,-6.5,0.0,True,True,True
18055,MIL,111,Bucks,2017-12-16,21700433,HOU,115,Rockets,no,0,2018,0,0,0,0,0,1,20,home,10.5,0.0,True,0.0,4.0,Pre-COVID,0,,NWG = 0,-10.5,0.0,True,True,True
18109,PHX,108,Suns,2017-12-16,21700434,MIN,106,Timberwolves,no,0,2018,0,0,0,0,0,0,25,home,12.0,0.0,True,0.0,-2.0,Pre-COVID,0,,NWG = 0,-12.0,0.0,True,True,True
16687,POR,93,Trail Blazers,2017-12-16,21700429,CHA,91,Hornets,no,0,2018,1,1,0,1,0,1,26,home,3.5,0.0,True,0.0,-2.0,Pre-COVID,0,0.5,NWG = 0,-3.5,0.0,True,True,True
16055,BOS,112,Celtics,2017-12-18,21700442,IND,111,Pacers,NBA TV,0,2018,0,0,0,0,0,0,19,away,2.5,0.0,False,1.0,-1.0,Pre-COVID,0,,NWG = 0,2.5,1.0,True,True,True
18203,DEN,94,Nuggets,2017-12-18,21700447,OKC,95,Thunder,no,0,2018,1,0,0,1,0,0,13,home,5.0,0.0,True,0.0,1.0,Pre-COVID,1,1.0,NWG > 0,-5.0,0.0,True,True,True
18997,GSW,116,Warriors,2017-12-18,21700450,LAL,114,Lakers,NBA TV,0,2018,0,0,0,0,0,0,25,away,5.5,0.0,False,1.0,-2.0,Pre-COVID,0,,NWG = 0,5.5,1.0,True,True,True
14227,MIA,104,Heat,2017-12-18,21700443,ATL,110,Hawks,no,0,2018,1,2,2,1,0,0,18,home,1.5,1.0,True,1.0,6.0,Pre-COVID,-1,0.3333333333333333,NWG < 0,-1.5,1.0,True,True,True
20796,PHI,115,76ers,2017-12-18,21700444,CHI,117,Bulls,no,0,2018,1,1,1,1,0,0,12,away,2.0,0.0,False,1.0,2.0,Pre-COVID,0,0.5,NWG = 0,2.0,1.0,True,True,True
19245,PHX,97,Suns,2017-12-18,21700448,DAL,91,Mavericks,no,0,2018,1,0,0,1,0,0,24,home,7.5,0.0,True,0.0,-6.0,Pre-COVID,1,1.0,NWG > 0,-7.5,0.0,True,True,True
14187,POR,107,Trail Blazers,2017-12-18,21700446,MIN,108,Timberwolves,no,0,2018,0,0,0,0,0,0,17,home,4.0,0.0,True,0.0,1.0,Pre-COVID,0,,NWG = 0,-4.0,0.0,True,True,True
18717,CLE,116,Cavaliers,2017-12-19,21700453,MIL,119,Bucks,NBA TV,0,2018,0,2,0,0,0,2,19,away,1.0,0.0,False,1.0,3.0,Pre-COVID,-2,0.0,NWG < 0,1.0,1.0,True,True,True
18624,MIA,90,Heat,2017-12-20,21700456,BOS,89,Celtics,no,0,2018,0,0,0,0,0,0,18,home,9.0,0.0,True,0.0,-1.0,Pre-COVID,0,,NWG = 0,-9.0,0.0,True,True,True
17002,MIN,112,Timberwolves,2017-12-20,21700462,DEN,104,Nuggets,no,0,2018,0,0,0,0,0,0,17,home,0.0,0.0,True,0.0,-8.0,Pre-COVID,0,,NWG = 0,-0.0,0.0,True,True,True
13179,SAC,104,Kings,2017-12-20,21700457,BKN,99,Nets,no,0,2018,1,2,0,1,0,2,29,home,5.5,0.0,True,0.0,-5.0,Pre-COVID,-1,0.3333333333333333,NWG < 0,-5.5,0.0,True,True,True
19393,SAS,93,Spurs,2017-12-20,21700463,POR,91,Trail Blazers,no,0,2018,1,0,0,1,1,0,23,home,3.0,0.0,True,0.0,-2.0,Pre-COVID,1,1.0,NWG > 0,-3.0,0.0,True,True,True
20562,CHI,112,Bulls,2017-12-21,21700466,CLE,115,Cavaliers,no,0,2018,0,0,0,0,0,0,18,home,10.0,0.0,True,0.0,3.0,Pre-COVID,0,,NWG = 0,-10.0,0.0,True,True,True
16339,MEM,95,Grizzlies,2017-12-21,21700469,PHX,97,Suns,no,0,2018,1,2,0,1,0,2,18,away,3.5,0.0,False,1.0,2.0,Pre-COVID,-1,0.3333333333333333,NWG < 0,3.5,1.0,True,True,True
20680,TOR,114,Raptors,2017-12-21,21700467,PHI,109,76ers,no,0,2018,2,0,0,2,0,1,21,away,4.0,1.0,False,0.0,-5.0,Pre-COVID,2,1.0,NWG > 0,4.0,0.0,True,True,True
18203,ATL,117,Hawks,2017-12-22,21700477,OKC,120,Thunder,no,0,2018,1,0,0,1,0,0,16,home,11.0,0.0,True,0.0,3.0,Pre-COVID,1,1.0,NWG > 0,-11.0,0.0,True,True,True
17018,CHA,104,Hornets,2017-12-22,21700476,MIL,109,Bucks,no,0,2018,0,0,0,0,0,0,16,home,5.0,2.0,True,,5.0,Pre-COVID,0,,NWG = 0,-5.0,0.0,False,True,True
16922,NYK,101,Knicks,2017-12-22,21700471,DET,104,Pistons,no,0,2018,1,0,0,0,1,0,20,home,6.5,0.0,True,0.0,3.0,Pre-COVID,1,1.0,NWG > 0,-6.5,0.0,True,True,True
17107,BKN,119,Nets,2017-12-23,21700482,IND,123,Pacers,no,0,2018,1,2,1,1,0,1,40,home,9.5,0.0,True,0.0,4.0,Pre-COVID,-1,0.3333333333333333,NWG < 0,-9.5,0.0,True,True,True
13402,DAL,107,Mavericks,2017-12-23,21700484,ATL,112,Hawks,no,0,2018,0,0,0,0,0,0,19,away,1.5,0.0,False,1.0,5.0,Pre-COVID,0,,NWG = 0,1.5,1.0,True,True,True
16844,LAC,112,Clippers,2017-12-23,21700487,MEM,115,Grizzlies,no,0,2018,1,1,0,1,0,1,12,home,3.0,2.0,True,,3.0,Pre-COVID,0,0.5,NWG = 0,-3.0,0.0,False,True,True
18363,MIL,106,Bucks,2017-12-23,21700481,CHA,111,Hornets,no,0,2018,0,0,0,0,0,0,21,home,4.5,1.0,True,1.0,5.0,Pre-COVID,0,,NWG = 0,-4.5,1.0,True,True,True
18997,POR,95,Trail Blazers,2017-12-23,21700491,LAL,92,Lakers,no,0,2018,1,0,0,1,0,0,18,home,3.0,0.0,True,0.0,-3.0,Pre-COVID,1,1.0,NWG > 0,-3.0,0.0,True,True,True
19596,CLE,92,Cavaliers,2017-12-25,21700494,GSW,99,Warriors,ABC,0,2018,3,1,0,3,0,1,16,home,4.0,1.0,True,1.0,7.0,Pre-COVID,2,0.75,NWG > 0,-4.0,1.0,True,True,True
18203,HOU,107,Rockets,2017-12-25,21700496,OKC,112,Thunder,ABC,0,2018,1,0,0,1,0,0,16,home,2.5,1.0,True,1.0,5.0,Pre-COVID,1,1.0,NWG > 0,-2.5,1.0,True,True,True
17105,MEM,97,Grizzlies,2017-12-26,21700504,PHX,99,Suns,no,0,2018,0,0,0,0,0,0,23,away,1.5,0.0,False,1.0,2.0,Pre-COVID,0,,NWG = 0,1.5,1.0,True,True,True
20005,TOR,93,Raptors,2017-12-26,21700499,DAL,98,Mavericks,no,0,2018,0,1,0,0,0,1,20,away,6.0,0.0,False,1.0,5.0,Pre-COVID,-1,0.0,NWG < 0,6.0,1.0,True,True,True
17923,DAL,98,Mavericks,2017-12-27,21700507,IND,94,Pacers,no,0,2018,1,0,0,1,0,0,14,home,3.5,0.0,True,0.0,-4.0,Pre-COVID,1,1.0,NWG > 0,-3.5,0.0,True,True,True
18978,DEN,125,Nuggets,2017-12-27,21700510,MIN,128,Timberwolves,no,0,2018,1,2,2,1,0,0,26,home,4.5,0.0,True,0.0,3.0,Pre-COVID,-1,0.3333333333333333,NWG < 0,-4.5,0.0,True,True,True
21883,NYK,87,Knicks,2017-12-27,21700509,CHI,92,Bulls,no,0,2018,0,1,0,0,0,2,17,home,1.5,1.0,True,1.0,5.0,Pre-COVID,-1,0.0,NWG < 0,-1.5,1.0,True,True,True
18624,HOU,98,Rockets,2017-12-28,21700517,BOS,99,Celtics,TNT,0,2018,1,0,0,1,0,0,31,away,1.5,0.0,False,1.0,1.0,Pre-COVID,1,1.0,NWG > 0,1.5,1.0,True,True,True
18717,MIN,96,Timberwolves,2017-12-28,21700518,MIL,102,Bucks,no,0,2018,0,0,0,0,0,0,14,home,4.5,1.0,True,1.0,6.0,Pre-COVID,0,,NWG = 0,-4.5,1.0,True,True,True
20104,PHI,110,76ers,2017-12-28,21700520,POR,114,Trail Blazers,TNT,0,2018,1,0,0,1,0,0,22,away,2.5,0.0,False,1.0,4.0,Pre-COVID,1,1.0,NWG > 0,2.5,1.0,True,True,True
18203,MIL,97,Bucks,2017-12-29,21700526,OKC,95,Thunder,no,0,2018,1,2,0,1,0,3,28,home,6.5,0.0,True,0.0,-2.0,Pre-COVID,-1,0.3333333333333333,NWG < 0,-6.5,0.0,True,True,True
18306,CLE,101,Cavaliers,2017-12-30,21700534,UTA,104,Jazz,no,0,2018,0,0,0,0,0,0,18,away,3.0,0.0,False,1.0,3.0,Pre-COVID,0,,NWG = 0,3.0,1.0,True,True,True
18846,MIA,117,Heat,2017-12-30,21700531,ORL,111,Magic,no,0,2018,0,0,0,0,0,0,18,away,1.5,1.0,False,0.0,-6.0,Pre-COVID,0,,NWG = 0,1.5,0.0,True,True,True
16947,NYK,105,Knicks,2017-12-30,21700532,NOP,103,Pelicans,no,0,2018,0,0,0,0,0,0,21,home,5.5,0.0,True,0.0,-2.0,Pre-COVID,0,,NWG = 0,-5.5,0.0,True,True,True
19599,PHI,107,76ers,2017-12-30,21700536,DEN,102,Nuggets,NBA TV,0,2018,1,0,0,1,0,0,23,home,7.0,0.0,True,0.0,-5.0,Pre-COVID,1,1.0,NWG > 0,-7.0,0.0,True,True,True
18624,BKN,105,Nets,2017-12-31,21700539,BOS,108,Celtics,no,0,2018,1,0,0,1,0,1,12,home,9.5,0.0,True,0.0,3.0,Pre-COVID,1,1.0,NWG > 0,-9.5,0.0,True,True,True
20356,CHI,110,Bulls,2017-12-31,21700537,WAS,114,Wizards,no,0,2018,0,0,0,0,0,1,13,home,8.0,0.0,True,0.0,4.0,Pre-COVID,0,,NWG = 0,-8.0,0.0,True,True,True
18203,DAL,116,Mavericks,2017-12-31,21700541,OKC,113,Thunder,no,0,2018,1,0,0,1,0,0,15,home,8.0,0.0,True,0.0,-3.0,Pre-COVID,1,1.0,NWG > 0,-8.0,0.0,True,True,True
18179,LAL,142,Lakers,2017-12-31,21700540,HOU,148,Rockets,no,0,2018,3,1,0,3,0,1,38,home,15.0,0.0,True,0.0,6.0,Pre-COVID,2,0.75,NWG > 0,-15.0,0.0,True,True,True
19800,MIL,127,Bucks,2018-01-01,21700546,TOR,131,Raptors,no,0,2018,0,0,0,0,0,0,34,home,6.0,0.0,True,0.0,4.0,Pre-COVID,0,,NWG = 0,-6.0,0.0,True,True,True
16164,ORL,95,Magic,2018-01-01,21700545,BKN,98,Nets,no,0,2018,0,0,0,0,0,0,23,home,1.5,1.0,True,1.0,3.0,Pre-COVID,0,,NWG = 0,-1.5,1.0,True,True,True
20860,POR,124,Trail Blazers,2018-01-01,21700547,CHI,120,Bulls,no,0,2018,1,2,0,1,0,2,31,home,3.0,0.0,True,0.0,-4.0,Pre-COVID,-1,0.3333333333333333,NWG < 0,-3.0,0.0,True,True,True
15921,ATL,103,Hawks,2018-01-02,21700551,PHX,104,Suns,no,0,2018,0,1,0,0,0,1,21,home,1.0,2.0,True,,1.0,Pre-COVID,-1,0.0,NWG < 0,-1.0,0.0,False,True,True
15711,MEM,105,Grizzlies,2018-01-02,21700553,LAC,113,Clippers,NBA TV,0,2018,0,0,0,0,0,0,17,home,6.0,1.0,True,1.0,8.0,Pre-COVID,0,,NWG = 0,-6.0,1.0,True,True,True
19600,DET,104,Pistons,2018-01-03,21700558,MIA,111,Heat,no,0,2018,1,0,0,1,0,0,15,home,4.5,1.0,True,1.0,7.0,Pre-COVID,1,1.0,NWG > 0,-4.5,1.0,True,True,True
20212,GSW,125,Warriors,2018-01-03,21700562,DAL,122,Mavericks,no,0,2018,0,0,0,0,0,1,17,away,9.0,0.0,False,1.0,-3.0,Pre-COVID,0,,NWG = 0,9.0,1.0,True,True,True
16215,MIN,97,Timberwolves,2018-01-03,21700557,BKN,98,Nets,no,0,2018,1,1,0,1,0,1,23,away,6.0,0.0,False,1.0,1.0,Pre-COVID,0,0.5,NWG = 0,6.0,1.0,True,True,True
20642,SAS,106,Spurs,2018-01-03,21700555,PHI,112,76ers,no,0,2018,1,0,0,1,0,0,15,home,4.5,1.0,True,1.0,6.0,Pre-COVID,1,1.0,NWG > 0,-4.5,1.0,True,True,True
20073,CHI,127,Bulls,2018-01-05,21700572,DAL,124,Mavericks,no,0,2018,3,0,0,3,0,0,24,home,4.0,0.0,True,0.0,-3.0,Pre-COVID,3,1.0,NWG > 0,-4.0,0.0,True,True,True
19600,NYK,103,Knicks,2018-01-05,21700568,MIA,107,Heat,no,0,2018,2,0,0,2,0,0,37,home,6.5,0.0,True,0.0,4.0,Pre-COVID,2,1.0,NWG > 0,-6.5,0.0,True,True,True
16988,WAS,102,Wizards,2018-01-05,21700575,MEM,100,Grizzlies,ESPN,0,2018,1,1,0,1,0,1,20,away,4.5,0.0,False,1.0,-2.0,Pre-COVID,0,0.5,NWG = 0,4.5,1.0,True,True,True
17732,BOS,87,Celtics,2018-01-06,21700579,BKN,85,Nets,no,0,2018,2,1,0,2,0,1,22,away,3.0,0.0,False,1.0,-2.0,Pre-COVID,1,0.6666666666666666,NWG > 0,3.0,1.0,True,True,True
18997,CLE,131,Cavaliers,2018-01-06,21700582,ORL,127,Magic,no,0,2018,0,1,0,0,0,1,13,away,9.0,0.0,False,1.0,-4.0,Pre-COVID,-1,0.0,NWG < 0,9.0,1.0,True,True,True
18762,MIL,110,Bucks,2018-01-06,21700583,WAS,103,Wizards,no,0,2018,1,0,0,1,0,0,17,home,3.5,0.0,True,0.0,-7.0,Pre-COVID,1,1.0,NWG > 0,-3.5,0.0,True,True,True
20171,NYK,100,Knicks,2018-01-07,21700587,DAL,96,Mavericks,no,0,2018,2,2,0,2,0,2,18,home,5.0,0.0,True,0.0,-4.0,Pre-COVID,0,0.5,NWG = 0,-5.0,0.0,True,True,True
19393,SAS,110,Spurs,2018-01-07,21700589,POR,111,Trail Blazers,NBA TV,0,2018,0,0,0,0,0,0,19,home,1.5,0.0,True,0.0,1.0,Pre-COVID,0,,NWG = 0,-1.5,0.0,True,True,True
19600,UTA,102,Jazz,2018-01-07,21700586,MIA,103,Heat,no,0,2018,0,0,0,0,0,0,18,home,3.5,0.0,True,0.0,1.0,Pre-COVID,0,,NWG = 0,-3.5,0.0,True,True,True
14624,ATL,107,Hawks,2018-01-08,21700598,LAC,108,Clippers,no,0,2018,1,2,1,1,0,1,27,home,4.5,0.0,True,0.0,1.0,Pre-COVID,-1,0.3333333333333333,NWG < 0,-4.5,0.0,True,True,True
12874,DET,109,Pistons,2018-01-08,21700595,NOP,112,Pelicans,no,0,2018,0,1,0,0,0,1,14,home,6.5,0.0,True,0.0,3.0,Pre-COVID,-1,0.0,NWG < 0,-6.5,0.0,True,True,True
17583,SAS,107,Spurs,2018-01-08,21700596,SAC,100,Kings,no,0,2018,0,0,0,0,0,0,16,away,5.0,1.0,False,0.0,-7.0,Pre-COVID,0,,NWG = 0,5.0,0.0,True,True,True
13681,TOR,114,Raptors,2018-01-08,21700592,BKN,113,Nets,no,0,2018,0,2,0,0,0,2,41,away,7.5,0.0,False,1.0,-1.0,Pre-COVID,-2,0.0,NWG < 0,7.5,1.0,True,True,True
19800,MIA,90,Heat,2018-01-09,21700599,TOR,89,Raptors,no,0,2018,0,0,0,0,0,1,20,home,3.5,0.0,True,0.0,-1.0,Pre-COVID,0,,NWG = 0,-3.5,0.0,True,True,True
19812,CHI,122,Bulls,2018-01-10,21700607,NYK,119,Knicks,no,0,2018,1,2,0,1,0,3,44,home,5.0,0.0,True,0.0,-3.0,Pre-COVID,-1,0.3333333333333333,NWG < 0,-5.0,0.0,True,True,True
14462,DAL,115,Mavericks,2018-01-10,21700603,CHA,111,Hornets,no,0,2018,0,0,0,0,0,0,18,home,6.5,0.0,True,0.0,-4.0,Pre-COVID,0,,NWG = 0,-6.5,0.0,True,True,True
14540,MIA,114,Heat,2018-01-10,21700604,IND,106,Pacers,no,0,2018,3,0,0,3,0,0,23,home,4.0,0.0,True,0.0,-8.0,Pre-COVID,3,1.0,NWG > 0,-4.0,0.0,True,True,True
14312,NOP,102,Pelicans,2018-01-10,21700609,MEM,105,Grizzlies,no,0,2018,0,0,0,0,0,0,12,home,1.0,1.0,True,1.0,3.0,Pre-COVID,0,,NWG = 0,-1.0,1.0,True,True,True
15640,UTA,107,Jazz,2018-01-10,21700605,WAS,104,Wizards,no,0,2018,1,0,0,1,0,0,11,home,8.0,0.0,True,0.0,-3.0,Pre-COVID,1,1.0,NWG > 0,-8.0,0.0,True,True,True
17583,LAC,121,Clippers,2018-01-11,21700616,SAC,115,Kings,no,0,2018,2,1,0,2,0,2,18,away,3.5,1.0,False,0.0,-6.0,Pre-COVID,1,0.6666666666666666,NWG > 0,3.5,0.0,True,True,True
13093,BKN,110,Nets,2018-01-12,21700621,ATL,105,Hawks,no,0,2018,0,0,0,0,0,0,23,home,2.5,0.0,True,0.0,-5.0,Pre-COVID,0,,NWG = 0,-2.5,0.0,True,True,True
17923,CLE,95,Cavaliers,2018-01-12,21700619,IND,97,Pacers,no,0,2018,0,0,0,0,0,0,18,away,1.5,0.0,False,1.0,2.0,Pre-COVID,0,,NWG = 0,1.5,1.0,True,True,True
18354,BKN,113,Nets,2018-01-13,21700630,WAS,119,Wizards,no,0,2018,3,1,1,3,0,0,41,home,9.0,0.0,True,0.0,6.0,Pre-COVID,2,0.75,NWG > 0,-9.0,0.0,True,True,True
21613,DET,105,Pistons,2018-01-13,21700632,CHI,107,Bulls,no,0,2018,1,1,0,1,0,1,20,away,1.0,0.0,False,1.0,2.0,Pre-COVID,0,0.5,NWG = 0,1.0,1.0,True,True,True
20078,GSW,127,Warriors,2018-01-13,21700631,TOR,125,Raptors,no,0,2018,1,0,0,1,0,0,24,away,5.5,0.0,False,1.0,-2.0,Pre-COVID,1,1.0,NWG > 0,5.5,1.0,True,True,True
20209,LAL,107,Lakers,2018-01-13,21700627,DAL,101,Mavericks,no,0,2018,1,1,0,0,1,1,35,home,4.5,0.0,True,0.0,-6.0,Pre-COVID,0,0.5,NWG = 0,-4.5,0.0,True,True,True
19812,NOP,123,Pelicans,2018-01-14,21700635,NYK,118,Knicks,no,0,2018,1,0,0,1,0,0,35,away,2.5,1.0,False,0.0,-5.0,Pre-COVID,1,1.0,NWG > 0,2.5,0.0,True,True,True
15806,SAS,99,Spurs,2018-01-15,21700641,ATL,102,Hawks,NBA TV,0,2018,0,0,0,0,0,0,20,away,5.5,0.0,False,1.0,3.0,Pre-COVID,0,,NWG = 0,5.5,1.0,True,True,True
20637,TOR,111,Raptors,2018-01-15,21700639,PHI,117,76ers,no,0,2018,0,1,0,0,0,1,20,away,2.0,0.0,False,1.0,6.0,Pre-COVID,-1,0.0,NWG < 0,2.0,1.0,True,True,True
14097,DAL,102,Mavericks,2018-01-16,21700651,DEN,105,Nuggets,no,0,2018,0,4,1,0,0,3,22,home,6.5,0.0,True,0.0,3.0,Pre-COVID,-4,0.0,NWG < 0,-6.5,0.0,True,True,True
18624,NOP,116,Pelicans,2018-01-16,21700650,BOS,113,Celtics,NBA TV,0,2018,1,1,0,1,0,1,35,home,5.5,0.0,True,0.0,-3.0,Pre-COVID,0,0.5,NWG = 0,-5.5,0.0,True,True,True
15043,DEN,104,Nuggets,2018-01-17,21700662,LAC,109,Clippers,ESPN,0,2018,2,1,0,2,0,1,17,home,4.0,1.0,True,1.0,5.0,Pre-COVID,1,0.6666666666666666,NWG > 0,-4.0,1.0,True,True,True
19800,DET,91,Pistons,2018-01-17,21700656,TOR,96,Raptors,no,0,2018,0,1,0,0,0,1,15,home,8.5,0.0,True,0.0,5.0,Pre-COVID,-1,0.0,NWG < 0,-8.5,0.0,True,True,True
16695,MIA,106,Heat,2018-01-17,21700659,MIL,101,Bucks,no,0,2018,0,0,0,0,0,0,12,home,4.5,0.0,True,0.0,-5.0,Pre-COVID,0,,NWG = 0,-4.5,0.0,True,True,True
10894,NOP,93,Pelicans,2018-01-17,21700654,ATL,94,Hawks,no,0,2018,0,1,0,0,0,1,15,away,2.5,0.0,False,1.0,1.0,Pre-COVID,-1,0.0,NWG < 0,2.5,1.0,True,True,True
12885,NYK,99,Knicks,2018-01-17,21700658,MEM,105,Grizzlies,no,0,2018,1,1,0,1,0,1,15,away,2.5,0.0,False,1.0,6.0,Pre-COVID,0,0.5,NWG = 0,2.5,1.0,True,True,True
15425,SAS,100,Spurs,2018-01-17,21700655,BKN,95,Nets,no,0,2018,2,0,0,1,1,0,23,away,5.0,2.0,False,,-5.0,Pre-COVID,2,1.0,NWG > 0,5.0,0.0,False,True,True
20562,ORL,103,Magic,2018-01-18,21700664,CLE,104,Cavaliers,no,0,2018,0,1,0,0,0,1,18,home,11.5,0.0,True,0.0,1.0,Pre-COVID,-1,0.0,NWG < 0,-11.5,0.0,True,True,True
17732,MIA,95,Heat,2018-01-19,21700668,BKN,101,Nets,no,0,2018,0,1,0,0,0,1,14,away,3.5,0.0,False,1.0,6.0,Pre-COVID,-1,0.0,NWG < 0,3.5,1.0,True,True,True
18306,NYK,117,Knicks,2018-01-19,21700672,UTA,115,Jazz,ESPN,0,2018,2,1,0,2,0,2,25,home,5.5,0.0,True,0.0,-2.0,Pre-COVID,1,0.6666666666666666,NWG > 0,-5.5,0.0,True,True,True
19800,SAS,83,Spurs,2018-01-19,21700667,TOR,86,Raptors,no,0,2018,0,0,0,0,0,0,21,home,6.0,0.0,True,0.0,3.0,Pre-COVID,0,,NWG = 0,-6.0,0.0,True,True,True
18055,GSW,108,Warriors,2018-01-20,21700679,HOU,116,Rockets,ABC,0,2018,1,0,0,1,0,0,17,away,3.0,0.0,False,1.0,8.0,Pre-COVID,1,1.0,NWG > 0,3.0,1.0,True,True,True
18687,MIA,106,Heat,2018-01-20,21700676,CHA,105,Hornets,no,0,2018,2,1,0,2,0,1,18,home,7.0,0.0,True,0.0,-1.0,Pre-COVID,1,0.6666666666666666,NWG > 0,-7.0,0.0,True,True,True
17828,TOR,109,Raptors,2018-01-20,21700680,MIN,115,Timberwolves,no,0,2018,0,0,0,0,0,0,23,away,1.5,0.0,False,1.0,6.0,Pre-COVID,0,,NWG = 0,1.5,1.0,True,True,True
17554,BKN,101,Nets,2018-01-21,21700685,DET,100,Pistons,no,0,2018,1,0,0,1,0,0,21,home,6.0,0.0,True,0.0,-1.0,Pre-COVID,1,1.0,NWG > 0,-6.0,0.0,True,True,True
17101,CHI,128,Bulls,2018-01-22,21700692,NOP,132,Pelicans,no,0,2018,2,1,0,2,0,1,42,home,6.5,0.0,True,0.0,4.0,Pre-COVID,1,0.6666666666666666,NWG > 0,-6.5,0.0,True,True,True
18055,MIA,90,Heat,2018-01-22,21700689,HOU,99,Rockets,NBA TV,0,2018,1,1,0,0,1,1,16,home,11.0,0.0,True,0.0,9.0,Pre-COVID,0,0.5,NWG = 0,-11.0,0.0,True,True,True
16347,MIN,126,Timberwolves,2018-01-22,21700695,LAC,118,Clippers,NBA TV,0,2018,1,0,0,1,0,0,16,home,2.5,0.0,True,0.0,-8.0,Pre-COVID,1,1.0,NWG > 0,-2.5,0.0,True,True,True
14288,PHI,101,76ers,2018-01-22,21700690,MEM,105,Grizzlies,no,0,2018,2,1,0,1,1,2,16,away,3.0,0.0,False,1.0,4.0,Pre-COVID,1,0.6666666666666666,NWG > 0,3.0,1.0,True,True,True
14766,PHX,105,Suns,2018-01-22,21700691,MIL,109,Bucks,no,0,2018,0,0,0,0,0,0,14,home,5.5,0.0,True,0.0,4.0,Pre-COVID,0,,NWG = 0,-5.5,0.0,True,True,True
14474,POR,101,Trail Blazers,2018-01-22,21700694,DEN,104,Nuggets,no,0,2018,1,2,2,1,0,0,17,home,3.0,2.0,True,,3.0,Pre-COVID,-1,0.3333333333333333,NWG < 0,-3.0,0.0,False,True,True
11806,SAC,107,Kings,2018-01-22,21700687,CHA,112,Hornets,no,0,2018,0,0,0,0,0,0,18,home,10.5,0.0,True,0.0,5.0,Pre-COVID,0,,NWG = 0,-10.5,0.0,True,True,True
18203,BKN,108,Nets,2018-01-23,21700697,OKC,109,Thunder,no,0,2018,3,2,0,3,0,2,19,home,9.5,0.0,True,0.0,1.0,Pre-COVID,1,0.6,NWG > 0,-9.5,0.0,True,True,True
18997,BOS,107,Celtics,2018-01-23,21700700,LAL,108,Lakers,TNT,0,2018,2,1,0,2,0,1,27,away,5.0,0.0,False,1.0,1.0,Pre-COVID,1,0.6666666666666666,NWG > 0,5.0,1.0,True,True,True
18846,SAC,105,Kings,2018-01-23,21700696,ORL,99,Magic,no,0,2018,0,0,0,0,0,0,15,home,7.5,0.0,True,0.0,-6.0,Pre-COVID,0,,NWG = 0,-7.5,0.0,True,True,True
14588,NOP,101,Pelicans,2018-01-24,21700701,CHA,96,Hornets,no,0,2018,1,0,0,1,1,0,19,home,2.5,0.0,True,0.0,-5.0,Pre-COVID,1,1.0,NWG > 0,-2.5,0.0,True,True,True
15682,UTA,98,Jazz,2018-01-24,21700702,DET,95,Pistons,no,0,2018,5,0,0,5,0,0,32,home,2.0,0.0,True,0.0,-3.0,Pre-COVID,5,1.0,NWG > 0,-2.0,0.0,True,True,True
19600,SAC,89,Kings,2018-01-25,21700710,MIA,88,Heat,no,0,2018,1,0,0,1,0,0,21,home,9.5,0.0,True,0.0,-1.0,Pre-COVID,1,1.0,NWG > 0,-9.5,0.0,True,True,True
17186,HOU,113,Rockets,2018-01-26,21700720,NOP,115,Pelicans,ESPN,0,2018,0,0,0,0,0,0,17,away,4.5,0.0,False,1.0,2.0,Pre-COVID,0,,NWG = 0,4.5,1.0,True,True,True
21827,LAL,108,Lakers,2018-01-26,21700717,CHI,103,Bulls,no,0,2018,0,2,0,0,0,2,14,home,4.0,0.0,True,0.0,-5.0,Pre-COVID,-2,0.0,NWG < 0,-4.0,0.0,True,True,True
19800,UTA,97,Jazz,2018-01-26,21700716,TOR,93,Raptors,no,0,2018,0,2,1,0,0,1,13,home,8.0,0.0,True,0.0,-4.0,Pre-COVID,-2,0.0,NWG < 0,-8.0,0.0,True,True,True
19596,BOS,105,Celtics,2018-01-27,21700728,GSW,109,Warriors,ABC,0,2018,0,0,0,0,0,0,23,home,11.0,0.0,True,0.0,4.0,Pre-COVID,0,,NWG = 0,-11.0,0.0,True,True,True
19600,CHA,91,Hornets,2018-01-27,21700727,MIA,95,Heat,no,0,2018,1,0,0,1,0,0,16,home,4.0,2.0,True,,4.0,Pre-COVID,1,1.0,NWG > 0,-4.0,0.0,False,True,True
19520,DAL,89,Mavericks,2018-01-27,21700730,DEN,91,Nuggets,no,0,2018,0,3,1,0,0,2,14,home,8.0,0.0,True,0.0,2.0,Pre-COVID,-3,0.0,NWG < 0,-8.0,0.0,True,True,True
17923,ORL,112,Magic,2018-01-27,21700725,IND,114,Pacers,no,0,2018,2,0,0,2,0,0,21,home,6.0,0.0,True,0.0,2.0,Pre-COVID,2,1.0,NWG > 0,-6.0,0.0,True,True,True
16378,LAC,112,Clippers,2018-01-28,21700733,NOP,103,Pelicans,no,0,2018,0,0,0,0,0,0,16,home,2.0,0.0,True,0.0,-9.0,Pre-COVID,0,,NWG = 0,-2.0,0.0,True,True,True
19520,BOS,111,Celtics,2018-01-29,21700743,DEN,110,Nuggets,NBA TV,0,2018,0,0,0,0,0,0,17,home,1.5,0.0,True,0.0,-1.0,Pre-COVID,0,,NWG = 0,-1.5,0.0,True,True,True
19555,MIA,95,Heat,2018-01-29,21700742,DAL,88,Mavericks,no,0,2018,2,0,0,2,0,2,19,away,2.0,1.0,False,0.0,-7.0,Pre-COVID,2,1.0,NWG > 0,2.0,0.0,True,True,True
12589,MIN,100,Timberwolves,2018-01-29,21700739,ATL,105,Hawks,no,0,2018,1,1,0,1,0,1,21,away,6.5,0.0,False,1.0,5.0,Pre-COVID,0,0.5,NWG = 0,6.5,1.0,True,True,True
18418,DEN,104,Nuggets,2018-01-30,21700750,SAS,106,Spurs,no,0,2018,0,1,0,0,0,1,24,home,7.0,0.0,True,0.0,2.0,Pre-COVID,-1,0.0,NWG < 0,-7.0,0.0,True,True,True
19800,MIN,104,Timberwolves,2018-01-30,21700746,TOR,109,Raptors,no,0,2018,1,1,0,1,0,1,16,home,6.5,0.0,True,0.0,5.0,Pre-COVID,0,0.5,NWG = 0,-6.5,0.0,True,True,True
20356,OKC,96,Thunder,2018-01-30,21700744,WAS,102,Wizards,no,0,2018,0,0,0,0,0,0,25,away,3.5,0.0,False,1.0,6.0,Pre-COVID,0,,NWG = 0,3.5,1.0,True,True,True
18055,ORL,107,Magic,2018-01-30,21700748,HOU,114,Rockets,no,0,2018,0,0,0,0,0,0,16,home,13.0,0.0,True,0.0,7.0,Pre-COVID,0,,NWG = 0,-13.0,0.0,True,True,True
15093,MEM,101,Grizzlies,2018-01-31,21700753,IND,105,Pacers,no,0,2018,1,0,0,1,0,0,21,home,8.5,0.0,True,0.0,4.0,Pre-COVID,1,1.0,NWG > 0,-8.5,0.0,True,True,True
20562,MIA,89,Heat,2018-01-31,21700757,CLE,91,Cavaliers,no,0,2018,0,0,0,0,0,0,20,home,2.5,0.0,True,0.0,2.0,Pre-COVID,0,,NWG = 0,-2.5,0.0,True,True,True
17481,MEM,102,Grizzlies,2018-02-01,21700761,DET,104,Pistons,no,0,2018,1,1,0,1,0,1,26,home,8.5,0.0,True,0.0,2.0,Pre-COVID,0,0.5,NWG = 0,-8.5,0.0,True,True,True
18407,OKC,124,Thunder,2018-02-01,21700765,DEN,127,Nuggets,TNT,0,2018,0,0,0,0,0,0,22,away,1.5,0.0,False,1.0,3.0,Pre-COVID,0,,NWG = 0,1.5,1.0,True,True,True
15599,TOR,119,Raptors,2018-02-01,21700762,WAS,122,Wizards,no,0,2018,0,3,1,0,0,3,28,away,4.0,0.0,False,1.0,3.0,Pre-COVID,-3,0.0,NWG < 0,4.0,1.0,True,True,True
17732,LAL,102,Lakers,2018-02-02,21700768,BKN,99,Nets,no,0,2018,0,0,0,0,0,0,18,home,1.0,0.0,True,0.0,-3.0,Pre-COVID,0,,NWG = 0,-1.0,0.0,True,True,True
18717,NYK,90,Knicks,2018-02-02,21700771,MIL,92,Bucks,no,0,2018,0,0,0,0,0,0,16,home,4.5,0.0,True,0.0,2.0,Pre-COVID,0,,NWG = 0,-4.5,0.0,True,True,True
20103,GSW,108,Warriors,2018-02-03,21700782,DEN,115,Nuggets,no,0,2018,1,0,0,1,0,0,12,away,5.0,0.0,False,1.0,7.0,Pre-COVID,1,1.0,NWG > 0,5.0,1.0,True,True,True
18747,MIA,107,Heat,2018-02-03,21700776,DET,111,Pistons,no,0,2018,1,1,1,1,0,0,20,home,4.5,0.0,True,0.0,4.0,Pre-COVID,0,0.5,NWG = 0,-4.5,0.0,True,True,True
18418,UTA,120,Jazz,2018-02-03,21700781,SAS,111,Spurs,no,0,2018,0,0,0,0,0,0,17,home,6.5,0.0,True,0.0,-9.0,Pre-COVID,0,,NWG = 0,-6.5,0.0,True,True,True
19441,ATL,99,Hawks,2018-02-04,21700786,NYK,96,Knicks,no,0,2018,0,2,0,0,0,2,16,home,5.5,0.0,True,0.0,-3.0,Pre-COVID,-2,0.0,NWG < 0,-5.5,0.0,True,True,True
18203,LAL,108,Lakers,2018-02-04,21700788,OKC,104,Thunder,ABC,0,2018,2,0,0,2,0,0,23,home,9.5,0.0,True,0.0,-4.0,Pre-COVID,2,1.0,NWG > 0,-9.5,0.0,True,True,True
18624,POR,96,Trail Blazers,2018-02-04,21700784,BOS,97,Celtics,no,0,2018,0,1,1,0,0,0,18,away,1.5,0.0,False,1.0,1.0,Pre-COVID,-1,0.0,NWG < 0,1.5,1.0,True,True,True
17583,CHI,98,Bulls,2018-02-05,21700795,SAC,104,Kings,no,0,2018,0,2,0,0,0,2,22,home,2.0,1.0,True,1.0,6.0,Pre-COVID,-2,0.0,NWG < 0,-2.0,1.0,True,True,True
15127,DAL,101,Mavericks,2018-02-05,21700796,LAC,104,Clippers,NBA TV,0,2018,1,0,0,1,0,0,21,home,6.0,0.0,True,0.0,3.0,Pre-COVID,1,1.0,NWG > 0,-6.0,0.0,True,True,True
19600,ORL,111,Magic,2018-02-05,21700792,MIA,109,Heat,no,0,2018,0,0,0,0,0,2,22,home,8.5,0.0,True,0.0,-2.0,Pre-COVID,0,,NWG = 0,-8.5,0.0,True,True,True
20562,MIN,138,Timberwolves,2018-02-07,21700807,CLE,140,Cavaliers,ESPN,0,2018,0,0,0,0,0,0,22,away,3.5,0.0,False,1.0,2.0,Pre-COVID,0,,NWG = 0,3.5,1.0,True,True,True
16215,ATL,98,Hawks,2018-02-08,21700811,ORL,100,Magic,no,0,2018,1,1,1,1,0,0,19,away,1.5,0.0,False,1.0,2.0,Pre-COVID,0,0.5,NWG = 0,1.5,1.0,True,True,True
20356,BOS,110,Celtics,2018-02-08,21700813,WAS,104,Wizards,TNT,0,2018,4,0,0,4,0,0,43,away,2.0,1.0,False,0.0,-6.0,Pre-COVID,4,1.0,NWG > 0,2.0,0.0,True,True,True
19178,CHA,103,Hornets,2018-02-08,21700814,POR,109,Trail Blazers,no,0,2018,2,1,0,2,0,1,24,home,3.5,1.0,True,1.0,6.0,Pre-COVID,1,0.6666666666666666,NWG > 0,-3.5,1.0,True,True,True
20018,MIL,85,Bucks,2018-02-09,21700821,MIA,91,Heat,no,0,2018,1,2,1,1,0,1,24,home,1.5,1.0,True,1.0,6.0,Pre-COVID,-1,0.3333333333333333,NWG < 0,-1.5,1.0,True,True,True
21558,MIN,113,Timberwolves,2018-02-09,21700822,CHI,114,Bulls,ESPN,0,2018,1,0,0,1,0,0,16,away,7.5,0.0,False,1.0,1.0,Pre-COVID,1,1.0,NWG > 0,7.5,1.0,True,True,True
20162,LAL,123,Lakers,2018-02-10,21700830,DAL,130,Mavericks,no,0,2018,0,1,0,0,0,1,20,home,3.5,1.0,True,1.0,7.0,Pre-COVID,-1,0.0,NWG < 0,-3.5,1.0,True,True,True
18347,MIL,111,Bucks,2018-02-10,21700827,ORL,104,Magic,no,0,2018,1,0,0,1,0,0,17,away,5.0,1.0,False,0.0,-7.0,Pre-COVID,1,1.0,NWG > 0,5.0,0.0,True,True,True
16572,NOP,138,Pelicans,2018-02-10,21700826,BKN,128,Nets,no,0,2018,0,2,0,0,0,2,38,away,2.5,1.0,False,0.0,-10.0,Pre-COVID,-2,0.0,NWG < 0,2.5,0.0,True,True,True
15214,DET,115,Pistons,2018-02-11,21700834,ATL,118,Hawks,no,0,2018,0,2,0,0,0,2,23,away,3.5,0.0,False,1.0,3.0,Pre-COVID,-2,0.0,NWG < 0,3.5,1.0,True,True,True
18068,SAC,106,Kings,2018-02-11,21700838,MIN,111,Timberwolves,no,0,2018,0,1,0,0,0,2,18,home,13.0,0.0,True,0.0,5.0,Pre-COVID,-1,0.0,NWG < 0,-13.0,0.0,True,True,True
18611,ORL,101,Magic,2018-02-12,21700844,CHI,105,Bulls,no,0,2018,0,0,0,0,0,0,16,home,5.0,0.0,True,0.0,4.0,Pre-COVID,0,,NWG = 0,-5.0,0.0,True,True,True
18306,SAS,99,Spurs,2018-02-12,21700845,UTA,101,Jazz,no,0,2018,3,1,0,3,0,1,25,home,4.0,0.0,True,0.0,2.0,Pre-COVID,2,0.75,NWG > 0,-4.0,0.0,True,True,True
19800,MIA,112,Heat,2018-02-13,21700847,TOR,115,Raptors,no,0,2018,0,2,0,0,0,2,20,home,8.0,0.0,True,0.0,3.0,Pre-COVID,-2,0.0,NWG < 0,-8.0,0.0,True,True,True
18428,CHA,104,Hornets,2018-02-14,21700854,ORL,102,Magic,no,0,2018,2,0,0,2,0,0,26,away,6.0,0.0,False,1.0,-2.0,Pre-COVID,2,1.0,NWG > 0,6.0,1.0,True,True,True
19520,GSW,117,Warriors,2018-02-14,21700864,POR,123,Trail Blazers,ESPN,0,2018,1,0,0,1,0,0,28,away,6.5,0.0,False,1.0,6.0,Pre-COVID,1,1.0,NWG > 0,6.5,1.0,True,True,True
13159,IND,108,Pacers,2018-02-14,21700856,BKN,103,Nets,no,0,2018,0,1,0,0,0,1,21,away,3.5,1.0,False,0.0,-5.0,Pre-COVID,-1,0.0,NWG < 0,3.5,0.0,True,True,True
20492,MIA,102,Heat,2018-02-14,21700855,PHI,104,76ers,no,0,2018,1,0,0,1,0,1,20,home,4.0,0.0,True,0.0,2.0,Pre-COVID,1,1.0,NWG > 0,-4.0,0.0,True,True,True
16012,OKC,121,Thunder,2018-02-14,21700861,MEM,114,Grizzlies,no,0,2018,0,1,1,0,0,0,20,away,4.5,1.0,False,0.0,-7.0,Pre-COVID,-1,0.0,NWG < 0,4.5,0.0,True,True,True
17583,OKC,110,Thunder,2018-02-22,21700871,SAC,107,Kings,no,0,2018,1,0,0,1,0,1,15,away,8.0,0.0,False,1.0,-3.0,Pre-COVID,1,1.0,NWG > 0,8.0,1.0,True,True,True
21312,PHI,116,76ers,2018-02-22,21700870,CHI,115,Bulls,no,0,2018,0,0,0,0,0,0,17,away,7.0,0.0,False,1.0,-1.0,Pre-COVID,0,,NWG = 0,7.0,1.0,True,True,True
20562,WAS,110,Wizards,2018-02-22,21700869,CLE,103,Cavaliers,TNT,0,2018,0,1,0,0,0,1,16,home,6.5,0.0,True,0.0,-7.0,Pre-COVID,-1,0.0,NWG < 0,-6.5,0.0,True,True,True
17751,MIA,123,Heat,2018-02-23,21700879,NOP,124,Pelicans,no,0,2018,1,1,0,1,0,1,38,home,2.0,0.0,True,0.0,1.0,Pre-COVID,0,0.5,NWG = 0,-2.0,0.0,True,True,True
20047,MIL,122,Bucks,2018-02-23,21700876,TOR,119,Raptors,no,0,2018,1,2,0,1,0,2,40,home,7.0,0.0,True,0.0,-3.0,Pre-COVID,-1,0.3333333333333333,NWG < 0,-7.0,0.0,True,True,True
20027,SAS,119,Spurs,2018-02-23,21700880,DEN,122,Nuggets,no,0,2018,0,0,0,0,0,0,15,home,4.0,0.0,True,0.0,3.0,Pre-COVID,0,,NWG = 0,-4.0,0.0,True,True,True
18306,DAL,90,Mavericks,2018-02-24,21700890,UTA,97,Jazz,no,0,2018,1,1,0,1,0,1,19,home,10.0,0.0,True,0.0,7.0,Pre-COVID,0,0.5,NWG = 0,-10.0,0.0,True,True,True
17583,LAL,113,Lakers,2018-02-24,21700891,SAC,108,Kings,no,0,2018,1,0,0,1,0,0,22,away,1.5,1.0,False,0.0,-5.0,Pre-COVID,1,1.0,NWG > 0,1.5,0.0,True,True,True
17112,POR,106,Trail Blazers,2018-02-24,21700889,PHX,104,Suns,no,0,2018,0,0,0,0,0,0,16,away,6.5,0.0,False,1.0,-2.0,Pre-COVID,0,,NWG = 0,6.5,1.0,True,True,True
18717,NOP,123,Pelicans,2018-02-25,21700893,MIL,121,Bucks,no,0,2018,0,0,0,0,0,0,30,home,4.5,0.0,True,0.0,-2.0,Pre-COVID,0,,NWG = 0,-4.5,0.0,True,True,True
19536,IND,103,Pacers,2018-02-26,21700904,DAL,109,Mavericks,no,0,2018,0,1,0,0,0,2,27,away,3.0,0.0,False,1.0,6.0,Pre-COVID,-1,0.0,NWG < 0,3.0,1.0,True,True,True
14302,PHX,116,Suns,2018-02-26,21700902,NOP,125,Pelicans,no,0,2018,1,0,0,1,0,1,16,home,7.0,1.0,True,1.0,9.0,Pre-COVID,1,1.0,NWG > 0,-7.0,1.0,True,True,True
20562,BKN,123,Nets,2018-02-27,21700908,CLE,129,Cavaliers,no,0,2018,0,0,0,0,0,0,20,home,10.5,0.0,True,0.0,6.0,Pre-COVID,0,,NWG = 0,-10.5,0.0,True,True,True
15004,LAC,122,Clippers,2018-02-27,21700912,DEN,120,Nuggets,TNT,0,2018,0,2,0,0,0,2,14,home,5.5,0.0,True,0.0,-2.0,Pre-COVID,-2,0.0,NWG < 0,-5.5,0.0,True,True,True
19600,PHI,101,76ers,2018-02-27,21700909,MIA,102,Heat,no,0,2018,0,0,0,0,0,0,18,home,1.0,2.0,True,,1.0,Pre-COVID,0,,NWG = 0,-1.0,0.0,False,True,True
16093,WAS,107,Wizards,2018-02-27,21700910,MIL,104,Bucks,TNT,0,2018,0,0,0,0,0,0,22,home,3.0,0.0,True,0.0,-3.0,Pre-COVID,0,,NWG = 0,-3.0,0.0,True,True,True
13316,IND,102,Pacers,2018-02-28,21700915,ATL,107,Hawks,no,0,2018,0,0,0,0,0,0,15,away,4.0,0.0,False,1.0,5.0,Pre-COVID,0,,NWG = 0,4.0,1.0,True,True,True
18418,NOP,121,Pelicans,2018-02-28,21700920,SAS,116,Spurs,no,0,2018,1,0,0,1,0,0,20,home,4.5,0.0,True,0.0,-5.0,Pre-COVID,1,1.0,NWG > 0,-4.5,0.0,True,True,True
20202,OKC,111,Thunder,2018-02-28,21700919,DAL,110,Mavericks,no,0,2018,0,2,0,0,0,3,21,away,4.5,0.0,False,1.0,-1.0,Pre-COVID,-2,0.0,NWG < 0,4.5,1.0,True,True,True
17583,BKN,111,Nets,2018-03-01,21700924,SAC,116,Kings,no,0,2018,0,0,0,0,0,0,32,away,2.5,0.0,False,1.0,5.0,Pre-COVID,0,,NWG = 0,2.5,1.0,True,True,True
20487,CHA,99,Hornets,2018-03-02,21700927,PHI,110,76ers,no,0,2018,1,0,0,1,0,0,14,home,3.5,1.0,True,1.0,11.0,Pre-COVID,1,1.0,NWG > 0,-3.5,1.0,True,True,True
21017,DAL,100,Mavericks,2018-03-02,21700930,CHI,108,Bulls,no,0,2018,2,0,0,2,0,0,14,away,2.5,0.0,False,1.0,8.0,Pre-COVID,2,1.0,NWG > 0,2.5,1.0,True,True,True
16421,DEN,108,Nuggets,2018-03-02,21700931,MEM,102,Grizzlies,no,0,2018,0,1,0,0,0,1,18,away,9.0,0.0,False,1.0,-6.0,Pre-COVID,-1,0.0,NWG < 0,9.0,1.0,True,True,True
17223,DET,106,Pistons,2018-03-02,21700926,ORL,115,Magic,no,0,2018,0,0,0,0,0,0,17,away,2.5,0.0,False,1.0,9.0,Pre-COVID,0,,NWG = 0,2.5,1.0,True,True,True
16728,GSW,114,Warriors,2018-03-02,21700928,ATL,109,Hawks,no,0,2018,0,0,0,0,0,0,22,away,13.0,0.0,False,1.0,-5.0,Pre-COVID,0,,NWG = 0,13.0,1.0,True,True,True
17217,IND,103,Pacers,2018-03-02,21700932,MIL,96,Bucks,no,0,2018,0,1,0,0,0,1,21,home,3.5,0.0,True,0.0,-7.0,Pre-COVID,-1,0.0,NWG < 0,-3.5,0.0,True,True,True
18055,OKC,124,Thunder,2018-03-02,21700933,PHX,116,Suns,no,0,2018,1,0,0,1,0,0,25,away,8.0,2.0,False,,-8.0,Pre-COVID,1,1.0,NWG > 0,8.0,0.0,False,True,True
18476,BOS,120,Celtics,2018-03-03,21700939,HOU,123,Rockets,ABC,0,2018,0,0,0,0,0,0,26,home,8.0,0.0,True,0.0,3.0,Pre-COVID,0,,NWG = 0,-8.0,0.0,True,True,True
18557,LAL,116,Lakers,2018-03-03,21700940,SAS,112,Spurs,no,0,2018,0,0,0,0,0,0,18,home,6.0,0.0,True,0.0,-4.0,Pre-COVID,0,,NWG = 0,-6.0,0.0,True,True,True
17875,MEM,100,Grizzlies,2018-03-03,21700936,ORL,107,Magic,no,0,2018,0,1,0,0,0,1,21,home,7.0,2.0,True,,7.0,Pre-COVID,-1,0.0,NWG < 0,-7.0,0.0,False,True,True
16384,BKN,120,Nets,2018-03-04,21700948,LAC,123,Clippers,no,0,2018,1,0,0,1,0,0,16,home,7.5,0.0,True,0.0,3.0,Pre-COVID,1,1.0,NWG > 0,-7.5,0.0,True,True,True
19800,CHA,98,Hornets,2018-03-04,21700944,TOR,103,Raptors,no,0,2018,0,1,1,0,0,0,28,home,8.5,0.0,True,0.0,5.0,Pre-COVID,-1,0.0,NWG < 0,-8.5,0.0,True,True,True
16646,IND,98,Pacers,2018-03-04,21700945,WAS,95,Wizards,no,0,2018,1,2,0,1,0,2,20,home,4.0,0.0,True,0.0,-3.0,Pre-COVID,-1,0.3333333333333333,NWG < 0,-4.0,0.0,True,True,True
17583,NYK,99,Knicks,2018-03-04,21700949,SAC,102,Kings,no,0,2018,1,0,0,1,0,0,16,away,2.5,0.0,False,1.0,3.0,Pre-COVID,1,1.0,NWG > 0,2.5,1.0,True,True,True
15166,PHX,112,Suns,2018-03-04,21700943,ATL,113,Hawks,no,0,2018,1,0,0,1,0,0,22,home,1.5,0.0,True,0.0,1.0,Pre-COVID,1,1.0,NWG > 0,-1.5,0.0,True,True,True
18418,MEM,98,Grizzlies,2018-03-05,21700954,SAS,100,Spurs,no,0,2018,1,2,0,1,0,2,19,home,12.5,0.0,True,0.0,2.0,Pre-COVID,-1,0.3333333333333333,NWG < 0,-12.5,0.0,True,True,True
15874,MIL,89,Bucks,2018-03-05,21700951,IND,92,Pacers,no,0,2018,0,0,0,0,0,0,16,home,2.5,1.0,True,1.0,3.0,Pre-COVID,0,,NWG = 0,-2.5,1.0,True,True,True
18997,POR,108,Trail Blazers,2018-03-05,21700956,LAL,103,Lakers,NBA TV,0,2018,1,1,0,1,0,1,14,away,2.0,1.0,False,0.0,-5.0,Pre-COVID,0,0.5,NWG = 0,2.0,0.0,True,True,True
16582,MIA,113,Heat,2018-03-06,21700959,WAS,117,Wizards,no,0,2018,3,0,0,2,1,0,31,home,4.0,2.0,True,,4.0,Pre-COVID,3,1.0,NWG > 0,-4.0,0.0,False,True,True
16412,NOP,121,Pelicans,2018-03-06,21700964,LAC,116,Clippers,TNT,0,2018,0,0,0,0,0,0,16,home,2.0,0.0,True,0.0,-5.0,Pre-COVID,0,,NWG = 0,-2.0,0.0,True,True,True
20062,CLE,113,Cavaliers,2018-03-07,21700970,DEN,108,Nuggets,ESPN,0,2018,0,1,0,0,0,1,11,home,3.5,0.0,True,0.0,-5.0,Pre-COVID,-1,0.0,NWG < 0,-3.5,0.0,True,True,True
20210,MEM,110,Grizzlies,2018-03-07,21700967,CHI,119,Bulls,no,0,2018,0,0,0,0,0,0,15,home,3.5,1.0,True,1.0,9.0,Pre-COVID,0,,NWG = 0,-3.5,1.0,True,True,True
18997,ORL,107,Magic,2018-03-07,21700971,LAL,108,Lakers,no,0,2018,0,0,0,0,0,0,12,home,6.5,0.0,True,0.0,1.0,Pre-COVID,0,,NWG = 0,-6.5,0.0,True,True,True
17769,TOR,121,Raptors,2018-03-07,21700966,DET,119,Pistons,ESPN,0,2018,4,0,0,4,0,0,33,away,5.5,0.0,False,1.0,-2.0,Pre-COVID,4,1.0,NWG > 0,5.5,1.0,True,True,True
19596,SAS,107,Spurs,2018-03-08,21700976,GSW,110,Warriors,TNT,0,2018,0,0,0,0,0,0,23,home,11.0,0.0,True,0.0,3.0,Pre-COVID,0,,NWG = 0,-11.0,0.0,True,True,True
20131,HOU,105,Rockets,2018-03-09,21700979,TOR,108,Raptors,no,0,2018,0,0,0,0,0,0,23,away,2.5,0.0,False,1.0,3.0,Pre-COVID,0,,NWG = 0,2.5,1.0,True,True,True
19807,LAL,116,Lakers,2018-03-09,21700983,DEN,125,Nuggets,no,0,2018,0,0,0,0,0,0,16,home,7.0,1.0,True,1.0,9.0,Pre-COVID,0,,NWG = 0,-7.0,1.0,True,True,True
19336,PHX,115,Suns,2018-03-10,21700987,CHA,122,Hornets,no,0,2018,0,0,0,0,0,0,14,home,13.0,0.0,True,0.0,7.0,Pre-COVID,0,,NWG = 0,-13.0,0.0,True,True,True
15266,CHI,129,Bulls,2018-03-11,21700993,ATL,122,Hawks,no,0,2018,0,0,0,0,0,0,20,home,2.0,0.0,True,0.0,-7.0,Pre-COVID,0,,NWG = 0,-2.0,0.0,True,True,True
18978,GSW,103,Warriors,2018-03-11,21700994,MIN,109,Timberwolves,ABC,0,2018,1,0,0,1,0,0,13,away,3.5,0.0,False,1.0,6.0,Pre-COVID,1,1.0,NWG > 0,3.5,1.0,True,True,True
18624,IND,99,Pacers,2018-03-11,21700998,BOS,97,Celtics,no,0,2018,0,0,0,0,0,0,29,home,4.5,0.0,True,0.0,-2.0,Pre-COVID,0,,NWG = 0,-4.5,0.0,True,True,True
18203,SAC,101,Kings,2018-03-12,21701003,OKC,106,Thunder,no,0,2018,0,1,0,0,0,1,12,home,13.5,0.0,True,0.0,5.0,Pre-COVID,-1,0.0,NWG < 0,-13.5,0.0,True,True,True
15507,CHA,115,Hornets,2018-03-13,21701011,NOP,119,Pelicans,no,0,2018,0,1,0,0,0,1,21,home,5.0,0.0,True,0.0,4.0,Pre-COVID,-1,0.0,NWG < 0,-5.0,0.0,True,True,True
20531,IND,101,Pacers,2018-03-13,21701005,PHI,98,76ers,no,0,2018,2,0,0,2,0,0,22,home,6.5,0.0,True,0.0,-3.0,Pre-COVID,2,1.0,NWG > 0,-6.5,0.0,True,True,True
17078,MIN,116,Timberwolves,2018-03-13,21701006,WAS,111,Wizards,NBA TV,0,2018,3,0,0,3,0,0,25,home,3.0,0.0,True,0.0,-5.0,Pre-COVID,3,1.0,NWG > 0,-3.0,0.0,True,True,True
17583,MIA,119,Heat,2018-03-14,21701018,SAC,123,Kings,no,0,2018,2,0,0,2,0,0,29,away,7.0,0.0,False,1.0,4.0,Pre-COVID,2,1.0,NWG > 0,7.0,1.0,True,True,True
18624,WAS,125,Wizards,2018-03-14,21701017,BOS,124,Celtics,ESPN,0,2018,1,0,0,1,0,1,44,away,4.0,0.0,False,1.0,-1.0,Pre-COVID,1,1.0,NWG > 0,4.0,1.0,True,True,True
16511,CHI,111,Bulls,2018-03-15,21701024,MEM,110,Grizzlies,no,0,2018,0,0,0,0,0,0,16,home,2.5,0.0,True,0.0,-1.0,Pre-COVID,0,,NWG = 0,-2.5,0.0,True,True,True
18055,LAC,96,Clippers,2018-03-15,21701023,HOU,101,Rockets,NBA TV,0,2018,1,1,0,1,0,1,14,home,11.0,0.0,True,0.0,5.0,Pre-COVID,0,0.5,NWG = 0,-11.0,0.0,True,True,True
18418,NOP,93,Pelicans,2018-03-15,21701025,SAS,98,Spurs,no,0,2018,0,0,0,0,0,0,19,home,4.5,1.0,True,1.0,5.0,Pre-COVID,0,,NWG = 0,-4.5,1.0,True,True,True
17923,TOR,106,Raptors,2018-03-15,21701020,IND,99,Pacers,no,0,2018,0,1,0,0,0,1,15,away,4.0,1.0,False,0.0,-7.0,Pre-COVID,-1,0.0,NWG < 0,4.0,0.0,True,True,True
20666,BKN,116,Nets,2018-03-16,21701030,PHI,120,76ers,no,0,2018,0,0,0,0,0,0,24,home,8.5,0.0,True,0.0,4.0,Pre-COVID,0,,NWG = 0,-8.5,0.0,True,True,True
19800,DAL,115,Mavericks,2018-03-16,21701031,TOR,122,Raptors,no,0,2018,1,0,0,0,1,0,39,home,10.0,0.0,True,0.0,7.0,Pre-COVID,1,1.0,NWG > 0,-10.0,0.0,True,True,True
18997,MIA,92,Heat,2018-03-16,21701034,LAL,91,Lakers,NBA TV,0,2018,0,0,0,0,0,0,20,home,2.0,0.0,True,0.0,-1.0,Pre-COVID,0,,NWG = 0,-2.0,0.0,True,True,True
19596,SAC,98,Kings,2018-03-16,21701033,GSW,93,Warriors,no,0,2018,0,0,0,0,0,0,15,home,8.5,0.0,True,0.0,-5.0,Pre-COVID,0,,NWG = 0,-8.5,0.0,True,True,True
18717,ATL,117,Hawks,2018-03-17,21701041,MIL,122,Bucks,no,0,2018,0,0,0,0,0,1,16,home,10.5,0.0,True,0.0,5.0,Pre-COVID,0,,NWG = 0,-10.5,0.0,True,True,True
22983,CLE,114,Cavaliers,2018-03-17,21701039,CHI,109,Bulls,no,0,2018,0,0,0,0,0,0,13,away,7.5,0.0,False,1.0,-5.0,Pre-COVID,0,,NWG = 0,7.5,1.0,True,True,True
16501,DEN,94,Nuggets,2018-03-17,21701040,MEM,101,Grizzlies,no,0,2018,0,0,0,0,0,0,16,away,7.0,0.0,False,1.0,7.0,Pre-COVID,0,,NWG = 0,7.0,1.0,True,True,True
18306,SAC,97,Kings,2018-03-17,21701043,UTA,103,Jazz,no,0,2018,1,0,0,1,0,0,22,home,15.5,0.0,True,0.0,6.0,Pre-COVID,1,1.0,NWG > 0,-15.5,0.0,True,True,True
19800,OKC,132,Thunder,2018-03-18,21701046,TOR,125,Raptors,no,0,2018,0,1,0,0,0,1,23,home,6.0,0.0,True,0.0,-7.0,Pre-COVID,-1,0.0,NWG < 0,-6.0,0.0,True,True,True
19600,DEN,141,Nuggets,2018-03-19,21701054,MIA,149,Heat,no,0,2018,2,2,0,2,0,3,43,home,1.5,1.0,True,1.0,8.0,Pre-COVID,0,0.5,NWG = 0,-1.5,1.0,True,True,True
12856,MEM,115,Grizzlies,2018-03-19,21701053,BKN,118,Nets,no,0,2018,0,0,0,0,0,0,22,home,8.0,0.0,True,0.0,3.0,Pre-COVID,0,,NWG = 0,-8.0,0.0,True,True,True
18306,ATL,99,Hawks,2018-03-20,21701062,UTA,94,Jazz,no,0,2018,0,0,0,0,0,0,20,home,14.0,0.0,True,0.0,-5.0,Pre-COVID,0,,NWG = 0,-14.0,0.0,True,True,True
20012,HOU,115,Rockets,2018-03-20,21701064,POR,111,Trail Blazers,TNT,0,2018,1,0,0,0,1,0,19,away,4.0,2.0,False,,-4.0,Pre-COVID,1,1.0,NWG > 0,4.0,0.0,False,True,True
18624,OKC,99,Thunder,2018-03-20,21701059,BOS,100,Celtics,TNT,0,2018,0,0,0,0,0,0,20,away,5.0,0.0,False,1.0,1.0,Pre-COVID,0,,NWG = 0,5.0,1.0,True,True,True
10231,CHA,111,Hornets,2018-03-21,21701067,BKN,105,Nets,no,0,2018,1,1,1,1,0,0,18,away,1.0,1.0,False,0.0,-6.0,Pre-COVID,0,0.5,NWG = 0,1.0,0.0,True,True,True
14148,IND,92,Pacers,2018-03-21,21700809,NOP,96,Pelicans,no,0,2018,0,0,0,0,0,0,25,home,1.0,1.0,True,1.0,4.0,Pre-COVID,0,,NWG = 0,-1.0,1.0,True,True,True
20562,TOR,129,Raptors,2018-03-21,21701065,CLE,132,Cavaliers,ESPN,0,2018,0,0,0,0,0,0,18,away,1.5,0.0,False,1.0,3.0,Pre-COVID,0,,NWG = 0,1.5,1.0,True,True,True
18055,DET,96,Pistons,2018-03-22,21701074,HOU,100,Rockets,no,0,2018,0,1,0,0,0,1,31,home,11.0,0.0,True,0.0,4.0,Pre-COVID,-1,0.0,NWG < 0,-11.0,0.0,True,True,True
18037,LAL,125,Lakers,2018-03-22,21701075,NOP,128,Pelicans,no,0,2018,0,0,0,0,0,0,15,home,2.5,1.0,True,1.0,3.0,Pre-COVID,0,,NWG = 0,-2.5,1.0,True,True,True
19800,BKN,112,Nets,2018-03-23,21701082,TOR,116,Raptors,no,0,2018,0,0,0,0,0,1,26,home,11.0,0.0,True,0.0,4.0,Pre-COVID,0,,NWG = 0,-11.0,0.0,True,True,True
19575,BOS,105,Celtics,2018-03-23,21701086,POR,100,Trail Blazers,NBA TV,0,2018,0,1,0,0,0,1,24,home,8.0,0.0,True,0.0,-5.0,Pre-COVID,-1,0.0,NWG < 0,-8.0,0.0,True,True,True
19016,DEN,108,Nuggets,2018-03-23,21701079,WAS,100,Wizards,NBA TV,0,2018,2,0,0,2,0,0,21,home,1.5,0.0,True,0.0,-8.0,Pre-COVID,2,1.0,NWG > 0,-1.5,0.0,True,True,True
17923,LAC,104,Clippers,2018-03-23,21701078,IND,109,Pacers,no,0,2018,0,0,0,0,0,0,17,home,3.5,1.0,True,1.0,5.0,Pre-COVID,0,,NWG = 0,-3.5,1.0,True,True,True
18203,MIA,99,Heat,2018-03-23,21701084,OKC,105,Thunder,no,0,2018,0,0,0,0,0,0,19,home,6.0,2.0,True,,6.0,Pre-COVID,0,,NWG = 0,-6.0,0.0,False,True,True
18418,UTA,120,Jazz,2018-03-23,21701085,SAS,124,Spurs,no,0,2018,1,1,0,1,0,1,37,home,3.5,1.0,True,1.0,4.0,Pre-COVID,0,0.5,NWG = 0,-3.5,1.0,True,True,True
20085,CHA,102,Hornets,2018-03-24,21701093,DAL,98,Mavericks,no,0,2018,1,0,0,1,0,0,18,away,2.5,1.0,False,0.0,-4.0,Pre-COVID,1,1.0,NWG > 0,2.5,0.0,True,True,True
18119,LAL,100,Lakers,2018-03-24,21701092,MEM,93,Grizzlies,no,0,2018,1,0,0,0,1,0,14,away,6.5,1.0,False,0.0,-7.0,Pre-COVID,1,1.0,NWG > 0,6.5,0.0,True,True,True
17923,MIA,107,Heat,2018-03-25,21701096,IND,113,Pacers,no,0,2018,1,1,1,1,0,0,35,home,3.0,1.0,True,1.0,6.0,Pre-COVID,0,0.5,NWG = 0,-3.0,1.0,True,True,True
18884,NYK,101,Knicks,2018-03-25,21701098,WAS,97,Wizards,NBA TV,0,2018,0,0,0,0,0,0,21,home,10.5,0.0,True,0.0,-4.0,Pre-COVID,0,,NWG = 0,-10.5,0.0,True,True,True
18203,POR,108,Trail Blazers,2018-03-25,21701100,OKC,105,Thunder,no,0,2018,0,0,0,0,0,0,17,home,4.0,0.0,True,0.0,-3.0,Pre-COVID,0,,NWG = 0,-4.0,0.0,True,True,True
18717,SAS,103,Spurs,2018-03-25,21701095,MIL,106,Bucks,no,0,2018,0,0,0,0,0,0,14,away,1.5,0.0,False,1.0,3.0,Pre-COVID,0,,NWG = 0,1.5,1.0,True,True,True
14487,NYK,128,Knicks,2018-03-26,21701103,CHA,137,Hornets,no,0,2018,0,2,0,0,0,2,24,home,11.0,0.0,True,0.0,9.0,Pre-COVID,-2,0.0,NWG < 0,-11.0,0.0,True,True,True
19800,DEN,110,Nuggets,2018-03-27,21701109,TOR,114,Raptors,no,0,2018,1,1,0,1,0,1,24,home,8.0,0.0,True,0.0,4.0,Pre-COVID,0,0.5,NWG = 0,-8.0,0.0,True,True,True
15426,POR,107,Trail Blazers,2018-03-27,21701112,NOP,103,Pelicans,no,0,2018,0,0,0,0,0,0,21,away,1.5,1.0,False,0.0,-4.0,Pre-COVID,0,,NWG = 0,1.5,0.0,True,True,True
18306,BOS,97,Celtics,2018-03-28,21701121,UTA,94,Jazz,ESPN,0,2018,0,0,0,0,0,0,18,home,10.5,0.0,True,0.0,-3.0,Pre-COVID,0,,NWG = 0,-10.5,0.0,True,True,True
16050,POR,103,Trail Blazers,2018-03-28,21701119,MEM,108,Grizzlies,no,0,2018,0,1,1,0,0,0,20,away,5.5,0.0,False,1.0,5.0,Pre-COVID,-1,0.0,NWG < 0,5.5,1.0,True,True,True
11360,IND,106,Pacers,2018-03-29,21701127,SAC,103,Kings,no,0,2018,1,0,0,0,1,0,17,away,8.0,0.0,False,1.0,-3.0,Pre-COVID,1,1.0,NWG > 0,8.0,1.0,True,True,True
18418,OKC,99,Thunder,2018-03-29,21701126,SAS,103,Spurs,TNT,0,2018,1,2,0,1,0,2,21,home,1.5,1.0,True,1.0,4.0,Pre-COVID,-1,0.3333333333333333,NWG < 0,-1.5,1.0,True,True,True
18203,DEN,126,Nuggets,2018-03-30,21701133,OKC,125,Thunder,no,0,2018,1,1,0,1,0,1,40,home,3.5,0.0,True,0.0,-1.0,Pre-COVID,0,0.5,NWG = 0,-3.5,0.0,True,True,True
18997,MIL,124,Bucks,2018-03-30,21701136,LAL,122,Lakers,no,0,2018,1,0,0,1,0,0,37,away,1.0,1.0,False,0.0,-2.0,Pre-COVID,1,1.0,NWG > 0,1.0,0.0,True,True,True
20244,MIN,93,Timberwolves,2018-03-30,21701134,DAL,92,Mavericks,no,0,2018,1,0,0,1,0,0,19,away,5.0,0.0,False,1.0,-1.0,Pre-COVID,1,1.0,NWG > 0,5.0,1.0,True,True,True
20562,NOP,102,Pelicans,2018-03-30,21701131,CLE,107,Cavaliers,ESPN,0,2018,0,0,0,0,0,0,11,home,5.0,2.0,True,,5.0,Pre-COVID,0,,NWG = 0,-5.0,0.0,False,True,True
18055,PHX,103,Suns,2018-03-30,21701132,HOU,104,Rockets,no,0,2018,0,0,0,0,0,0,25,home,17.5,0.0,True,0.0,1.0,Pre-COVID,0,,NWG = 0,-17.5,0.0,True,True,True
19600,BKN,110,Nets,2018-03-31,21701141,MIA,109,Heat,no,0,2018,3,1,1,3,0,0,44,home,8.0,0.0,True,0.0,-1.0,Pre-COVID,2,0.75,NWG > 0,-8.0,0.0,True,True,True
15866,IND,111,Pacers,2018-04-01,21701146,LAC,104,Clippers,no,0,2018,0,0,0,0,0,0,11,home,3.0,0.0,True,0.0,-7.0,Pre-COVID,0,,NWG = 0,-3.0,0.0,True,True,True
19520,MIL,125,Bucks,2018-04-01,21701152,DEN,128,Nuggets,no,0,2018,0,0,0,0,0,0,33,home,5.5,0.0,True,0.0,3.0,Pre-COVID,0,,NWG = 0,-5.5,0.0,True,True,True
18997,SAC,84,Kings,2018-04-01,21701155,LAL,83,Lakers,NBA TV,0,2018,1,0,0,1,0,0,17,home,7.5,0.0,True,0.0,-1.0,Pre-COVID,1,1.0,NWG > 0,-7.5,0.0,True,True,True
19600,ATL,98,Hawks,2018-04-03,21701158,MIA,101,Heat,no,0,2018,0,0,0,0,0,1,21,home,13.0,0.0,True,0.0,3.0,Pre-COVID,0,,NWG = 0,-13.0,0.0,True,True,True
16188,BOS,102,Celtics,2018-04-03,21701162,MIL,106,Bucks,no,0,2018,0,0,0,0,0,0,19,home,4.5,0.0,True,0.0,4.0,Pre-COVID,0,,NWG = 0,-4.5,0.0,True,True,True
20139,CHA,114,Hornets,2018-04-03,21701160,CHI,120,Bulls,no,0,2018,1,2,0,1,0,2,16,away,5.5,0.0,False,1.0,6.0,Pre-COVID,-1,0.3333333333333333,NWG < 0,5.5,1.0,True,True,True
18203,GSW,111,Warriors,2018-04-03,21701163,OKC,107,Thunder,TNT,0,2018,0,0,0,0,0,0,15,home,4.0,0.0,True,0.0,-4.0,Pre-COVID,0,,NWG = 0,-4.0,0.0,True,True,True
14743,IND,104,Pacers,2018-04-03,21701165,DEN,107,Nuggets,no,0,2018,0,0,0,0,0,0,16,home,4.5,0.0,True,0.0,3.0,Pre-COVID,0,,NWG = 0,-4.5,0.0,True,True,True
16826,SAC,94,Kings,2018-04-03,21701167,PHX,97,Suns,no,0,2018,1,2,0,1,0,2,20,away,2.5,0.0,False,1.0,3.0,Pre-COVID,-1,0.3333333333333333,NWG < 0,2.5,1.0,True,True,True
17449,SAS,110,Spurs,2018-04-03,21701168,LAC,113,Clippers,TNT,0,2018,1,1,0,1,0,1,25,away,2.0,0.0,False,1.0,3.0,Pre-COVID,0,0.5,NWG = 0,2.0,1.0,True,True,True
18112,DAL,100,Mavericks,2018-04-04,21701170,ORL,105,Magic,no,0,2018,0,0,0,0,0,0,17,home,1.5,1.0,True,1.0,5.0,Pre-COVID,0,,NWG = 0,-1.5,1.0,True,True,True
18997,SAS,112,Spurs,2018-04-04,21701174,LAL,122,Lakers,ESPN,0,2018,0,1,0,0,0,1,19,away,6.5,0.0,False,1.0,10.0,Pre-COVID,-1,0.0,NWG < 0,6.5,1.0,True,True,True
18378,BKN,119,Nets,2018-04-05,21701178,MIL,111,Bucks,no,0,2018,0,0,0,0,0,0,19,home,9.5,0.0,True,0.0,-8.0,Pre-COVID,0,,NWG = 0,-9.5,0.0,True,True,True
16415,MIN,96,Timberwolves,2018-04-05,21701180,DEN,100,Nuggets,TNT,0,2018,0,1,1,0,0,1,20,home,4.5,0.0,True,0.0,4.0,Pre-COVID,-1,0.0,NWG < 0,-4.5,0.0,True,True,True
18055,POR,94,Trail Blazers,2018-04-05,21701177,HOU,96,Rockets,no,0,2018,1,1,0,0,1,1,20,home,11.0,0.0,True,0.0,2.0,Pre-COVID,0,0.5,NWG = 0,-11.0,0.0,True,True,True
20562,WAS,115,Wizards,2018-04-05,21701176,CLE,119,Cavaliers,TNT,0,2018,0,0,0,0,0,0,22,home,6.0,0.0,True,0.0,4.0,Pre-COVID,0,,NWG = 0,-6.0,0.0,True,True,True
19557,ATL,103,Hawks,2018-04-06,21701184,WAS,97,Wizards,no,0,2018,1,0,0,1,0,0,22,home,10.5,0.0,True,0.0,-6.0,Pre-COVID,1,1.0,NWG > 0,-10.5,0.0,True,True,True
20769,CLE,130,Cavaliers,2018-04-06,21701183,PHI,132,76ers,NBA TV,0,2018,1,0,0,1,0,0,19,home,3.5,0.0,True,0.0,2.0,Pre-COVID,1,1.0,NWG > 0,-3.5,0.0,True,True,True
18768,DAL,106,Mavericks,2018-04-06,21701181,DET,113,Pistons,no,0,2018,0,0,0,0,0,1,29,home,7.0,2.0,True,,7.0,Pre-COVID,0,,NWG = 0,-7.0,0.0,False,True,True
16527,SAC,94,Kings,2018-04-06,21701188,MEM,93,Grizzlies,no,0,2018,0,0,0,0,0,0,11,away,4.0,0.0,False,1.0,-1.0,Pre-COVID,0,,NWG = 0,4.0,1.0,True,True,True
19596,NOP,126,Pelicans,2018-04-07,21701195,GSW,120,Warriors,no,0,2018,0,0,0,0,0,0,17,home,5.5,0.0,True,0.0,-6.0,Pre-COVID,0,,NWG = 0,-5.5,0.0,True,True,True
18624,ATL,112,Hawks,2018-04-08,21701202,BOS,106,Celtics,no,0,2018,0,0,0,0,0,0,17,home,9.5,0.0,True,0.0,-6.0,Pre-COVID,0,,NWG = 0,-9.5,0.0,True,True,True
17467,POR,82,Trail Blazers,2018-04-09,21701211,DEN,88,Nuggets,no,0,2018,0,0,0,0,0,0,21,home,4.5,1.0,True,1.0,6.0,Pre-COVID,0,,NWG = 0,-4.5,1.0,True,True,True
18997,HOU,105,Rockets,2018-04-10,21701218,LAL,99,Lakers,TNT,0,2018,0,0,0,0,0,0,19,away,8.5,0.0,False,1.0,-6.0,Pre-COVID,0,,NWG = 0,8.5,1.0,True,True,True
18978,DEN,106,Nuggets,2018-04-11,21701225,MIN,112,Timberwolves,NBA TV,0,2018,1,0,0,1,0,1,41,home,3.5,1.0,True,1.0,6.0,Pre-COVID,1,1.0,NWG > 0,-3.5,1.0,True,True,True
19600,TOR,109,Raptors,2018-04-11,21701221,MIA,116,Heat,no,0,2018,1,2,0,1,0,2,16,home,2.5,1.0,True,1.0,7.0,Pre-COVID,-1,0.3333333333333333,NWG < 0,-2.5,1.0,True,True,True
19882,NOP,97,Pelicans,2018-04-14,41700161,POR,95,Trail Blazers,ESPN,1,2018,1,1,0,1,0,1,25,home,5.0,0.0,True,0.0,-2.0,Pre-COVID,0,0.5,NWG = 0,-5.0,0.0,True,True,True
18624,MIL,107,Bucks,2018-04-15,41700111,BOS,113,Celtics,TNT,1,2018,3,0,0,1,2,2,37,home,3.5,1.0,True,1.0,6.0,Pre-COVID,3,1.0,NWG > 0,-3.5,1.0,True,True,True
18055,MIN,101,Timberwolves,2018-04-15,41700141,HOU,104,Rockets,TNT,1,2018,1,0,0,1,0,0,13,home,11.5,0.0,True,0.0,3.0,Pre-COVID,1,1.0,NWG > 0,-11.5,0.0,True,True,True
20066,NOP,111,Pelicans,2018-04-17,41700162,POR,102,Trail Blazers,TNT,1,2018,0,0,0,0,0,0,15,home,6.0,0.0,True,0.0,-9.0,Pre-COVID,0,,NWG = 0,-6.0,0.0,True,True,True
20562,IND,97,Pacers,2018-04-18,41700132,CLE,100,Cavaliers,TNT,1,2018,0,0,0,0,0,0,16,home,8.0,0.0,True,0.0,3.0,Pre-COVID,0,,NWG = 0,-8.0,0.0,True,True,True
17923,CLE,90,Cavaliers,2018-04-20,41700133,IND,92,Pacers,ESPN,1,2018,0,0,0,0,0,0,12,home,1.5,1.0,True,1.0,2.0,Pre-COVID,0,,NWG = 0,-1.5,1.0,True,True,True
19804,PHI,106,76ers,2018-04-21,41700124,MIA,102,Heat,TNT,1,2018,1,0,0,0,1,0,20,away,4.0,2.0,False,,-4.0,Pre-COVID,1,1.0,NWG > 0,4.0,0.0,False,True,True
18717,BOS,102,Celtics,2018-04-22,41700114,MIL,104,Bucks,ABC,1,2018,2,1,0,2,0,1,14,home,6.0,0.0,True,0.0,2.0,Pre-COVID,1,0.6666666666666666,NWG > 0,-6.0,0.0,True,True,True
17923,CLE,104,Cavaliers,2018-04-22,41700134,IND,100,Pacers,TNT,1,2018,0,1,0,0,0,1,14,away,1.5,1.0,False,0.0,-4.0,Pre-COVID,-1,0.0,NWG < 0,1.5,0.0,True,True,True
20356,TOR,98,Raptors,2018-04-22,41700104,WAS,106,Wizards,TNT,1,2018,1,0,0,1,0,0,15,away,1.5,0.0,False,1.0,8.0,Pre-COVID,1,1.0,NWG > 0,1.5,1.0,True,True,True
18624,MIL,87,Bucks,2018-04-24,41700115,BOS,92,Celtics,NBA TV,1,2018,0,0,0,0,0,0,15,home,4.5,1.0,True,1.0,5.0,Pre-COVID,0,,NWG = 0,-4.5,1.0,True,True,True
19596,SAS,91,Spurs,2018-04-24,41700155,GSW,99,Warriors,TNT,1,2018,1,1,1,1,0,0,13,home,11.0,0.0,True,0.0,8.0,Pre-COVID,0,0.5,NWG = 0,-11.0,0.0,True,True,True
20562,IND,95,Pacers,2018-04-25,41700135,CLE,98,Cavaliers,TNT,1,2018,2,0,0,1,1,0,14,home,6.5,0.0,True,0.0,3.0,Pre-COVID,2,1.0,NWG > 0,-6.5,0.0,True,True,True
18306,OKC,91,Thunder,2018-04-27,41700176,UTA,96,Jazz,ESPN,1,2018,1,0,0,1,0,0,21,home,7.0,0.0,True,0.0,5.0,Pre-COVID,1,1.0,NWG > 0,-7.0,0.0,True,True,True
19954,CLE,113,Cavaliers,2018-05-01,41700201,TOR,112,Raptors,TNT,1,2018,3,0,0,2,1,0,27,home,7.0,0.0,True,0.0,-1.0,Pre-COVID,3,1.0,NWG > 0,-7.0,0.0,True,True,True
18624,PHI,103,76ers,2018-05-03,41700212,BOS,108,Celtics,TNT,1,2018,0,0,0,0,0,0,15,away,3.5,0.0,False,1.0,5.0,Pre-COVID,0,,NWG = 0,3.5,1.0,True,True,True
20758,BOS,101,Celtics,2018-05-05,41700213,PHI,98,76ers,ESPN,1,2018,0,0,0,0,0,0,37,home,9.5,0.0,True,0.0,-3.0,Pre-COVID,0,,NWG = 0,-9.5,0.0,True,True,True
20562,TOR,103,Raptors,2018-05-05,41700203,CLE,105,Cavaliers,ABC,1,2018,0,0,0,0,0,0,15,home,4.5,0.0,True,0.0,2.0,Pre-COVID,0,,NWG = 0,-4.5,0.0,True,True,True
18624,PHI,112,76ers,2018-05-09,41700215,BOS,114,Celtics,TNT,1,2018,2,2,0,2,0,2,18,home,1.5,1.0,True,1.0,2.0,Pre-COVID,0,0.5,NWG = 0,-1.5,1.0,True,True,True
19596,HOU,95,Rockets,2018-05-22,41700314,GSW,92,Warriors,TNT,1,2018,0,0,0,0,0,0,18,home,8.0,0.0,True,0.0,-3.0,Pre-COVID,0,,NWG = 0,-8.0,0.0,True,True,True
18208,GSW,94,Warriors,2018-05-24,41700315,HOU,98,Rockets,TNT,1,2018,0,1,0,0,0,1,14,away,1.0,0.0,False,1.0,4.0,Pre-COVID,-1,0.0,NWG < 0,1.0,1.0,True,True,True
19596,CLE,114,Cavaliers,2018-05-31,41700401,GSW,124,Warriors,ABC,1,2018,1,0,0,1,0,0,13,home,13.0,0.0,True,0.0,10.0,Pre-COVID,1,1.0,NWG > 0,-13.0,0.0,True,True,True
20562,GSW,110,Warriors,2018-06-06,41700403,CLE,102,Cavaliers,ABC,1,2018,0,0,0,0,0,0,10,away,3.0,1.0,False,0.0,-8.0,Pre-COVID,0,,NWG = 0,3.0,0.0,True,True,True
19596,OKC,100,Thunder,2018-10-16,21800002,GSW,108,Warriors,TNT,0,2019,0,0,0,0,0,0,20,home,12.0,0.0,True,0.0,8.0,Pre-COVID,0,,NWG = 0,-12.0,0.0,True,True,True
20332,BKN,100,Nets,2018-10-17,21800004,DET,103,Pistons,no,0,2019,1,0,0,0,1,1,23,home,6.0,0.0,True,0.0,3.0,Pre-COVID,1,1.0,NWG > 0,-6.0,0.0,True,True,True
19068,DEN,107,Nuggets,2018-10-17,21800012,LAC,98,Clippers,no,0,2019,0,1,0,0,0,1,22,away,2.0,1.0,False,0.0,-9.0,Pre-COVID,-1,0.0,NWG < 0,2.0,0.0,True,True,True
19191,MIA,101,Heat,2018-10-17,21800006,ORL,104,Magic,no,0,2019,1,2,1,1,0,1,24,away,2.5,0.0,False,1.0,3.0,Pre-COVID,-1,0.3333333333333333,NWG < 0,2.5,1.0,True,True,True
17889,MIL,113,Bucks,2018-10-17,21800003,CHA,112,Hornets,no,0,2019,2,0,0,1,1,0,19,away,3.0,0.0,False,1.0,-1.0,Pre-COVID,2,1.0,NWG > 0,3.0,1.0,True,True,True
18354,MIN,108,Timberwolves,2018-10-17,21800010,SAS,112,Spurs,no,0,2019,0,0,0,0,0,0,13,home,2.5,1.0,True,1.0,4.0,Pre-COVID,0,,NWG = 0,-2.5,1.0,True,True,True
20409,MIA,113,Heat,2018-10-18,21800015,WAS,112,Wizards,no,0,2019,0,1,0,0,0,1,24,home,6.0,0.0,True,0.0,-1.0,Pre-COVID,-1,0.0,NWG < 0,-6.0,0.0,True,True,True
18306,GSW,124,Warriors,2018-10-19,21800024,UTA,123,Jazz,ESPN,0,2019,0,1,0,0,0,1,26,away,2.5,0.0,False,1.0,-1.0,Pre-COVID,-1,0.0,NWG < 0,2.5,1.0,True,True,True
17732,NYK,105,Knicks,2018-10-19,21800018,BKN,107,Nets,no,0,2019,1,1,0,1,0,1,18,home,4.0,0.0,True,0.0,2.0,Pre-COVID,0,0.5,NWG = 0,-4.0,0.0,True,True,True
19427,BOS,103,Celtics,2018-10-20,21800028,NYK,101,Knicks,no,0,2019,1,1,1,1,0,0,20,away,9.5,0.0,False,1.0,-2.0,Pre-COVID,0,0.5,NWG = 0,9.5,1.0,True,True,True
19600,CHA,113,Hornets,2018-10-20,21800030,MIA,112,Heat,no,0,2019,1,0,0,1,0,0,10,home,3.5,0.0,True,0.0,-1.0,Pre-COVID,1,1.0,NWG > 0,-3.5,0.0,True,True,True
21289,DET,118,Pistons,2018-10-20,21800031,CHI,116,Bulls,no,0,2019,1,1,0,1,0,1,17,away,5.0,0.0,False,1.0,-2.0,Pre-COVID,0,0.5,NWG = 0,5.0,1.0,True,True,True
20205,MIN,136,Timberwolves,2018-10-20,21800032,DAL,140,Mavericks,no,0,2019,0,1,0,0,0,2,27,home,2.0,1.0,True,1.0,4.0,Pre-COVID,-1,0.0,NWG < 0,-2.0,1.0,True,True,True
20300,ORL,115,Magic,2018-10-20,21800029,PHI,116,76ers,no,0,2019,0,0,0,0,0,0,23,home,12.5,0.0,True,0.0,1.0,Pre-COVID,0,,NWG = 0,-12.5,0.0,True,True,True
16185,TOR,117,Raptors,2018-10-20,21800027,WAS,113,Wizards,NBA TV,0,2019,1,1,0,1,0,1,11,home,2.0,0.0,True,0.0,-4.0,Pre-COVID,0,0.5,NWG = 0,-2.0,0.0,True,True,True
19520,GSW,98,Warriors,2018-10-21,21800038,DEN,100,Nuggets,no,0,2019,0,1,0,0,0,1,26,away,4.5,0.0,False,1.0,2.0,Pre-COVID,-1,0.0,NWG < 0,4.5,1.0,True,True,True
16149,HOU,112,Rockets,2018-10-21,21800039,LAC,115,Clippers,NBA TV,0,2019,0,1,0,0,0,1,11,home,2.5,1.0,True,1.0,3.0,Pre-COVID,-1,0.0,NWG < 0,-2.5,1.0,True,True,True
18624,ORL,93,Magic,2018-10-22,21800040,BOS,90,Celtics,NBA TV,0,2019,1,1,0,1,0,2,29,home,11.0,0.0,True,0.0,-3.0,Pre-COVID,0,0.5,NWG = 0,-11.0,0.0,True,True,True
18997,SAS,143,Spurs,2018-10-22,21800048,LAL,142,Lakers,NBA TV,0,2019,1,1,0,1,0,1,40,home,2.0,0.0,True,0.0,-1.0,Pre-COVID,0,0.5,NWG = 0,-2.0,0.0,True,True,True
19187,WAS,125,Wizards,2018-10-22,21800046,POR,124,Trail Blazers,no,0,2019,3,1,0,2,1,1,44,home,4.5,0.0,True,0.0,-1.0,Pre-COVID,2,0.75,NWG > 0,-4.5,0.0,True,True,True
14418,PHI,132,76ers,2018-10-23,21800049,DET,133,Pistons,NBA TV,0,2019,3,0,0,2,1,0,50,away,1.0,0.0,False,1.0,1.0,Pre-COVID,3,1.0,NWG > 0,1.0,1.0,True,True,True
19170,CHA,110,Hornets,2018-10-24,21800056,CHI,112,Bulls,no,0,2019,1,1,0,1,0,1,18,away,4.5,0.0,False,1.0,2.0,Pre-COVID,0,0.5,NWG = 0,4.5,1.0,True,True,True
16705,DAL,104,Mavericks,2018-10-24,21800052,ATL,111,Hawks,ESPN,0,2019,0,1,0,0,0,1,24,away,2.0,0.0,False,1.0,7.0,Pre-COVID,-1,0.0,NWG < 0,2.0,1.0,True,True,True
18203,BOS,101,Celtics,2018-10-25,21800065,OKC,95,Thunder,TNT,0,2019,0,0,0,0,0,0,25,home,0.0,0.0,True,0.0,-6.0,Pre-COVID,0,,NWG = 0,-0.0,0.0,True,True,True
18997,DEN,114,Nuggets,2018-10-25,21800066,LAL,121,Lakers,TNT,0,2019,1,2,0,0,1,2,25,away,1.5,0.0,False,1.0,7.0,Pre-COVID,-1,0.3333333333333333,NWG < 0,1.5,1.0,True,True,True
15272,BKN,115,Nets,2018-10-26,21800072,NOP,117,Pelicans,no,0,2019,0,0,0,0,0,0,9,home,9.0,0.0,True,0.0,2.0,Pre-COVID,0,,NWG = 0,-9.0,0.0,True,True,True
14101,WAS,112,Wizards,2018-10-26,21800073,SAC,116,Kings,NBA TV,0,2019,0,0,0,0,0,0,17,away,5.5,0.0,False,1.0,4.0,Pre-COVID,0,,NWG = 0,5.5,1.0,True,True,True
20203,CHA,103,Hornets,2018-10-27,21800078,PHI,105,76ers,no,0,2019,1,0,0,1,0,0,20,home,7.0,0.0,True,0.0,2.0,Pre-COVID,1,1.0,NWG > 0,-7.0,0.0,True,True,True
18589,LAL,106,Lakers,2018-10-27,21800082,SAS,110,Spurs,no,0,2019,2,0,0,2,0,0,25,away,1.0,0.0,False,1.0,4.0,Pre-COVID,2,1.0,NWG > 0,1.0,1.0,True,True,True
17732,GSW,120,Warriors,2018-10-28,21800083,BKN,114,Nets,no,0,2019,0,1,0,0,0,1,20,away,9.5,0.0,False,1.0,-6.0,Pre-COVID,-1,0.0,NWG < 0,9.5,1.0,True,True,True
18354,DAL,108,Mavericks,2018-10-29,21800094,SAS,113,Spurs,no,0,2019,0,1,0,0,0,1,34,home,7.0,0.0,True,0.0,5.0,Pre-COVID,-1,0.0,NWG < 0,-7.0,0.0,True,True,True
18978,LAL,120,Lakers,2018-10-29,21800093,MIN,124,Timberwolves,NBA TV,0,2019,2,1,0,2,0,1,22,away,1.5,0.0,False,1.0,4.0,Pre-COVID,1,0.6666666666666666,NWG > 0,1.5,1.0,True,True,True
15217,NOP,111,Pelicans,2018-10-29,21800095,DEN,116,Nuggets,no,0,2019,0,0,0,0,0,1,17,home,9.5,0.0,True,0.0,5.0,Pre-COVID,0,,NWG = 0,-9.5,0.0,True,True,True
18624,DET,105,Pistons,2018-10-30,21800099,BOS,108,Celtics,no,0,2019,0,1,0,0,0,1,32,home,8.5,0.0,True,0.0,3.0,Pre-COVID,-1,0.0,NWG < 0,-8.5,0.0,True,True,True
18997,DAL,113,Mavericks,2018-10-31,21800109,LAL,114,Lakers,no,0,2019,0,0,0,0,0,0,18,home,7.5,0.0,True,0.0,1.0,Pre-COVID,0,,NWG = 0,-7.5,0.0,True,True,True
19027,DEN,108,Nuggets,2018-10-31,21800106,CHI,107,Bulls,no,0,2019,1,2,0,1,0,2,39,away,8.0,0.0,False,1.0,-1.0,Pre-COVID,-1,0.3333333333333333,NWG < 0,8.0,1.0,True,True,True
12862,DET,119,Pistons,2018-10-31,21800104,BKN,120,Nets,no,0,2019,2,2,1,2,0,1,34,home,2.0,0.0,True,0.0,1.0,Pre-COVID,0,0.5,NWG = 0,-2.0,0.0,True,True,True
18295,IND,107,Pacers,2018-10-31,21800105,NYK,101,Knicks,ESPN,0,2019,1,0,0,0,1,0,18,away,6.0,2.0,False,,-6.0,Pre-COVID,1,1.0,NWG > 0,6.0,0.0,False,True,True
10079,UTA,125,Jazz,2018-10-31,21800107,MIN,128,Timberwolves,no,0,2019,0,2,0,0,0,2,34,away,7.0,0.0,False,1.0,3.0,Pre-COVID,-2,0.0,NWG < 0,7.0,1.0,True,True,True
18624,MIL,113,Bucks,2018-11-01,21800115,BOS,117,Celtics,TNT,0,2019,1,1,0,1,0,1,25,home,2.5,1.0,True,1.0,4.0,Pre-COVID,0,0.5,NWG = 0,-2.5,1.0,True,True,True
14583,OKC,111,Thunder,2018-11-01,21800111,CHA,107,Hornets,no,0,2019,1,1,0,1,0,1,21,home,1.0,0.0,True,0.0,-4.0,Pre-COVID,0,0.5,NWG = 0,-1.0,0.0,True,True,True
19704,IND,107,Pacers,2018-11-02,21800120,CHI,105,Bulls,no,0,2019,0,0,0,0,0,0,29,away,7.0,0.0,False,1.0,-2.0,Pre-COVID,0,,NWG = 0,7.0,1.0,True,True,True
17505,BOS,101,Celtics,2018-11-03,21800127,IND,102,Pacers,NBA TV,0,2019,0,0,0,0,0,1,16,away,3.5,0.0,False,1.0,1.0,Pre-COVID,0,,NWG = 0,3.5,1.0,True,True,True
13074,MEM,100,Grizzlies,2018-11-04,21800136,PHX,102,Suns,no,0,2019,1,1,0,1,0,1,9,away,4.0,0.0,False,1.0,2.0,Pre-COVID,0,0.5,NWG = 0,4.0,1.0,True,True,True
19812,CHI,116,Bulls,2018-11-05,21800143,NYK,115,Knicks,no,0,2019,1,0,0,1,0,0,39,home,3.0,0.0,True,0.0,-1.0,Pre-COVID,1,1.0,NWG > 0,-3.0,0.0,True,True,True
15009,CLE,100,Cavaliers,2018-11-05,21800142,ORL,102,Magic,no,0,2019,3,2,0,3,0,2,25,home,4.0,0.0,True,0.0,2.0,Pre-COVID,1,0.6,NWG > 0,-4.0,0.0,True,True,True
14735,HOU,98,Rockets,2018-11-05,21800141,IND,94,Pacers,no,0,2019,1,2,0,1,0,2,25,home,0.0,0.0,True,0.0,-4.0,Pre-COVID,-1,0.3333333333333333,NWG < 0,-0.0,0.0,True,True,True
14148,MIA,120,Heat,2018-11-05,21800140,DET,115,Pistons,no,0,2019,1,2,0,1,0,2,40,home,3.0,0.0,True,0.0,-5.0,Pre-COVID,-1,0.3333333333333333,NWG < 0,-3.0,0.0,True,True,True
18203,NOP,116,Pelicans,2018-11-05,21800144,OKC,122,Thunder,NBA TV,0,2019,0,1,0,0,0,1,21,home,3.5,1.0,True,1.0,6.0,Pre-COVID,-1,0.0,NWG < 0,-3.5,1.0,True,True,True
15832,DEN,87,Nuggets,2018-11-07,21800158,MEM,89,Grizzlies,no,0,2019,0,0,0,0,0,0,18,away,3.5,0.0,False,1.0,2.0,Pre-COVID,0,,NWG = 0,3.5,1.0,True,True,True
16103,DET,103,Pistons,2018-11-07,21800154,ORL,96,Magic,no,0,2019,0,0,0,0,0,0,13,away,3.0,1.0,False,0.0,-7.0,Pre-COVID,0,,NWG = 0,3.0,0.0,True,True,True
18997,MIN,110,Timberwolves,2018-11-07,21800162,LAL,114,Lakers,ESPN,0,2019,1,0,0,1,0,0,18,home,6.0,0.0,True,0.0,4.0,Pre-COVID,1,1.0,NWG > 0,-6.0,0.0,True,True,True
17359,BOS,116,Celtics,2018-11-08,21800164,PHX,109,Suns,no,0,2019,1,1,0,1,0,1,35,away,9.5,0.0,False,1.0,-7.0,Pre-COVID,0,0.5,NWG = 0,9.5,1.0,True,True,True
19520,BKN,112,Nets,2018-11-09,21800171,DEN,110,Nuggets,no,0,2019,0,1,1,0,0,0,16,home,8.5,0.0,True,0.0,-2.0,Pre-COVID,-1,0.0,NWG < 0,-8.5,0.0,True,True,True
20424,CHA,132,Hornets,2018-11-09,21800168,PHI,133,76ers,NBA TV,0,2019,1,0,0,1,0,0,34,home,5.5,0.0,True,0.0,1.0,Pre-COVID,1,1.0,NWG > 0,-5.5,0.0,True,True,True
19600,IND,110,Pacers,2018-11-09,21800170,MIA,102,Heat,no,0,2019,0,3,0,0,0,3,26,away,2.5,1.0,False,0.0,-8.0,Pre-COVID,-3,0.0,NWG < 0,2.5,0.0,True,True,True
21506,CLE,98,Cavaliers,2018-11-10,21800178,CHI,99,Bulls,no,0,2019,0,0,0,0,0,0,16,home,4.5,0.0,True,0.0,1.0,Pre-COVID,0,,NWG = 0,-4.5,0.0,True,True,True
17486,MIL,126,Bucks,2018-11-10,21800175,LAC,128,Clippers,no,0,2019,0,0,0,0,0,0,34,away,4.0,0.0,False,1.0,2.0,Pre-COVID,0,,NWG = 0,4.0,1.0,True,True,True
16904,PHI,106,76ers,2018-11-10,21800179,MEM,112,Grizzlies,no,0,2019,1,0,0,1,0,0,36,home,4.5,1.0,True,1.0,6.0,Pre-COVID,1,1.0,NWG > 0,-4.5,1.0,True,True,True
18997,ATL,106,Hawks,2018-11-11,21800189,LAL,107,Lakers,no,0,2019,1,3,0,1,0,3,25,home,11.0,0.0,True,0.0,1.0,Pre-COVID,-2,0.25,NWG < 0,-11.0,0.0,True,True,True
19712,BOS,94,Celtics,2018-11-11,21800188,POR,100,Trail Blazers,no,0,2019,1,1,0,1,0,1,15,home,2.0,1.0,True,1.0,6.0,Pre-COVID,0,0.5,NWG = 0,-2.0,1.0,True,True,True
19520,MIL,121,Bucks,2018-11-11,21800187,DEN,114,Nuggets,no,0,2019,0,1,0,0,0,1,24,home,3.5,0.0,True,0.0,-7.0,Pre-COVID,-1,0.0,NWG < 0,-3.5,0.0,True,True,True
19068,GSW,116,Warriors,2018-11-12,21800198,LAC,121,Clippers,NBA TV,0,2019,0,0,0,0,0,1,35,away,3.5,0.0,False,1.0,5.0,Pre-COVID,0,,NWG = 0,3.5,1.0,True,True,True
19800,DET,106,Pistons,2018-11-14,21800206,TOR,104,Raptors,no,0,2019,0,0,0,0,0,0,32,home,9.5,0.0,True,0.0,-2.0,Pre-COVID,0,,NWG = 0,-9.5,0.0,True,True,True
16817,MEM,116,Grizzlies,2018-11-14,21800207,MIL,113,Bucks,no,0,2019,1,1,0,1,0,1,22,home,9.5,0.0,True,0.0,-3.0,Pre-COVID,0,0.5,NWG = 0,-9.5,0.0,True,True,True
15921,PHI,106,76ers,2018-11-14,21800202,ORL,111,Magic,no,0,2019,0,0,0,0,0,0,15,away,5.5,0.0,False,1.0,5.0,Pre-COVID,0,,NWG = 0,5.5,1.0,True,True,True
17463,SAS,111,Spurs,2018-11-15,21800215,LAC,116,Clippers,TNT,0,2019,2,2,0,2,0,2,29,home,6.5,0.0,True,0.0,5.0,Pre-COVID,0,0.5,NWG = 0,-6.5,0.0,True,True,True
17923,MIA,91,Heat,2018-11-16,21800217,IND,99,Pacers,no,0,2019,0,2,0,0,0,2,17,home,5.5,1.0,True,1.0,8.0,Pre-COVID,-2,0.0,NWG < 0,-5.5,1.0,True,True,True
14717,NYK,124,Knicks,2018-11-16,21800222,NOP,129,Pelicans,no,0,2019,0,0,0,0,0,0,16,home,11.0,0.0,True,0.0,5.0,Pre-COVID,0,,NWG = 0,-11.0,0.0,True,True,True
13811,SAC,104,Kings,2018-11-16,21800220,MEM,112,Grizzlies,no,0,2019,1,1,0,1,0,1,18,home,6.5,1.0,True,1.0,8.0,Pre-COVID,0,0.5,NWG = 0,-6.5,1.0,True,True,True
18624,TOR,116,Raptors,2018-11-16,21800216,BOS,123,Celtics,ESPN,0,2019,0,0,0,0,0,0,15,home,2.0,1.0,True,1.0,7.0,Pre-COVID,0,,NWG = 0,-2.0,1.0,True,True,True
20485,UTA,107,Jazz,2018-11-16,21800218,PHI,113,76ers,no,0,2019,0,0,0,0,0,0,19,home,2.5,1.0,True,1.0,6.0,Pre-COVID,0,,NWG = 0,-2.5,1.0,True,True,True
20260,GSW,109,Warriors,2018-11-17,21800232,DAL,112,Mavericks,no,0,2019,0,0,0,0,0,0,22,away,2.5,0.0,False,1.0,3.0,Pre-COVID,0,,NWG = 0,2.5,1.0,True,True,True
19426,PHI,122,76ers,2018-11-17,21800225,CHA,119,Hornets,no,0,2019,0,1,0,0,0,1,31,home,2.5,0.0,True,0.0,-3.0,Pre-COVID,-1,0.0,NWG < 0,-2.5,0.0,True,True,True
18040,BOS,112,Celtics,2018-11-19,21800239,CHA,117,Hornets,no,0,2019,2,1,1,2,0,0,23,away,3.5,0.0,False,1.0,5.0,Pre-COVID,1,0.6666666666666666,NWG > 0,3.5,1.0,True,True,True
17341,DEN,98,Nuggets,2018-11-19,21800245,MIL,104,Bucks,no,0,2019,0,0,0,0,0,1,17,home,5.5,1.0,True,1.0,6.0,Pre-COVID,0,,NWG = 0,-5.5,1.0,True,True,True
16250,OKC,113,Thunder,2018-11-19,21800247,SAC,117,Kings,NBA TV,0,2019,1,4,0,1,0,5,25,away,5.0,0.0,False,1.0,4.0,Pre-COVID,-3,0.2,NWG < 0,5.0,1.0,True,True,True
20459,PHX,114,Suns,2018-11-19,21800242,PHI,119,76ers,NBA TV,0,2019,0,2,0,0,0,2,15,home,11.0,0.0,True,0.0,5.0,Pre-COVID,-2,0.0,NWG < 0,-11.0,0.0,True,True,True
19812,POR,118,Trail Blazers,2018-11-20,21800251,NYK,114,Knicks,NBA TV,0,2019,0,0,0,0,0,0,18,away,7.0,0.0,False,1.0,-4.0,Pre-COVID,0,,NWG = 0,7.0,1.0,True,True,True
16016,TOR,93,Raptors,2018-11-20,21800248,ORL,91,Magic,no,0,2019,0,1,0,0,0,1,22,away,7.0,0.0,False,1.0,-2.0,Pre-COVID,-1,0.0,NWG < 0,7.0,1.0,True,True,True
15086,DEN,103,Nuggets,2018-11-21,21800260,MIN,101,Timberwolves,no,0,2019,1,0,0,1,0,0,15,home,0.0,0.0,True,0.0,-2.0,Pre-COVID,1,1.0,NWG > 0,-0.0,0.0,True,True,True
18055,DET,124,Pistons,2018-11-21,21800258,HOU,126,Rockets,no,0,2019,0,0,0,0,0,0,17,home,9.0,0.0,True,0.0,2.0,Pre-COVID,0,,NWG = 0,-9.0,0.0,True,True,True
19432,LAL,109,Lakers,2018-11-21,21800256,CLE,105,Cavaliers,ESPN,0,2019,1,0,0,1,0,0,25,away,9.0,0.0,False,1.0,-4.0,Pre-COVID,1,1.0,NWG > 0,9.0,1.0,True,True,True
18354,MEM,104,Grizzlies,2018-11-21,21800262,SAS,103,Spurs,no,0,2019,0,2,0,0,0,2,28,home,3.0,0.0,True,0.0,-1.0,Pre-COVID,-2,0.0,NWG < 0,-3.0,0.0,True,True,True
20352,NOP,120,Pelicans,2018-11-21,21800253,PHI,121,76ers,no,0,2019,0,0,0,0,0,0,21,home,3.5,0.0,True,0.0,1.0,Pre-COVID,0,,NWG = 0,-3.5,0.0,True,True,True
18624,NYK,117,Knicks,2018-11-21,21800255,BOS,109,Celtics,no,0,2019,4,1,0,4,0,3,30,home,14.5,0.0,True,0.0,-8.0,Pre-COVID,3,0.8,NWG > 0,-14.5,0.0,True,True,True
19014,PHX,116,Suns,2018-11-21,21800257,CHI,124,Bulls,no,0,2019,1,0,0,1,0,0,21,away,1.0,0.0,False,1.0,8.0,Pre-COVID,1,1.0,NWG > 0,1.0,1.0,True,True,True
18203,CHA,104,Hornets,2018-11-23,21800274,OKC,109,Thunder,no,0,2019,1,0,0,1,0,0,24,home,7.0,0.0,True,0.0,5.0,Pre-COVID,1,1.0,NWG > 0,-7.0,0.0,True,True,True
17268,HOU,111,Rockets,2018-11-23,21800267,DET,116,Pistons,NBA TV,0,2019,1,0,0,1,0,0,42,away,3.5,0.0,False,1.0,5.0,Pre-COVID,1,1.0,NWG > 0,3.5,1.0,True,True,True
15418,MEM,107,Grizzlies,2018-11-23,21800266,LAC,112,Clippers,no,0,2019,3,1,0,2,1,1,45,home,4.5,1.0,True,1.0,5.0,Pre-COVID,2,0.75,NWG > 0,-4.5,1.0,True,True,True
18948,NOP,109,Pelicans,2018-11-23,21800269,NYK,114,Knicks,no,0,2019,2,1,1,1,1,1,23,away,7.5,0.0,False,1.0,5.0,Pre-COVID,1,0.6666666666666666,NWG > 0,7.5,1.0,True,True,True
17852,PHX,116,Suns,2018-11-23,21800275,MIL,114,Bucks,no,0,2019,1,1,0,1,0,1,19,home,13.5,0.0,True,0.0,-2.0,Pre-COVID,0,0.5,NWG = 0,-13.5,0.0,True,True,True
19596,SAC,116,Kings,2018-11-24,21800285,GSW,117,Warriors,no,0,2019,0,0,0,0,0,0,24,home,6.5,0.0,True,0.0,1.0,Pre-COVID,0,,NWG = 0,-6.5,0.0,True,True,True
17559,SAS,129,Spurs,2018-11-24,21800284,MIL,135,Bucks,NBA TV,0,2019,0,2,0,0,0,2,20,home,10.0,0.0,True,0.0,6.0,Pre-COVID,-2,0.0,NWG < 0,-10.0,0.0,True,True,True
12977,CHA,123,Hornets,2018-11-25,21800288,ATL,124,Hawks,no,0,2019,2,1,0,2,0,1,20,away,6.5,0.0,False,1.0,1.0,Pre-COVID,1,0.6666666666666666,NWG > 0,6.5,1.0,True,True,True
19138,LAC,104,Clippers,2018-11-25,21800293,POR,100,Trail Blazers,no,0,2019,1,0,0,1,0,0,15,home,4.0,0.0,True,0.0,-4.0,Pre-COVID,1,1.0,NWG > 0,-4.0,0.0,True,True,True
14331,NYK,103,Knicks,2018-11-25,21800291,MEM,98,Grizzlies,no,0,2019,2,0,0,2,0,0,28,home,8.0,0.0,True,0.0,-5.0,Pre-COVID,2,1.0,NWG > 0,-8.0,0.0,True,True,True
18997,ORL,108,Magic,2018-11-25,21800286,LAL,104,Lakers,no,0,2019,0,1,0,0,0,1,17,home,7.5,0.0,True,0.0,-4.0,Pre-COVID,-1,0.0,NWG < 0,-7.5,0.0,True,True,True
15217,PHI,127,76ers,2018-11-25,21800289,BKN,125,Nets,no,0,2019,0,1,1,0,0,1,16,away,4.5,0.0,False,1.0,-2.0,Pre-COVID,-1,0.0,NWG < 0,4.5,1.0,True,True,True
16872,HOU,131,Rockets,2018-11-26,21800296,WAS,135,Wizards,NBA TV,0,2019,1,3,0,1,0,3,35,home,1.5,1.0,True,1.0,4.0,Pre-COVID,-2,0.25,NWG < 0,-1.5,1.0,True,True,True
13805,MIL,107,Bucks,2018-11-26,21800294,CHA,110,Hornets,no,0,2019,1,1,0,0,1,2,27,away,4.5,0.0,False,1.0,3.0,Pre-COVID,0,0.5,NWG = 0,4.5,1.0,True,True,True
19596,ORL,110,Magic,2018-11-26,21800300,GSW,116,Warriors,no,0,2019,0,1,1,0,0,0,23,home,7.0,0.0,True,0.0,6.0,Pre-COVID,-1,0.0,NWG < 0,-7.0,0.0,True,True,True
19006,SAS,108,Spurs,2018-11-26,21800297,CHI,107,Bulls,no,0,2019,0,1,0,0,0,1,14,away,6.5,0.0,False,1.0,-1.0,Pre-COVID,-1,0.0,NWG < 0,6.5,1.0,True,True,True
19600,ATL,115,Hawks,2018-11-27,21800302,MIA,113,Heat,no,0,2019,1,0,0,1,0,0,23,home,7.5,0.0,True,0.0,-2.0,Pre-COVID,1,1.0,NWG > 0,-7.5,0.0,True,True,True
13038,IND,109,Pacers,2018-11-27,21800305,PHX,104,Suns,no,0,2019,0,1,0,0,0,1,21,away,2.5,1.0,False,0.0,-5.0,Pre-COVID,-1,0.0,NWG < 0,2.5,0.0,True,True,True
16660,CHI,113,Bulls,2018-11-28,21800310,MIL,116,Bucks,no,0,2019,1,0,0,1,0,0,27,home,15.0,0.0,True,0.0,3.0,Pre-COVID,1,1.0,NWG > 0,-15.0,0.0,True,True,True
18865,ORL,112,Magic,2018-11-28,21800314,POR,115,Trail Blazers,NBA TV,0,2019,3,0,0,2,1,0,26,home,10.0,0.0,True,0.0,3.0,Pre-COVID,3,1.0,NWG > 0,-10.0,0.0,True,True,True
20073,GSW,128,Warriors,2018-11-29,21800316,TOR,131,Raptors,TNT,0,2019,1,0,0,1,0,0,41,home,9.5,0.0,True,0.0,3.0,Pre-COVID,1,1.0,NWG > 0,-9.5,0.0,True,True,True
19459,DEN,113,Nuggets,2018-11-30,21800329,POR,112,Trail Blazers,ESPN,0,2019,3,0,0,2,1,0,29,home,1.5,0.0,True,0.0,-1.0,Pre-COVID,3,1.0,NWG > 0,-1.5,0.0,True,True,True
12983,MEM,131,Grizzlies,2018-11-30,21800323,BKN,125,Nets,no,0,2019,3,4,0,2,1,5,70,away,2.5,1.0,False,0.0,-6.0,Pre-COVID,-1,0.42857142857142855,NWG < 0,2.5,0.0,True,True,True
19600,NOP,101,Pelicans,2018-11-30,21800324,MIA,106,Heat,no,0,2019,1,1,0,1,0,1,17,away,3.0,0.0,False,1.0,5.0,Pre-COVID,0,0.5,NWG = 0,3.0,1.0,True,True,True
17583,IND,110,Pacers,2018-12-01,21800336,SAC,111,Kings,no,0,2019,0,1,0,0,0,1,25,away,1.5,0.0,False,1.0,1.0,Pre-COVID,-1,0.0,NWG < 0,1.5,1.0,True,True,True
19812,MIL,134,Bucks,2018-12-01,21800330,NYK,136,Knicks,no,0,2019,2,0,0,1,2,0,42,away,8.5,0.0,False,1.0,2.0,Pre-COVID,2,1.0,NWG > 0,8.5,1.0,True,True,True
19551,LAC,110,Clippers,2018-12-02,21800341,DAL,114,Mavericks,no,0,2019,1,0,0,1,0,0,25,away,3.0,0.0,False,1.0,4.0,Pre-COVID,1,1.0,NWG > 0,3.0,1.0,True,True,True
19600,UTA,100,Jazz,2018-12-02,21800339,MIA,102,Heat,no,0,2019,0,0,0,0,0,0,16,away,4.0,0.0,False,1.0,2.0,Pre-COVID,0,,NWG = 0,4.0,1.0,True,True,True
10983,CLE,99,Cavaliers,2018-12-03,21800345,BKN,97,Nets,no,0,2019,2,1,0,2,0,1,20,home,6.0,0.0,True,0.0,-2.0,Pre-COVID,1,0.6666666666666666,NWG > 0,-6.0,0.0,True,True,True
19800,DEN,106,Nuggets,2018-12-03,21800347,TOR,103,Raptors,no,0,2019,1,1,0,1,0,1,28,home,7.0,0.0,True,0.0,-3.0,Pre-COVID,0,0.5,NWG = 0,-7.0,0.0,True,True,True
13822,LAC,129,Clippers,2018-12-03,21800349,NOP,126,Pelicans,no,0,2019,0,1,0,0,0,1,24,home,1.5,0.0,True,0.0,-3.0,Pre-COVID,-1,0.0,NWG < 0,-1.5,0.0,True,True,True
19440,WAS,110,Wizards,2018-12-03,21800346,NYK,107,Knicks,no,0,2019,0,1,0,0,0,1,12,away,2.0,1.0,False,0.0,-3.0,Pre-COVID,-1,0.0,NWG < 0,2.0,0.0,True,True,True
16446,CHI,90,Bulls,2018-12-04,21800350,IND,96,Pacers,no,0,2019,0,1,0,0,0,2,21,home,8.5,0.0,True,0.0,6.0,Pre-COVID,-1,0.0,NWG < 0,-8.5,0.0,True,True,True
16636,DEN,124,Nuggets,2018-12-05,21800356,ORL,118,Magic,no,0,2019,3,1,0,3,0,1,28,away,4.5,1.0,False,0.0,-6.0,Pre-COVID,2,0.75,NWG > 0,4.5,0.0,True,True,True
13161,OKC,114,Thunder,2018-12-05,21800358,BKN,112,Nets,no,0,2019,0,0,0,0,0,0,17,away,6.0,0.0,False,1.0,-2.0,Pre-COVID,0,,NWG = 0,6.0,1.0,True,True,True
18997,SAS,113,Spurs,2018-12-05,21800364,LAL,121,Lakers,ESPN,0,2019,1,1,0,1,0,1,16,home,7.5,1.0,True,1.0,8.0,Pre-COVID,0,0.5,NWG = 0,-7.5,1.0,True,True,True
13755,DEN,107,Nuggets,2018-12-07,21800368,CHA,113,Hornets,no,0,2019,0,1,0,0,0,1,27,home,1.0,1.0,True,1.0,6.0,Pre-COVID,-1,0.0,NWG < 0,-1.0,1.0,True,True,True
18447,MEM,107,Grizzlies,2018-12-07,21800374,NOP,103,Pelicans,no,0,2019,1,1,0,1,0,1,18,home,5.0,0.0,True,0.0,-4.0,Pre-COVID,0,0.5,NWG = 0,-5.0,0.0,True,True,True
19842,OKC,112,Thunder,2018-12-07,21800373,CHI,114,Bulls,no,0,2019,0,0,0,0,0,0,21,away,8.5,0.0,False,1.0,2.0,Pre-COVID,0,,NWG = 0,8.5,1.0,True,True,True
14035,TOR,105,Raptors,2018-12-07,21800371,BKN,106,Nets,no,0,2019,1,0,0,1,0,0,38,away,8.5,0.0,False,1.0,1.0,Pre-COVID,1,1.0,NWG > 0,8.5,1.0,True,True,True
20254,HOU,104,Rockets,2018-12-08,21800378,DAL,107,Mavericks,no,0,2019,1,0,0,1,0,0,19,away,3.5,0.0,False,1.0,3.0,Pre-COVID,1,1.0,NWG > 0,3.5,1.0,True,True,True
19359,MIN,105,Timberwolves,2018-12-08,21800385,POR,113,Trail Blazers,NBA TV,0,2019,1,0,0,1,0,0,15,home,3.5,1.0,True,1.0,8.0,Pre-COVID,1,1.0,NWG > 0,-3.5,1.0,True,True,True
19800,MIL,104,Bucks,2018-12-09,21800388,TOR,99,Raptors,NBA TV,0,2019,0,0,0,0,0,1,21,home,5.0,0.0,True,0.0,-5.0,Pre-COVID,0,,NWG = 0,-5.0,0.0,True,True,True
12088,LAC,123,Clippers,2018-12-10,21800399,PHX,119,Suns,no,0,2019,0,0,0,0,0,0,34,away,9.5,0.0,False,1.0,-4.0,Pre-COVID,0,,NWG = 0,9.5,1.0,True,True,True
15278,MEM,99,Grizzlies,2018-12-10,21800398,DEN,105,Nuggets,no,0,2019,2,3,0,2,0,3,21,home,3.0,1.0,True,1.0,6.0,Pre-COVID,-1,0.4,NWG < 0,-3.0,1.0,True,True,True
18997,MIA,105,Heat,2018-12-10,21800401,LAL,108,Lakers,NBA TV,0,2019,0,0,0,0,0,1,25,home,5.0,0.0,True,0.0,3.0,Pre-COVID,0,,NWG = 0,-5.0,0.0,True,True,True
20376,BKN,127,Nets,2018-12-12,21800408,PHI,124,76ers,no,0,2019,0,0,0,0,0,0,25,home,6.0,0.0,True,0.0,-3.0,Pre-COVID,0,,NWG = 0,-6.0,0.0,True,True,True
20409,BOS,130,Celtics,2018-12-12,21800409,WAS,125,Wizards,no,0,2019,0,0,0,0,0,1,39,away,3.5,1.0,False,0.0,-5.0,Pre-COVID,0,,NWG = 0,3.5,0.0,True,True,True
13997,DET,107,Pistons,2018-12-12,21800405,CHA,108,Hornets,no,0,2019,2,0,0,2,0,0,25,home,5.5,0.0,True,0.0,1.0,Pre-COVID,2,1.0,NWG > 0,-5.5,0.0,True,True,True
19432,NYK,106,Knicks,2018-12-12,21800406,CLE,113,Cavaliers,no,0,2019,3,0,0,2,1,0,21,away,1.0,0.0,False,1.0,7.0,Pre-COVID,3,1.0,NWG > 0,1.0,1.0,True,True,True
14450,OKC,114,Thunder,2018-12-12,21800411,NOP,118,Pelicans,ESPN,0,2019,1,2,0,1,0,2,18,away,2.5,0.0,False,1.0,4.0,Pre-COVID,-1,0.3333333333333333,NWG < 0,2.5,1.0,True,True,True
20201,CHI,91,Bulls,2018-12-13,21800418,ORL,97,Magic,no,0,2019,0,1,0,0,0,1,17,home,5.5,1.0,True,1.0,6.0,Pre-COVID,-1,0.0,NWG < 0,-5.5,1.0,True,True,True
17583,GSW,130,Warriors,2018-12-14,21800428,SAC,125,Kings,no,0,2019,0,0,0,0,0,0,14,away,7.0,0.0,False,1.0,-5.0,Pre-COVID,0,,NWG = 0,7.0,1.0,True,True,True
16313,MIA,100,Heat,2018-12-14,21800425,MEM,97,Grizzlies,no,0,2019,1,1,0,1,0,1,22,home,4.0,0.0,True,0.0,-3.0,Pre-COVID,0,0.5,NWG = 0,-4.0,0.0,True,True,True
17622,NYK,126,Knicks,2018-12-14,21800421,CHA,124,Hornets,no,0,2019,0,1,0,0,0,1,43,home,10.0,0.0,True,0.0,-2.0,Pre-COVID,-1,0.0,NWG < 0,-10.0,0.0,True,True,True
19458,TOR,122,Raptors,2018-12-14,21800427,POR,128,Trail Blazers,no,0,2019,0,1,0,0,0,1,24,away,1.5,0.0,False,1.0,6.0,Pre-COVID,-1,0.0,NWG < 0,1.5,1.0,True,True,True
18354,CHI,98,Bulls,2018-12-15,21800433,SAS,93,Spurs,no,0,2019,0,0,0,0,0,0,17,home,9.5,0.0,True,0.0,-5.0,Pre-COVID,0,,NWG = 0,-9.5,0.0,True,True,True
15051,MIL,107,Bucks,2018-12-17,21800443,DET,104,Pistons,no,0,2019,0,0,0,0,0,0,18,away,3.0,2.0,False,,-3.0,Pre-COVID,0,,NWG = 0,3.0,0.0,False,True,True
16030,POR,131,Trail Blazers,2018-12-17,21800450,LAC,127,Clippers,no,0,2019,2,1,0,1,1,1,16,home,1.5,0.0,True,0.0,-4.0,Pre-COVID,1,0.6666666666666666,NWG > 0,-1.5,0.0,True,True,True
18055,UTA,97,Jazz,2018-12-17,21800445,HOU,102,Rockets,NBA TV,0,2019,3,0,0,3,0,0,15,home,5.0,2.0,True,,5.0,Pre-COVID,3,1.0,NWG > 0,-5.0,0.0,False,True,True
15630,CLE,92,Cavaliers,2018-12-18,21800451,IND,91,Pacers,no,0,2019,1,2,0,1,0,2,25,home,12.5,0.0,True,0.0,-1.0,Pre-COVID,-1,0.3333333333333333,NWG < 0,-12.5,0.0,True,True,True
17732,LAL,110,Lakers,2018-12-18,21800453,BKN,115,Nets,NBA TV,0,2019,0,0,0,0,0,0,17,away,1.5,0.0,False,1.0,5.0,Pre-COVID,0,,NWG = 0,1.5,1.0,True,True,True
18065,BKN,96,Nets,2018-12-19,21800460,CHI,93,Bulls,no,0,2019,0,0,0,0,0,0,22,away,1.5,1.0,False,0.0,-3.0,Pre-COVID,0,,NWG = 0,1.5,0.0,True,True,True
15883,DET,129,Pistons,2018-12-19,21800463,MIN,123,Timberwolves,no,0,2019,2,2,0,2,0,2,32,home,5.5,0.0,True,0.0,-6.0,Pre-COVID,0,0.5,NWG = 0,-5.5,0.0,True,True,True
18306,GSW,103,Warriors,2018-12-19,21800464,UTA,108,Jazz,no,0,2019,0,0,0,0,0,0,12,away,2.0,0.0,False,1.0,5.0,Pre-COVID,0,,NWG = 0,2.0,1.0,True,True,True
19800,IND,96,Pacers,2018-12-19,21800459,TOR,99,Raptors,no,0,2019,1,0,0,1,0,0,24,home,4.5,0.0,True,0.0,3.0,Pre-COVID,1,1.0,NWG > 0,-4.5,0.0,True,True,True
17528,DAL,121,Mavericks,2018-12-20,21800468,LAC,125,Clippers,TNT,0,2019,0,0,0,0,0,0,23,home,3.0,1.0,True,1.0,4.0,Pre-COVID,0,,NWG = 0,-3.0,1.0,True,True,True
19600,HOU,99,Rockets,2018-12-20,21800467,MIA,101,Heat,TNT,0,2019,0,1,0,0,0,2,18,away,3.0,0.0,False,1.0,2.0,Pre-COVID,-1,0.0,NWG < 0,3.0,1.0,True,True,True
13302,IND,114,Pacers,2018-12-21,21800471,BKN,106,Nets,no,0,2019,1,2,0,1,0,2,18,away,2.5,1.0,False,0.0,-8.0,Pre-COVID,-1,0.3333333333333333,NWG < 0,2.5,0.0,True,True,True
16369,MEM,99,Grizzlies,2018-12-21,21800477,SAC,102,Kings,no,0,2019,1,1,0,1,0,1,16,home,2.0,1.0,True,1.0,3.0,Pre-COVID,0,0.5,NWG = 0,-2.0,1.0,True,True,True
19596,DAL,116,Mavericks,2018-12-22,21800484,GSW,120,Warriors,no,0,2019,0,0,0,0,0,0,16,home,11.0,0.0,True,0.0,4.0,Pre-COVID,0,,NWG = 0,-11.0,0.0,True,True,True
19600,MIL,87,Bucks,2018-12-22,21800482,MIA,94,Heat,no,0,2019,2,1,0,2,0,1,20,away,1.5,0.0,False,1.0,7.0,Pre-COVID,1,0.6666666666666666,NWG > 0,1.5,1.0,True,True,True
18306,OKC,107,Thunder,2018-12-22,21800485,UTA,106,Jazz,no,0,2019,1,1,0,1,0,1,21,home,2.0,0.0,True,0.0,-1.0,Pre-COVID,0,0.5,NWG = 0,-2.0,0.0,True,True,True
16571,PHX,146,Suns,2018-12-22,21800480,WAS,149,Wizards,no,0,2019,3,3,0,3,0,3,79,home,5.0,0.0,True,0.0,3.0,Pre-COVID,0,0.5,NWG = 0,-5.0,0.0,True,True,True
18055,SAS,101,Spurs,2018-12-22,21800483,HOU,108,Rockets,no,0,2019,0,1,0,0,0,1,14,home,4.5,1.0,True,1.0,7.0,Pre-COVID,-1,0.0,NWG < 0,-4.5,1.0,True,True,True
16532,ATL,98,Hawks,2018-12-23,21800486,DET,95,Pistons,no,0,2019,1,0,0,0,1,0,27,home,9.5,0.0,True,0.0,-3.0,Pre-COVID,1,1.0,NWG > 0,-9.5,0.0,True,True,True
19707,DAL,118,Mavericks,2018-12-23,21800495,POR,121,Trail Blazers,no,0,2019,2,0,0,2,0,0,36,home,7.5,0.0,True,0.0,3.0,Pre-COVID,2,1.0,NWG > 0,-7.5,0.0,True,True,True
19596,LAC,127,Clippers,2018-12-23,21800494,GSW,129,Warriors,no,0,2019,0,0,0,0,0,0,15,home,10.5,0.0,True,0.0,2.0,Pre-COVID,0,,NWG = 0,-10.5,0.0,True,True,True
18203,MIN,114,Timberwolves,2018-12-23,21800493,OKC,112,Thunder,no,0,2019,2,2,0,2,0,2,34,home,6.5,0.0,True,0.0,-2.0,Pre-COVID,0,0.5,NWG = 0,-6.5,0.0,True,True,True
16643,NOP,117,Pelicans,2018-12-23,21800492,SAC,122,Kings,no,0,2019,1,2,0,1,0,2,26,away,1.0,0.0,False,1.0,5.0,Pre-COVID,-1,0.3333333333333333,NWG < 0,1.0,1.0,True,True,True
18055,OKC,109,Thunder,2018-12-25,21800498,HOU,113,Rockets,ABC,0,2019,2,0,0,1,1,0,17,away,1.0,0.0,False,1.0,4.0,Pre-COVID,2,1.0,NWG > 0,1.0,1.0,True,True,True
18624,PHI,114,76ers,2018-12-25,21800499,BOS,121,Celtics,ABC,0,2019,3,1,0,3,0,1,32,home,5.0,1.0,True,1.0,7.0,Pre-COVID,2,0.75,NWG > 0,-5.0,1.0,True,True,True
14309,CHA,132,Hornets,2018-12-26,21800505,BKN,134,Nets,no,0,2019,2,1,0,2,0,2,43,home,1.5,1.0,True,1.0,2.0,Pre-COVID,1,0.6666666666666666,NWG > 0,-1.5,1.0,True,True,True
20340,NOP,119,Pelicans,2018-12-26,21800509,DAL,122,Mavericks,no,0,2019,0,1,0,0,0,1,20,home,2.0,1.0,True,1.0,3.0,Pre-COVID,-1,0.0,NWG < 0,-2.0,1.0,True,True,True
16755,PHX,122,Suns,2018-12-26,21800503,ORL,120,Magic,no,0,2019,1,3,0,0,1,3,23,home,5.5,0.0,True,0.0,-2.0,Pre-COVID,-2,0.25,NWG < 0,-5.5,0.0,True,True,True
19068,SAC,118,Kings,2018-12-26,21800511,LAC,127,Clippers,no,0,2019,1,1,0,1,0,1,18,home,4.5,1.0,True,1.0,9.0,Pre-COVID,0,0.5,NWG = 0,-4.5,1.0,True,True,True
19902,TOR,106,Raptors,2018-12-26,21800506,MIA,104,Heat,NBA TV,0,2019,1,0,0,1,0,0,18,away,2.0,2.0,False,,-2.0,Pre-COVID,1,1.0,NWG > 0,2.0,0.0,False,True,True
17583,LAL,116,Lakers,2018-12-27,21800514,SAC,117,Kings,no,0,2019,0,0,0,0,0,0,17,home,4.5,0.0,True,0.0,1.0,Pre-COVID,0,,NWG = 0,-4.5,0.0,True,True,True
19596,POR,110,Trail Blazers,2018-12-27,21800516,GSW,109,Warriors,no,0,2019,0,1,0,0,0,1,32,home,9.0,0.0,True,0.0,-1.0,Pre-COVID,-1,0.0,NWG < 0,-9.0,0.0,True,True,True
18978,ATL,123,Hawks,2018-12-28,21800522,MIN,120,Timberwolves,no,0,2019,1,0,0,1,0,0,37,home,9.0,0.0,True,0.0,-3.0,Pre-COVID,1,1.0,NWG > 0,-9.0,0.0,True,True,True
18364,DAL,112,Mavericks,2018-12-28,21800523,NOP,114,Pelicans,NBA TV,0,2019,0,0,0,0,0,0,21,home,4.0,0.0,True,0.0,2.0,Pre-COVID,0,,NWG = 0,-4.0,0.0,True,True,True
20076,SAS,99,Spurs,2018-12-28,21800524,DEN,102,Nuggets,no,0,2019,0,0,0,0,0,0,15,home,4.5,0.0,True,0.0,3.0,Pre-COVID,0,,NWG = 0,-4.5,0.0,True,True,True
17794,BOS,112,Celtics,2018-12-29,21800531,MEM,103,Grizzlies,no,0,2019,0,0,0,0,0,0,18,away,3.5,1.0,False,0.0,-9.0,Pre-COVID,0,,NWG = 0,3.5,0.0,True,True,True
17197,CHA,126,Hornets,2018-12-29,21800530,WAS,130,Wizards,no,0,2019,0,2,0,0,0,2,22,away,3.5,0.0,False,1.0,4.0,Pre-COVID,-2,0.0,NWG < 0,3.5,1.0,True,True,True
16460,CLE,108,Cavaliers,2018-12-29,21800529,ATL,111,Hawks,no,0,2019,2,1,0,2,0,1,22,home,4.0,0.0,True,0.0,3.0,Pre-COVID,1,0.6666666666666666,NWG > 0,-4.0,0.0,True,True,True
14975,DEN,122,Nuggets,2018-12-29,21800533,PHX,118,Suns,no,0,2019,0,0,0,0,0,0,21,away,5.0,0.0,False,1.0,-4.0,Pre-COVID,0,,NWG = 0,5.0,1.0,True,True,True
17555,HOU,108,Rockets,2018-12-29,21800528,NOP,104,Pelicans,NBA TV,0,2019,2,0,0,2,0,1,23,away,3.5,1.0,False,0.0,-4.0,Pre-COVID,2,1.0,NWG > 0,3.5,0.0,True,True,True
19800,CHI,89,Bulls,2018-12-30,21800538,TOR,95,Raptors,no,0,2019,1,0,0,1,0,1,20,home,11.0,0.0,True,0.0,6.0,Pre-COVID,1,1.0,NWG > 0,-11.0,0.0,True,True,True
17761,DET,107,Pistons,2018-12-30,21800536,ORL,109,Magic,no,0,2019,1,2,0,1,0,2,24,home,1.5,1.0,True,1.0,2.0,Pre-COVID,-1,0.3333333333333333,NWG < 0,-1.5,1.0,True,True,True
20380,OKC,103,Thunder,2018-12-30,21800539,DAL,105,Mavericks,no,0,2019,0,0,0,0,0,0,23,away,2.5,0.0,False,1.0,2.0,Pre-COVID,0,,NWG = 0,2.5,1.0,True,True,True
18997,SAC,114,Kings,2018-12-30,21800541,LAL,121,Lakers,no,0,2019,1,1,0,1,0,1,14,home,2.0,1.0,True,1.0,7.0,Pre-COVID,0,0.5,NWG = 0,-2.0,1.0,True,True,True
14904,MIN,114,Timberwolves,2018-12-31,21800546,NOP,123,Pelicans,no,0,2019,1,2,1,0,1,1,24,home,1.0,1.0,True,1.0,9.0,Pre-COVID,-1,0.3333333333333333,NWG < 0,-1.0,1.0,True,True,True
17583,POR,113,Trail Blazers,2019-01-01,21800552,SAC,108,Kings,no,0,2019,0,1,0,0,0,1,27,away,1.0,1.0,False,0.0,-5.0,Pre-COVID,-1,0.0,NWG < 0,1.0,0.0,True,True,True
15226,PHI,132,76ers,2019-01-02,21800561,PHX,127,Suns,no,0,2019,1,1,0,1,0,1,31,away,3.5,1.0,False,0.0,-5.0,Pre-COVID,0,0.5,NWG = 0,3.5,0.0,True,True,True
17583,DEN,117,Nuggets,2019-01-03,21800564,SAC,113,Kings,no,0,2019,0,0,0,0,0,0,19,away,3.5,1.0,False,0.0,-4.0,Pre-COVID,0,,NWG = 0,3.5,0.0,True,True,True
19596,HOU,135,Rockets,2019-01-03,21800565,GSW,134,Warriors,TNT,0,2019,1,2,1,1,0,1,30,home,8.5,0.0,True,0.0,-1.0,Pre-COVID,-1,0.3333333333333333,NWG < 0,-8.5,0.0,True,True,True
21284,IND,119,Pacers,2019-01-04,21800569,CHI,116,Bulls,no,0,2019,1,0,0,1,0,0,33,away,7.0,0.0,False,1.0,-3.0,Pre-COVID,1,1.0,NWG > 0,7.0,1.0,True,True,True
18997,NYK,119,Knicks,2019-01-04,21800574,LAL,112,Lakers,no,0,2019,0,1,0,0,0,1,13,home,5.5,0.0,True,0.0,-7.0,Pre-COVID,-1,0.0,NWG < 0,-5.5,0.0,True,True,True
19393,OKC,111,Thunder,2019-01-04,21800575,POR,109,Trail Blazers,ESPN,0,2019,2,0,0,1,1,0,22,home,0.0,0.0,True,0.0,-2.0,Pre-COVID,2,1.0,NWG > 0,-0.0,0.0,True,True,True
19600,WAS,109,Wizards,2019-01-04,21800568,MIA,115,Heat,no,0,2019,0,0,0,0,0,0,17,home,6.5,0.0,True,0.0,6.0,Pre-COVID,0,,NWG = 0,-6.5,0.0,True,True,True
17583,GSW,127,Warriors,2019-01-05,21800583,SAC,123,Kings,no,0,2019,1,0,0,1,0,0,21,away,8.0,0.0,False,1.0,-4.0,Pre-COVID,1,1.0,NWG > 0,8.0,1.0,True,True,True
17255,UTA,110,Jazz,2019-01-05,21800577,DET,105,Pistons,no,0,2019,1,0,0,1,0,0,20,away,3.5,1.0,False,0.0,-5.0,Pre-COVID,1,1.0,NWG > 0,3.5,0.0,True,True,True
13110,CHA,119,Hornets,2019-01-06,21800590,PHX,113,Suns,no,0,2019,1,1,0,1,0,1,18,home,1.5,0.0,True,0.0,-6.0,Pre-COVID,0,0.5,NWG = 0,-1.5,0.0,True,True,True
19800,ATL,101,Hawks,2019-01-08,21800602,TOR,104,Raptors,no,0,2019,1,0,0,1,0,0,17,home,13.5,0.0,True,0.0,3.0,Pre-COVID,1,1.0,NWG > 0,-13.5,0.0,True,True,True
19600,DEN,103,Nuggets,2019-01-08,21800601,MIA,99,Heat,no,0,2019,1,0,0,1,0,0,22,home,2.0,0.0,True,0.0,-4.0,Pre-COVID,1,1.0,NWG > 0,-2.0,0.0,True,True,True
18203,MIN,119,Timberwolves,2019-01-08,21800603,OKC,117,Thunder,NBA TV,0,2019,2,0,0,2,0,0,14,home,8.0,0.0,True,0.0,-2.0,Pre-COVID,2,1.0,NWG > 0,-8.0,0.0,True,True,True
13977,SAC,111,Kings,2019-01-08,21800604,PHX,115,Suns,no,0,2019,2,0,0,2,0,0,12,away,4.0,0.0,False,1.0,4.0,Pre-COVID,2,1.0,NWG > 0,4.0,1.0,True,True,True
18055,MIL,116,Bucks,2019-01-09,21800610,HOU,109,Rockets,ESPN,0,2019,0,0,0,0,0,0,21,away,2.0,1.0,False,0.0,-7.0,Pre-COVID,0,,NWG = 0,2.0,0.0,True,True,True
18354,OKC,147,Thunder,2019-01-10,21800619,SAS,154,Spurs,TNT,0,2019,1,1,0,1,0,1,56,away,1.5,0.0,False,1.0,7.0,Pre-COVID,0,0.5,NWG = 0,1.5,1.0,True,True,True
20487,ATL,123,Hawks,2019-01-11,21800621,PHI,121,76ers,no,0,2019,0,0,0,0,0,0,17,home,10.5,0.0,True,0.0,-2.0,Pre-COVID,0,,NWG = 0,-10.5,0.0,True,True,True
18978,DAL,119,Mavericks,2019-01-11,21800626,MIN,115,Timberwolves,no,0,2019,0,1,0,0,0,1,23,home,4.5,0.0,True,0.0,-4.0,Pre-COVID,-1,0.0,NWG < 0,-4.5,0.0,True,True,True
18846,BOS,103,Celtics,2019-01-12,21800632,ORL,105,Magic,no,0,2019,0,1,1,0,0,0,23,away,7.5,0.0,False,1.0,2.0,Pre-COVID,-1,0.0,NWG < 0,7.5,1.0,True,True,True
16540,DET,109,Pistons,2019-01-12,21800630,LAC,104,Clippers,no,0,2019,0,2,0,0,0,2,24,home,7.5,0.0,True,0.0,-5.0,Pre-COVID,-2,0.0,NWG < 0,-7.5,0.0,True,True,True
19600,MEM,108,Grizzlies,2019-01-12,21800631,MIA,112,Heat,no,0,2019,0,1,0,0,0,1,17,home,3.5,1.0,True,1.0,4.0,Pre-COVID,-1,0.0,NWG < 0,-3.5,1.0,True,True,True
16384,NOP,106,Pelicans,2019-01-12,21800633,MIN,110,Timberwolves,no,0,2019,1,1,0,1,0,1,26,away,1.5,0.0,False,1.0,4.0,Pre-COVID,0,0.5,NWG = 0,1.5,1.0,True,True,True
18997,CLE,101,Cavaliers,2019-01-13,21800644,LAL,95,Lakers,NBA TV,0,2019,2,0,0,2,0,0,25,home,10.5,0.0,True,0.0,-6.0,Pre-COVID,2,1.0,NWG > 0,-10.5,0.0,True,True,True
20340,GSW,119,Warriors,2019-01-13,21800642,DAL,114,Mavericks,no,0,2019,3,1,0,3,0,1,19,away,6.0,0.0,False,1.0,-5.0,Pre-COVID,2,0.75,NWG > 0,6.0,1.0,True,True,True
16982,HOU,109,Rockets,2019-01-13,21800641,ORL,116,Magic,no,0,2019,0,0,0,0,0,0,11,away,5.5,0.0,False,1.0,7.0,Pre-COVID,0,,NWG = 0,5.5,1.0,True,True,True
18596,PHI,108,76ers,2019-01-13,21800638,NYK,105,Knicks,no,0,2019,3,0,0,3,0,0,19,away,9.0,0.0,False,1.0,-3.0,Pre-COVID,3,1.0,NWG > 0,9.0,1.0,True,True,True
19520,POR,113,Trail Blazers,2019-01-13,21800643,DEN,116,Nuggets,no,0,2019,0,1,0,0,0,1,16,home,4.5,0.0,True,0.0,3.0,Pre-COVID,-1,0.0,NWG < 0,-4.5,0.0,True,True,True
16919,TOR,140,Raptors,2019-01-13,21800639,WAS,138,Wizards,no,0,2019,4,3,0,4,0,3,54,away,5.0,0.0,False,1.0,-2.0,Pre-COVID,1,0.5714285714285714,NWG > 0,5.0,1.0,True,True,True
18306,DET,94,Pistons,2019-01-14,21800648,UTA,100,Jazz,no,0,2019,0,1,1,0,0,0,18,home,7.5,0.0,True,0.0,6.0,Pre-COVID,-1,0.0,NWG < 0,-7.5,0.0,True,True,True
15283,NOP,121,Pelicans,2019-01-14,21800650,LAC,117,Clippers,no,0,2019,2,0,0,2,0,0,14,away,1.0,1.0,False,0.0,-4.0,Pre-COVID,2,1.0,NWG > 0,1.0,0.0,True,True,True
18055,BKN,145,Nets,2019-01-16,21800659,HOU,142,Rockets,no,0,2019,1,0,0,1,0,0,38,home,5.5,0.0,True,0.0,-3.0,Pre-COVID,1,1.0,NWG > 0,-5.5,0.0,True,True,True
14019,ORL,115,Magic,2019-01-16,21800657,DET,120,Pistons,no,0,2019,1,0,0,1,0,0,42,home,3.5,1.0,True,1.0,5.0,Pre-COVID,1,1.0,NWG > 0,-3.5,1.0,True,True,True
20214,SAS,105,Spurs,2019-01-16,21800661,DAL,101,Mavericks,no,0,2019,0,1,0,0,0,1,16,home,1.0,0.0,True,0.0,-4.0,Pre-COVID,-1,0.0,NWG < 0,-1.0,0.0,True,True,True
18624,TOR,108,Raptors,2019-01-16,21800658,BOS,117,Celtics,ESPN,0,2019,1,1,0,1,0,1,20,home,2.5,1.0,True,1.0,9.0,Pre-COVID,0,0.5,NWG = 0,-2.5,1.0,True,True,True
18203,LAL,138,Lakers,2019-01-17,21800670,OKC,128,Thunder,TNT,0,2019,1,1,0,1,0,1,19,home,10.0,0.0,True,0.0,-10.0,Pre-COVID,0,0.5,NWG = 0,-10.0,0.0,True,True,True
19078,NYK,100,Knicks,2019-01-17,21800665,WAS,101,Wizards,NBA TV,0,2019,1,0,0,1,0,0,18,home,7.5,0.0,True,0.0,1.0,Pre-COVID,1,1.0,NWG > 0,-7.5,0.0,True,True,True
19800,PHX,109,Suns,2019-01-17,21800668,TOR,111,Raptors,no,0,2019,0,0,0,0,0,0,11,home,9.0,0.0,True,0.0,2.0,Pre-COVID,0,,NWG = 0,-9.0,0.0,True,True,True
17840,BKN,117,Nets,2019-01-18,21800673,ORL,115,Magic,no,0,2019,0,0,0,0,0,0,22,home,2.5,0.0,True,0.0,-2.0,Pre-COVID,0,,NWG = 0,-2.5,0.0,True,True,True
17228,MIA,93,Heat,2019-01-18,21800672,DET,98,Pistons,no,0,2019,0,2,0,0,0,2,25,home,2.5,1.0,True,1.0,5.0,Pre-COVID,-2,0.0,NWG < 0,-2.5,1.0,True,True,True
17222,SAS,116,Spurs,2019-01-18,21800674,MIN,113,Timberwolves,ESPN,0,2019,3,0,0,1,2,0,16,home,1.5,0.0,True,0.0,-3.0,Pre-COVID,3,1.0,NWG > 0,-1.5,0.0,True,True,True
18055,LAL,134,Lakers,2019-01-19,21800686,HOU,138,Rockets,ABC,0,2019,1,1,1,1,0,0,29,home,7.5,0.0,True,0.0,4.0,Pre-COVID,0,0.5,NWG = 0,-7.5,0.0,True,True,True
20646,OKC,117,Thunder,2019-01-19,21800678,PHI,115,76ers,ABC,0,2019,0,0,0,0,0,0,17,home,3.5,0.0,True,0.0,-2.0,Pre-COVID,0,,NWG = 0,-3.5,0.0,True,True,True
15377,SAC,103,Kings,2019-01-19,21800680,DET,101,Pistons,no,0,2019,1,1,1,1,0,0,20,away,1.5,1.0,False,0.0,-2.0,Pre-COVID,0,0.5,NWG = 0,1.5,0.0,True,True,True
14607,PHX,114,Suns,2019-01-20,21800689,MIN,116,Timberwolves,no,0,2019,0,0,0,0,0,0,16,home,12.0,0.0,True,0.0,2.0,Pre-COVID,0,,NWG = 0,-12.0,0.0,True,True,True
18181,DET,98,Pistons,2019-01-23,21800714,NOP,94,Pelicans,no,0,2019,1,0,0,1,0,0,15,home,4.5,0.0,True,0.0,-4.0,Pre-COVID,1,1.0,NWG > 0,-4.5,0.0,True,True,True
18819,HOU,114,Rockets,2019-01-23,21800710,NYK,110,Knicks,no,0,2019,1,1,0,1,0,1,27,away,8.0,0.0,False,1.0,-4.0,Pre-COVID,0,0.5,NWG = 0,8.0,1.0,True,True,True
13185,ORL,110,Magic,2019-01-23,21800708,BKN,114,Nets,no,0,2019,0,0,0,0,0,0,17,home,5.0,0.0,True,0.0,4.0,Pre-COVID,0,,NWG = 0,-5.0,0.0,True,True,True
20339,SAS,120,Spurs,2019-01-23,21800711,PHI,122,76ers,ESPN,0,2019,1,0,0,1,0,0,21,home,3.0,0.0,True,0.0,2.0,Pre-COVID,1,1.0,NWG > 0,-3.0,0.0,True,True,True
16879,TOR,106,Raptors,2019-01-23,21800706,IND,110,Pacers,no,0,2019,0,0,0,0,0,0,18,home,6.5,0.0,True,0.0,4.0,Pre-COVID,0,,NWG = 0,-6.5,0.0,True,True,True
19354,LAC,106,Clippers,2019-01-25,21800723,CHI,101,Bulls,no,0,2019,1,0,0,1,0,0,18,away,4.5,1.0,False,0.0,-5.0,Pre-COVID,1,1.0,NWG > 0,4.5,0.0,True,True,True
18306,MIN,102,Timberwolves,2019-01-25,21800729,UTA,106,Jazz,no,0,2019,0,3,0,0,0,3,17,home,10.5,0.0,True,0.0,4.0,Pre-COVID,-3,0.0,NWG < 0,-10.5,0.0,True,True,True
14486,SAC,99,Kings,2019-01-25,21800725,MEM,96,Grizzlies,no,0,2019,1,0,0,1,0,0,20,home,2.0,0.0,True,0.0,-3.0,Pre-COVID,1,1.0,NWG > 0,-2.0,0.0,True,True,True
18055,TOR,119,Raptors,2019-01-25,21800724,HOU,121,Rockets,ESPN,0,2019,1,1,0,1,0,1,16,away,3.5,0.0,False,1.0,2.0,Pre-COVID,0,0.5,NWG = 0,3.5,1.0,True,True,True
17216,WAS,95,Wizards,2019-01-25,21800720,ORL,91,Magic,no,0,2019,0,1,0,0,0,1,18,home,3.0,0.0,True,0.0,-4.0,Pre-COVID,-1,0.0,NWG < 0,-3.0,0.0,True,True,True
18624,GSW,115,Warriors,2019-01-26,21800732,BOS,111,Celtics,ABC,0,2019,0,1,0,0,0,1,24,away,3.5,1.0,False,0.0,-4.0,Pre-COVID,-1,0.0,NWG < 0,3.5,0.0,True,True,True
14486,IND,103,Pacers,2019-01-26,21800731,MEM,106,Grizzlies,no,0,2019,0,1,0,0,0,1,23,away,5.0,0.0,False,1.0,3.0,Pre-COVID,-1,0.0,NWG < 0,5.0,1.0,True,True,True
19675,CLE,104,Cavaliers,2019-01-27,21800735,CHI,101,Bulls,no,0,2019,0,0,0,0,0,0,19,home,5.0,0.0,True,0.0,-3.0,Pre-COVID,0,,NWG = 0,-5.0,0.0,True,True,True
18852,MIA,106,Heat,2019-01-27,21800741,NYK,97,Knicks,no,0,2019,0,1,0,0,0,1,25,away,5.0,1.0,False,0.0,-9.0,Pre-COVID,-1,0.0,NWG < 0,5.0,0.0,True,True,True
18203,MIL,112,Bucks,2019-01-27,21800738,OKC,118,Thunder,ESPN,0,2019,0,0,0,0,0,0,17,home,0.0,1.0,True,1.0,6.0,Pre-COVID,0,,NWG = 0,-0.0,1.0,True,True,True
18055,ORL,98,Magic,2019-01-27,21800737,HOU,103,Rockets,no,0,2019,1,0,0,1,0,0,19,home,8.5,0.0,True,0.0,5.0,Pre-COVID,1,1.0,NWG > 0,-8.5,0.0,True,True,True
20308,TOR,123,Raptors,2019-01-27,21800739,DAL,120,Mavericks,no,0,2019,1,0,0,1,0,0,12,away,4.0,0.0,False,1.0,-3.0,Pre-COVID,1,1.0,NWG > 0,4.0,1.0,True,True,True
12917,DEN,95,Nuggets,2019-01-28,21800747,MEM,92,Grizzlies,no,0,2019,0,1,0,0,0,1,19,away,5.5,0.0,False,1.0,-3.0,Pre-COVID,-1,0.0,NWG < 0,5.5,1.0,True,True,True
18055,NOP,121,Pelicans,2019-01-29,21800753,HOU,116,Rockets,TNT,0,2019,4,0,0,4,0,0,29,home,13.5,0.0,True,0.0,-5.0,Pre-COVID,4,1.0,NWG > 0,-13.5,0.0,True,True,True
18121,PHX,124,Suns,2019-01-29,21800754,SAS,126,Spurs,no,0,2019,1,1,0,1,0,1,14,home,13.5,0.0,True,0.0,2.0,Pre-COVID,0,0.5,NWG = 0,-13.5,0.0,True,True,True
19432,WAS,113,Wizards,2019-01-29,21800749,CLE,116,Cavaliers,no,0,2019,0,2,0,0,0,2,23,away,8.0,0.0,False,1.0,3.0,Pre-COVID,-2,0.0,NWG < 0,8.0,1.0,True,True,True
14211,DEN,105,Nuggets,2019-01-30,21800761,NOP,99,Pelicans,no,0,2019,0,0,0,0,0,0,18,away,9.0,0.0,False,1.0,-6.0,Pre-COVID,0,,NWG = 0,9.0,1.0,True,True,True
13615,MEM,97,Grizzlies,2019-01-30,21800760,MIN,99,Timberwolves,no,0,2019,0,2,0,0,0,2,42,home,3.0,0.0,True,0.0,2.0,Pre-COVID,-2,0.0,NWG < 0,-3.0,0.0,True,True,True
18057,BKN,114,Nets,2019-01-31,21800767,SAS,117,Spurs,no,0,2019,1,0,0,1,0,0,19,home,8.0,0.0,True,0.0,3.0,Pre-COVID,1,1.0,NWG > 0,-8.0,0.0,True,True,True
14075,DAL,89,Mavericks,2019-01-31,21800764,DET,93,Pistons,no,0,2019,0,0,0,0,0,0,20,home,7.5,0.0,True,0.0,4.0,Pre-COVID,0,,NWG = 0,-7.5,0.0,True,True,True
19068,LAL,123,Lakers,2019-01-31,21800769,LAC,120,Clippers,no,0,2019,2,1,1,2,0,0,31,away,2.5,1.0,False,0.0,-3.0,Pre-COVID,1,0.6666666666666666,NWG > 0,2.5,0.0,True,True,True
15387,MEM,92,Grizzlies,2019-02-01,21800770,CHA,100,Hornets,no,0,2019,1,0,0,1,0,0,23,home,8.0,2.0,True,,8.0,Pre-COVID,1,1.0,NWG > 0,-8.0,0.0,False,True,True
17208,DEN,107,Nuggets,2019-02-02,21800783,MIN,106,Timberwolves,no,0,2019,2,0,0,2,0,0,18,home,1.5,0.0,True,0.0,-1.0,Pre-COVID,2,1.0,NWG > 0,-1.5,0.0,True,True,True
18354,NOP,108,Pelicans,2019-02-02,21800779,SAS,113,Spurs,no,0,2019,0,0,0,0,0,0,20,home,10.5,0.0,True,0.0,5.0,Pre-COVID,0,,NWG = 0,-10.5,0.0,True,True,True
17583,PHI,108,76ers,2019-02-02,21800785,SAC,115,Kings,no,0,2019,0,3,0,0,0,3,22,away,3.0,0.0,False,1.0,7.0,Pre-COVID,-3,0.0,NWG < 0,3.0,1.0,True,True,True
18624,OKC,129,Thunder,2019-02-03,21800788,BOS,134,Celtics,ABC,0,2019,1,2,0,1,0,2,27,home,4.0,1.0,True,1.0,5.0,Pre-COVID,-1,0.3333333333333333,NWG < 0,-4.0,1.0,True,True,True
15780,IND,109,Pacers,2019-02-04,21800793,NOP,107,Pelicans,no,0,2019,2,0,0,2,0,1,23,away,3.5,0.0,False,1.0,-2.0,Pre-COVID,2,1.0,NWG > 0,3.5,1.0,True,True,True
14300,LAC,117,Clippers,2019-02-05,21800796,CHA,115,Hornets,no,0,2019,0,0,0,0,0,0,15,home,3.0,0.0,True,0.0,-2.0,Pre-COVID,0,,NWG = 0,-3.0,0.0,True,True,True
13454,MIN,106,Timberwolves,2019-02-05,21800801,MEM,108,Grizzlies,no,0,2019,2,1,0,1,1,2,19,away,4.0,0.0,False,1.0,2.0,Pre-COVID,1,0.6666666666666666,NWG > 0,4.0,1.0,True,True,True
19606,CHA,93,Hornets,2019-02-06,21800807,DAL,99,Mavericks,no,0,2019,2,3,0,1,1,3,23,home,5.5,1.0,True,1.0,6.0,Pre-COVID,-1,0.4,NWG < 0,-5.5,1.0,True,True,True
18624,LAL,129,Lakers,2019-02-07,21800814,BOS,128,Celtics,TNT,0,2019,2,1,0,2,0,1,19,home,9.0,0.0,True,0.0,-1.0,Pre-COVID,1,0.6666666666666666,NWG > 0,-9.0,0.0,True,True,True
17583,MIA,96,Heat,2019-02-08,21800824,SAC,102,Kings,no,0,2019,1,1,0,1,0,1,20,home,3.5,1.0,True,1.0,6.0,Pre-COVID,0,0.5,NWG = 0,-3.5,1.0,True,True,True
16980,MIN,117,Timberwolves,2019-02-08,21800823,NOP,122,Pelicans,ESPN,0,2019,0,1,0,0,0,1,20,home,6.0,0.0,True,0.0,5.0,Pre-COVID,-1,0.0,NWG < 0,-6.0,0.0,True,True,True
18624,LAC,123,Clippers,2019-02-09,21800829,BOS,112,Celtics,no,0,2019,0,0,0,0,0,0,14,home,11.5,0.0,True,0.0,-11.0,Pre-COVID,0,,NWG = 0,-11.5,0.0,True,True,True
18061,OKC,117,Thunder,2019-02-09,21800832,HOU,112,Rockets,ABC,0,2019,0,0,0,0,0,0,23,home,2.5,0.0,True,0.0,-5.0,Pre-COVID,0,,NWG = 0,-2.5,0.0,True,True,True
18886,TOR,104,Raptors,2019-02-09,21800828,NYK,99,Knicks,no,0,2019,0,0,0,0,0,0,11,away,13.5,0.0,False,1.0,-5.0,Pre-COVID,0,,NWG = 0,13.5,1.0,True,True,True
19596,MIA,118,Heat,2019-02-10,21800838,GSW,120,Warriors,NBA TV,0,2019,0,0,0,0,0,0,22,home,13.5,0.0,True,0.0,2.0,Pre-COVID,0,,NWG = 0,-13.5,0.0,True,True,True
20340,POR,101,Trail Blazers,2019-02-10,21800834,DAL,102,Mavericks,no,0,2019,2,0,0,2,0,0,17,away,3.0,0.0,False,1.0,1.0,Pre-COVID,2,1.0,NWG > 0,3.0,1.0,True,True,True
19800,BKN,125,Nets,2019-02-11,21800842,TOR,127,Raptors,no,0,2019,1,0,0,1,0,0,15,home,10.0,0.0,True,0.0,2.0,Pre-COVID,1,1.0,NWG > 0,-10.0,0.0,True,True,True
19432,NYK,104,Knicks,2019-02-11,21800839,CLE,107,Cavaliers,no,0,2019,0,1,0,0,0,1,19,home,1.5,1.0,True,1.0,3.0,Pre-COVID,-1,0.0,NWG < 0,-1.5,1.0,True,True,True
20582,BOS,112,Celtics,2019-02-12,21800849,PHI,109,76ers,TNT,0,2019,1,1,0,0,1,1,25,home,7.0,0.0,True,0.0,-3.0,Pre-COVID,0,0.5,NWG = 0,-7.0,0.0,True,True,True
16824,LAL,113,Lakers,2019-02-12,21800848,ATL,117,Hawks,no,0,2019,0,1,0,0,0,1,20,away,6.0,0.0,False,1.0,4.0,Pre-COVID,-1,0.0,NWG < 0,6.0,1.0,True,True,True
13788,SAS,108,Spurs,2019-02-12,21800850,MEM,107,Grizzlies,no,0,2019,1,1,0,1,0,1,20,away,7.0,0.0,False,1.0,-1.0,Pre-COVID,0,0.5,NWG = 0,7.0,1.0,True,True,True
17434,BKN,148,Nets,2019-02-13,21800853,CLE,139,Cavaliers,no,0,2019,5,1,0,5,0,1,53,away,7.5,1.0,False,0.0,-9.0,Pre-COVID,4,0.8333333333333334,NWG > 0,7.5,0.0,True,True,True
17938,SAC,118,Kings,2019-02-13,21800860,DEN,120,Nuggets,no,0,2019,1,3,0,1,0,3,29,home,7.5,0.0,True,0.0,2.0,Pre-COVID,-2,0.25,NWG < 0,-7.5,0.0,True,True,True
15686,OKC,122,Thunder,2019-02-14,21800866,NOP,131,Pelicans,TNT,0,2019,0,0,0,0,0,0,25,away,4.5,0.0,False,1.0,9.0,Pre-COVID,0,,NWG = 0,4.5,1.0,True,True,True
17926,BOS,97,Celtics,2019-02-21,21800870,MIL,98,Bucks,TNT,0,2019,2,1,0,2,0,1,18,home,6.0,0.0,True,0.0,1.0,Pre-COVID,1,0.6666666666666666,NWG > 0,-6.0,0.0,True,True,True
18997,HOU,106,Rockets,2019-02-21,21800872,LAL,111,Lakers,TNT,0,2019,1,0,0,1,0,0,11,away,3.0,0.0,False,1.0,5.0,Pre-COVID,1,1.0,NWG > 0,3.0,1.0,True,True,True
20505,MIA,102,Heat,2019-02-21,21800868,PHI,106,76ers,no,0,2019,0,1,0,0,0,1,18,home,5.5,0.0,True,0.0,4.0,Pre-COVID,-1,0.0,NWG < 0,-5.5,0.0,True,True,True
19596,SAC,123,Kings,2019-02-21,21800871,GSW,125,Warriors,no,0,2019,0,0,0,0,0,0,21,home,12.0,0.0,True,0.0,2.0,Pre-COVID,0,,NWG = 0,-12.0,0.0,True,True,True
18846,CHI,110,Bulls,2019-02-22,21800875,ORL,109,Magic,no,0,2019,0,0,0,0,0,0,23,home,8.0,0.0,True,0.0,-1.0,Pre-COVID,0,,NWG = 0,-8.0,0.0,True,True,True
14067,DET,125,Pistons,2019-02-22,21800877,ATL,122,Hawks,no,0,2019,0,0,0,0,0,0,17,away,4.5,0.0,False,1.0,-3.0,Pre-COVID,0,,NWG = 0,4.5,1.0,True,True,True
20058,SAS,117,Spurs,2019-02-22,21800876,TOR,120,Raptors,ESPN,0,2019,0,0,0,0,0,0,16,home,8.0,0.0,True,0.0,3.0,Pre-COVID,0,,NWG = 0,-8.0,0.0,True,True,True
18203,UTA,147,Jazz,2019-02-22,21800881,OKC,148,Thunder,ESPN,0,2019,0,1,0,0,0,1,59,home,4.5,0.0,True,0.0,1.0,Pre-COVID,-1,0.0,NWG < 0,-4.5,0.0,True,True,True
19158,BKN,117,Nets,2019-02-23,21800884,CHA,115,Hornets,no,0,2019,0,0,0,0,0,0,15,home,3.0,0.0,True,0.0,-2.0,Pre-COVID,0,,NWG = 0,-3.0,0.0,True,True,True
19648,IND,119,Pacers,2019-02-23,21800886,WAS,112,Wizards,no,0,2019,2,0,0,2,0,0,28,home,0.0,0.0,True,0.0,-7.0,Pre-COVID,2,1.0,NWG > 0,-0.0,0.0,True,True,True
19432,MEM,107,Grizzlies,2019-02-23,21800885,CLE,112,Cavaliers,no,0,2019,1,1,0,1,0,1,28,home,1.5,1.0,True,1.0,5.0,Pre-COVID,0,0.5,NWG = 0,-1.5,1.0,True,True,True
15214,PHX,112,Suns,2019-02-23,21800883,ATL,120,Hawks,no,0,2019,0,1,0,0,0,1,17,home,3.0,1.0,True,1.0,8.0,Pre-COVID,-1,0.0,NWG < 0,-3.0,1.0,True,True,True
18203,SAC,119,Kings,2019-02-23,21800890,OKC,116,Thunder,no,0,2019,4,0,0,4,0,0,21,home,5.5,0.0,True,0.0,-3.0,Pre-COVID,4,1.0,NWG > 0,-5.5,0.0,True,True,True
17794,LAL,105,Lakers,2019-02-25,21800904,MEM,110,Grizzlies,no,0,2019,2,0,0,2,0,0,27,away,5.0,0.0,False,1.0,5.0,Pre-COVID,2,1.0,NWG > 0,5.0,1.0,True,True,True
17194,PHI,111,76ers,2019-02-25,21800906,NOP,110,Pelicans,NBA TV,0,2019,1,2,0,1,0,2,22,away,2.5,0.0,False,1.0,-1.0,Pre-COVID,-1,0.3333333333333333,NWG < 0,2.5,1.0,True,True,True
19600,PHX,124,Suns,2019-02-25,21800901,MIA,121,Heat,no,0,2019,4,1,0,3,1,1,17,home,8.0,0.0,True,0.0,-3.0,Pre-COVID,3,0.8,NWG > 0,-8.0,0.0,True,True,True
17833,ORL,103,Magic,2019-02-26,21800908,NYK,108,Knicks,no,0,2019,1,1,0,1,0,1,20,away,7.5,0.0,False,1.0,5.0,Pre-COVID,0,0.5,NWG = 0,7.5,1.0,True,True,True
13711,CHI,109,Bulls,2019-02-27,21800916,MEM,107,Grizzlies,no,0,2019,1,0,0,1,0,0,26,home,3.0,0.0,True,0.0,-2.0,Pre-COVID,1,1.0,NWG > 0,-3.0,0.0,True,True,True
19647,GSW,125,Warriors,2019-02-27,21800915,MIA,126,Heat,no,0,2019,1,1,0,0,1,1,18,away,9.5,0.0,False,1.0,1.0,Pre-COVID,0,0.5,NWG = 0,9.5,1.0,True,True,True
17903,HOU,118,Rockets,2019-02-27,21800911,CHA,113,Hornets,no,0,2019,1,3,1,1,0,2,16,away,5.0,2.0,False,,-5.0,Pre-COVID,-2,0.25,NWG < 0,5.0,0.0,False,True,True
17583,MIL,141,Bucks,2019-02-27,21800920,SAC,140,Kings,no,0,2019,1,0,0,1,0,0,36,away,6.5,0.0,False,1.0,-1.0,Pre-COVID,1,1.0,NWG > 0,6.5,1.0,True,True,True
14101,MIN,123,Timberwolves,2019-02-27,21800912,ATL,131,Hawks,no,0,2019,1,0,0,1,0,0,31,away,5.0,0.0,False,1.0,8.0,Pre-COVID,1,1.0,NWG > 0,5.0,1.0,True,True,True
18997,NOP,119,Pelicans,2019-02-27,21800921,LAL,125,Lakers,ESPN,0,2019,0,0,0,0,0,0,15,home,6.0,2.0,True,,6.0,Pre-COVID,0,,NWG = 0,-6.0,0.0,False,True,True
18624,POR,97,Trail Blazers,2019-02-27,21800913,BOS,92,Celtics,ESPN,0,2019,1,0,0,1,0,0,15,home,2.5,0.0,True,0.0,-5.0,Pre-COVID,1,1.0,NWG > 0,-2.5,0.0,True,True,True
17573,CLE,125,Cavaliers,2019-02-28,21800924,NYK,118,Knicks,no,0,2019,1,1,0,0,1,1,26,home,1.5,0.0,True,0.0,-7.0,Pre-COVID,0,0.5,NWG = 0,-1.5,0.0,True,True,True
18846,GSW,96,Warriors,2019-02-28,21800923,ORL,103,Magic,no,0,2019,1,0,0,1,0,0,25,away,4.5,0.0,False,1.0,7.0,Pre-COVID,1,1.0,NWG > 0,4.5,1.0,True,True,True
18119,MIA,118,Heat,2019-02-28,21800925,HOU,121,Rockets,no,0,2019,1,0,0,1,0,0,14,home,9.5,0.0,True,0.0,3.0,Pre-COVID,1,1.0,NWG > 0,-9.5,0.0,True,True,True
18203,PHI,108,76ers,2019-02-28,21800927,OKC,104,Thunder,TNT,0,2019,1,1,0,1,0,1,19,home,4.0,0.0,True,0.0,-4.0,Pre-COVID,0,0.5,NWG = 0,-4.0,0.0,True,True,True
19520,UTA,111,Jazz,2019-02-28,21800926,DEN,104,Nuggets,TNT,0,2019,2,0,0,2,0,0,22,home,7.5,0.0,True,0.0,-7.0,Pre-COVID,2,1.0,NWG > 0,-7.5,0.0,True,True,True
15267,CHI,168,Bulls,2019-03-01,21800928,ATL,161,Hawks,no,0,2019,3,1,1,3,0,0,64,away,1.0,1.0,False,0.0,-7.0,Pre-COVID,2,0.75,NWG > 0,1.0,0.0,True,True,True
17583,LAC,116,Clippers,2019-03-01,21800933,SAC,109,Kings,no,0,2019,0,0,0,0,0,0,24,home,3.0,0.0,True,0.0,-7.0,Pre-COVID,0,,NWG = 0,-3.0,0.0,True,True,True
18997,MIL,131,Bucks,2019-03-01,21800934,LAL,120,Lakers,ESPN,0,2019,0,0,0,0,0,0,13,away,5.5,1.0,False,0.0,-11.0,Pre-COVID,0,,NWG = 0,5.5,0.0,True,True,True
19800,POR,117,Trail Blazers,2019-03-01,21800930,TOR,119,Raptors,ESPN,0,2019,0,1,0,0,0,1,21,home,5.0,0.0,True,0.0,2.0,Pre-COVID,-1,0.0,NWG < 0,-5.0,0.0,True,True,True
20624,GSW,120,Warriors,2019-03-02,21800938,PHI,117,76ers,ABC,0,2019,0,0,0,0,0,0,28,away,5.0,0.0,False,1.0,-3.0,Pre-COVID,0,,NWG = 0,5.0,1.0,True,True,True
18055,LAL,109,Lakers,2019-03-02,21800942,PHX,118,Suns,no,0,2019,2,1,0,2,0,1,17,away,7.0,0.0,False,1.0,9.0,Pre-COVID,1,0.6666666666666666,NWG > 0,7.0,1.0,True,True,True
18306,MIL,111,Bucks,2019-03-02,21800943,UTA,115,Jazz,no,0,2019,0,1,0,0,0,1,18,home,5.0,0.0,True,0.0,4.0,Pre-COVID,-1,0.0,NWG < 0,-5.0,0.0,True,True,True
17923,ORL,117,Magic,2019-03-02,21800936,IND,112,Pacers,no,0,2019,1,0,0,1,0,0,17,home,3.0,0.0,True,0.0,-5.0,Pre-COVID,1,1.0,NWG > 0,-3.0,0.0,True,True,True
20526,ATL,123,Hawks,2019-03-03,21800946,CHI,118,Bulls,no,0,2019,3,2,0,3,0,2,18,home,4.0,0.0,True,0.0,-5.0,Pre-COVID,1,0.6,NWG > 0,-4.0,0.0,True,True,True
18203,MEM,95,Grizzlies,2019-03-03,21800951,OKC,99,Thunder,NBA TV,0,2019,0,0,0,0,0,0,20,home,9.5,0.0,True,0.0,4.0,Pre-COVID,0,,NWG = 0,-9.5,0.0,True,True,True
19161,TOR,107,Raptors,2019-03-03,21800949,DET,112,Pistons,no,0,2019,2,2,0,1,1,2,32,away,2.5,0.0,False,1.0,5.0,Pre-COVID,0,0.5,NWG = 0,2.5,1.0,True,True,True
19600,ATL,113,Hawks,2019-03-04,21800953,MIA,114,Heat,no,0,2019,0,2,0,0,0,2,22,home,9.5,0.0,True,0.0,1.0,Pre-COVID,-2,0.0,NWG < 0,-9.5,0.0,True,True,True
18354,DEN,103,Nuggets,2019-03-04,21800954,SAS,104,Spurs,no,0,2019,0,0,0,0,0,0,18,home,1.5,0.0,True,0.0,1.0,Pre-COVID,0,,NWG = 0,-1.5,0.0,True,True,True
18055,MIL,105,Bucks,2019-03-04,21800955,PHX,114,Suns,no,0,2019,0,0,0,0,0,0,21,away,13.5,0.0,False,1.0,9.0,Pre-COVID,0,,NWG = 0,13.5,1.0,True,True,True
18306,NOP,115,Pelicans,2019-03-04,21800956,UTA,112,Jazz,no,0,2019,1,1,0,1,0,1,24,home,9.5,0.0,True,0.0,-3.0,Pre-COVID,0,0.5,NWG = 0,-9.5,0.0,True,True,True
20379,ORL,106,Magic,2019-03-05,21800960,PHI,114,76ers,no,0,2019,0,2,0,0,0,2,18,home,4.0,1.0,True,1.0,8.0,Pre-COVID,-2,0.0,NWG < 0,-4.0,1.0,True,True,True
13801,POR,111,Trail Blazers,2019-03-05,21800962,MEM,120,Grizzlies,no,0,2019,0,1,0,0,0,1,24,away,5.5,0.0,False,1.0,9.0,Pre-COVID,-1,0.0,NWG < 0,5.5,1.0,True,True,True
17583,BOS,111,Celtics,2019-03-06,21800973,SAC,109,Kings,no,0,2019,0,0,0,0,0,0,22,away,2.0,2.0,False,,-2.0,Pre-COVID,0,,NWG = 0,2.0,0.0,False,True,True
19927,PHI,107,76ers,2019-03-06,21800970,CHI,108,Bulls,ESPN,0,2019,2,1,0,1,1,1,24,away,4.0,0.0,False,1.0,1.0,Pre-COVID,1,0.6666666666666666,NWG > 0,4.0,1.0,True,True,True
15208,SAS,111,Spurs,2019-03-06,21800968,ATL,104,Hawks,no,0,2019,0,1,0,0,0,1,13,away,5.5,1.0,False,0.0,-7.0,Pre-COVID,-1,0.0,NWG < 0,5.5,0.0,True,True,True
20037,OKC,129,Thunder,2019-03-07,21800976,POR,121,Trail Blazers,TNT,0,2019,3,2,0,3,0,2,23,home,3.5,0.0,True,0.0,-8.0,Pre-COVID,1,0.6,NWG > 0,-3.5,0.0,True,True,True
17915,OKC,110,Thunder,2019-03-08,21800985,LAC,118,Clippers,no,0,2019,2,0,0,2,0,0,19,home,2.0,1.0,True,1.0,8.0,Pre-COVID,2,1.0,NWG > 0,-2.0,1.0,True,True,True
18144,WAS,111,Wizards,2019-03-08,21800977,CHA,112,Hornets,no,0,2019,1,0,0,1,0,0,16,home,4.0,0.0,True,0.0,1.0,Pre-COVID,1,1.0,NWG > 0,-4.0,0.0,True,True,True
16527,BKN,114,Nets,2019-03-09,21800987,ATL,112,Hawks,no,0,2019,0,1,0,0,0,1,25,away,4.5,0.0,False,1.0,-2.0,Pre-COVID,-1,0.0,NWG < 0,4.5,1.0,True,True,True
19812,SAC,102,Kings,2019-03-09,21800986,NYK,94,Knicks,no,0,2019,0,0,0,0,0,0,14,away,5.5,1.0,False,0.0,-8.0,Pre-COVID,0,,NWG = 0,5.5,0.0,True,True,True
14381,WAS,130,Wizards,2019-03-09,21800988,MIN,135,Timberwolves,no,0,2019,1,2,0,1,0,2,51,home,7.0,0.0,True,0.0,5.0,Pre-COVID,-1,0.3333333333333333,NWG < 0,-7.0,0.0,True,True,True
20423,HOU,94,Rockets,2019-03-10,21800997,DAL,93,Mavericks,no,0,2019,1,0,0,1,0,0,18,away,8.5,0.0,False,1.0,-1.0,Pre-COVID,1,1.0,NWG > 0,8.5,1.0,True,True,True
16627,ORL,97,Magic,2019-03-10,21800996,MEM,105,Grizzlies,no,0,2019,1,0,0,1,0,0,22,home,0.0,1.0,True,1.0,8.0,Pre-COVID,1,1.0,NWG > 0,-0.0,1.0,True,True,True
19596,PHX,115,Suns,2019-03-10,21801000,GSW,111,Warriors,NBA TV,0,2019,1,0,0,1,0,0,20,home,17.0,0.0,True,0.0,-4.0,Pre-COVID,1,1.0,NWG > 0,-17.0,0.0,True,True,True
15012,SAC,115,Kings,2019-03-11,21801002,WAS,121,Wizards,no,0,2019,0,1,0,0,0,1,19,home,2.0,1.0,True,1.0,6.0,Pre-COVID,-1,0.0,NWG < 0,-2.0,1.0,True,True,True
20420,CLE,99,Cavaliers,2019-03-12,21801008,PHI,106,76ers,no,0,2019,1,2,0,1,0,2,20,home,15.0,0.0,True,0.0,7.0,Pre-COVID,-1,0.3333333333333333,NWG < 0,-15.0,0.0,True,True,True
16679,NYK,98,Knicks,2019-03-12,21801007,IND,103,Pacers,no,0,2019,1,1,0,1,0,1,13,home,11.0,0.0,True,0.0,5.0,Pre-COVID,0,0.5,NWG = 0,-11.0,0.0,True,True,True
20366,SAS,112,Spurs,2019-03-12,21801011,DAL,105,Mavericks,TNT,0,2019,0,2,0,0,0,2,13,away,3.5,1.0,False,0.0,-7.0,Pre-COVID,-2,0.0,NWG < 0,3.5,0.0,True,True,True
18122,GSW,106,Warriors,2019-03-13,21801018,HOU,104,Rockets,ESPN,0,2019,3,2,0,3,0,2,24,home,4.0,0.0,True,0.0,-2.0,Pre-COVID,1,0.6,NWG > 0,-4.0,0.0,True,True,True
19520,DAL,99,Mavericks,2019-03-14,21801025,DEN,100,Nuggets,TNT,0,2019,0,0,0,0,0,0,23,home,11.5,0.0,True,0.0,1.0,Pre-COVID,0,,NWG = 0,-11.5,0.0,True,True,True
16656,OKC,106,Thunder,2019-03-14,21801020,IND,108,Pacers,no,0,2019,1,0,0,1,0,0,18,home,0.0,1.0,True,1.0,2.0,Pre-COVID,1,1.0,NWG > 0,-0.0,1.0,True,True,True
18055,PHX,102,Suns,2019-03-15,21801030,HOU,108,Rockets,no,0,2019,0,2,1,0,0,1,21,home,12.5,0.0,True,0.0,6.0,Pre-COVID,-2,0.0,NWG < 0,-12.5,0.0,True,True,True
20347,CLE,116,Cavaliers,2019-03-16,21801037,DAL,121,Mavericks,no,0,2019,2,1,0,2,0,1,15,home,5.0,2.0,True,,5.0,Pre-COVID,1,0.6666666666666666,NWG > 0,-5.0,0.0,False,True,True
19856,IND,100,Pacers,2019-03-16,21801040,DEN,102,Nuggets,no,0,2019,1,0,0,1,0,0,14,home,7.0,0.0,True,0.0,2.0,Pre-COVID,1,1.0,NWG > 0,-7.0,0.0,True,True,True
19750,MEM,128,Grizzlies,2019-03-16,21801035,WAS,135,Wizards,no,0,2019,0,1,1,0,0,0,20,home,1.5,1.0,True,1.0,7.0,Pre-COVID,-1,0.0,NWG < 0,-1.5,1.0,True,True,True
17641,PHX,138,Suns,2019-03-16,21801036,NOP,136,Pelicans,no,0,2019,3,2,0,3,0,2,40,home,4.5,0.0,True,0.0,-2.0,Pre-COVID,1,0.6,NWG > 0,-4.5,0.0,True,True,True
17247,BKN,116,Nets,2019-03-17,21801049,LAC,119,Clippers,no,0,2019,0,5,1,0,0,4,24,home,6.0,0.0,True,0.0,3.0,Pre-COVID,-5,0.0,NWG < 0,-6.0,0.0,True,True,True
19812,LAL,123,Lakers,2019-03-17,21801042,NYK,124,Knicks,no,0,2019,0,0,0,0,0,0,20,away,5.0,0.0,False,1.0,1.0,Pre-COVID,0,,NWG = 0,5.0,1.0,True,True,True
18148,PHI,130,76ers,2019-03-17,21801043,MIL,125,Bucks,ABC,0,2019,0,0,0,0,0,0,21,home,5.5,0.0,True,0.0,-5.0,Pre-COVID,0,,NWG = 0,-5.5,0.0,True,True,True
19277,TOR,107,Raptors,2019-03-17,21801044,DET,110,Pistons,no,0,2019,1,1,1,0,1,0,21,home,0.0,1.0,True,1.0,3.0,Pre-COVID,0,0.5,NWG = 0,-0.0,1.0,True,True,True
18465,DET,119,Pistons,2019-03-18,21801050,CLE,126,Cavaliers,no,0,2019,0,0,0,0,0,0,20,away,6.5,0.0,False,1.0,7.0,Pre-COVID,0,,NWG = 0,6.5,1.0,True,True,True
20276,NOP,129,Pelicans,2019-03-18,21801056,DAL,125,Mavericks,no,0,2019,2,1,0,2,0,1,30,home,5.0,0.0,True,0.0,-4.0,Pre-COVID,1,0.6666666666666666,NWG > 0,-5.0,0.0,True,True,True
17583,BKN,123,Nets,2019-03-19,21801063,SAC,121,Kings,no,0,2019,2,0,0,2,0,0,19,home,3.5,0.0,True,0.0,-2.0,Pre-COVID,2,1.0,NWG > 0,-3.5,0.0,True,True,True
16043,IND,109,Pacers,2019-03-19,21801064,LAC,115,Clippers,NBA TV,0,2019,0,0,0,0,0,1,19,home,5.5,1.0,True,1.0,6.0,Pre-COVID,0,,NWG = 0,-5.5,1.0,True,True,True
16411,PHI,118,76ers,2019-03-19,21801059,CHA,114,Hornets,no,0,2019,1,0,0,1,0,0,21,home,1.0,0.0,True,0.0,-4.0,Pre-COVID,1,1.0,NWG > 0,-1.0,0.0,True,True,True
20606,BOS,115,Celtics,2019-03-20,21801067,PHI,118,76ers,ESPN,0,2019,0,0,0,0,0,0,21,home,3.5,0.0,True,0.0,3.0,Pre-COVID,0,,NWG = 0,-3.5,0.0,True,True,True
16691,HOU,125,Rockets,2019-03-20,21801070,MEM,126,Grizzlies,no,0,2019,1,3,0,1,0,3,48,away,6.0,0.0,False,1.0,1.0,Pre-COVID,-2,0.25,NWG < 0,6.0,1.0,True,True,True
18354,MIA,110,Heat,2019-03-20,21801071,SAS,105,Spurs,no,0,2019,0,0,0,0,0,0,18,home,5.5,0.0,True,0.0,-5.0,Pre-COVID,0,,NWG = 0,-5.5,0.0,True,True,True
19432,MIL,102,Bucks,2019-03-20,21801065,CLE,107,Cavaliers,no,0,2019,0,0,0,0,0,0,17,away,5.5,0.0,False,1.0,5.0,Pre-COVID,0,,NWG = 0,5.5,1.0,True,True,True
18203,TOR,123,Raptors,2019-03-20,21801072,OKC,114,Thunder,ESPN,0,2019,3,1,0,2,1,1,43,home,5.0,0.0,True,0.0,-9.0,Pre-COVID,2,0.75,NWG > 0,-5.0,0.0,True,True,True
19470,WAS,120,Wizards,2019-03-20,21801069,CHI,126,Bulls,no,0,2019,2,2,1,1,1,1,46,away,4.0,0.0,False,1.0,6.0,Pre-COVID,0,0.5,NWG = 0,4.0,1.0,True,True,True
15986,DEN,113,Nuggets,2019-03-21,21801075,WAS,108,Wizards,no,0,2019,1,0,0,1,0,0,25,away,8.5,0.0,False,1.0,-5.0,Pre-COVID,1,1.0,NWG > 0,8.5,1.0,True,True,True
15569,UTA,114,Jazz,2019-03-21,21801076,ATL,117,Hawks,no,0,2019,1,0,0,1,0,0,27,away,7.5,0.0,False,1.0,3.0,Pre-COVID,1,1.0,NWG > 0,7.5,1.0,True,True,True
18997,BKN,111,Nets,2019-03-22,21801086,LAL,106,Lakers,no,0,2019,3,0,0,3,0,0,24,away,2.5,1.0,False,0.0,-5.0,Pre-COVID,3,1.0,NWG > 0,2.5,0.0,True,True,True
19432,LAC,110,Clippers,2019-03-22,21801081,CLE,108,Cavaliers,no,0,2019,0,1,0,0,0,1,25,away,6.5,0.0,False,1.0,-2.0,Pre-COVID,-1,0.0,NWG < 0,6.5,1.0,True,True,True
18025,MEM,119,Grizzlies,2019-03-22,21801080,ORL,123,Magic,no,0,2019,2,0,0,2,0,0,50,home,10.5,0.0,True,0.0,4.0,Pre-COVID,2,1.0,NWG > 0,-10.5,0.0,True,True,True
18055,SAS,105,Spurs,2019-03-22,21801084,HOU,111,Rockets,no,0,2019,0,0,0,0,0,0,16,home,6.0,2.0,True,,6.0,Pre-COVID,0,,NWG = 0,-6.0,0.0,False,True,True
19438,BOS,117,Celtics,2019-03-23,21801087,CHA,124,Hornets,no,0,2019,0,1,0,0,0,1,23,away,4.0,0.0,False,1.0,7.0,Pre-COVID,-1,0.0,NWG < 0,4.0,1.0,True,True,True
19815,DET,112,Pistons,2019-03-23,21801093,POR,117,Trail Blazers,NBA TV,0,2019,1,2,0,1,0,2,14,home,5.5,0.0,True,0.0,5.0,Pre-COVID,-1,0.3333333333333333,NWG < 0,-5.5,0.0,True,True,True
20409,MIA,113,Heat,2019-03-23,21801089,WAS,108,Wizards,no,0,2019,0,0,0,0,0,0,28,home,1.0,0.0,True,0.0,-5.0,Pre-COVID,0,,NWG = 0,-1.0,0.0,True,True,True
16640,PHI,127,76ers,2019-03-23,21801088,ATL,129,Hawks,NBA TV,0,2019,0,1,0,0,0,1,20,away,7.5,0.0,False,1.0,2.0,Pre-COVID,-1,0.0,NWG < 0,7.5,1.0,True,True,True
19800,CHA,115,Hornets,2019-03-24,21801098,TOR,114,Raptors,no,0,2019,0,0,0,0,0,0,14,home,11.5,0.0,True,0.0,-1.0,Pre-COVID,0,,NWG = 0,-11.5,0.0,True,True,True
18997,SAC,106,Kings,2019-03-24,21801102,LAL,111,Lakers,no,0,2019,1,0,0,1,0,0,22,home,0.0,1.0,True,1.0,5.0,Pre-COVID,1,1.0,NWG > 0,-0.0,1.0,True,True,True
20188,BKN,144,Nets,2019-03-25,21801106,POR,148,Trail Blazers,NBA TV,0,2019,1,0,0,1,0,0,67,home,6.0,0.0,True,0.0,4.0,Pre-COVID,1,1.0,NWG > 0,-6.0,0.0,True,True,True
19520,DET,92,Pistons,2019-03-26,21801115,DEN,95,Nuggets,no,0,2019,2,2,0,2,0,2,18,home,7.5,0.0,True,0.0,3.0,Pre-COVID,0,0.5,NWG = 0,-7.5,0.0,True,True,True
19704,ORL,104,Magic,2019-03-26,21801109,MIA,99,Heat,no,0,2019,1,0,0,1,0,0,26,home,3.5,0.0,True,0.0,-5.0,Pre-COVID,1,1.0,NWG > 0,-3.5,0.0,True,True,True
20168,SAC,125,Kings,2019-03-26,21801114,DAL,121,Mavericks,no,0,2019,2,1,1,2,0,0,23,away,2.0,1.0,False,0.0,-4.0,Pre-COVID,1,0.6666666666666666,NWG > 0,2.0,0.0,True,True,True
14227,SAS,116,Spurs,2019-03-26,21801107,CHA,125,Hornets,no,0,2019,0,0,0,0,0,0,13,away,4.5,0.0,False,1.0,9.0,Pre-COVID,0,,NWG = 0,4.5,1.0,True,True,True
16004,WAS,124,Wizards,2019-03-27,21801120,PHX,121,Suns,no,0,2019,2,0,0,2,0,0,13,away,1.0,1.0,False,0.0,-3.0,Pre-COVID,2,1.0,NWG > 0,1.0,0.0,True,True,True
18756,CLE,110,Cavaliers,2019-03-28,21801129,SAS,116,Spurs,no,0,2019,0,4,2,0,0,2,20,home,12.0,0.0,True,0.0,6.0,Pre-COVID,-4,0.0,NWG < 0,-12.0,0.0,True,True,True
19851,DAL,99,Mavericks,2019-03-28,21801124,MIA,105,Heat,no,0,2019,2,0,0,2,0,0,19,home,6.5,0.0,True,0.0,6.0,Pre-COVID,2,1.0,NWG > 0,-6.5,0.0,True,True,True
13976,SAC,118,Kings,2019-03-28,21801128,NOP,121,Pelicans,no,0,2019,0,0,0,0,0,0,16,away,6.5,0.0,False,1.0,3.0,Pre-COVID,0,,NWG = 0,6.5,1.0,True,True,True
18978,GSW,130,Warriors,2019-03-29,21801132,MIN,131,Timberwolves,no,0,2019,1,2,0,1,0,2,32,away,10.0,0.0,False,1.0,1.0,Pre-COVID,-1,0.3333333333333333,NWG < 0,10.0,1.0,True,True,True
18624,IND,112,Pacers,2019-03-29,21801130,BOS,114,Celtics,NBA TV,0,2019,0,0,0,0,0,0,21,home,7.0,0.0,True,0.0,2.0,Pre-COVID,0,,NWG = 0,-7.0,0.0,True,True,True
18306,WAS,124,Wizards,2019-03-29,21801134,UTA,128,Jazz,no,0,2019,0,1,0,0,0,1,21,home,13.0,0.0,True,0.0,4.0,Pre-COVID,-1,0.0,NWG < 0,-13.0,0.0,True,True,True
18203,DAL,106,Mavericks,2019-03-31,21801146,OKC,103,Thunder,no,0,2019,0,1,0,0,0,1,16,home,12.5,0.0,True,0.0,-3.0,Pre-COVID,-1,0.0,NWG < 0,-12.5,0.0,True,True,True
16660,MIL,135,Bucks,2019-03-31,21801145,ATL,136,Hawks,no,0,2019,2,0,0,2,0,0,36,away,2.0,0.0,False,1.0,1.0,Pre-COVID,2,1.0,NWG > 0,2.0,1.0,True,True,True
18407,SAC,113,Kings,2019-03-31,21801149,SAS,106,Spurs,no,0,2019,1,0,0,1,0,0,16,home,10.5,0.0,True,0.0,-7.0,Pre-COVID,1,1.0,NWG > 0,-10.5,0.0,True,True,True
17356,WAS,95,Wizards,2019-03-31,21801148,DEN,90,Nuggets,no,0,2019,2,1,0,2,0,1,32,home,10.5,0.0,True,0.0,-5.0,Pre-COVID,1,0.6666666666666666,NWG > 0,-10.5,0.0,True,True,True
18624,MIA,105,Heat,2019-04-01,21801153,BOS,110,Celtics,NBA TV,0,2019,1,0,0,1,0,0,21,home,7.0,0.0,True,0.0,5.0,Pre-COVID,1,1.0,NWG > 0,-7.0,0.0,True,True,True
18354,ATL,111,Hawks,2019-04-02,21801162,SAS,117,Spurs,no,0,2019,3,1,0,3,0,1,19,home,11.0,0.0,True,0.0,6.0,Pre-COVID,2,0.75,NWG > 0,-11.0,0.0,True,True,True
16844,CHA,115,Hornets,2019-04-03,21801171,NOP,109,Pelicans,no,0,2019,0,0,0,0,0,0,18,away,4.5,1.0,False,0.0,-6.0,Pre-COVID,0,,NWG = 0,4.5,0.0,True,True,True
16616,CHI,115,Bulls,2019-04-03,21801167,WAS,114,Wizards,no,0,2019,1,2,1,1,0,1,20,home,9.5,0.0,True,0.0,-1.0,Pre-COVID,-1,0.3333333333333333,NWG < 0,-9.5,0.0,True,True,True
19576,MIN,110,Timberwolves,2019-04-03,21801172,DAL,108,Mavericks,no,0,2019,0,1,0,0,0,1,16,home,2.5,0.0,True,0.0,-2.0,Pre-COVID,-1,0.0,NWG < 0,-2.5,0.0,True,True,True
20701,MIL,128,Bucks,2019-04-04,21801177,PHI,122,76ers,TNT,0,2019,0,1,0,0,0,1,14,away,4.0,1.0,False,0.0,-6.0,Pre-COVID,-1,0.0,NWG < 0,4.0,0.0,True,True,True
17910,LAL,122,Lakers,2019-04-05,21801192,LAC,117,Clippers,no,0,2019,1,0,0,1,0,0,12,home,11.5,0.0,True,0.0,-5.0,Pre-COVID,1,1.0,NWG > 0,-11.5,0.0,True,True,True
17763,MIA,109,Heat,2019-04-05,21801185,MIN,111,Timberwolves,no,0,2019,1,0,0,1,0,0,21,away,4.0,0.0,False,1.0,2.0,Pre-COVID,1,1.0,NWG > 0,4.0,1.0,True,True,True
16410,NOP,126,Pelicans,2019-04-05,21801189,PHX,133,Suns,no,0,2019,1,0,0,1,0,0,21,away,2.5,0.0,False,1.0,7.0,Pre-COVID,1,1.0,NWG > 0,2.5,1.0,True,True,True
19928,POR,110,Trail Blazers,2019-04-05,21801190,DEN,119,Nuggets,ESPN,0,2019,0,1,0,0,0,1,15,home,6.0,1.0,True,1.0,9.0,Pre-COVID,-1,0.0,NWG < 0,-6.0,1.0,True,True,True
18684,TOR,111,Raptors,2019-04-05,21801180,CHA,113,Hornets,no,0,2019,1,1,0,1,0,1,26,away,6.0,0.0,False,1.0,2.0,Pre-COVID,0,0.5,NWG = 0,6.0,1.0,True,True,True
18116,BKN,133,Nets,2019-04-06,21801193,MIL,128,Bucks,NBA TV,0,2019,1,0,0,1,0,0,18,home,3.5,0.0,True,0.0,-5.0,Pre-COVID,1,1.0,NWG > 0,-3.5,0.0,True,True,True
16744,DAL,129,Mavericks,2019-04-07,21801201,MEM,127,Grizzlies,no,0,2019,1,0,0,1,0,0,37,home,0.0,0.0,True,0.0,-2.0,Pre-COVID,1,1.0,NWG > 0,-0.0,0.0,True,True,True
19890,DEN,108,Nuggets,2019-04-07,21801206,POR,115,Trail Blazers,no,0,2019,0,2,1,0,0,1,20,home,8.5,0.0,True,0.0,7.0,Pre-COVID,-2,0.0,NWG < 0,-8.5,0.0,True,True,True
19800,MIA,109,Heat,2019-04-07,21801195,TOR,117,Raptors,NBA TV,0,2019,0,0,0,0,0,0,12,home,5.5,1.0,True,1.0,8.0,Pre-COVID,0,,NWG = 0,-5.5,1.0,True,True,True
17583,NOP,133,Pelicans,2019-04-07,21801207,SAC,129,Kings,no,0,2019,1,0,0,1,0,0,18,home,11.5,0.0,True,0.0,-4.0,Pre-COVID,1,1.0,NWG > 0,-11.5,0.0,True,True,True
18624,ORL,116,Magic,2019-04-07,21801203,BOS,108,Celtics,no,0,2019,0,0,0,0,0,0,23,home,3.5,0.0,True,0.0,-8.0,Pre-COVID,0,,NWG = 0,-3.5,0.0,True,True,True
18997,UTA,109,Jazz,2019-04-07,21801208,LAL,113,Lakers,NBA TV,0,2019,0,0,0,0,0,0,15,away,12.0,0.0,False,1.0,4.0,Pre-COVID,0,,NWG = 0,12.0,1.0,True,True,True
19812,WAS,110,Wizards,2019-04-07,21801204,NYK,113,Knicks,no,0,2019,2,0,0,2,0,0,15,away,4.0,0.0,False,1.0,3.0,Pre-COVID,2,1.0,NWG > 0,4.0,1.0,True,True,True
18203,HOU,111,Rockets,2019-04-09,21801218,OKC,112,Thunder,TNT,0,2019,0,3,1,0,0,2,28,away,3.0,0.0,False,1.0,1.0,Pre-COVID,-3,0.0,NWG < 0,3.0,1.0,True,True,True
19802,MEM,93,Grizzlies,2019-04-09,21801210,DET,100,Pistons,no,0,2019,2,0,0,2,0,0,13,home,11.5,0.0,True,0.0,7.0,Pre-COVID,2,1.0,NWG > 0,-11.5,0.0,True,True,True
18997,POR,104,Trail Blazers,2019-04-09,21801219,LAL,101,Lakers,no,0,2019,0,0,0,0,0,0,11,away,9.5,0.0,False,1.0,-3.0,Pre-COVID,0,,NWG = 0,9.5,1.0,True,True,True
17143,IND,135,Pacers,2019-04-10,21801220,ATL,134,Hawks,no,0,2019,0,1,0,0,0,1,15,home,5.0,0.0,True,0.0,-1.0,Pre-COVID,-1,0.0,NWG < 0,-5.0,0.0,True,True,True
16332,MIN,95,Timberwolves,2019-04-10,21801228,DEN,99,Nuggets,no,0,2019,1,2,0,1,0,2,20,home,12.5,0.0,True,0.0,4.0,Pre-COVID,-1,0.3333333333333333,NWG < 0,-12.5,0.0,True,True,True
19814,SAC,131,Kings,2019-04-10,21801230,POR,136,Trail Blazers,no,0,2019,0,0,0,0,0,0,11,home,3.0,1.0,True,1.0,5.0,Pre-COVID,0,,NWG = 0,-3.0,1.0,True,True,True
17655,UTA,137,Jazz,2019-04-10,21801229,LAC,143,Clippers,ESPN,0,2019,1,2,0,0,1,2,15,home,8.0,0.0,True,0.0,6.0,Pre-COVID,-1,0.3333333333333333,NWG < 0,-8.0,0.0,True,True,True
19937,ORL,104,Magic,2019-04-13,41800111,TOR,101,Raptors,ESPN,1,2019,1,1,0,1,0,1,19,home,9.5,0.0,True,0.0,-3.0,Pre-COVID,0,0.5,NWG = 0,-9.5,0.0,True,True,True
19520,SAS,101,Spurs,2019-04-13,41800151,DEN,96,Nuggets,ESPN,1,2019,1,0,0,1,0,0,25,home,6.0,0.0,True,0.0,-5.0,Pre-COVID,1,1.0,NWG > 0,-6.0,0.0,True,True,True
19886,OKC,99,Thunder,2019-04-14,41800161,POR,104,Trail Blazers,ABC,1,2019,0,1,0,0,0,1,22,home,3.0,1.0,True,1.0,5.0,Pre-COVID,-1,0.0,NWG < 0,-3.0,1.0,True,True,True
19596,LAC,135,Clippers,2019-04-15,41800142,GSW,131,Warriors,TNT,1,2019,0,0,0,0,0,0,17,home,13.5,0.0,True,0.0,-4.0,Pre-COVID,0,,NWG = 0,-13.5,0.0,True,True,True
18624,IND,91,Pacers,2019-04-17,41800132,BOS,99,Celtics,TNT,1,2019,2,1,0,1,1,1,24,home,8.0,2.0,True,,8.0,Pre-COVID,1,0.6666666666666666,NWG > 0,-8.0,0.0,False,True,True
19367,TOR,98,Raptors,2019-04-19,41800113,ORL,93,Magic,ESPN,1,2019,2,1,0,2,0,1,19,away,5.5,0.0,False,1.0,-5.0,Pre-COVID,1,0.6666666666666666,NWG > 0,5.5,1.0,True,True,True
18306,HOU,104,Rockets,2019-04-20,41800173,UTA,101,Jazz,ESPN,1,2019,0,0,0,0,0,0,19,home,2.5,0.0,True,0.0,-3.0,Pre-COVID,0,,NWG = 0,-2.5,0.0,True,True,True
17732,PHI,112,76ers,2019-04-20,41800124,BKN,108,Nets,TNT,1,2019,1,1,0,1,0,1,25,away,3.0,1.0,False,0.0,-4.0,Pre-COVID,0,0.5,NWG = 0,3.0,0.0,True,True,True
20241,OKC,115,Thunder,2019-04-23,41800165,POR,118,Trail Blazers,TNT,1,2019,0,1,0,0,0,1,21,home,4.0,0.0,True,0.0,3.0,Pre-COVID,-1,0.0,NWG < 0,-4.0,0.0,True,True,True
18055,UTA,93,Jazz,2019-04-24,41800175,HOU,100,Rockets,TNT,1,2019,0,1,0,0,0,1,25,home,8.5,0.0,True,0.0,7.0,Pre-COVID,-1,0.0,NWG < 0,-8.5,0.0,True,True,True
19725,SAS,86,Spurs,2019-04-27,41800157,DEN,90,Nuggets,TNT,1,2019,0,1,0,0,0,1,22,home,6.0,0.0,True,0.0,4.0,Pre-COVID,-1,0.0,NWG < 0,-6.0,0.0,True,True,True
19596,HOU,100,Rockets,2019-04-28,41800221,GSW,104,Warriors,ABC,1,2019,3,0,0,3,0,0,20,home,6.5,0.0,True,0.0,4.0,Pre-COVID,3,1.0,NWG > 0,-6.5,0.0,True,True,True
19800,PHI,94,76ers,2019-04-29,41800212,TOR,89,Raptors,TNT,1,2019,0,1,0,0,0,1,21,home,7.5,0.0,True,0.0,-5.0,Pre-COVID,-1,0.0,NWG < 0,-7.5,0.0,True,True,True
20193,DEN,137,Nuggets,2019-05-03,41800233,POR,140,Trail Blazers,ESPN,1,2019,1,2,1,1,0,1,97,home,5.0,0.0,True,0.0,3.0,Pre-COVID,-1,0.3333333333333333,NWG < 0,-5.0,0.0,True,True,True
18169,GSW,121,Warriors,2019-05-04,41800223,HOU,126,Rockets,ABC,1,2019,2,0,0,2,0,0,35,home,3.5,1.0,True,1.0,5.0,Pre-COVID,2,1.0,NWG > 0,-3.5,1.0,True,True,True
20146,DEN,116,Nuggets,2019-05-05,41800234,POR,112,Trail Blazers,TNT,1,2019,0,0,0,0,0,0,20,home,3.0,0.0,True,0.0,-4.0,Pre-COVID,0,,NWG = 0,-3.0,0.0,True,True,True
20639,TOR,101,Raptors,2019-05-05,41800214,PHI,96,76ers,ABC,1,2019,0,1,0,0,0,1,22,home,2.0,0.0,True,0.0,-5.0,Pre-COVID,-1,0.0,NWG < 0,-2.0,0.0,True,True,True
18055,GSW,108,Warriors,2019-05-06,41800224,HOU,112,Rockets,TNT,1,2019,1,0,0,1,0,0,27,away,1.0,0.0,False,1.0,4.0,Pre-COVID,1,1.0,NWG > 0,1.0,1.0,True,True,True
19596,HOU,99,Rockets,2019-05-08,41800225,GSW,104,Warriors,TNT,1,2019,1,1,0,1,0,1,18,home,6.0,0.0,True,0.0,5.0,Pre-COVID,0,0.5,NWG = 0,-6.0,0.0,True,True,True
18055,GSW,118,Warriors,2019-05-10,41800226,HOU,113,Rockets,ESPN,1,2019,2,1,1,2,0,0,26,home,7.5,0.0,True,0.0,-5.0,Pre-COVID,1,0.6666666666666666,NWG > 0,-7.5,0.0,True,True,True
20917,PHI,90,76ers,2019-05-12,41800217,TOR,92,Raptors,TNT,1,2019,0,1,0,0,0,1,27,home,5.5,0.0,True,0.0,2.0,Pre-COVID,-1,0.0,NWG < 0,-5.5,0.0,True,True,True
19725,POR,100,Trail Blazers,2019-05-12,41800237,DEN,96,Nuggets,ABC,1,2019,2,0,0,2,0,0,26,home,5.5,0.0,True,0.0,-4.0,Pre-COVID,2,1.0,NWG > 0,-5.5,0.0,True,True,True
17345,TOR,100,Raptors,2019-05-15,41800301,MIL,108,Bucks,TNT,1,2019,0,0,0,0,0,0,20,home,6.5,1.0,True,1.0,8.0,Pre-COVID,0,,NWG = 0,-6.5,1.0,True,True,True
19596,POR,111,Trail Blazers,2019-05-16,41800312,GSW,114,Warriors,ESPN,1,2019,0,0,0,0,0,0,18,home,7.0,0.0,True,0.0,3.0,Pre-COVID,0,,NWG = 0,-7.0,0.0,True,True,True
19923,MIL,112,Bucks,2019-05-19,41800303,TOR,118,Raptors,TNT,1,2019,1,3,2,1,0,1,46,home,2.5,1.0,True,1.0,6.0,Pre-COVID,-2,0.25,NWG < 0,-2.5,1.0,True,True,True
20064,GSW,119,Warriors,2019-05-20,41800314,POR,117,Trail Blazers,ESPN,1,2019,2,0,0,2,0,0,38,away,2.0,2.0,False,,-2.0,Pre-COVID,2,1.0,NWG > 0,2.0,0.0,False,True,True
17384,TOR,105,Raptors,2019-05-23,41800305,MIL,99,Bucks,TNT,1,2019,1,0,0,1,0,0,20,home,7.5,0.0,True,0.0,-6.0,Pre-COVID,1,1.0,NWG > 0,-7.5,0.0,True,True,True
20478,MIL,94,Bucks,2019-05-25,41800306,TOR,100,Raptors,TNT,1,2019,0,1,0,0,0,1,29,home,1.5,1.0,True,1.0,6.0,Pre-COVID,-1,0.0,NWG < 0,-1.5,1.0,True,True,True
20014,GSW,109,Warriors,2019-06-02,41800402,TOR,104,Raptors,ABC,1,2019,1,0,0,0,1,0,18,home,2.5,0.0,True,0.0,-5.0,Pre-COVID,1,1.0,NWG > 0,-2.5,0.0,True,True,True
20144,GSW,106,Warriors,2019-06-10,41800405,TOR,105,Raptors,ABC,1,2019,0,1,0,0,0,1,20,home,1.0,0.0,True,0.0,-1.0,Pre-COVID,-1,0.0,NWG < 0,-1.0,0.0,True,True,True
19596,TOR,114,Raptors,2019-06-13,41800406,GSW,110,Warriors,ABC,1,2019,0,0,0,0,0,0,27,home,2.5,0.0,True,0.0,-4.0,Pre-COVID,0,,NWG = 0,-2.5,0.0,True,True,True
20787,NOP,122,Pelicans,2019-10-22,21900001,TOR,130,Raptors,TNT,0,2020,2,0,0,2,0,0,30,home,6.5,1.0,True,1.0,8.0,COVID,2,1.0,NWG > 0,-6.5,1.0,True,True,True
15424,CHI,125,Bulls,2019-10-23,21900003,CHA,126,Hornets,no,0,2020,1,1,0,1,0,1,22,away,3.5,0.0,False,1.0,1.0,COVID,0,0.5,NWG = 0,3.5,1.0,True,True,True
17732,MIN,127,Timberwolves,2019-10-23,21900006,BKN,126,Nets,no,0,2020,2,1,0,1,1,1,23,home,3.5,0.0,True,0.0,-1.0,COVID,1,0.6666666666666666,NWG > 0,-3.5,0.0,True,True,True
18306,OKC,95,Thunder,2019-10-23,21900011,UTA,100,Jazz,no,0,2020,0,1,0,0,0,1,20,home,9.0,0.0,True,0.0,5.0,COVID,-1,0.0,NWG < 0,-9.0,0.0,True,True,True
18055,MIL,117,Bucks,2019-10-24,21900015,HOU,111,Rockets,TNT,0,2020,0,1,0,0,0,1,14,home,1.5,0.0,True,0.0,-6.0,COVID,-1,0.0,NWG < 0,-1.5,0.0,True,True,True
17794,CHI,110,Bulls,2019-10-25,21900020,MEM,102,Grizzlies,no,0,2020,0,1,1,0,0,0,13,away,2.0,1.0,False,0.0,-8.0,COVID,-1,0.0,NWG < 0,2.0,0.0,True,True,True
17027,DAL,123,Mavericks,2019-10-25,21900021,NOP,116,Pelicans,ESPN,0,2020,0,0,0,0,0,0,11,home,2.0,0.0,True,0.0,-7.0,COVID,0,,NWG = 0,-2.0,0.0,True,True,True
17732,NYK,109,Knicks,2019-10-25,21900019,BKN,113,Nets,no,0,2020,3,2,0,2,1,2,22,home,8.0,0.0,True,0.0,4.0,COVID,1,0.6,NWG > 0,-8.0,0.0,True,True,True
19557,PHX,107,Suns,2019-10-25,21900023,DEN,108,Nuggets,no,0,2020,0,0,0,0,0,0,46,home,12.0,0.0,True,0.0,1.0,COVID,0,,NWG = 0,-12.0,0.0,True,True,True
17467,MIA,131,Heat,2019-10-26,21900026,MIL,126,Bucks,NBA TV,0,2020,0,2,1,0,0,1,39,home,11.5,0.0,True,0.0,-5.0,COVID,-2,0.0,NWG < 0,-11.5,0.0,True,True,True
18055,NOP,123,Pelicans,2019-10-26,21900032,HOU,126,Rockets,no,0,2020,1,1,0,1,0,1,19,home,12.0,0.0,True,0.0,3.0,COVID,0,0.5,NWG = 0,-12.0,0.0,True,True,True
17078,ORL,99,Magic,2019-10-26,21900028,ATL,103,Hawks,no,0,2020,1,1,0,1,0,1,13,away,2.5,0.0,False,1.0,4.0,COVID,0,0.5,NWG = 0,2.5,1.0,True,True,True
18354,WAS,122,Wizards,2019-10-26,21900033,SAS,124,Spurs,no,0,2020,0,0,0,0,0,0,16,home,11.5,0.0,True,0.0,2.0,COVID,0,,NWG = 0,-11.5,0.0,True,True,True
15517,BKN,133,Nets,2019-10-27,21900037,MEM,134,Grizzlies,no,0,2020,3,2,0,3,0,3,52,away,4.0,0.0,False,1.0,1.0,COVID,1,0.6,NWG > 0,4.0,1.0,True,True,True
19707,POR,121,Trail Blazers,2019-10-27,21900038,DAL,119,Mavericks,no,0,2020,1,0,0,1,0,0,12,home,2.5,0.0,True,0.0,-2.0,COVID,1,1.0,NWG > 0,-2.5,0.0,True,True,True
19812,CHI,98,Bulls,2019-10-28,21900042,NYK,105,Knicks,no,0,2020,1,1,0,0,1,1,17,away,2.0,0.0,False,1.0,7.0,COVID,0,0.5,NWG = 0,2.0,1.0,True,True,True
15870,DEN,101,Nuggets,2019-10-28,21900050,SAC,94,Kings,no,0,2020,2,1,0,2,0,1,15,away,5.5,1.0,False,0.0,-7.0,COVID,1,0.6666666666666666,NWG > 0,5.5,0.0,True,True,True
13565,IND,94,Pacers,2019-10-28,21900041,DET,96,Pistons,no,0,2020,1,0,0,1,0,0,22,away,2.0,0.0,False,1.0,2.0,COVID,1,1.0,NWG > 0,2.0,1.0,True,True,True
18055,OKC,112,Thunder,2019-10-28,21900045,HOU,116,Rockets,no,0,2020,0,0,0,0,0,0,20,home,10.0,0.0,True,0.0,4.0,COVID,0,,NWG = 0,-10.0,0.0,True,True,True
14094,PHI,105,76ers,2019-10-28,21900043,ATL,103,Hawks,no,0,2020,0,1,0,0,0,1,20,away,6.5,0.0,False,1.0,-2.0,COVID,-1,0.0,NWG < 0,6.5,1.0,True,True,True
18083,POR,110,Trail Blazers,2019-10-28,21900048,SAS,113,Spurs,no,0,2020,2,0,0,1,1,0,21,home,6.0,0.0,True,0.0,3.0,COVID,2,1.0,NWG > 0,-6.0,0.0,True,True,True
14805,UTA,96,Jazz,2019-10-28,21900049,PHX,95,Suns,no,0,2020,0,0,0,0,0,0,15,away,5.0,0.0,False,1.0,-1.0,COVID,0,,NWG = 0,5.0,1.0,True,True,True
16605,DAL,109,Mavericks,2019-10-29,21900053,DEN,106,Nuggets,no,0,2020,1,3,0,1,0,3,26,home,5.5,0.0,True,0.0,-3.0,COVID,-2,0.25,NWG < 0,-5.5,0.0,True,True,True
17595,CHI,111,Bulls,2019-10-30,21900055,CLE,117,Cavaliers,no,0,2020,0,2,0,0,0,2,28,away,2.0,0.0,False,1.0,6.0,COVID,-2,0.0,NWG < 0,2.0,1.0,True,True,True
20476,HOU,159,Rockets,2019-10-30,21900061,WAS,158,Wizards,no,0,2020,0,0,0,0,0,0,19,away,8.0,0.0,False,1.0,-1.0,COVID,0,,NWG = 0,8.0,1.0,True,True,True
18203,POR,102,Trail Blazers,2019-10-30,21900062,OKC,99,Thunder,no,0,2020,1,0,0,1,0,0,16,away,1.5,1.0,False,0.0,-3.0,COVID,1,1.0,NWG > 0,1.5,0.0,True,True,True
20671,DET,106,Pistons,2019-11-01,21900073,CHI,112,Bulls,no,0,2020,0,0,0,0,0,0,16,home,3.5,1.0,True,1.0,6.0,COVID,0,,NWG = 0,-3.5,1.0,True,True,True
20358,LAL,119,Lakers,2019-11-01,21900074,DAL,110,Mavericks,ESPN,0,2020,0,2,0,0,0,2,18,away,1.5,1.0,False,0.0,-9.0,COVID,-2,0.0,NWG < 0,1.5,0.0,True,True,True
18624,NYK,102,Knicks,2019-11-01,21900072,BOS,104,Celtics,no,0,2020,1,1,0,1,0,1,17,home,10.5,0.0,True,0.0,2.0,COVID,0,0.5,NWG = 0,-10.5,0.0,True,True,True
16273,UTA,101,Jazz,2019-11-01,21900075,SAC,102,Kings,no,0,2020,0,1,0,0,0,1,22,away,5.0,0.0,False,1.0,1.0,COVID,-1,0.0,NWG < 0,5.0,1.0,True,True,True
17222,BKN,109,Nets,2019-11-02,21900078,DET,113,Pistons,no,0,2020,0,0,0,0,0,0,30,away,4.0,0.0,False,1.0,4.0,COVID,0,,NWG = 0,4.0,1.0,True,True,True
18064,CHA,93,Hornets,2019-11-02,21900083,GSW,87,Warriors,no,0,2020,0,0,0,0,0,0,28,away,6.0,2.0,False,,-6.0,COVID,0,,NWG = 0,6.0,0.0,False,True,True
17025,DEN,91,Nuggets,2019-11-02,21900079,ORL,87,Magic,NBA TV,0,2020,2,1,0,2,0,1,22,away,4.0,2.0,False,,-4.0,COVID,1,0.6666666666666666,NWG > 0,4.0,0.0,False,True,True
19669,PHI,129,76ers,2019-11-02,21900084,POR,128,Trail Blazers,NBA TV,0,2020,0,0,0,0,0,0,13,home,1.0,0.0,True,0.0,-1.0,COVID,0,,NWG = 0,-1.0,0.0,True,True,True
14285,PHI,109,76ers,2019-11-04,21900095,PHX,114,Suns,no,0,2020,1,0,0,1,0,0,30,home,0.0,1.0,True,1.0,5.0,COVID,1,1.0,NWG > 0,-0.0,1.0,True,True,True
17709,BOS,119,Celtics,2019-11-05,21900098,CLE,113,Cavaliers,no,0,2020,1,1,0,1,0,1,17,away,6.0,2.0,False,,-6.0,COVID,0,0.5,NWG = 0,6.0,0.0,False,True,True
13341,IND,120,Pacers,2019-11-05,21900097,CHA,122,Hornets,no,0,2020,1,1,0,0,1,1,23,away,2.5,0.0,False,1.0,2.0,COVID,0,0.5,NWG = 0,2.5,1.0,True,True,True
19068,MIL,129,Bucks,2019-11-06,21900111,LAC,124,Clippers,ESPN,0,2020,1,0,0,1,0,0,19,away,6.5,0.0,False,1.0,-5.0,COVID,1,1.0,NWG > 0,6.5,1.0,True,True,True
19487,ORL,106,Magic,2019-11-06,21900109,DAL,107,Mavericks,no,0,2020,0,1,0,0,0,1,16,home,7.0,0.0,True,0.0,1.0,COVID,-1,0.0,NWG < 0,-7.0,0.0,True,True,True
18306,PHI,104,76ers,2019-11-06,21900110,UTA,106,Jazz,no,0,2020,0,0,0,0,0,0,10,home,3.0,0.0,True,0.0,2.0,COVID,0,,NWG = 0,-3.0,0.0,True,True,True
19068,POR,101,Trail Blazers,2019-11-07,21900115,LAC,107,Clippers,TNT,0,2020,1,0,0,1,0,0,21,home,5.5,1.0,True,1.0,6.0,COVID,1,1.0,NWG > 0,-5.5,1.0,True,True,True
20089,BKN,119,Nets,2019-11-08,21900125,POR,115,Trail Blazers,no,0,2020,0,1,0,0,0,1,23,home,3.5,0.0,True,0.0,-4.0,COVID,-1,0.0,NWG < 0,-3.5,0.0,True,True,True
15647,GSW,119,Warriors,2019-11-08,21900120,MIN,125,Timberwolves,no,0,2020,0,2,0,0,0,2,28,home,11.5,0.0,True,0.0,6.0,COVID,-2,0.0,NWG < 0,-11.5,0.0,True,True,True
18306,MIL,100,Bucks,2019-11-08,21900124,UTA,103,Jazz,no,0,2020,0,2,0,0,0,2,16,away,2.0,0.0,False,1.0,3.0,COVID,-2,0.0,NWG < 0,2.0,1.0,True,True,True
20257,NYK,106,Knicks,2019-11-08,21900122,DAL,102,Mavericks,no,0,2020,1,0,0,1,0,0,21,home,11.0,0.0,True,0.0,-4.0,COVID,1,1.0,NWG > 0,-11.0,0.0,True,True,True
19520,PHI,97,76ers,2019-11-08,21900123,DEN,100,Nuggets,no,0,2020,1,0,0,0,1,0,15,home,5.0,0.0,True,0.0,3.0,COVID,1,1.0,NWG > 0,-5.0,0.0,True,True,True
20041,ATL,113,Hawks,2019-11-10,21900138,POR,124,Trail Blazers,no,0,2020,0,1,0,0,0,1,16,home,9.0,1.0,True,1.0,11.0,COVID,-1,0.0,NWG < 0,-9.0,1.0,True,True,True
13553,DEN,100,Nuggets,2019-11-10,21900132,MIN,98,Timberwolves,no,0,2020,1,1,0,1,0,1,35,away,4.0,0.0,False,1.0,-2.0,COVID,0,0.5,NWG = 0,4.0,1.0,True,True,True
18203,MIL,121,Bucks,2019-11-10,21900135,OKC,119,Thunder,no,0,2020,1,0,0,1,0,0,22,away,9.0,0.0,False,1.0,-2.0,COVID,1,1.0,NWG > 0,9.0,1.0,True,True,True
18627,MEM,113,Grizzlies,2019-11-11,21900143,SAS,109,Spurs,no,0,2020,1,1,0,1,0,1,20,home,10.5,0.0,True,0.0,-4.0,COVID,0,0.5,NWG = 0,-10.5,0.0,True,True,True
18306,BKN,114,Nets,2019-11-12,21900152,UTA,119,Jazz,no,0,2020,0,0,0,0,0,0,25,home,7.0,0.0,True,0.0,5.0,COVID,0,,NWG = 0,-7.0,0.0,True,True,True
20294,CLE,97,Cavaliers,2019-11-12,21900147,PHI,98,76ers,NBA TV,0,2020,1,0,0,1,0,0,21,home,11.0,0.0,True,0.0,1.0,COVID,1,1.0,NWG > 0,-11.0,0.0,True,True,True
18055,LAC,93,Clippers,2019-11-13,21900157,HOU,102,Rockets,ESPN,0,2020,1,2,0,0,1,2,17,home,2.0,1.0,True,1.0,9.0,COVID,-1,0.3333333333333333,NWG < 0,-2.0,1.0,True,True,True
13155,MEM,119,Grizzlies,2019-11-13,21900154,CHA,117,Hornets,no,0,2020,1,1,0,1,0,1,21,home,2.5,0.0,True,0.0,-2.0,COVID,0,0.5,NWG = 0,-2.5,0.0,True,True,True
17627,CHI,115,Bulls,2019-11-14,21900163,MIL,124,Bucks,no,0,2020,0,1,1,0,0,0,15,home,11.5,0.0,True,0.0,9.0,COVID,-1,0.0,NWG < 0,-11.5,0.0,True,True,True
19812,DAL,103,Mavericks,2019-11-14,21900162,NYK,106,Knicks,TNT,0,2020,0,0,0,0,0,0,23,away,8.0,0.0,False,1.0,3.0,COVID,0,,NWG = 0,8.0,1.0,True,True,True
17147,LAC,127,Clippers,2019-11-14,21900164,NOP,132,Pelicans,no,0,2020,1,0,0,1,0,0,16,away,4.0,0.0,False,1.0,5.0,COVID,1,1.0,NWG > 0,4.0,1.0,True,True,True
18064,BOS,105,Celtics,2019-11-15,21900173,GSW,100,Warriors,ESPN,0,2020,0,0,0,0,0,0,17,away,7.0,0.0,False,1.0,-5.0,COVID,0,,NWG = 0,7.0,1.0,True,True,True
16778,DET,106,Pistons,2019-11-15,21900167,CHA,109,Hornets,no,0,2020,0,0,0,0,0,0,18,away,4.0,0.0,False,1.0,3.0,COVID,0,,NWG = 0,4.0,1.0,True,True,True
18203,PHI,119,76ers,2019-11-15,21900172,OKC,127,Thunder,no,0,2020,1,0,0,1,0,0,17,away,3.5,0.0,False,1.0,8.0,COVID,1,1.0,NWG > 0,3.5,1.0,True,True,True
18997,SAC,97,Kings,2019-11-15,21900174,LAL,99,Lakers,no,0,2020,1,0,0,0,1,0,17,home,10.5,0.0,True,0.0,2.0,COVID,1,1.0,NWG > 0,-10.5,0.0,True,True,True
16296,SAS,109,Spurs,2019-11-15,21900168,ORL,111,Magic,no,0,2020,0,0,0,0,0,0,18,home,2.5,0.0,True,0.0,2.0,COVID,0,,NWG = 0,-2.5,0.0,True,True,True
16422,UTA,106,Jazz,2019-11-15,21900170,MEM,107,Grizzlies,ESPN,0,2020,0,0,0,0,0,0,24,away,8.0,0.0,False,1.0,1.0,COVID,0,,NWG = 0,8.0,1.0,True,True,True
19148,BKN,117,Nets,2019-11-16,21900175,CHI,111,Bulls,NBA TV,0,2020,0,1,0,0,0,1,22,home,4.0,0.0,True,0.0,-6.0,COVID,-1,0.0,NWG < 0,-4.0,0.0,True,True,True
19401,CHA,103,Hornets,2019-11-16,21900177,NYK,102,Knicks,no,0,2020,1,0,0,1,0,0,16,home,4.0,0.0,True,0.0,-1.0,COVID,1,1.0,NWG > 0,-4.0,0.0,True,True,True
18534,POR,121,Trail Blazers,2019-11-16,21900181,SAS,116,Spurs,no,0,2020,0,1,0,0,0,1,17,home,1.5,0.0,True,0.0,-5.0,COVID,-1,0.0,NWG < 0,-1.5,0.0,True,True,True
19926,TOR,102,Raptors,2019-11-16,21900180,DAL,110,Mavericks,no,0,2020,1,0,0,1,0,1,18,home,4.5,1.0,True,1.0,8.0,COVID,1,1.0,NWG > 0,-4.5,1.0,True,True,True
16633,BOS,99,Celtics,2019-11-17,21900184,SAC,100,Kings,no,0,2020,0,1,0,0,0,1,19,away,2.5,0.0,False,1.0,1.0,COVID,-1,0.0,NWG < 0,2.5,1.0,True,True,True
16344,WAS,121,Wizards,2019-11-17,21900185,ORL,125,Magic,no,0,2020,0,1,1,0,0,1,17,home,5.5,0.0,True,0.0,4.0,COVID,-1,0.0,NWG < 0,-5.5,0.0,True,True,True
19068,OKC,88,Thunder,2019-11-18,21900197,LAC,90,Clippers,no,0,2020,0,4,0,0,0,4,20,home,7.5,0.0,True,0.0,2.0,COVID,-4,0.0,NWG < 0,-7.5,0.0,True,True,True
19637,SAS,110,Spurs,2019-11-18,21900194,DAL,117,Mavericks,no,0,2020,1,2,0,1,0,2,18,home,5.0,1.0,True,1.0,7.0,COVID,-1,0.3333333333333333,NWG < 0,-5.0,1.0,True,True,True
18997,OKC,107,Thunder,2019-11-19,21900201,LAL,112,Lakers,NBA TV,0,2020,2,1,1,1,1,0,14,home,11.0,0.0,True,0.0,5.0,COVID,1,0.6666666666666666,NWG > 0,-11.0,0.0,True,True,True
16732,PHX,116,Suns,2019-11-19,21900200,SAC,120,Kings,no,0,2020,0,2,0,0,0,2,13,home,3.0,1.0,True,1.0,4.0,COVID,-2,0.0,NWG < 0,-3.0,1.0,True,True,True
19068,BOS,104,Celtics,2019-11-20,21900212,LAC,107,Clippers,ESPN,0,2020,0,1,0,0,0,1,35,home,7.0,0.0,True,0.0,3.0,COVID,-1,0.0,NWG < 0,-7.0,0.0,True,True,True
20384,NYK,104,Knicks,2019-11-20,21900202,PHI,109,76ers,no,0,2020,0,0,0,0,0,0,16,home,12.5,0.0,True,0.0,5.0,COVID,0,,NWG = 0,-12.5,0.0,True,True,True
14579,SAS,132,Spurs,2019-11-20,21900203,WAS,138,Wizards,no,0,2020,0,2,0,0,0,2,23,away,2.0,0.0,False,1.0,6.0,COVID,-2,0.0,NWG < 0,2.0,1.0,True,True,True
13903,NOP,124,Pelicans,2019-11-21,21900214,PHX,121,Suns,TNT,0,2020,3,0,0,2,1,0,22,home,3.0,0.0,True,0.0,-3.0,COVID,3,1.0,NWG > 0,-3.0,0.0,True,True,True
15399,ATL,103,Hawks,2019-11-22,21900215,DET,128,Pistons,no,0,2020,0,1,0,0,0,1,11,home,6.0,1.0,True,1.0,25.0,COVID,-1,0.0,NWG < 0,-6.0,1.0,True,True,True
19520,BOS,92,Celtics,2019-11-22,21900222,DEN,96,Nuggets,no,0,2020,0,1,0,0,0,1,15,home,5.0,0.0,True,0.0,4.0,COVID,-1,0.0,NWG < 0,-5.0,0.0,True,True,True
15053,CHA,118,Hornets,2019-11-22,21900216,WAS,125,Wizards,no,0,2020,0,0,0,0,0,0,12,home,6.0,1.0,True,1.0,7.0,COVID,0,,NWG = 0,-6.0,1.0,True,True,True
18306,GSW,109,Warriors,2019-11-22,21900223,UTA,113,Jazz,no,0,2020,0,0,0,0,0,0,15,home,16.0,0.0,True,0.0,4.0,COVID,0,,NWG = 0,-16.0,0.0,True,True,True
19068,HOU,119,Rockets,2019-11-22,21900224,LAC,122,Clippers,ESPN,0,2020,1,1,0,1,0,1,23,home,5.5,0.0,True,0.0,3.0,COVID,0,0.5,NWG = 0,-5.5,0.0,True,True,True
18203,LAL,130,Lakers,2019-11-22,21900220,OKC,127,Thunder,no,0,2020,2,0,0,1,1,0,19,away,4.5,0.0,False,1.0,-3.0,COVID,2,1.0,NWG > 0,4.5,1.0,True,True,True
17891,CHI,116,Bulls,2019-11-23,21900226,CHA,115,Hornets,no,0,2020,1,2,1,1,0,1,18,away,2.0,0.0,False,1.0,-1.0,COVID,-1,0.3333333333333333,NWG < 0,2.0,1.0,True,True,True
17794,LAL,109,Lakers,2019-11-23,21900232,MEM,108,Grizzlies,no,0,2020,1,0,0,1,0,0,19,away,8.0,0.0,False,1.0,-1.0,COVID,1,1.0,NWG > 0,8.0,1.0,True,True,True
16446,ORL,106,Magic,2019-11-23,21900227,IND,111,Pacers,no,0,2020,0,2,0,0,0,2,16,home,6.5,0.0,True,0.0,5.0,COVID,-2,0.0,NWG < 0,-6.5,0.0,True,True,True
17362,PHX,100,Suns,2019-11-23,21900225,MIN,98,Timberwolves,no,0,2020,0,0,0,0,0,0,15,home,4.5,0.0,True,0.0,-2.0,COVID,0,,NWG = 0,-4.5,0.0,True,True,True
16931,TOR,119,Raptors,2019-11-23,21900228,ATL,116,Hawks,no,0,2020,0,0,0,0,0,0,17,away,7.5,0.0,False,1.0,-3.0,COVID,0,,NWG = 0,7.5,1.0,True,True,True
18770,BKN,103,Nets,2019-11-24,21900236,NYK,101,Knicks,no,0,2020,0,1,0,0,0,1,22,away,2.5,0.0,False,1.0,-2.0,COVID,-1,0.0,NWG < 0,2.5,1.0,True,True,True
17143,BKN,108,Nets,2019-11-25,21900240,CLE,106,Cavaliers,no,0,2020,1,1,0,1,0,1,28,home,1.0,0.0,True,0.0,-2.0,COVID,0,0.5,NWG = 0,-1.0,0.0,True,True,True
18064,OKC,100,Thunder,2019-11-25,21900250,GSW,97,Warriors,NBA TV,0,2020,1,1,1,1,0,0,21,away,7.5,0.0,False,1.0,-3.0,COVID,0,0.5,NWG = 0,7.5,1.0,True,True,True
19800,PHI,96,76ers,2019-11-25,21900246,TOR,101,Raptors,no,0,2020,0,0,0,0,0,0,15,away,1.5,0.0,False,1.0,5.0,COVID,0,,NWG = 0,1.5,1.0,True,True,True
19156,SAC,102,Kings,2019-11-25,21900244,BOS,103,Celtics,no,0,2020,1,1,0,1,0,1,20,home,6.0,0.0,True,0.0,1.0,COVID,0,0.5,NWG = 0,-6.0,0.0,True,True,True
17385,UTA,118,Jazz,2019-11-25,21900248,MIL,122,Bucks,NBA TV,0,2020,0,0,0,0,0,0,18,home,8.5,0.0,True,0.0,4.0,COVID,0,,NWG = 0,-8.5,0.0,True,True,True
15535,DET,101,Pistons,2019-11-27,21900254,CHA,102,Hornets,no,0,2020,2,1,0,2,0,1,14,away,3.5,0.0,False,1.0,1.0,COVID,1,0.6666666666666666,NWG > 0,3.5,1.0,True,True,True
16721,LAC,121,Clippers,2019-11-27,21900260,MEM,119,Grizzlies,no,0,2020,3,0,0,2,1,0,18,away,6.5,0.0,False,1.0,-2.0,COVID,3,1.0,NWG > 0,6.5,1.0,True,True,True
18626,LAL,114,Lakers,2019-11-27,21900264,NOP,110,Pelicans,ESPN,0,2020,0,0,0,0,0,0,21,away,6.5,0.0,False,1.0,-4.0,COVID,0,,NWG = 0,6.5,1.0,True,True,True
15827,ATL,104,Hawks,2019-11-29,21900272,IND,105,Pacers,no,0,2020,0,1,0,0,0,1,38,home,11.0,0.0,True,0.0,1.0,COVID,-1,0.0,NWG < 0,-11.0,0.0,True,True,True
15006,CHA,110,Hornets,2019-11-29,21900268,DET,107,Pistons,no,0,2020,1,1,0,1,0,1,18,home,8.0,0.0,True,0.0,-3.0,COVID,0,0.5,NWG = 0,-8.0,0.0,True,True,True
20139,CHI,103,Bulls,2019-11-29,21900278,POR,107,Trail Blazers,no,0,2020,1,1,0,1,0,1,19,home,7.0,0.0,True,0.0,4.0,COVID,0,0.5,NWG = 0,-7.0,0.0,True,True,True
18203,NOP,104,Pelicans,2019-11-29,21900275,OKC,109,Thunder,NBA TV,0,2020,0,1,0,0,0,1,14,home,4.5,1.0,True,1.0,5.0,COVID,-1,0.0,NWG < 0,-4.5,1.0,True,True,True
18109,PHI,101,76ers,2019-11-29,21900271,NYK,95,Knicks,no,0,2020,0,0,0,0,0,0,19,away,6.5,0.0,False,1.0,-6.0,COVID,0,,NWG = 0,6.5,1.0,True,True,True
16605,UTA,103,Jazz,2019-11-29,21900274,MEM,94,Grizzlies,no,0,2020,0,0,0,0,0,0,10,away,7.5,1.0,False,0.0,-9.0,COVID,0,,NWG = 0,7.5,0.0,True,True,True
17583,DEN,97,Nuggets,2019-11-30,21900280,SAC,100,Kings,no,0,2020,2,0,0,2,0,0,28,away,4.0,0.0,False,1.0,3.0,COVID,2,1.0,NWG > 0,4.0,1.0,True,True,True
20517,IND,116,Pacers,2019-11-30,21900281,PHI,119,76ers,NBA TV,0,2020,2,0,0,1,1,0,20,home,6.0,0.0,True,0.0,3.0,COVID,2,1.0,NWG > 0,-6.0,0.0,True,True,True
15052,GSW,96,Warriors,2019-12-01,21900290,ORL,100,Magic,no,0,2020,1,1,0,1,0,1,25,home,7.5,0.0,True,0.0,4.0,COVID,0,0.5,NWG = 0,-7.5,0.0,True,True,True
17026,MIA,109,Heat,2019-12-01,21900284,BKN,106,Nets,no,0,2020,0,2,0,0,0,2,16,away,4.0,0.0,False,1.0,-3.0,COVID,-2,0.0,NWG < 0,4.0,1.0,True,True,True
15427,OKC,107,Thunder,2019-12-01,21900289,NOP,104,Pelicans,no,0,2020,1,0,0,1,0,0,23,home,2.5,0.0,True,0.0,-3.0,COVID,1,1.0,NWG > 0,-2.5,0.0,True,True,True
17257,CHI,113,Bulls,2019-12-02,21900298,SAC,106,Kings,NBA TV,0,2020,0,1,0,0,0,1,21,home,5.0,0.0,True,0.0,-7.0,COVID,-1,0.0,NWG < 0,-5.0,0.0,True,True,True
11221,PHX,109,Suns,2019-12-02,21900293,CHA,104,Hornets,no,0,2020,0,0,0,0,0,0,15,away,4.0,1.0,False,0.0,-5.0,COVID,0,,NWG = 0,4.0,0.0,True,True,True
18354,HOU,133,Rockets,2019-12-03,21900303,SAS,135,Spurs,no,0,2020,1,2,0,1,0,2,49,away,7.0,0.0,False,1.0,2.0,COVID,-1,0.3333333333333333,NWG < 0,7.0,1.0,True,True,True
19658,LAL,105,Lakers,2019-12-03,21900304,DEN,96,Nuggets,no,0,2020,0,1,0,0,0,1,18,home,2.5,0.0,True,0.0,-9.0,COVID,-1,0.0,NWG < 0,-2.5,0.0,True,True,True
19800,MIA,121,Heat,2019-12-03,21900301,TOR,110,Raptors,no,0,2020,2,0,0,2,0,0,14,home,5.5,0.0,True,0.0,-11.0,COVID,2,1.0,NWG > 0,-5.5,0.0,True,True,True
18203,IND,107,Pacers,2019-12-04,21900312,OKC,100,Thunder,no,0,2020,1,0,0,1,0,0,20,away,1.0,1.0,False,0.0,-7.0,COVID,1,1.0,NWG > 0,1.0,0.0,True,True,True
15607,PHX,139,Suns,2019-12-05,21900319,NOP,132,Pelicans,no,0,2020,1,2,0,1,0,2,38,home,4.0,0.0,True,0.0,-7.0,COVID,-1,0.3333333333333333,NWG < 0,-4.0,0.0,True,True,True
18841,GSW,100,Warriors,2019-12-06,21900325,CHI,98,Bulls,no,0,2020,1,0,0,1,0,0,15,home,4.5,0.0,True,0.0,-2.0,COVID,1,1.0,NWG > 0,-4.5,0.0,True,True,True
14894,IND,101,Pacers,2019-12-06,21900322,DET,108,Pistons,no,0,2020,2,0,0,2,0,0,18,away,1.5,0.0,False,1.0,7.0,COVID,2,1.0,NWG > 0,1.5,1.0,True,True,True
18203,MIN,127,Timberwolves,2019-12-06,21900326,OKC,139,Thunder,no,0,2020,0,2,0,0,0,2,24,home,3.5,1.0,True,1.0,12.0,COVID,-2,0.0,NWG < 0,-3.5,1.0,True,True,True
18446,ORL,93,Magic,2019-12-06,21900321,CLE,87,Cavaliers,no,0,2020,0,2,0,0,0,2,19,away,4.5,1.0,False,0.0,-6.0,COVID,-2,0.0,NWG < 0,4.5,0.0,True,True,True
18354,SAC,104,Kings,2019-12-06,21900328,SAS,105,Spurs,no,0,2020,2,1,0,1,1,1,34,home,4.0,0.0,True,0.0,1.0,COVID,1,0.6666666666666666,NWG > 0,-4.0,0.0,True,True,True
19110,IND,104,Pacers,2019-12-07,21900331,NYK,103,Knicks,no,0,2020,0,1,0,0,0,1,21,away,5.5,0.0,False,1.0,-1.0,COVID,-1,0.0,NWG < 0,5.5,1.0,True,True,True
19600,CHI,105,Bulls,2019-12-08,21900337,MIA,110,Heat,no,0,2020,2,3,1,1,1,2,33,home,7.0,0.0,True,0.0,5.0,COVID,-1,0.4,NWG < 0,-7.0,0.0,True,True,True
16679,DEN,102,Nuggets,2019-12-08,21900335,BKN,105,Nets,no,0,2020,1,1,0,1,0,1,23,away,4.5,0.0,False,1.0,3.0,COVID,0,0.5,NWG = 0,4.5,1.0,True,True,True
19566,SAC,110,Kings,2019-12-08,21900340,DAL,106,Mavericks,no,0,2020,1,2,0,1,0,2,21,home,9.0,0.0,True,0.0,-4.0,COVID,-1,0.3333333333333333,NWG < 0,-9.0,0.0,True,True,True
13694,DET,105,Pistons,2019-12-09,21900348,NOP,103,Pelicans,no,0,2020,0,0,0,0,0,0,12,home,0.0,0.0,True,0.0,-2.0,COVID,0,,NWG = 0,-0.0,0.0,True,True,True
18055,SAC,119,Kings,2019-12-09,21900346,HOU,118,Rockets,no,0,2020,0,1,0,0,0,1,19,home,12.0,0.0,True,0.0,-1.0,COVID,-1,0.0,NWG < 0,-12.0,0.0,True,True,True
14775,TOR,93,Raptors,2019-12-09,21900345,CHI,92,Bulls,no,0,2020,1,1,0,1,0,1,17,away,6.5,0.0,False,1.0,-1.0,COVID,0,0.5,NWG = 0,6.5,1.0,True,True,True
19600,ATL,121,Hawks,2019-12-10,21900354,MIA,135,Heat,no,0,2020,2,0,0,2,0,0,17,home,8.5,1.0,True,1.0,14.0,COVID,2,1.0,NWG > 0,-8.5,1.0,True,True,True
20591,DEN,92,Nuggets,2019-12-10,21900353,PHI,97,76ers,TNT,0,2020,1,0,0,1,0,0,26,home,5.5,0.0,True,0.0,5.0,COVID,1,1.0,NWG > 0,-5.5,0.0,True,True,True
10626,WAS,107,Wizards,2019-12-10,21900352,CHA,114,Hornets,no,0,2020,0,2,0,0,0,2,17,away,2.0,0.0,False,1.0,7.0,COVID,-2,0.0,NWG < 0,2.0,1.0,True,True,True
15637,BOS,117,Celtics,2019-12-11,21900357,IND,122,Pacers,no,0,2020,1,0,0,1,0,0,23,home,1.0,1.0,True,1.0,5.0,COVID,1,1.0,NWG > 0,-1.0,1.0,True,True,True
15631,CHA,113,Hornets,2019-12-11,21900360,BKN,108,Nets,no,0,2020,0,0,0,0,0,0,13,home,10.0,0.0,True,0.0,-5.0,COVID,0,,NWG = 0,-10.0,0.0,True,True,True
17122,HOU,116,Rockets,2019-12-11,21900356,CLE,110,Cavaliers,no,0,2020,2,0,0,2,0,0,19,away,11.5,0.0,False,1.0,-6.0,COVID,2,1.0,NWG > 0,11.5,1.0,True,True,True
18064,NYK,124,Knicks,2019-12-11,21900366,GSW,122,Warriors,no,0,2020,0,0,0,0,0,0,23,home,5.0,0.0,True,0.0,-2.0,COVID,0,,NWG = 0,-5.0,0.0,True,True,True
16723,OKC,93,Thunder,2019-12-11,21900365,SAC,94,Kings,no,0,2020,1,0,0,1,0,0,19,home,1.5,0.0,True,0.0,1.0,COVID,1,1.0,NWG > 0,-1.5,0.0,True,True,True
18354,CLE,117,Cavaliers,2019-12-12,21900368,SAS,109,Spurs,no,0,2020,0,1,0,0,0,1,23,home,11.5,0.0,True,0.0,-8.0,COVID,-1,0.0,NWG < 0,-11.5,0.0,True,True,True
19156,PHI,115,76ers,2019-12-12,21900367,BOS,109,Celtics,TNT,0,2020,1,1,0,0,1,1,20,home,1.0,0.0,True,0.0,-6.0,COVID,0,0.5,NWG = 0,-1.0,0.0,True,True,True
18306,GSW,106,Warriors,2019-12-13,21900379,UTA,114,Jazz,no,0,2020,2,0,0,2,0,0,17,home,14.0,0.0,True,0.0,8.0,COVID,2,1.0,NWG > 0,-14.0,0.0,True,True,True
20013,LAL,113,Lakers,2019-12-13,21900374,MIA,110,Heat,ESPN,0,2020,0,3,0,0,0,3,20,away,5.5,0.0,False,1.0,-3.0,COVID,-3,0.0,NWG < 0,5.5,1.0,True,True,True
20620,NOP,109,Pelicans,2019-12-13,21900372,PHI,116,76ers,no,0,2020,0,1,0,0,0,1,18,home,7.0,2.0,True,,7.0,COVID,-1,0.0,NWG < 0,-7.0,0.0,False,True,True
17583,NYK,103,Knicks,2019-12-13,21900378,SAC,101,Kings,no,0,2020,1,1,0,1,0,1,16,home,9.0,0.0,True,0.0,-2.0,COVID,0,0.5,NWG = 0,-9.0,0.0,True,True,True
18426,LAC,106,Clippers,2019-12-14,21900382,CHI,109,Bulls,no,0,2020,1,1,0,1,0,1,18,away,3.0,0.0,False,1.0,3.0,COVID,0,0.5,NWG = 0,3.0,1.0,True,True,True
20333,MIA,122,Heat,2019-12-14,21900384,DAL,118,Mavericks,no,0,2020,1,2,0,1,0,2,40,home,8.5,0.0,True,0.0,-4.0,COVID,-1,0.3333333333333333,NWG < 0,-8.5,0.0,True,True,True
20013,SAS,121,Spurs,2019-12-14,21900380,PHX,119,Suns,NBA TV,0,2020,1,0,0,1,0,0,27,away,2.0,2.0,False,,-2.0,COVID,1,1.0,NWG > 0,2.0,0.0,False,True,True
16962,LAL,101,Lakers,2019-12-15,21900390,ATL,96,Hawks,no,0,2020,0,0,0,0,0,0,18,away,12.0,0.0,False,1.0,-5.0,COVID,0,,NWG = 0,12.0,1.0,True,True,True
18203,CHI,106,Bulls,2019-12-16,21900399,OKC,109,Thunder,no,0,2020,3,1,0,3,0,1,27,home,5.5,0.0,True,0.0,3.0,COVID,2,0.75,NWG > 0,-5.5,0.0,True,True,True
17727,DAL,120,Mavericks,2019-12-16,21900398,MIL,116,Bucks,NBA TV,0,2020,0,0,0,0,0,0,23,home,10.5,0.0,True,0.0,-4.0,COVID,0,,NWG = 0,-10.5,0.0,True,True,True
14193,POR,111,Trail Blazers,2019-12-16,21900400,PHX,110,Suns,no,0,2020,1,1,0,1,0,1,20,away,2.5,0.0,False,1.0,-1.0,COVID,0,0.5,NWG = 0,2.5,1.0,True,True,True
18055,SAS,107,Spurs,2019-12-16,21900396,HOU,109,Rockets,no,0,2020,0,3,0,0,0,3,20,home,10.5,0.0,True,0.0,2.0,COVID,-3,0.0,NWG < 0,-10.5,0.0,True,True,True
15177,BKN,108,Nets,2019-12-17,21900404,NOP,101,Pelicans,no,0,2020,2,2,0,2,0,2,32,away,2.0,1.0,False,0.0,-7.0,COVID,0,0.5,NWG = 0,2.0,0.0,True,True,True
17923,LAL,102,Lakers,2019-12-17,21900402,IND,105,Pacers,NBA TV,0,2020,1,1,0,1,0,1,15,away,1.0,0.0,False,1.0,3.0,COVID,0,0.5,NWG = 0,1.0,1.0,True,True,True
18306,ORL,102,Magic,2019-12-17,21900405,UTA,109,Jazz,no,0,2020,1,0,0,1,0,0,21,home,6.5,1.0,True,1.0,7.0,COVID,1,1.0,NWG > 0,-6.5,1.0,True,True,True
17023,CHA,98,Hornets,2019-12-18,21900407,CLE,100,Cavaliers,no,0,2020,0,0,0,0,0,0,15,home,3.0,0.0,True,0.0,2.0,COVID,0,,NWG = 0,-3.0,0.0,True,True,True
14987,CHI,110,Bulls,2019-12-18,21900409,WAS,109,Wizards,no,0,2020,1,1,0,1,0,1,33,home,1.0,0.0,True,0.0,-1.0,COVID,0,0.5,NWG = 0,-1.0,0.0,True,True,True
18203,MEM,122,Grizzlies,2019-12-18,21900412,OKC,126,Thunder,no,0,2020,1,1,0,1,0,1,24,home,6.5,0.0,True,0.0,4.0,COVID,0,0.5,NWG = 0,-6.5,0.0,True,True,True
20715,MIA,108,Heat,2019-12-18,21900410,PHI,104,76ers,ESPN,0,2020,0,1,0,0,0,1,17,home,8.0,0.0,True,0.0,-4.0,COVID,-1,0.0,NWG < 0,-8.0,0.0,True,True,True
16739,UTA,111,Jazz,2019-12-19,21900416,ATL,106,Hawks,no,0,2020,2,0,0,2,0,0,18,away,6.5,0.0,False,1.0,-5.0,COVID,2,1.0,NWG > 0,6.5,1.0,True,True,True
19432,MEM,107,Grizzlies,2019-12-20,21900420,CLE,114,Cavaliers,no,0,2020,0,2,0,0,0,2,17,away,2.5,0.0,False,1.0,7.0,COVID,-2,0.0,NWG < 0,2.5,1.0,True,True,True
18064,NOP,102,Pelicans,2019-12-20,21900429,GSW,106,Warriors,no,0,2020,0,0,0,0,0,0,16,away,2.0,0.0,False,1.0,4.0,COVID,0,,NWG = 0,2.0,1.0,True,True,True
19800,WAS,118,Wizards,2019-12-20,21900423,TOR,122,Raptors,no,0,2020,0,0,0,0,0,0,15,home,6.5,0.0,True,0.0,4.0,COVID,0,,NWG = 0,-6.5,0.0,True,True,True
16496,ATL,112,Hawks,2019-12-21,21900431,BKN,122,Nets,no,0,2020,0,0,0,0,0,0,9,home,7.5,1.0,True,1.0,10.0,COVID,0,,NWG = 0,-7.5,1.0,True,True,True
15603,SAC,115,Kings,2019-12-21,21900435,MEM,119,Grizzlies,no,0,2020,0,1,0,0,0,1,16,away,2.0,0.0,False,1.0,4.0,COVID,-1,0.0,NWG < 0,2.0,1.0,True,True,True
16187,UTA,114,Jazz,2019-12-21,21900430,CHA,107,Hornets,no,0,2020,2,0,0,2,0,0,21,away,7.0,2.0,False,,-7.0,COVID,2,1.0,NWG > 0,7.0,0.0,False,True,True
19800,DAL,107,Mavericks,2019-12-22,21900439,TOR,110,Raptors,no,0,2020,0,0,0,0,0,0,20,home,1.5,1.0,True,1.0,3.0,COVID,0,,NWG = 0,-1.5,1.0,True,True,True
18203,LAC,112,Clippers,2019-12-22,21900442,OKC,118,Thunder,NBA TV,0,2020,0,0,0,0,0,0,14,home,1.0,1.0,True,1.0,6.0,COVID,0,,NWG = 0,-1.0,1.0,True,True,True
18007,ATL,118,Hawks,2019-12-23,21900444,CLE,121,Cavaliers,no,0,2020,1,0,0,0,1,0,9,away,2.0,0.0,False,1.0,3.0,COVID,1,1.0,NWG > 0,2.0,1.0,True,True,True
16041,DEN,113,Nuggets,2019-12-23,21900451,PHX,111,Suns,no,0,2020,1,2,0,0,1,2,10,away,2.5,0.0,False,1.0,-2.0,COVID,-1,0.3333333333333333,NWG < 0,2.5,1.0,True,True,True
17164,TOR,115,Raptors,2019-12-23,21900446,IND,120,Pacers,NBA TV,0,2020,2,2,0,2,0,2,38,home,5.0,2.0,True,,5.0,COVID,0,0.5,NWG = 0,-5.0,0.0,False,True,True
19890,UTA,104,Jazz,2019-12-23,21900449,MIA,107,Heat,no,0,2020,1,0,0,0,1,0,19,home,4.5,0.0,True,0.0,3.0,COVID,1,1.0,NWG > 0,-4.5,0.0,True,True,True
19413,WAS,121,Wizards,2019-12-23,21900447,NYK,115,Knicks,no,0,2020,2,3,0,2,0,3,29,home,3.5,0.0,True,0.0,-6.0,COVID,-1,0.4,NWG < 0,-3.5,0.0,True,True,True
18997,LAC,111,Clippers,2019-12-25,21900458,LAL,106,Lakers,ESPN & ABC Simulcast,0,2020,0,0,0,0,0,0,19,home,2.5,0.0,True,0.0,-5.0,COVID,0,,NWG = 0,-2.5,0.0,True,True,True
17583,MIN,105,Timberwolves,2019-12-26,21900464,SAC,104,Kings,no,0,2020,2,1,0,2,0,1,40,home,7.0,0.0,True,0.0,-1.0,COVID,1,0.6666666666666666,NWG > 0,-7.0,0.0,True,True,True
18306,POR,115,Trail Blazers,2019-12-26,21900465,UTA,121,Jazz,TNT,0,2020,1,0,0,1,0,0,16,home,5.5,1.0,True,1.0,6.0,COVID,1,1.0,NWG > 0,-5.5,1.0,True,True,True
19767,IND,112,Pacers,2019-12-27,21900470,MIA,113,Heat,no,0,2020,1,0,0,1,0,0,18,home,5.0,0.0,True,0.0,1.0,COVID,1,1.0,NWG > 0,-5.0,0.0,True,True,True
18418,OKC,104,Thunder,2019-12-27,21900467,CHA,102,Hornets,no,0,2020,1,3,1,0,1,2,32,away,1.0,1.0,False,0.0,-2.0,COVID,-2,0.25,NWG < 0,1.0,0.0,True,True,True
17311,PHI,97,76ers,2019-12-27,21900468,ORL,98,Magic,NBA TV,0,2020,0,1,0,0,0,1,28,away,4.0,0.0,False,1.0,1.0,COVID,-1,0.0,NWG < 0,4.0,1.0,True,True,True
15411,CLE,94,Cavaliers,2019-12-28,21900479,MIN,88,Timberwolves,no,0,2020,2,1,0,2,0,1,26,home,6.5,0.0,True,0.0,-6.0,COVID,1,0.6666666666666666,NWG > 0,-6.5,0.0,True,True,True
19865,PHI,116,76ers,2019-12-28,21900475,MIA,117,Heat,no,0,2020,0,2,0,0,0,2,42,home,1.5,0.0,True,0.0,1.0,COVID,-2,0.0,NWG < 0,-1.5,0.0,True,True,True
17583,PHX,112,Suns,2019-12-28,21900483,SAC,110,Kings,no,0,2020,0,1,0,0,0,1,16,home,2.5,0.0,True,0.0,-2.0,COVID,-1,0.0,NWG < 0,-2.5,0.0,True,True,True
19800,OKC,98,Thunder,2019-12-29,21900486,TOR,97,Raptors,no,0,2020,0,1,0,0,0,1,22,home,4.5,0.0,True,0.0,-1.0,COVID,-1,0.0,NWG < 0,-4.5,0.0,True,True,True
19520,SAC,115,Kings,2019-12-29,21900489,DEN,120,Nuggets,no,0,2020,0,2,0,0,0,2,16,home,7.5,0.0,True,0.0,5.0,COVID,-2,0.0,NWG < 0,-7.5,0.0,True,True,True
15824,BKN,115,Nets,2019-12-30,21900494,MIN,122,Timberwolves,no,0,2020,2,1,0,2,0,1,16,away,4.5,0.0,False,1.0,7.0,COVID,1,0.6666666666666666,NWG > 0,4.5,1.0,True,True,True
19896,PHX,122,Suns,2019-12-30,21900496,POR,116,Trail Blazers,NBA TV,0,2020,1,1,0,1,0,1,20,home,4.0,0.0,True,0.0,-6.0,COVID,0,0.5,NWG = 0,-4.0,0.0,True,True,True
18203,DAL,101,Mavericks,2019-12-31,21900503,OKC,106,Thunder,no,0,2020,0,1,0,0,0,1,15,away,2.5,0.0,False,1.0,5.0,COVID,-1,0.0,NWG < 0,2.5,1.0,True,True,True
18354,GSW,113,Warriors,2019-12-31,21900502,SAS,117,Spurs,no,0,2020,0,0,0,0,0,0,37,home,11.0,0.0,True,0.0,4.0,COVID,0,,NWG = 0,-11.0,0.0,True,True,True
17819,MIN,104,Timberwolves,2020-01-01,21900506,MIL,106,Bucks,no,0,2020,0,2,0,0,0,2,15,home,18.0,0.0,True,0.0,2.0,COVID,-2,0.0,NWG < 0,-18.0,0.0,True,True,True
19812,POR,93,Trail Blazers,2020-01-01,21900505,NYK,117,Knicks,NBA TV,0,2020,2,3,0,2,0,1,3,away,4.0,0.0,False,1.0,24.0,COVID,-1,0.4,NWG < 0,4.0,1.0,True,True,True
17859,CHA,109,Hornets,2020-01-02,21900508,CLE,106,Cavaliers,no,0,2020,0,1,0,0,0,1,15,home,2.0,0.0,True,0.0,-3.0,COVID,-1,0.0,NWG < 0,-2.0,0.0,True,True,True
19398,UTA,102,Jazz,2020-01-02,21900511,CHI,98,Bulls,no,0,2020,0,0,0,0,0,0,17,away,3.5,1.0,False,0.0,-4.0,COVID,0,,NWG = 0,3.5,0.0,True,True,True
19156,ATL,106,Hawks,2020-01-03,21900517,BOS,109,Celtics,no,0,2020,0,1,0,0,0,1,26,home,10.5,0.0,True,0.0,3.0,COVID,-1,0.0,NWG < 0,-10.5,0.0,True,True,True
20327,CHA,123,Hornets,2020-01-04,21900530,DAL,120,Mavericks,no,0,2020,0,2,1,0,0,1,30,home,11.5,0.0,True,0.0,-3.0,COVID,-2,0.0,NWG < 0,-11.5,0.0,True,True,True
16420,IND,111,Pacers,2020-01-04,21900526,ATL,116,Hawks,no,0,2020,1,0,0,1,0,0,23,away,7.0,0.0,False,1.0,5.0,COVID,1,1.0,NWG > 0,7.0,1.0,True,True,True
16808,NOP,117,Pelicans,2020-01-04,21900533,SAC,115,Kings,no,0,2020,0,2,0,0,0,2,23,home,2.5,0.0,True,0.0,-2.0,COVID,-2,0.0,NWG < 0,-2.5,0.0,True,True,True
18997,DET,99,Pistons,2020-01-05,21900538,LAL,106,Lakers,no,0,2020,0,3,0,0,0,3,14,home,14.5,0.0,True,0.0,7.0,COVID,-3,0.0,NWG < 0,-14.5,0.0,True,True,True
14181,MEM,121,Grizzlies,2020-01-05,21900537,PHX,114,Suns,no,0,2020,0,0,0,0,0,0,20,home,7.0,0.0,True,0.0,-7.0,COVID,0,,NWG = 0,-7.0,0.0,True,True,True
19068,NYK,132,Knicks,2020-01-05,21900534,LAC,135,Clippers,no,0,2020,1,0,0,1,0,0,13,home,9.5,0.0,True,0.0,3.0,COVID,1,1.0,NWG > 0,-9.5,0.0,True,True,True
14138,UTA,128,Jazz,2020-01-06,21900544,NOP,126,Pelicans,no,0,2020,0,1,0,0,0,1,11,away,4.0,0.0,False,1.0,-2.0,COVID,-1,0.0,NWG < 0,4.0,1.0,True,True,True
17274,DET,115,Pistons,2020-01-07,21900548,CLE,113,Cavaliers,no,0,2020,2,0,0,2,0,0,21,away,3.5,0.0,False,1.0,-2.0,COVID,2,1.0,NWG > 0,3.5,1.0,True,True,True
14117,MIN,112,Timberwolves,2020-01-07,21900551,MEM,119,Grizzlies,no,0,2020,0,0,0,0,0,0,12,home,4.5,1.0,True,1.0,7.0,COVID,0,,NWG = 0,-4.5,1.0,True,True,True
15677,OKC,111,Thunder,2020-01-07,21900550,BKN,103,Nets,NBA TV,0,2020,0,1,0,0,0,1,14,home,1.0,0.0,True,0.0,-8.0,COVID,-1,0.0,NWG < 0,-1.0,0.0,True,True,True
19800,POR,101,Trail Blazers,2020-01-07,21900549,TOR,99,Raptors,no,0,2020,0,1,0,0,0,1,15,home,2.5,0.0,True,0.0,-2.0,COVID,-1,0.0,NWG < 0,-2.5,0.0,True,True,True
20314,DEN,107,Nuggets,2020-01-08,21900559,DAL,106,Mavericks,ESPN,0,2020,2,1,0,1,1,1,14,home,4.0,0.0,True,0.0,-1.0,COVID,1,0.6666666666666666,NWG > 0,-4.0,0.0,True,True,True
16514,HOU,122,Rockets,2020-01-08,21900558,ATL,115,Hawks,no,0,2020,0,0,0,0,0,0,20,away,8.0,0.0,False,1.0,-7.0,COVID,0,,NWG = 0,8.0,1.0,True,True,True
13965,TOR,112,Raptors,2020-01-08,21900555,CHA,110,Hornets,no,0,2020,0,2,0,0,0,2,31,away,2.5,0.0,False,1.0,-2.0,COVID,-2,0.0,NWG < 0,2.5,1.0,True,True,True
13445,CLE,115,Cavaliers,2020-01-09,21900563,DET,112,Pistons,no,0,2020,0,1,0,0,0,1,16,home,7.0,0.0,True,0.0,-3.0,COVID,-1,0.0,NWG < 0,-7.0,0.0,True,True,True
16011,MIA,113,Heat,2020-01-10,21900568,BKN,117,Nets,no,0,2020,0,0,0,0,0,0,23,away,4.0,0.0,False,1.0,4.0,COVID,0,,NWG = 0,4.0,1.0,True,True,True
14562,ORL,94,Magic,2020-01-10,21900573,PHX,98,Suns,no,0,2020,1,1,1,1,0,0,17,home,4.0,2.0,True,,4.0,COVID,0,0.5,NWG = 0,-4.0,0.0,False,True,True
14751,CHA,92,Hornets,2020-01-12,21900590,PHX,100,Suns,no,0,2020,0,2,1,0,0,1,15,home,8.5,0.0,True,0.0,8.0,COVID,-2,0.0,NWG < 0,-8.5,0.0,True,True,True
18861,MIA,121,Heat,2020-01-12,21900584,NYK,124,Knicks,no,0,2020,0,1,0,0,0,1,15,away,7.5,0.0,False,1.0,3.0,COVID,-1,0.0,NWG < 0,7.5,1.0,True,True,True
19800,SAS,105,Spurs,2020-01-12,21900587,TOR,104,Raptors,no,0,2020,0,0,0,0,0,0,23,home,5.0,0.0,True,0.0,-1.0,COVID,0,,NWG = 0,-5.0,0.0,True,True,True
19111,CHA,112,Hornets,2020-01-13,21900595,POR,115,Trail Blazers,no,0,2020,3,1,0,3,0,1,18,home,9.5,0.0,True,0.0,3.0,COVID,2,0.75,NWG > 0,-9.5,0.0,True,True,True
13780,NOP,117,Pelicans,2020-01-13,21900591,DET,110,Pistons,no,0,2020,2,0,0,2,0,0,26,home,5.0,0.0,True,0.0,-7.0,COVID,2,1.0,NWG > 0,-5.0,0.0,True,True,True
16299,ORL,114,Magic,2020-01-13,21900596,SAC,112,Kings,no,0,2020,0,1,1,0,0,0,13,away,1.0,1.0,False,0.0,-2.0,COVID,-1,0.0,NWG < 0,1.0,0.0,True,True,True
15257,PHI,95,76ers,2020-01-13,21900592,IND,101,Pacers,no,0,2020,1,1,0,1,0,1,28,home,3.5,1.0,True,1.0,6.0,COVID,0,0.5,NWG = 0,-3.5,1.0,True,True,True
17029,DAL,127,Mavericks,2020-01-15,21900612,SAC,123,Kings,no,0,2020,1,0,0,1,0,0,16,away,4.0,2.0,False,,-4.0,COVID,1,1.0,NWG > 0,4.0,0.0,False,True,True
18997,ORL,119,Magic,2020-01-15,21900613,LAL,118,Lakers,no,0,2020,0,0,0,0,0,0,15,home,10.0,0.0,True,0.0,-1.0,COVID,0,,NWG = 0,-10.0,0.0,True,True,True
18203,TOR,130,Raptors,2020-01-15,21900609,OKC,121,Thunder,no,0,2020,1,1,0,1,0,1,11,home,1.5,0.0,True,0.0,-9.0,COVID,0,0.5,NWG = 0,-1.5,0.0,True,True,True
18064,DEN,134,Nuggets,2020-01-16,21900617,GSW,131,Warriors,TNT,0,2020,2,0,0,1,1,0,35,away,3.5,0.0,False,1.0,-3.0,COVID,2,1.0,NWG > 0,3.5,1.0,True,True,True
16717,UTA,132,Jazz,2020-01-16,21900616,NOP,138,Pelicans,no,0,2020,1,2,1,1,0,1,35,away,5.5,0.0,False,1.0,6.0,COVID,-1,0.3333333333333333,NWG < 0,5.5,1.0,True,True,True
18354,ATL,121,Hawks,2020-01-17,21900624,SAS,120,Spurs,no,0,2020,1,0,0,1,0,0,18,home,9.0,0.0,True,0.0,-1.0,COVID,1,1.0,NWG > 0,-9.0,0.0,True,True,True
16248,MIN,114,Timberwolves,2020-01-17,21900619,IND,116,Pacers,no,0,2020,2,1,0,1,1,1,24,home,6.5,0.0,True,0.0,2.0,COVID,1,0.6666666666666666,NWG > 0,-6.5,0.0,True,True,True
19939,CLE,116,Cavaliers,2020-01-18,21900631,CHI,118,Bulls,no,0,2020,1,1,0,1,0,1,20,home,7.5,0.0,True,0.0,2.0,COVID,0,0.5,NWG = 0,-7.5,0.0,True,True,True
17959,LAC,133,Clippers,2020-01-18,21900626,NOP,130,Pelicans,ABC,0,2020,0,0,0,0,0,0,15,away,5.5,0.0,False,1.0,-3.0,COVID,0,,NWG = 0,5.5,1.0,True,True,True
17812,PHI,90,76ers,2020-01-18,21900630,NYK,87,Knicks,no,0,2020,1,1,0,1,0,1,22,away,4.0,0.0,False,1.0,-3.0,COVID,0,0.5,NWG = 0,4.0,1.0,True,True,True
19156,PHX,123,Suns,2020-01-18,21900628,BOS,119,Celtics,no,0,2020,0,0,0,0,0,0,15,home,4.5,0.0,True,0.0,-4.0,COVID,0,,NWG = 0,-4.5,0.0,True,True,True
19520,IND,115,Pacers,2020-01-19,21900638,DEN,107,Nuggets,no,0,2020,1,1,0,0,1,1,20,away,1.0,1.0,False,0.0,-8.0,COVID,0,0.5,NWG = 0,1.0,0.0,True,True,True
18422,MIA,102,Heat,2020-01-19,21900637,SAS,107,Spurs,no,0,2020,1,1,0,1,0,1,15,away,1.5,0.0,False,1.0,5.0,COVID,0,0.5,NWG = 0,1.5,1.0,True,True,True
19493,GSW,124,Warriors,2020-01-20,21900652,POR,129,Trail Blazers,TNT,0,2020,1,3,0,1,0,3,30,home,7.5,0.0,True,0.0,5.0,COVID,-2,0.25,NWG < 0,-7.5,0.0,True,True,True
18055,OKC,112,Thunder,2020-01-20,21900645,HOU,107,Rockets,no,0,2020,0,2,1,0,0,1,20,home,7.5,0.0,True,0.0,-5.0,COVID,-2,0.0,NWG < 0,-7.5,0.0,True,True,True
16801,PHI,117,76ers,2020-01-20,21900641,BKN,111,Nets,no,0,2020,1,0,0,1,0,0,22,away,2.5,1.0,False,0.0,-6.0,COVID,1,1.0,NWG > 0,2.5,0.0,True,True,True
19600,SAC,113,Kings,2020-01-20,21900644,MIA,118,Heat,no,0,2020,1,2,0,1,0,2,43,home,3.5,1.0,True,1.0,5.0,COVID,-1,0.3333333333333333,NWG < 0,-3.5,1.0,True,True,True
14847,SAS,120,Spurs,2020-01-20,21900650,PHX,118,Suns,no,0,2020,0,0,0,0,0,0,13,home,4.5,0.0,True,0.0,-2.0,COVID,0,,NWG = 0,-4.5,0.0,True,True,True
17300,TOR,122,Raptors,2020-01-20,21900640,ATL,117,Hawks,NBA TV,0,2020,1,1,1,1,0,0,14,away,9.0,0.0,False,1.0,-5.0,COVID,0,0.5,NWG = 0,9.0,1.0,True,True,True
19783,LAC,110,Clippers,2020-01-21,21900653,DAL,107,Mavericks,NBA TV,0,2020,4,0,0,3,1,0,17,home,2.5,0.0,True,0.0,-3.0,COVID,4,1.0,NWG > 0,-2.5,0.0,True,True,True
14338,LAC,95,Clippers,2020-01-22,21900656,ATL,102,Hawks,no,0,2020,0,1,0,0,0,1,21,away,4.5,0.0,False,1.0,7.0,COVID,-1,0.0,NWG < 0,4.5,1.0,True,True,True
18875,MIN,110,Timberwolves,2020-01-22,21900661,CHI,117,Bulls,no,0,2020,0,0,0,0,0,0,18,home,0.0,1.0,True,1.0,7.0,COVID,0,,NWG = 0,-0.0,1.0,True,True,True
18846,OKC,120,Thunder,2020-01-22,21900655,ORL,114,Magic,no,0,2020,0,0,0,0,0,0,14,home,2.5,0.0,True,0.0,-6.0,COVID,0,,NWG = 0,-2.5,0.0,True,True,True
18365,SAS,121,Spurs,2020-01-22,21900663,NOP,117,Pelicans,ESPN,0,2020,0,0,0,0,0,0,12,home,3.5,0.0,True,0.0,-4.0,COVID,0,,NWG = 0,-3.5,0.0,True,True,True
19600,WAS,129,Wizards,2020-01-22,21900658,MIA,134,Heat,no,0,2020,1,1,0,1,0,1,21,home,10.0,0.0,True,0.0,5.0,COVID,0,0.5,NWG = 0,-10.0,0.0,True,True,True
16398,DEN,113,Nuggets,2020-01-24,21900676,NOP,106,Pelicans,no,0,2020,1,1,0,1,0,1,15,home,4.0,0.0,True,0.0,-7.0,COVID,0,0.5,NWG = 0,-4.0,0.0,True,True,True
19632,LAC,122,Clippers,2020-01-24,21900673,MIA,117,Heat,ESPN,0,2020,0,0,0,0,0,0,16,away,2.0,1.0,False,0.0,-5.0,COVID,0,,NWG = 0,2.0,0.0,True,True,True
18354,PHX,103,Suns,2020-01-24,21900678,SAS,99,Spurs,no,0,2020,1,0,0,1,0,0,17,home,4.5,0.0,True,0.0,-4.0,COVID,1,1.0,NWG > 0,-4.5,0.0,True,True,True
18883,TOR,118,Raptors,2020-01-24,21900672,NYK,112,Knicks,no,0,2020,0,0,0,0,0,0,19,away,8.5,0.0,False,1.0,-6.0,COVID,0,,NWG = 0,8.5,1.0,True,True,True
15890,BKN,121,Nets,2020-01-25,21900681,DET,111,Pistons,no,0,2020,0,0,0,0,0,0,28,away,2.5,1.0,False,0.0,-10.0,COVID,0,,NWG = 0,2.5,0.0,True,True,True
18306,DAL,107,Mavericks,2020-01-25,21900680,UTA,112,Jazz,no,0,2020,0,1,0,0,0,1,14,home,5.0,2.0,True,,5.0,COVID,-1,0.0,NWG < 0,-5.0,0.0,False,True,True
17831,BKN,97,Nets,2020-01-26,21900688,NYK,110,Knicks,no,0,2020,0,0,0,0,0,0,2,home,2.5,1.0,True,1.0,13.0,COVID,0,,NWG = 0,-2.5,1.0,True,True,True
17214,PHX,109,Suns,2020-01-26,21900690,MEM,114,Grizzlies,no,0,2020,1,1,0,0,1,1,16,home,2.0,1.0,True,1.0,5.0,COVID,0,0.5,NWG = 0,-2.0,1.0,True,True,True
18354,TOR,110,Raptors,2020-01-26,21900686,SAS,106,Spurs,no,0,2020,0,0,0,0,0,0,15,away,3.5,1.0,False,0.0,-4.0,COVID,0,,NWG = 0,3.5,0.0,True,True,True
13449,SAC,133,Kings,2020-01-27,21900696,MIN,129,Timberwolves,no,0,2020,1,2,0,1,0,2,41,home,3.0,0.0,True,0.0,-4.0,COVID,-1,0.3333333333333333,NWG < 0,-3.0,0.0,True,True,True
16071,SAS,109,Spurs,2020-01-27,21900695,CHI,110,Bulls,no,0,2020,2,2,1,2,0,1,20,home,1.5,0.0,True,0.0,1.0,COVID,0,0.5,NWG = 0,-1.5,0.0,True,True,True
14342,NYK,92,Knicks,2020-01-28,21900699,CHA,97,Hornets,no,0,2020,1,0,0,1,0,0,23,home,1.5,1.0,True,1.0,5.0,COVID,1,1.0,NWG > 0,-1.5,1.0,True,True,True
17923,CHI,106,Bulls,2020-01-29,21900708,IND,115,Pacers,no,0,2020,1,1,0,1,0,1,23,home,8.5,1.0,True,1.0,9.0,COVID,0,0.5,NWG = 0,-8.5,1.0,True,True,True
17695,TOR,115,Raptors,2020-01-30,21900714,CLE,109,Cavaliers,no,0,2020,0,0,0,0,0,0,17,away,9.5,0.0,False,1.0,-6.0,COVID,0,,NWG = 0,9.5,1.0,True,True,True
19520,UTA,100,Jazz,2020-01-30,21900718,DEN,106,Nuggets,TNT,0,2020,0,0,0,0,0,0,15,away,3.0,0.0,False,1.0,6.0,COVID,0,,NWG = 0,3.0,1.0,True,True,True
17260,OKC,111,Thunder,2020-01-31,21900725,PHX,107,Suns,no,0,2020,0,1,0,0,0,1,25,home,0.0,0.0,True,0.0,-4.0,COVID,-1,0.0,NWG < 0,-0.0,0.0,True,True,True
18196,BKN,107,Nets,2020-02-01,21900731,WAS,113,Wizards,no,0,2020,2,1,0,2,0,1,15,away,1.5,0.0,False,1.0,6.0,COVID,1,0.6666666666666666,NWG > 0,1.5,1.0,True,True,True
17923,NYK,92,Knicks,2020-02-01,21900728,IND,85,Pacers,no,0,2020,0,0,0,0,0,0,11,home,11.0,0.0,True,0.0,-7.0,COVID,0,,NWG = 0,-11.0,0.0,True,True,True
19156,PHI,95,76ers,2020-02-01,21900732,BOS,116,Celtics,ABC,0,2020,0,0,0,0,0,0,2,away,1.5,0.0,False,1.0,21.0,COVID,0,,NWG = 0,1.5,1.0,True,True,True
15488,DEN,123,Nuggets,2020-02-02,21900737,DET,128,Pistons,no,0,2020,0,1,0,0,0,1,38,away,2.5,0.0,False,1.0,5.0,COVID,-1,0.0,NWG < 0,2.5,1.0,True,True,True
18055,NOP,109,Pelicans,2020-02-02,21900738,HOU,117,Rockets,ABC,0,2020,0,1,0,0,0,1,10,home,5.0,1.0,True,1.0,8.0,COVID,-1,0.0,NWG < 0,-5.0,1.0,True,True,True
15819,MIN,109,Timberwolves,2020-02-03,21900749,SAC,113,Kings,no,0,2020,0,2,0,0,0,2,23,home,1.0,1.0,True,1.0,4.0,COVID,-2,0.0,NWG < 0,-1.0,1.0,True,True,True
16303,NYK,139,Knicks,2020-02-03,21900742,CLE,134,Cavaliers,no,0,2020,1,2,0,1,0,2,33,away,2.5,1.0,False,0.0,-5.0,COVID,-1,0.3333333333333333,NWG < 0,2.5,0.0,True,True,True
19068,SAS,105,Spurs,2020-02-03,21900750,LAC,108,Clippers,NBA TV,0,2020,0,0,0,0,0,0,22,home,9.0,0.0,True,0.0,3.0,COVID,0,,NWG = 0,-9.0,0.0,True,True,True
18203,CLE,103,Cavaliers,2020-02-05,21900760,OKC,109,Thunder,no,0,2020,0,0,0,0,0,0,13,home,13.5,0.0,True,0.0,6.0,COVID,0,,NWG = 0,-13.5,0.0,True,True,True
18306,DEN,98,Nuggets,2020-02-05,21900762,UTA,95,Jazz,no,0,2020,1,0,0,1,0,0,20,home,10.0,0.0,True,0.0,-3.0,COVID,1,1.0,NWG > 0,-10.0,0.0,True,True,True
19800,IND,118,Pacers,2020-02-05,21900758,TOR,119,Raptors,no,0,2020,0,0,0,0,0,0,13,home,5.5,0.0,True,0.0,1.0,COVID,0,,NWG = 0,-5.5,0.0,True,True,True
18895,ORL,103,Magic,2020-02-06,21900764,NYK,105,Knicks,no,0,2020,1,0,0,1,0,0,17,away,3.5,0.0,False,1.0,2.0,COVID,1,1.0,NWG > 0,3.5,1.0,True,True,True
19156,ATL,107,Hawks,2020-02-07,21900771,BOS,112,Celtics,no,0,2020,0,0,0,0,0,0,15,home,12.5,0.0,True,0.0,5.0,COVID,0,,NWG = 0,-12.5,0.0,True,True,True
20476,DAL,118,Mavericks,2020-02-07,21900770,WAS,119,Wizards,no,0,2020,0,0,0,0,0,0,17,away,3.0,0.0,False,1.0,1.0,COVID,0,,NWG = 0,3.0,1.0,True,True,True
18306,POR,114,Trail Blazers,2020-02-07,21900776,UTA,117,Jazz,ESPN,0,2020,2,0,0,2,0,0,21,home,10.5,0.0,True,0.0,3.0,COVID,2,1.0,NWG > 0,-10.5,0.0,True,True,True
19800,BKN,118,Nets,2020-02-08,21900781,TOR,119,Raptors,no,0,2020,0,0,0,0,0,0,14,home,6.0,0.0,True,0.0,1.0,COVID,0,,NWG = 0,-6.0,0.0,True,True,True
17923,NOP,124,Pelicans,2020-02-08,21900780,IND,117,Pacers,no,0,2020,0,0,0,0,0,0,11,home,5.0,0.0,True,0.0,-7.0,COVID,0,,NWG = 0,-5.0,0.0,True,True,True
15980,NYK,95,Knicks,2020-02-08,21900779,DET,92,Pistons,no,0,2020,1,1,0,1,0,1,20,away,1.5,1.0,False,0.0,-3.0,COVID,0,0.5,NWG = 0,1.5,0.0,True,True,True
18203,BOS,112,Celtics,2020-02-09,21900786,OKC,111,Thunder,NBA TV,0,2020,2,0,0,2,0,0,22,away,1.5,0.0,False,1.0,-1.0,COVID,2,1.0,NWG > 0,1.5,1.0,True,True,True
19726,MIA,109,Heat,2020-02-09,21900792,POR,115,Trail Blazers,no,0,2020,1,1,0,0,1,1,13,home,5.5,1.0,True,1.0,6.0,COVID,0,0.5,NWG = 0,-5.5,1.0,True,True,True
16309,NYK,135,Knicks,2020-02-09,21900787,ATL,140,Hawks,no,0,2020,4,1,0,4,0,1,59,home,5.0,2.0,True,,5.0,COVID,3,0.8,NWG > 0,-5.0,0.0,False,True,True
18055,UTA,114,Jazz,2020-02-09,21900790,HOU,113,Rockets,NBA TV,0,2020,0,1,0,0,0,1,20,home,2.5,0.0,True,0.0,-1.0,COVID,-1,0.0,NWG < 0,-2.5,0.0,True,True,True
16761,BKN,106,Nets,2020-02-10,21900794,IND,105,Pacers,no,0,2020,0,0,0,0,0,0,17,home,6.5,0.0,True,0.0,-1.0,COVID,0,,NWG = 0,-6.5,0.0,True,True,True
18978,CHA,115,Hornets,2020-02-12,21900813,MIN,108,Timberwolves,no,0,2020,0,0,0,0,0,0,18,home,6.0,0.0,True,0.0,-7.0,COVID,0,,NWG = 0,-6.0,0.0,True,True,True
16607,DET,112,Pistons,2020-02-12,21900808,ORL,116,Magic,no,0,2020,0,0,0,0,0,0,19,home,6.5,0.0,True,0.0,4.0,COVID,0,,NWG = 0,-6.5,0.0,True,True,True
19860,LAL,120,Lakers,2020-02-12,21900817,DEN,116,Nuggets,ESPN,0,2020,2,2,0,2,0,2,30,away,3.0,1.0,False,0.0,-4.0,COVID,0,0.5,NWG = 0,3.0,0.0,True,True,True
19156,LAC,133,Clippers,2020-02-13,21900818,BOS,141,Celtics,TNT,0,2020,1,1,1,0,1,0,49,home,1.0,1.0,True,1.0,8.0,COVID,0,0.5,NWG = 0,-1.0,1.0,True,True,True
17865,OKC,123,Thunder,2020-02-13,21900819,NOP,118,Pelicans,no,0,2020,1,0,0,1,0,0,14,home,3.5,0.0,True,0.0,-5.0,COVID,1,1.0,NWG > 0,-3.5,0.0,True,True,True
20806,BKN,104,Nets,2020-02-20,21900822,PHI,112,76ers,TNT,0,2020,1,3,0,1,0,3,20,home,6.5,1.0,True,1.0,8.0,COVID,-2,0.25,NWG < 0,-6.5,1.0,True,True,True
17078,MEM,125,Grizzlies,2020-02-20,21900824,SAC,129,Kings,no,0,2020,0,1,1,0,0,0,25,away,1.5,0.0,False,1.0,4.0,COVID,-1,0.0,NWG < 0,1.5,1.0,True,True,True
17356,MIA,124,Heat,2020-02-20,21900821,ATL,129,Hawks,no,0,2020,0,1,0,0,0,1,18,away,6.5,0.0,False,1.0,5.0,COVID,-1,0.0,NWG < 0,6.5,1.0,True,True,True
18895,CLE,113,Cavaliers,2020-02-21,21900827,WAS,108,Wizards,no,0,2020,0,2,0,0,0,2,15,home,6.5,0.0,True,0.0,-5.0,COVID,-2,0.0,NWG < 0,-6.5,0.0,True,True,True
17050,DAL,107,Mavericks,2020-02-22,21900837,ATL,111,Hawks,no,0,2020,0,0,0,0,0,0,23,home,2.0,1.0,True,1.0,4.0,COVID,0,,NWG = 0,-2.0,1.0,True,True,True
18997,BOS,112,Celtics,2020-02-23,21900842,LAL,114,Lakers,ABC,0,2020,0,0,0,0,0,0,25,home,7.5,0.0,True,0.0,2.0,COVID,0,,NWG = 0,-7.5,0.0,True,True,True
19393,DET,104,Pistons,2020-02-23,21900848,POR,107,Trail Blazers,no,0,2020,0,0,0,0,0,0,16,home,5.5,0.0,True,0.0,3.0,COVID,0,,NWG = 0,-5.5,0.0,True,True,True
17336,MIA,119,Heat,2020-02-24,21900849,CLE,125,Cavaliers,no,0,2020,2,1,0,2,0,1,21,away,6.5,0.0,False,1.0,6.0,COVID,1,0.6666666666666666,NWG > 0,6.5,1.0,True,True,True
16580,MIL,137,Bucks,2020-02-24,21900851,WAS,134,Wizards,no,0,2020,1,1,1,1,0,0,32,away,13.0,0.0,False,1.0,-3.0,COVID,0,0.5,NWG = 0,13.0,1.0,True,True,True
16162,ORL,115,Magic,2020-02-24,21900852,BKN,113,Nets,no,0,2020,1,0,0,1,0,0,21,home,3.5,0.0,True,0.0,-2.0,COVID,1,1.0,NWG > 0,-3.5,0.0,True,True,True
16911,OKC,124,Thunder,2020-02-25,21900859,CHI,122,Bulls,no,0,2020,1,2,0,1,0,2,28,away,8.0,0.0,False,1.0,-2.0,COVID,-1,0.3333333333333333,NWG < 0,8.0,1.0,True,True,True
15021,BKN,106,Nets,2020-02-26,21900866,WAS,110,Wizards,no,0,2020,1,0,0,1,0,0,15,away,1.5,0.0,False,1.0,4.0,COVID,1,1.0,NWG > 0,1.5,1.0,True,True,True
19600,MIN,129,Timberwolves,2020-02-26,21900868,MIA,126,Heat,no,0,2020,0,0,0,0,0,0,17,home,12.0,0.0,True,0.0,-3.0,COVID,0,,NWG = 0,-12.0,0.0,True,True,True
13152,NYK,101,Knicks,2020-02-26,21900864,CHA,107,Hornets,no,0,2020,0,0,0,0,0,0,11,away,2.0,0.0,False,1.0,6.0,COVID,0,,NWG = 0,2.0,1.0,True,True,True
16872,POR,100,Trail Blazers,2020-02-27,21900874,IND,106,Pacers,TNT,0,2020,2,1,0,2,0,1,13,home,10.0,0.0,True,0.0,6.0,COVID,1,0.6666666666666666,NWG > 0,-10.0,0.0,True,True,True
18203,SAC,108,Kings,2020-02-27,21900875,OKC,112,Thunder,no,0,2020,0,0,0,0,0,0,15,home,8.0,0.0,True,0.0,4.0,COVID,0,,NWG = 0,-8.0,0.0,True,True,True
19800,CHA,99,Hornets,2020-02-28,21900879,TOR,96,Raptors,no,0,2020,1,1,1,1,0,0,12,home,13.5,0.0,True,0.0,-3.0,COVID,0,0.5,NWG = 0,-13.5,0.0,True,True,True
17142,DET,113,Pistons,2020-02-28,21900884,PHX,111,Suns,no,0,2020,1,0,0,1,0,0,12,home,9.0,0.0,True,0.0,-2.0,COVID,1,1.0,NWG > 0,-9.0,0.0,True,True,True
17794,SAC,104,Kings,2020-02-28,21900881,MEM,101,Grizzlies,no,0,2020,1,0,0,1,0,0,23,home,2.5,0.0,True,0.0,-3.0,COVID,1,1.0,NWG > 0,-2.5,0.0,True,True,True
19600,BKN,113,Nets,2020-02-29,21900889,MIA,116,Heat,no,0,2020,0,0,0,0,0,0,12,home,7.5,0.0,True,0.0,3.0,COVID,0,,NWG = 0,-7.5,0.0,True,True,True
19156,HOU,111,Rockets,2020-02-29,21900892,BOS,110,Celtics,ABC,0,2020,0,0,0,0,0,0,26,away,0.0,1.0,False,0.0,-1.0,COVID,0,,NWG = 0,0.0,0.0,True,True,True
18354,ORL,113,Magic,2020-02-29,21900893,SAS,114,Spurs,no,0,2020,2,0,0,2,0,0,14,home,4.5,0.0,True,0.0,1.0,COVID,2,1.0,NWG > 0,-4.5,0.0,True,True,True
17499,DET,100,Pistons,2020-03-01,21900899,SAC,106,Kings,no,0,2020,0,1,0,0,0,1,13,home,10.0,0.0,True,0.0,6.0,COVID,-1,0.0,NWG < 0,-10.0,0.0,True,True,True
18407,DAL,107,Mavericks,2020-03-02,21900907,CHI,109,Bulls,no,0,2020,0,1,0,0,0,1,22,away,6.5,0.0,False,1.0,2.0,COVID,-1,0.0,NWG < 0,6.5,1.0,True,True,True
18142,HOU,123,Rockets,2020-03-02,21900903,NYK,125,Knicks,no,0,2020,0,1,0,0,0,1,21,away,10.0,0.0,False,1.0,2.0,COVID,-1,0.0,NWG < 0,10.0,1.0,True,True,True
17635,IND,116,Pacers,2020-03-02,21900908,SAS,111,Spurs,no,0,2020,0,1,0,0,0,1,25,away,2.5,1.0,False,0.0,-5.0,COVID,-1,0.0,NWG < 0,2.5,0.0,True,True,True
19156,BKN,129,Nets,2020-03-03,21900910,BOS,120,Celtics,TNT,0,2020,0,1,0,0,0,1,18,home,6.5,0.0,True,0.0,-9.0,COVID,-1,0.0,NWG < 0,-6.5,0.0,True,True,True
15264,MIN,139,Timberwolves,2020-03-03,21900911,NOP,134,Pelicans,no,0,2020,1,0,0,1,0,0,20,home,11.0,0.0,True,0.0,-5.0,COVID,1,1.0,NWG > 0,-11.0,0.0,True,True,True
12008,SAS,104,Spurs,2020-03-03,21900909,CHA,103,Hornets,no,0,2020,1,0,0,1,0,0,11,away,4.0,0.0,False,1.0,-1.0,COVID,1,1.0,NWG > 0,4.0,1.0,True,True,True
15553,TOR,123,Raptors,2020-03-03,21900914,PHX,114,Suns,no,0,2020,1,2,1,1,0,1,12,away,4.0,1.0,False,0.0,-9.0,COVID,-1,0.3333333333333333,NWG < 0,4.0,0.0,True,True,True
20459,NOP,123,Pelicans,2020-03-04,21900923,DAL,127,Mavericks,ESPN,0,2020,2,0,0,2,0,0,53,home,6.5,0.0,True,0.0,4.0,COVID,2,1.0,NWG > 0,-6.5,0.0,True,True,True
15138,OKC,114,Thunder,2020-03-04,21900918,DET,107,Pistons,no,0,2020,0,1,0,0,0,1,20,away,8.5,0.0,False,1.0,-7.0,COVID,-1,0.0,NWG < 0,8.5,1.0,True,True,True
19600,ORL,113,Magic,2020-03-04,21900919,MIA,116,Heat,no,0,2020,0,2,1,0,0,1,17,home,6.5,0.0,True,0.0,3.0,COVID,-2,0.0,NWG < 0,-6.5,0.0,True,True,True
13311,DEN,114,Nuggets,2020-03-05,21900926,CHA,112,Hornets,no,0,2020,1,0,0,0,1,0,12,away,9.5,0.0,False,1.0,-2.0,COVID,1,1.0,NWG > 0,9.5,1.0,True,True,True
18064,TOR,121,Raptors,2020-03-05,21900929,GSW,113,Warriors,TNT,0,2020,0,0,0,0,0,0,15,away,9.0,0.0,False,1.0,-8.0,COVID,0,,NWG = 0,9.0,1.0,True,True,True
18384,MIA,104,Heat,2020-03-06,21900936,NOP,110,Pelicans,ESPN,0,2020,1,0,0,1,0,0,12,home,1.5,1.0,True,1.0,6.0,COVID,1,1.0,NWG > 0,-1.5,1.0,True,True,True
19432,DEN,102,Nuggets,2020-03-07,21900942,CLE,104,Cavaliers,no,0,2020,1,2,0,1,0,2,12,away,9.5,0.0,False,1.0,2.0,COVID,-1,0.3333333333333333,NWG < 0,9.5,1.0,True,True,True
18064,PHI,114,76ers,2020-03-07,21900944,GSW,118,Warriors,ABC,0,2020,0,1,0,0,0,1,19,away,3.5,0.0,False,1.0,4.0,COVID,-1,0.0,NWG < 0,3.5,1.0,True,True,True
16590,UTA,111,Jazz,2020-03-07,21900941,DET,105,Pistons,no,0,2020,1,0,0,1,0,0,11,away,8.0,0.0,False,1.0,-6.0,COVID,1,1.0,NWG > 0,8.0,1.0,True,True,True
15916,CHI,107,Bulls,2020-03-08,21900946,BKN,110,Nets,no,0,2020,0,1,0,0,0,1,28,home,6.5,0.0,True,0.0,3.0,COVID,-1,0.0,NWG < 0,-6.5,0.0,True,True,True
20324,IND,112,Pacers,2020-03-08,21900952,DAL,109,Mavericks,no,0,2020,0,1,0,0,0,1,19,home,6.5,0.0,True,0.0,-3.0,COVID,-1,0.0,NWG < 0,-6.5,0.0,True,True,True
19156,OKC,105,Thunder,2020-03-08,21900949,BOS,104,Celtics,NBA TV,0,2020,0,1,1,0,0,0,17,home,6.5,0.0,True,0.0,-1.0,COVID,-1,0.0,NWG < 0,-6.5,0.0,True,True,True
17995,SAS,129,Spurs,2020-03-08,21900954,CLE,132,Cavaliers,no,0,2020,1,2,1,1,0,1,31,away,4.5,0.0,False,1.0,3.0,COVID,-1,0.3333333333333333,NWG < 0,4.5,1.0,True,True,True
16449,TOR,118,Raptors,2020-03-08,21900956,SAC,113,Kings,NBA TV,0,2020,0,0,0,0,0,0,25,away,5.0,2.0,False,,-5.0,COVID,0,,NWG = 0,5.0,0.0,False,True,True
14399,CHA,138,Hornets,2020-03-09,21900957,ATL,143,Hawks,no,0,2020,1,0,0,0,1,0,30,home,4.5,1.0,True,1.0,5.0,COVID,1,1.0,NWG > 0,-4.5,1.0,True,True,True
18306,TOR,101,Raptors,2020-03-09,21900959,UTA,92,Jazz,no,0,2020,1,2,0,0,1,2,16,home,6.0,0.0,True,0.0,-9.0,COVID,-1,0.3333333333333333,NWG < 0,-6.0,0.0,True,True,True
18997,BKN,104,Nets,2020-03-10,21900968,LAL,102,Lakers,no,0,2020,0,1,0,0,0,1,14,home,12.0,0.0,True,0.0,-2.0,COVID,-1,0.0,NWG < 0,-12.0,0.0,True,True,True
17053,BOS,114,Celtics,2020-03-10,21900960,IND,111,Pacers,no,0,2020,1,1,0,1,0,2,22,away,3.0,2.0,False,,-3.0,COVID,0,0.5,NWG = 0,3.0,0.0,False,True,True
17837,CLE,103,Cavaliers,2020-03-10,21900962,CHI,108,Bulls,no,0,2020,0,0,0,0,0,0,15,home,4.0,1.0,True,1.0,5.0,COVID,0,,NWG = 0,-4.0,1.0,True,True,True
15388,ORL,120,Magic,2020-03-10,21900964,MEM,115,Grizzlies,no,0,2020,1,0,0,1,0,0,18,home,2.0,0.0,True,0.0,-5.0,COVID,1,1.0,NWG > 0,-2.0,0.0,True,True,True
20302,DEN,97,Nuggets,2020-03-11,21900973,DAL,113,Mavericks,ESPN,0,2020,1,2,0,0,1,2,6,away,2.5,0.0,False,1.0,16.0,COVID,-1,0.3333333333333333,NWG < 0,2.5,1.0,True,True,True
15393,NYK,136,Knicks,2020-03-11,21900969,ATL,131,Hawks,no,0,2020,0,0,0,0,0,0,1,home,5.5,0.0,True,0.0,-5.0,COVID,0,,NWG = 0,-5.5,0.0,True,True,True
,LAC,101,Clippers,2020-07-30,21901232,LAL,103,Lakers,TNT,0,2020,0,3,0,0,0,3,22,home,4.0,0.0,True,0.0,2.0,COVID,-3,0.0,NWG < 0,-4.0,0.0,True,True,True
,UTA,106,Jazz,2020-07-30,21901231,NOP,104,Pelicans,TNT,0,2020,0,0,0,0,0,0,16,home,2.5,0.0,True,0.0,-2.0,COVID,0,,NWG = 0,-2.5,0.0,True,True,True
,BOS,112,Celtics,2020-07-31,21901236,MIL,119,Bucks,ESPN,0,2020,0,0,0,0,0,1,17,home,3.5,1.0,True,1.0,7.0,COVID,0,,NWG = 0,-3.5,1.0,True,True,True
,HOU,153,Rockets,2020-07-31,21901238,DAL,149,Mavericks,ESPN,0,2020,1,2,1,1,0,1,22,away,1.5,1.0,False,0.0,-4.0,COVID,-1,0.3333333333333333,NWG < 0,1.5,0.0,True,True,True
,MEM,135,Grizzlies,2020-07-31,21901234,POR,140,Trail Blazers,NBA TV,0,2020,0,1,0,0,0,1,44,home,3.0,1.0,True,1.0,5.0,COVID,-1,0.0,NWG < 0,-3.0,1.0,True,True,True
,SAC,120,Kings,2020-07-31,21901237,SAS,129,Spurs,no,0,2020,0,0,0,0,0,0,18,away,3.5,0.0,False,1.0,9.0,COVID,0,,NWG = 0,3.5,1.0,True,True,True
,PHI,121,76ers,2020-08-01,21901242,IND,127,Pacers,no,0,2020,0,1,0,0,0,1,13,away,6.0,0.0,False,1.0,6.0,COVID,-1,0.0,NWG < 0,6.0,1.0,True,True,True
,DAL,115,Mavericks,2020-08-02,21901249,PHX,117,Suns,no,0,2020,0,0,0,0,0,1,21,away,6.0,0.0,False,1.0,2.0,COVID,0,,NWG = 0,6.0,1.0,True,True,True
,MIL,116,Bucks,2020-08-02,21901248,HOU,120,Rockets,ABC,0,2020,1,0,0,1,0,0,19,away,5.0,0.0,False,1.0,4.0,COVID,1,1.0,NWG > 0,5.0,1.0,True,True,True
,POR,124,Trail Blazers,2020-08-02,21901245,BOS,128,Celtics,ABC,0,2020,0,0,0,0,0,0,19,home,4.0,2.0,True,,4.0,COVID,0,,NWG = 0,-4.0,0.0,False,True,True
,SAS,108,Spurs,2020-08-02,21901246,MEM,106,Grizzlies,no,0,2020,3,0,0,3,0,0,28,home,3.0,0.0,True,0.0,-2.0,COVID,3,1.0,NWG > 0,-3.0,0.0,True,True,True
,DEN,121,Nuggets,2020-08-03,21901251,OKC,113,Thunder,NBA TV,0,2020,0,1,1,0,0,0,24,home,6.0,0.0,True,0.0,-8.0,COVID,-1,0.0,NWG < 0,-6.0,0.0,True,True,True
,SAS,130,Spurs,2020-08-03,21901254,PHI,132,76ers,no,0,2020,1,0,0,1,0,0,25,home,7.5,0.0,True,0.0,2.0,COVID,1,1.0,NWG > 0,-7.5,0.0,True,True,True
,TOR,107,Raptors,2020-08-03,21901250,MIA,103,Heat,NBA TV,0,2020,1,1,0,0,1,1,22,away,2.5,1.0,False,0.0,-4.0,COVID,0,0.5,NWG = 0,2.5,0.0,True,True,True
,BKN,119,Nets,2020-08-04,21901256,MIL,116,Bucks,NBA TV,0,2020,0,1,0,0,0,1,19,home,19.0,0.0,True,0.0,-3.0,COVID,-1,0.0,NWG < 0,-19.0,0.0,True,True,True
,BOS,106,Celtics,2020-08-04,21901260,MIA,112,Heat,TNT,0,2020,1,1,0,1,0,1,20,away,5.0,0.0,False,1.0,6.0,COVID,0,0.5,NWG = 0,5.0,1.0,True,True,True
,DAL,114,Mavericks,2020-08-04,21901257,SAC,110,Kings,no,0,2020,2,0,0,2,0,0,42,away,5.5,0.0,False,1.0,-4.0,COVID,2,1.0,NWG > 0,5.5,1.0,True,True,True
,HOU,102,Rockets,2020-08-04,21901261,POR,110,Trail Blazers,TNT,0,2020,0,1,0,0,0,1,15,away,3.5,0.0,False,1.0,8.0,COVID,-1,0.0,NWG < 0,3.5,1.0,True,True,True
,PHX,117,Suns,2020-08-04,21901258,LAC,115,Clippers,NBA TV,0,2020,0,1,0,0,0,1,24,home,9.0,0.0,True,0.0,-2.0,COVID,-1,0.0,NWG < 0,-9.0,0.0,True,True,True
,LAC,122,Clippers,2020-08-08,21901280,POR,117,Trail Blazers,TNT,0,2020,2,0,0,2,0,0,19,home,4.5,0.0,True,0.0,-5.0,COVID,2,1.0,NWG > 0,-4.5,0.0,True,True,True
,LAL,111,Lakers,2020-08-08,21901282,IND,116,Pacers,TNT,0,2020,2,0,0,2,0,0,18,away,5.5,0.0,False,1.0,5.0,COVID,2,1.0,NWG > 0,5.5,1.0,True,True,True
,MIL,132,Bucks,2020-08-08,21901284,DAL,136,Mavericks,ESPN,0,2020,1,1,0,1,0,1,35,away,5.5,0.0,False,1.0,4.0,COVID,0,0.5,NWG = 0,5.5,1.0,True,True,True
,PHX,119,Suns,2020-08-08,21901283,MIA,112,Heat,no,0,2020,1,0,0,0,1,0,13,away,4.0,1.0,False,0.0,-7.0,COVID,1,1.0,NWG > 0,4.0,0.0,True,True,True
,UTA,132,Jazz,2020-08-08,21901281,DEN,134,Nuggets,TNT,0,2020,1,3,2,1,0,1,59,away,1.0,0.0,False,1.0,2.0,COVID,-2,0.25,NWG < 0,1.0,1.0,True,True,True
,ORL,119,Magic,2020-08-09,21901288,BOS,122,Celtics,no,0,2020,0,0,0,0,0,0,28,home,8.5,0.0,True,0.0,3.0,COVID,0,,NWG = 0,-8.5,0.0,True,True,True
,PHI,121,76ers,2020-08-09,21901289,POR,124,Trail Blazers,NBA TV,0,2020,2,1,0,2,0,2,21,home,2.0,1.0,True,1.0,3.0,COVID,1,0.6666666666666666,NWG > 0,-2.0,1.0,True,True,True
,DEN,121,Nuggets,2020-08-10,21901296,LAL,124,Lakers,TNT,0,2020,0,0,0,0,0,0,21,home,5.5,0.0,True,0.0,3.0,COVID,0,,NWG = 0,-5.5,0.0,True,True,True
,POR,134,Trail Blazers,2020-08-11,21901300,DAL,131,Mavericks,TNT,0,2020,0,0,0,0,0,0,17,away,3.0,2.0,False,,-3.0,COVID,0,,NWG = 0,3.0,0.0,False,True,True
,IND,108,Pacers,2020-08-12,21901304,HOU,104,Rockets,NBA TV,0,2020,0,0,0,0,0,0,16,home,6.5,0.0,True,0.0,-4.0,COVID,0,,NWG = 0,-6.5,0.0,True,True,True
,MIA,115,Heat,2020-08-12,21901306,OKC,116,Thunder,no,0,2020,1,1,0,1,0,1,11,away,4.0,0.0,False,1.0,1.0,COVID,0,0.5,NWG = 0,4.0,1.0,True,True,True
,TOR,125,Raptors,2020-08-12,21901305,PHI,121,76ers,ESPN,0,2020,2,0,0,2,0,0,15,away,6.0,0.0,False,1.0,-4.0,COVID,2,1.0,NWG > 0,6.0,1.0,True,True,True
,POR,134,Trail Blazers,2020-08-13,21901309,BKN,133,Nets,TNT,0,2020,0,0,0,0,0,0,16,away,10.5,0.0,False,1.0,-1.0,COVID,0,,NWG = 0,10.5,1.0,True,True,True
,OKC,103,Thunder,2020-08-14,21901317,LAC,107,Clippers,ESPN,0,2020,2,0,0,2,0,0,46,home,3.0,1.0,True,1.0,4.0,COVID,2,1.0,NWG > 0,-3.0,1.0,True,True,True
,MEM,122,Grizzlies,2020-08-15,51900111,POR,126,Trail Blazers,ABC,0,2020,0,0,0,0,0,0,18,home,6.0,0.0,True,0.0,4.0,COVID,0,,NWG = 0,-6.0,0.0,True,True,True
,PHI,101,76ers,2020-08-17,41900121,BOS,109,Celtics,ESPN,1,2020,1,0,0,1,0,0,21,home,6.5,1.0,True,1.0,8.0,COVID,1,1.0,NWG > 0,-6.5,1.0,True,True,True
,UTA,125,Jazz,2020-08-17,41900161,DEN,135,Nuggets,ESPN,1,2020,0,0,0,0,0,0,23,home,4.0,1.0,True,1.0,10.0,COVID,0,,NWG = 0,-4.0,1.0,True,True,True
,POR,100,Trail Blazers,2020-08-18,41900141,LAL,93,Lakers,TNT,1,2020,0,0,0,0,0,0,14,home,6.5,0.0,True,0.0,-7.0,COVID,0,,NWG = 0,-6.5,0.0,True,True,True
,BKN,99,Nets,2020-08-19,41900112,TOR,104,Raptors,NBA TV,1,2020,2,0,0,2,0,0,16,home,11.5,0.0,True,0.0,5.0,COVID,2,1.0,NWG > 0,-11.5,0.0,True,True,True
,DAL,127,Mavericks,2020-08-19,41900152,LAC,114,Clippers,TNT,1,2020,0,0,0,0,0,0,2,home,5.0,0.0,True,0.0,-13.0,COVID,0,,NWG = 0,-5.0,0.0,True,True,True
,BOS,102,Celtics,2020-08-21,41900123,PHI,94,76ers,TNT,1,2020,0,0,0,0,0,0,16,away,5.5,1.0,False,0.0,-8.0,COVID,0,,NWG = 0,5.5,0.0,True,True,True
,HOU,107,Rockets,2020-08-22,41900173,OKC,119,Thunder,ESPN,1,2020,2,0,0,2,0,0,26,away,2.0,0.0,False,1.0,12.0,COVID,2,1.0,NWG > 0,2.0,1.0,True,True,True
,IND,115,Pacers,2020-08-22,41900133,MIA,124,Heat,TNT,1,2020,2,1,0,2,0,1,21,home,5.0,1.0,True,1.0,9.0,COVID,1,0.6666666666666666,NWG > 0,-5.0,1.0,True,True,True
,DEN,127,Nuggets,2020-08-23,41900164,UTA,129,Jazz,TNT,1,2020,1,0,0,1,0,0,20,home,3.5,0.0,True,0.0,2.0,COVID,1,1.0,NWG > 0,-3.5,0.0,True,True,True
,LAC,133,Clippers,2020-08-23,41900154,DAL,135,Mavericks,ABC,1,2020,0,1,0,0,0,1,39,away,8.0,0.0,False,1.0,2.0,COVID,-1,0.0,NWG < 0,8.0,1.0,True,True,True
,HOU,114,Rockets,2020-08-24,41900174,OKC,117,Thunder,TNT,1,2020,1,0,0,0,1,0,17,away,3.0,0.0,False,1.0,3.0,COVID,1,1.0,NWG > 0,3.0,1.0,True,True,True
,HOU,100,Rockets,2020-08-31,41900176,OKC,104,Thunder,TNT,1,2020,0,0,0,0,0,0,21,away,5.5,0.0,False,1.0,4.0,COVID,0,,NWG = 0,5.5,1.0,True,True,True
,BOS,102,Celtics,2020-09-01,41900212,TOR,99,Raptors,ESPN,1,2020,0,0,0,0,0,0,24,home,2.0,0.0,True,0.0,-3.0,COVID,0,,NWG = 0,-2.0,0.0,True,True,True
,UTA,78,Jazz,2020-09-01,41900167,DEN,80,Nuggets,ABC,1,2020,1,1,0,1,0,1,15,home,2.0,2.0,True,,2.0,COVID,0,0.5,NWG = 0,-2.0,0.0,False,True,True
,MIA,116,Heat,2020-09-02,41900202,MIL,114,Bucks,ESPN,1,2020,2,1,0,2,0,1,24,home,5.5,0.0,True,0.0,-2.0,COVID,1,0.6666666666666666,NWG > 0,-5.5,0.0,True,True,True
,OKC,102,Thunder,2020-09-02,41900177,HOU,104,Rockets,ESPN,1,2020,0,1,0,0,0,1,24,home,5.5,0.0,True,0.0,2.0,COVID,-1,0.0,NWG < 0,-5.5,0.0,True,True,True
,TOR,104,Raptors,2020-09-03,41900213,BOS,103,Celtics,TNT,1,2020,1,1,0,1,0,1,11,away,2.0,0.0,False,1.0,-1.0,COVID,0,0.5,NWG = 0,2.0,1.0,True,True,True
,MIL,118,Bucks,2020-09-06,41900204,MIA,115,Heat,ABC,1,2020,0,2,0,0,0,2,40,away,1.5,1.0,False,0.0,-3.0,COVID,-2,0.0,NWG < 0,1.5,0.0,True,True,True
,TOR,125,Raptors,2020-09-09,41900216,BOS,122,Celtics,ESPN,1,2020,0,2,0,0,0,2,55,home,3.0,0.0,True,0.0,-3.0,COVID,-2,0.0,NWG < 0,-3.0,0.0,True,True,True
,BOS,92,Celtics,2020-09-11,41900217,TOR,87,Raptors,TNT,1,2020,2,0,0,2,0,0,20,away,3.0,1.0,False,0.0,-5.0,COVID,2,1.0,NWG > 0,3.0,0.0,True,True,True
,DEN,111,Nuggets,2020-09-11,41900235,LAC,105,Clippers,TNT,1,2020,0,1,0,0,0,1,17,home,8.5,0.0,True,0.0,-6.0,COVID,-1,0.0,NWG < 0,-8.5,0.0,True,True,True
,MIA,117,Heat,2020-09-15,41900301,BOS,114,Celtics,ESPN,1,2020,3,0,0,1,2,0,39,home,2.0,0.0,True,0.0,-3.0,COVID,3,1.0,NWG > 0,-2.0,0.0,True,True,True
,MIA,106,Heat,2020-09-17,41900302,BOS,101,Celtics,ESPN,1,2020,0,0,0,0,0,0,23,home,3.0,0.0,True,0.0,-5.0,COVID,0,,NWG = 0,-3.0,0.0,True,True,True
,DEN,103,Nuggets,2020-09-20,41900312,LAL,105,Lakers,TNT,1,2020,0,0,0,0,0,0,29,home,7.5,0.0,True,0.0,2.0,COVID,0,,NWG = 0,-7.5,0.0,True,True,True
,BOS,109,Celtics,2020-09-23,41900304,MIA,112,Heat,ESPN,1,2020,1,3,1,1,0,1,26,away,3.5,0.0,False,1.0,3.0,COVID,-2,0.25,NWG < 0,3.5,1.0,True,True,True
,MIA,111,Heat,2020-10-09,41900405,LAL,108,Lakers,ABC,1,2020,0,2,0,0,0,2,24,home,7.0,0.0,True,0.0,-3.0,COVID,-2,0.0,NWG < 0,-7.0,0.0,True,True,True
,IND,104,Pacers,2020-12-12,12000007,CLE,107,Cavaliers,no,0,2021,0,0,0,0,0,0,13,,,,False,0.0,,COVID,0,,NWG = 0,,0.0,True,False,False
,DAL,102,Mavericks,2020-12-23,22000004,PHX,106,Suns,ESPN,0,2021,0,1,0,0,0,1,8,home,1.5,1.0,True,1.0,4.0,COVID,-1,0.0,NWG < 0,-1.5,1.0,True,True,True
,DET,101,Pistons,2020-12-23,22000018,MIN,111,Timberwolves,no,0,2021,0,0,0,0,0,0,12,home,5.5,1.0,True,1.0,10.0,COVID,0,,NWG = 0,-5.5,1.0,True,True,True
,MIA,107,Heat,2020-12-23,22000012,ORL,113,Magic,no,0,2021,0,0,0,0,0,0,19,away,4.5,0.0,False,1.0,6.0,COVID,0,,NWG = 0,4.5,1.0,True,True,True
,MIL,121,Bucks,2020-12-23,22000003,BOS,122,Celtics,TNT,0,2021,1,1,1,1,0,1,20,away,4.5,0.0,False,1.0,1.0,COVID,0,0.5,NWG = 0,4.5,1.0,True,True,True
,SAC,124,Kings,2020-12-23,22000019,DEN,122,Nuggets,no,0,2021,1,4,0,1,0,4,21,home,7.5,0.0,True,0.0,-2.0,COVID,-3,0.2,NWG < 0,-7.5,0.0,True,True,True
,WAS,107,Wizards,2020-12-23,22000013,PHI,113,76ers,no,0,2021,1,1,0,1,0,1,25,home,7.0,0.0,True,0.0,6.0,COVID,0,0.5,NWG = 0,-7.0,0.0,True,True,True
,ATL,122,Hawks,2020-12-26,22000021,MEM,112,Grizzlies,NBA TV,0,2021,0,2,0,0,0,2,14,home,2.5,0.0,True,0.0,-10.0,COVID,-2,0.0,NWG < 0,-2.5,0.0,True,True,True
,CLE,128,Cavaliers,2020-12-26,22000023,DET,119,Pistons,no,0,2021,0,2,0,0,0,2,21,home,0.0,0.0,True,0.0,-9.0,COVID,-2,0.0,NWG < 0,-0.0,0.0,True,True,True
,HOU,126,Rockets,2020-12-26,22000029,POR,128,Trail Blazers,NBA TV,0,2021,0,2,0,0,0,2,30,home,7.5,0.0,True,0.0,2.0,COVID,-2,0.0,NWG < 0,-7.5,0.0,True,True,True
,MIN,116,Timberwolves,2020-12-26,22000028,UTA,111,Jazz,no,0,2021,0,1,0,0,0,1,25,home,9.5,0.0,True,0.0,-5.0,COVID,-1,0.0,NWG < 0,-9.5,0.0,True,True,True
,OKC,109,Thunder,2020-12-26,22000022,CHA,107,Hornets,no,0,2021,0,0,0,0,0,0,28,home,3.0,0.0,True,0.0,-2.0,COVID,0,,NWG = 0,-3.0,0.0,True,True,True
,PHX,103,Suns,2020-12-26,22000030,SAC,106,Kings,no,0,2021,1,0,0,1,0,0,18,away,3.5,0.0,False,1.0,3.0,COVID,1,1.0,NWG > 0,3.5,1.0,True,True,True
,TOR,114,Raptors,2020-12-26,22000027,SAS,119,Spurs,no,0,2021,1,0,0,0,1,0,11,away,2.5,0.0,False,1.0,5.0,COVID,1,1.0,NWG > 0,2.5,1.0,True,True,True
,BKN,104,Nets,2020-12-27,22000032,CHA,106,Hornets,NBA TV,0,2021,0,0,0,0,0,0,22,away,11.5,0.0,False,1.0,2.0,COVID,0,,NWG = 0,11.5,1.0,True,True,True
,BOS,107,Celtics,2020-12-27,22000037,IND,108,Pacers,no,0,2021,0,2,0,0,0,2,18,away,3.0,0.0,False,1.0,1.0,COVID,-2,0.0,NWG < 0,3.0,1.0,True,True,True
,GSW,129,Warriors,2020-12-27,22000038,CHI,128,Bulls,no,0,2021,0,3,0,0,0,4,23,away,3.5,0.0,False,1.0,-1.0,COVID,-3,0.0,NWG < 0,3.5,1.0,True,True,True
,ORL,120,Magic,2020-12-27,22000033,WAS,113,Wizards,no,0,2021,2,0,0,2,0,0,24,away,2.0,1.0,False,0.0,-7.0,COVID,2,1.0,NWG > 0,2.0,0.0,True,True,True
,SAS,95,Spurs,2020-12-27,22000034,NOP,98,Pelicans,no,0,2021,0,0,0,0,0,0,18,home,5.0,0.0,True,0.0,3.0,COVID,0,,NWG = 0,-5.0,0.0,True,True,True
,MEM,116,Grizzlies,2020-12-28,22000042,BKN,111,Nets,NBA TV,0,2021,1,0,0,1,0,0,29,away,1.5,1.0,False,0.0,-5.0,COVID,1,1.0,NWG > 0,1.5,0.0,True,True,True
,UTA,110,Jazz,2020-12-28,22000043,OKC,109,Thunder,no,0,2021,1,1,0,0,1,1,25,away,9.0,0.0,False,1.0,-1.0,COVID,0,0.5,NWG = 0,9.0,1.0,True,True,True
,BOS,116,Celtics,2020-12-29,22000048,IND,111,Pacers,no,0,2021,1,0,0,1,0,0,23,home,1.0,0.0,True,0.0,-5.0,COVID,1,1.0,NWG > 0,-1.0,0.0,True,True,True
,TOR,93,Raptors,2020-12-29,22000049,PHI,100,76ers,no,0,2021,1,1,0,1,0,1,24,home,1.5,1.0,True,1.0,7.0,COVID,0,0.5,NWG = 0,-1.5,1.0,True,True,True
,ATL,141,Hawks,2020-12-30,22000057,BKN,145,Nets,no,0,2021,0,0,0,0,0,0,12,home,5.5,0.0,True,0.0,4.0,COVID,0,,NWG = 0,-5.5,0.0,True,True,True
,CHI,133,Bulls,2020-12-31,22000063,WAS,130,Wizards,no,0,2021,0,0,0,0,0,0,25,home,7.5,0.0,True,0.0,-3.0,COVID,0,,NWG = 0,-7.5,0.0,True,True,True
,SAC,119,Kings,2020-12-31,22000065,HOU,122,Rockets,no,0,2021,0,1,0,0,0,1,12,home,5.5,0.0,True,0.0,3.0,COVID,-1,0.0,NWG < 0,-5.5,0.0,True,True,True
,BOS,93,Celtics,2021-01-01,22000070,DET,96,Pistons,no,0,2021,0,0,0,0,0,0,23,away,8.5,0.0,False,1.0,3.0,COVID,0,,NWG = 0,8.5,1.0,True,True,True
,LAC,100,Clippers,2021-01-01,22000077,UTA,106,Jazz,no,0,2021,0,0,0,0,0,0,10,away,3.0,0.0,False,1.0,6.0,COVID,0,,NWG = 0,3.0,1.0,True,True,True
,LAL,109,Lakers,2021-01-01,22000075,SAS,103,Spurs,NBA TV,0,2021,1,0,0,1,0,0,14,away,7.5,0.0,False,1.0,-6.0,COVID,1,1.0,NWG > 0,7.5,1.0,True,True,True
,PHX,106,Suns,2021-01-01,22000076,DEN,103,Nuggets,no,0,2021,0,1,0,0,0,1,18,home,3.5,0.0,True,0.0,-3.0,COVID,-1,0.0,NWG < 0,-3.5,0.0,True,True,True
,CLE,96,Cavaliers,2021-01-02,22000083,ATL,91,Hawks,no,0,2021,0,2,0,0,0,2,22,home,5.5,0.0,True,0.0,-5.0,COVID,-2,0.0,NWG < 0,-5.5,0.0,True,True,True
,NYK,106,Knicks,2021-01-02,22000080,IND,102,Pacers,no,0,2021,0,0,0,0,0,0,20,home,9.5,0.0,True,0.0,-4.0,COVID,0,,NWG = 0,-9.5,0.0,True,True,True
,TOR,116,Raptors,2021-01-02,22000084,NOP,120,Pelicans,NBA TV,0,2021,1,1,0,1,0,1,25,away,1.0,0.0,False,1.0,4.0,COVID,0,0.5,NWG = 0,1.0,1.0,True,True,True
,BOS,122,Celtics,2021-01-03,22000085,DET,120,Pistons,NBA TV,0,2021,1,0,0,1,0,0,12,away,8.0,0.0,False,1.0,-2.0,COVID,1,1.0,NWG > 0,8.0,1.0,True,True,True
,LAC,112,Clippers,2021-01-03,22000091,PHX,107,Suns,no,0,2021,0,0,0,0,0,0,7,away,3.5,1.0,False,0.0,-5.0,COVID,0,,NWG = 0,3.5,0.0,True,True,True
,WAS,123,Wizards,2021-01-03,22000086,BKN,122,Nets,NBA TV,0,2021,0,0,0,0,0,0,11,home,7.5,0.0,True,0.0,-1.0,COVID,0,,NWG = 0,-7.5,0.0,True,True,True
,IND,118,Pacers,2021-01-04,22000100,NOP,116,Pelicans,no,0,2021,0,2,0,0,0,2,18,home,1.5,0.0,True,0.0,-2.0,COVID,-2,0.0,NWG < 0,-1.5,0.0,True,True,True
,NYK,113,Knicks,2021-01-04,22000095,ATL,108,Hawks,no,0,2021,0,1,0,0,0,1,23,home,7.0,0.0,True,0.0,-5.0,COVID,-1,0.0,NWG < 0,-7.0,0.0,True,True,True
,CHI,111,Bulls,2021-01-05,22000106,POR,108,Trail Blazers,NBA TV,0,2021,1,0,0,0,1,0,19,home,9.5,0.0,True,0.0,-3.0,COVID,1,1.0,NWG > 0,-9.5,0.0,True,True,True
,LAL,94,Lakers,2021-01-05,22000103,MEM,92,Grizzlies,NBA TV,0,2021,0,0,0,0,0,0,9,away,9.5,0.0,False,1.0,-2.0,COVID,0,,NWG = 0,9.5,1.0,True,True,True
,SAS,116,Spurs,2021-01-05,22000105,LAC,113,Clippers,no,0,2021,0,0,0,0,0,0,18,home,7.0,0.0,True,0.0,-3.0,COVID,0,,NWG = 0,-7.0,0.0,True,True,True
,BOS,107,Celtics,2021-01-06,22000111,MIA,105,Heat,ESPN,0,2021,4,0,0,3,1,0,19,home,2.5,0.0,True,0.0,-2.0,COVID,4,1.0,NWG > 0,-2.5,0.0,True,True,True
,CHI,124,Bulls,2021-01-06,22000117,SAC,128,Kings,no,0,2021,0,1,0,0,0,1,12,home,6.5,0.0,True,0.0,4.0,COVID,-1,0.0,NWG < 0,-6.5,0.0,True,True,True
,HOU,107,Rockets,2021-01-06,22000107,IND,114,Pacers,no,0,2021,0,0,0,0,0,0,13,home,3.0,1.0,True,1.0,7.0,COVID,0,,NWG = 0,-3.0,1.0,True,True,True
,OKC,111,Thunder,2021-01-06,22000114,NOP,110,Pelicans,no,0,2021,0,0,0,0,0,0,20,home,8.0,0.0,True,0.0,-1.0,COVID,0,,NWG = 0,-8.0,0.0,True,True,True
,CLE,94,Cavaliers,2021-01-07,22000119,MEM,90,Grizzlies,no,0,2021,1,0,0,1,0,0,13,home,6.0,0.0,True,0.0,-4.0,COVID,1,1.0,NWG > 0,-6.0,0.0,True,True,True
,DAL,124,Mavericks,2021-01-07,22000120,DEN,117,Nuggets,TNT,0,2021,2,2,1,1,1,1,30,home,2.5,0.0,True,0.0,-7.0,COVID,0,0.5,NWG = 0,-2.5,0.0,True,True,True
,BKN,110,Nets,2021-01-08,22000128,MEM,115,Grizzlies,no,0,2021,0,0,0,0,0,0,18,home,0.0,1.0,True,1.0,5.0,COVID,0,,NWG = 0,-0.0,1.0,True,True,True
,CHI,115,Bulls,2021-01-08,22000131,LAL,117,Lakers,no,0,2021,0,0,0,0,0,0,16,home,8.5,0.0,True,0.0,2.0,COVID,0,,NWG = 0,-8.5,0.0,True,True,True
,PHX,105,Suns,2021-01-08,22000123,DET,110,Pistons,no,0,2021,0,1,0,0,0,1,29,away,8.0,0.0,False,1.0,5.0,COVID,-1,0.0,NWG < 0,8.0,1.0,True,True,True
,SAS,125,Spurs,2021-01-09,22000138,MIN,122,Timberwolves,no,0,2021,2,2,1,2,0,1,28,away,3.5,0.0,False,1.0,-3.0,COVID,0,0.5,NWG = 0,3.5,1.0,True,True,True
,CHI,127,Bulls,2021-01-10,22000142,LAC,130,Clippers,no,0,2021,0,0,0,0,0,0,18,home,12.0,0.0,True,0.0,3.0,COVID,0,,NWG = 0,-12.0,0.0,True,True,True
,TOR,105,Raptors,2021-01-10,22000148,GSW,106,Warriors,no,0,2021,0,1,0,0,0,1,15,away,3.0,0.0,False,1.0,1.0,COVID,-1,0.0,NWG < 0,3.0,1.0,True,True,True
,IND,122,Pacers,2021-01-11,22000156,SAC,127,Kings,no,0,2021,1,2,0,1,0,2,18,away,3.5,0.0,False,1.0,5.0,COVID,-1,0.3333333333333333,NWG < 0,3.5,1.0,True,True,True
,MEM,101,Grizzlies,2021-01-11,22000150,CLE,91,Cavaliers,no,0,2021,0,3,1,0,0,2,19,away,2.0,1.0,False,0.0,-10.0,COVID,-3,0.0,NWG < 0,2.0,0.0,True,True,True
,TOR,111,Raptors,2021-01-11,22000155,POR,112,Trail Blazers,no,0,2021,0,2,0,0,0,2,13,home,4.5,0.0,True,0.0,1.0,COVID,-2,0.0,NWG < 0,-4.5,0.0,True,True,True
,DEN,116,Nuggets,2021-01-12,22000158,BKN,122,Nets,no,0,2021,1,0,0,1,0,0,12,home,1.5,1.0,True,1.0,6.0,COVID,1,1.0,NWG > 0,-1.5,1.0,True,True,True
,MIA,134,Heat,2021-01-12,22000157,PHI,137,76ers,no,0,2021,0,1,0,0,0,1,42,home,8.5,0.0,True,0.0,3.0,COVID,-1,0.0,NWG < 0,-8.5,0.0,True,True,True
,POR,132,Trail Blazers,2021-01-13,22000173,SAC,126,Kings,no,0,2021,0,0,0,0,0,0,19,away,5.0,1.0,False,0.0,-6.0,COVID,0,,NWG = 0,5.0,0.0,True,True,True
,CHA,108,Hornets,2021-01-14,22000175,TOR,111,Raptors,no,0,2021,3,1,0,3,0,1,16,home,10.5,0.0,True,0.0,3.0,COVID,2,0.75,NWG > 0,-10.5,0.0,True,True,True
,HOU,109,Rockets,2021-01-14,22000176,SAS,105,Spurs,TNT,0,2021,1,0,0,1,0,0,12,home,7.0,0.0,True,0.0,-4.0,COVID,1,1.0,NWG > 0,-7.0,0.0,True,True,True
,CHI,125,Bulls,2021-01-15,22000184,OKC,127,Thunder,no,0,2021,1,0,0,0,1,0,41,away,2.0,0.0,False,1.0,2.0,COVID,1,1.0,NWG > 0,2.0,1.0,True,True,True
,DAL,109,Mavericks,2021-01-15,22000182,MIL,112,Bucks,ESPN,0,2021,1,0,0,1,0,0,20,home,8.0,0.0,True,0.0,3.0,COVID,1,1.0,NWG > 0,-8.0,0.0,True,True,True
,NYK,103,Knicks,2021-01-15,22000181,CLE,106,Cavaliers,no,0,2021,0,3,0,0,0,3,23,away,2.0,0.0,False,1.0,3.0,COVID,-3,0.0,NWG < 0,2.0,1.0,True,True,True
,ATL,106,Hawks,2021-01-16,22000195,POR,112,Trail Blazers,no,0,2021,0,0,0,0,0,0,22,home,5.0,1.0,True,1.0,6.0,COVID,0,,NWG = 0,-5.0,1.0,True,True,True
,CHA,113,Hornets,2021-01-16,22000191,TOR,116,Raptors,NBA TV,0,2021,1,0,0,1,0,0,18,home,6.5,0.0,True,0.0,3.0,COVID,1,1.0,NWG > 0,-6.5,0.0,True,True,True
,PHI,104,76ers,2021-01-16,22000193,MEM,106,Grizzlies,no,0,2021,1,1,0,1,0,1,17,home,2.0,2.0,True,,2.0,COVID,0,0.5,NWG = 0,-2.0,0.0,False,True,True
,NOP,128,Pelicans,2021-01-17,22000201,SAC,123,Kings,no,0,2021,0,1,1,0,0,0,10,away,2.5,1.0,False,0.0,-5.0,COVID,-1,0.0,NWG < 0,2.5,0.0,True,True,True
,UTA,109,Jazz,2021-01-17,22000200,DEN,105,Nuggets,no,0,2021,1,0,0,1,0,0,18,away,1.5,1.0,False,0.0,-4.0,COVID,1,1.0,NWG > 0,1.5,0.0,True,True,True
,DET,107,Pistons,2021-01-18,22000206,MIA,113,Heat,no,0,2021,1,0,0,1,0,0,20,home,6.0,2.0,True,,6.0,COVID,1,1.0,NWG > 0,-6.0,0.0,False,True,True
,GSW,115,Warriors,2021-01-18,22000212,LAL,113,Lakers,TNT,0,2021,1,1,0,0,1,1,16,home,9.0,0.0,True,0.0,-2.0,COVID,0,0.5,NWG = 0,-9.0,0.0,True,True,True
,HOU,120,Rockets,2021-01-18,22000211,CHI,125,Bulls,no,0,2021,0,1,0,0,0,1,18,away,2.0,0.0,False,1.0,5.0,COVID,-1,0.0,NWG < 0,2.0,1.0,True,True,True
,MIL,123,Bucks,2021-01-18,22000209,BKN,125,Nets,TNT,0,2021,0,0,0,0,0,0,23,away,4.0,0.0,False,1.0,2.0,COVID,0,,NWG = 0,4.0,1.0,True,True,True
,ORL,84,Magic,2021-01-18,22000203,NYK,91,Knicks,NBA TV,0,2021,0,1,0,0,0,1,21,away,2.5,0.0,False,1.0,7.0,COVID,-1,0.0,NWG < 0,2.5,1.0,True,True,True
,PHX,104,Suns,2021-01-18,22000208,MEM,108,Grizzlies,TNT,0,2021,0,0,0,0,0,0,13,away,5.5,0.0,False,1.0,4.0,COVID,0,,NWG = 0,5.5,1.0,True,True,True
,BKN,135,Nets,2021-01-20,22000216,CLE,147,Cavaliers,no,0,2021,0,3,1,0,0,2,38,away,10.5,0.0,False,1.0,12.0,COVID,-3,0.0,NWG < 0,10.5,1.0,True,True,True
,BOS,109,Celtics,2021-01-20,22000218,PHI,117,76ers,ESPN,0,2021,0,1,0,0,0,1,21,home,4.5,1.0,True,1.0,8.0,COVID,-1,0.0,NWG < 0,-4.5,1.0,True,True,True
,DET,115,Pistons,2021-01-20,22000219,ATL,123,Hawks,no,0,2021,0,2,0,0,0,2,31,home,4.5,1.0,True,1.0,8.0,COVID,-2,0.0,NWG < 0,-4.5,1.0,True,True,True
,ORL,97,Magic,2021-01-20,22000221,MIN,96,Timberwolves,no,0,2021,2,1,0,1,1,1,10,away,4.0,0.0,False,1.0,-1.0,COVID,1,0.6666666666666666,NWG > 0,4.0,1.0,True,True,True
,PHX,109,Suns,2021-01-20,22000222,HOU,103,Rockets,ESPN,0,2021,0,0,0,0,0,0,10,away,5.5,1.0,False,0.0,-6.0,COVID,0,,NWG = 0,5.5,0.0,True,True,True
,DAL,122,Mavericks,2021-01-22,22000237,SAS,117,Spurs,no,0,2021,0,0,0,0,0,0,14,away,1.5,1.0,False,0.0,-5.0,COVID,0,,NWG = 0,1.5,0.0,True,True,True
,DEN,130,Nuggets,2021-01-22,22000238,PHX,126,Suns,ESPN,0,2021,1,0,0,1,0,0,46,home,1.0,0.0,True,0.0,-4.0,COVID,1,1.0,NWG > 0,-1.0,0.0,True,True,True
,HOU,103,Rockets,2021-01-22,22000230,DET,102,Pistons,no,0,2021,1,1,0,1,0,1,24,home,3.0,0.0,True,0.0,-1.0,COVID,0,0.5,NWG = 0,-3.0,0.0,True,True,True
,ORL,118,Magic,2021-01-22,22000231,IND,120,Pacers,no,0,2021,0,1,0,0,0,1,44,home,5.0,0.0,True,0.0,2.0,COVID,-1,0.0,NWG < 0,-5.0,0.0,True,True,True
,DEN,120,Nuggets,2021-01-23,22000248,PHX,112,Suns,no,0,2021,1,2,1,1,0,1,39,away,2.5,1.0,False,0.0,-8.0,COVID,-1,0.3333333333333333,NWG < 0,2.5,0.0,True,True,True
,MIA,124,Heat,2021-01-23,22000244,BKN,128,Nets,NBA TV,0,2021,1,1,1,1,0,0,32,home,7.5,0.0,True,0.0,4.0,COVID,0,0.5,NWG = 0,-7.5,0.0,True,True,True
,PHI,114,76ers,2021-01-23,22000243,DET,110,Pistons,no,0,2021,1,0,0,1,0,0,12,away,9.0,0.0,False,1.0,-4.0,COVID,1,1.0,NWG > 0,9.0,1.0,True,True,True
,CHA,107,Hornets,2021-01-24,22000252,ORL,104,Magic,no,0,2021,0,0,0,0,0,0,21,away,2.0,1.0,False,0.0,-3.0,COVID,0,,NWG = 0,2.0,0.0,True,True,True
,NYK,113,Knicks,2021-01-24,22000256,POR,116,Trail Blazers,no,0,2021,0,2,1,0,0,1,20,home,4.0,0.0,True,0.0,3.0,COVID,-2,0.0,NWG < 0,-4.0,0.0,True,True,True
,TOR,107,Raptors,2021-01-24,22000249,IND,102,Pacers,NBA TV,0,2021,1,0,0,1,0,0,24,home,4.5,0.0,True,0.0,-5.0,COVID,1,1.0,NWG > 0,-4.5,0.0,True,True,True
,LAL,115,Lakers,2021-01-25,22000261,CLE,108,Cavaliers,no,0,2021,0,0,0,0,0,0,8,away,12.0,0.0,False,1.0,-7.0,COVID,0,,NWG = 0,12.0,1.0,True,True,True
,OKC,125,Thunder,2021-01-25,22000267,POR,122,Trail Blazers,no,0,2021,0,0,0,0,0,0,24,home,4.5,0.0,True,0.0,-3.0,COVID,0,,NWG = 0,-4.5,0.0,True,True,True
1008,BKN,132,Nets,2021-01-27,22000274,ATL,128,Hawks,no,0,2021,1,0,0,1,0,0,32,away,6.0,0.0,False,1.0,-4.0,COVID,1,1.0,NWG > 0,6.0,1.0,True,True,True
,BOS,106,Celtics,2021-01-27,22000280,SAS,110,Spurs,no,0,2021,0,1,1,0,0,0,19,away,4.5,0.0,False,1.0,4.0,COVID,-1,0.0,NWG < 0,4.5,1.0,True,True,True
,LAL,106,Lakers,2021-01-27,22000276,PHI,107,76ers,ESPN,0,2021,1,0,0,1,0,0,27,away,4.0,0.0,False,1.0,1.0,COVID,1,1.0,NWG > 0,4.0,1.0,True,True,True
,OKC,102,Thunder,2021-01-27,22000281,PHX,97,Suns,no,0,2021,0,0,0,0,0,0,25,home,8.0,0.0,True,0.0,-5.0,COVID,0,,NWG = 0,-8.0,0.0,True,True,True
,LAC,109,Clippers,2021-01-28,22000285,MIA,105,Heat,no,0,2021,0,0,0,0,0,0,21,home,2.0,0.0,True,0.0,-4.0,COVID,0,,NWG = 0,-2.0,0.0,True,True,True
3154,POR,101,Trail Blazers,2021-01-28,22000287,HOU,104,Rockets,TNT,0,2021,0,0,0,0,0,0,17,home,4.5,0.0,True,0.0,3.0,COVID,0,,NWG = 0,-4.5,0.0,True,True,True
,IND,105,Pacers,2021-01-29,22000288,CHA,108,Hornets,no,0,2021,1,0,0,1,0,0,27,away,3.5,0.0,False,1.0,3.0,COVID,1,1.0,NWG > 0,3.5,1.0,True,True,True
,SAC,126,Kings,2021-01-29,22000292,TOR,124,Raptors,no,0,2021,0,0,0,0,0,0,19,home,4.0,0.0,True,0.0,-2.0,COVID,0,,NWG = 0,-4.0,0.0,True,True,True
,LAL,96,Lakers,2021-01-30,22000302,BOS,95,Celtics,ABC,0,2021,0,0,0,0,0,0,15,away,3.5,0.0,False,1.0,-1.0,COVID,0,,NWG = 0,3.5,1.0,True,True,True
,POR,123,Trail Blazers,2021-01-30,22000298,CHI,122,Bulls,no,0,2021,1,0,0,1,0,0,20,home,1.5,0.0,True,0.0,-1.0,COVID,1,1.0,NWG > 0,-1.5,0.0,True,True,True
,SAC,104,Kings,2021-01-30,22000301,MIA,105,Heat,no,0,2021,0,1,0,0,0,1,20,home,6.5,0.0,True,0.0,1.0,COVID,-1,0.0,NWG < 0,-6.5,0.0,True,True,True
,BKN,146,Nets,2021-01-31,22000310,WAS,149,Wizards,NBA TV,0,2021,0,1,0,0,0,1,12,away,5.5,0.0,False,1.0,3.0,COVID,-1,0.0,NWG < 0,5.5,1.0,True,True,True
,CLE,104,Cavaliers,2021-01-31,22000311,MIN,109,Timberwolves,no,0,2021,0,0,0,0,0,0,15,away,3.5,0.0,False,1.0,5.0,COVID,0,,NWG = 0,3.5,1.0,True,True,True
,PHI,119,76ers,2021-01-31,22000307,IND,110,Pacers,no,0,2021,1,0,0,0,1,0,28,home,3.0,0.0,True,0.0,-9.0,COVID,1,1.0,NWG > 0,-3.0,0.0,True,True,True
,CHA,129,Hornets,2021-02-01,22000314,MIA,121,Heat,no,0,2021,1,0,0,1,0,0,14,home,7.5,0.0,True,0.0,-8.0,COVID,1,1.0,NWG > 0,-7.5,0.0,True,True,True
1341,LAL,107,Lakers,2021-02-01,22000313,ATL,99,Hawks,no,0,2021,0,1,0,0,0,1,15,away,7.0,1.0,False,0.0,-8.0,COVID,-1,0.0,NWG < 0,7.0,0.0,True,True,True
,MIN,98,Timberwolves,2021-02-01,22000312,CLE,100,Cavaliers,no,0,2021,1,1,0,1,0,1,29,home,3.5,0.0,True,0.0,2.0,COVID,0,0.5,NWG = 0,-3.5,0.0,True,True,True
,NYK,102,Knicks,2021-02-01,22000315,CHI,110,Bulls,no,0,2021,0,0,0,0,0,0,17,home,3.5,1.0,True,1.0,8.0,COVID,0,,NWG = 0,-3.5,1.0,True,True,True
,PHX,109,Suns,2021-02-01,22000319,DAL,108,Mavericks,NBA TV,0,2021,2,1,0,2,0,1,18,home,2.0,0.0,True,0.0,-1.0,COVID,1,0.6666666666666666,NWG > 0,-2.0,0.0,True,True,True
1440,SAC,118,Kings,2021-02-01,22000317,NOP,109,Pelicans,no,0,2021,0,1,0,0,0,1,18,home,2.5,0.0,True,0.0,-9.0,COVID,-1,0.0,NWG < 0,-2.5,0.0,True,True,True
,BOS,111,Celtics,2021-02-02,22000326,GSW,107,Warriors,TNT,0,2021,2,1,1,2,0,0,10,away,3.0,1.0,False,0.0,-4.0,COVID,1,0.6666666666666666,NWG > 0,3.0,0.0,True,True,True
,LAC,120,Clippers,2021-02-02,22000324,BKN,124,Nets,TNT,0,2021,1,0,0,0,1,0,10,away,1.5,0.0,False,1.0,4.0,COVID,1,1.0,NWG > 0,1.5,1.0,True,True,True
,BOS,111,Celtics,2021-02-03,22000336,SAC,116,Kings,no,0,2021,0,1,0,0,0,1,16,home,1.0,1.0,True,1.0,5.0,COVID,-1,0.0,NWG < 0,-1.0,1.0,True,True,True
1259,DAL,122,Mavericks,2021-02-03,22000330,ATL,116,Hawks,no,0,2021,0,2,0,0,0,2,25,away,2.0,1.0,False,0.0,-6.0,COVID,-2,0.0,NWG < 0,2.0,0.0,True,True,True
,MIN,108,Timberwolves,2021-02-03,22000334,SAS,111,Spurs,no,0,2021,2,0,0,2,0,0,19,home,7.5,0.0,True,0.0,3.0,COVID,2,1.0,NWG > 0,-7.5,0.0,True,True,True
,NYK,107,Knicks,2021-02-03,22000332,CHI,103,Bulls,no,0,2021,0,0,0,0,0,1,15,home,1.5,0.0,True,0.0,-4.0,COVID,0,,NWG = 0,-1.5,0.0,True,True,True
,WAS,103,Wizards,2021-02-03,22000331,MIA,100,Heat,no,0,2021,2,0,0,2,0,0,19,home,9.0,0.0,True,0.0,-3.0,COVID,2,1.0,NWG > 0,-9.0,0.0,True,True,True
,BOS,119,Celtics,2021-02-05,22000350,LAC,115,Clippers,ESPN,0,2021,0,0,0,0,0,0,24,home,6.0,0.0,True,0.0,-4.0,COVID,0,,NWG = 0,-6.0,0.0,True,True,True
3535,CHI,119,Bulls,2021-02-05,22000344,ORL,123,Magic,no,0,2021,0,0,0,0,0,0,13,away,2.5,0.0,False,1.0,4.0,COVID,0,,NWG = 0,2.5,1.0,True,True,True
,MIN,106,Timberwolves,2021-02-05,22000348,OKC,103,Thunder,no,0,2021,0,1,0,0,0,1,9,away,2.5,1.0,False,0.0,-3.0,COVID,-1,0.0,NWG < 0,2.5,0.0,True,True,True
,NOP,114,Pelicans,2021-02-05,22000343,IND,113,Pacers,no,0,2021,0,0,0,0,0,0,17,home,0.0,0.0,True,0.0,-1.0,COVID,0,,NWG = 0,-0.0,0.0,True,True,True
,TOR,123,Raptors,2021-02-05,22000345,BKN,117,Nets,ESPN,0,2021,0,0,0,0,0,0,19,home,5.0,0.0,True,0.0,-6.0,COVID,0,,NWG = 0,-5.0,0.0,True,True,True
,DEN,114,Nuggets,2021-02-06,22000352,SAC,119,Kings,NBA TV,0,2021,1,1,0,1,0,1,12,away,2.5,0.0,False,1.0,5.0,COVID,0,0.5,NWG = 0,2.5,1.0,True,True,True
,DET,129,Pistons,2021-02-06,22000361,LAL,135,Lakers,no,0,2021,2,1,0,1,1,1,56,home,14.5,0.0,True,0.0,6.0,COVID,1,0.6666666666666666,NWG > 0,-14.5,0.0,True,True,True
,GSW,132,Warriors,2021-02-06,22000360,DAL,134,Mavericks,ABC,0,2021,1,1,0,1,0,1,24,home,4.5,0.0,True,0.0,2.0,COVID,0,0.5,NWG = 0,-4.5,0.0,True,True,True
,MIN,118,Timberwolves,2021-02-06,22000359,OKC,120,Thunder,no,0,2021,0,0,0,0,0,0,17,home,2.0,2.0,True,,2.0,COVID,0,,NWG = 0,-2.0,0.0,False,True,True
3313,SAS,111,Spurs,2021-02-06,22000358,HOU,106,Rockets,no,0,2021,0,0,0,0,0,0,15,home,1.0,0.0,True,0.0,-5.0,COVID,0,,NWG = 0,-1.0,0.0,True,True,True
1493,BOS,91,Celtics,2021-02-07,22000365,PHX,100,Suns,NBA TV,0,2021,0,0,0,0,0,0,10,home,2.5,1.0,True,1.0,9.0,COVID,0,,NWG = 0,-2.5,1.0,True,True,True
,MIA,109,Heat,2021-02-07,22000364,NYK,103,Knicks,no,0,2021,2,0,0,2,0,0,11,away,5.5,1.0,False,0.0,-6.0,COVID,2,1.0,NWG > 0,5.5,0.0,True,True,True
,SAC,113,Kings,2021-02-07,22000366,LAC,110,Clippers,no,0,2021,0,0,0,0,0,0,14,home,8.5,0.0,True,0.0,-3.0,COVID,0,,NWG = 0,-8.5,0.0,True,True,True
1485,CLE,113,Cavaliers,2021-02-08,22000372,PHX,119,Suns,no,0,2021,0,2,0,0,0,2,23,home,5.5,1.0,True,1.0,6.0,COVID,-2,0.0,NWG < 0,-5.5,1.0,True,True,True
,GSW,100,Warriors,2021-02-08,22000371,SAS,105,Spurs,no,0,2021,0,0,0,0,0,0,18,home,1.5,1.0,True,1.0,5.0,COVID,0,,NWG = 0,-1.5,1.0,True,True,True
1000,MIN,122,Timberwolves,2021-02-08,22000370,DAL,127,Mavericks,no,0,2021,0,1,0,0,0,1,13,home,10.0,0.0,True,0.0,5.0,COVID,-1,0.0,NWG < 0,-10.0,0.0,True,True,True
,OKC,112,Thunder,2021-02-08,22000374,LAL,119,Lakers,no,0,2021,0,1,0,0,0,1,20,home,10.0,0.0,True,0.0,7.0,COVID,-1,0.0,NWG < 0,-10.0,0.0,True,True,True
,WAS,105,Wizards,2021-02-08,22000368,CHI,101,Bulls,no,0,2021,1,1,0,1,0,1,18,home,4.5,0.0,True,0.0,-4.0,COVID,0,0.5,NWG = 0,-4.5,0.0,True,True,True
,NYK,96,Knicks,2021-02-09,22000376,MIA,98,Heat,no,0,2021,0,2,0,0,0,2,14,home,6.0,0.0,True,0.0,2.0,COVID,-2,0.0,NWG < 0,-6.0,0.0,True,True,True
1000,ATL,117,Hawks,2021-02-10,22000384,DAL,118,Mavericks,ESPN,0,2021,0,0,0,0,0,0,19,home,3.5,0.0,True,0.0,1.0,COVID,0,,NWG = 0,-3.5,0.0,True,True,True
1491,MIL,124,Bucks,2021-02-10,22000389,PHX,125,Suns,ESPN,0,2021,0,0,0,0,0,0,14,away,4.0,0.0,False,1.0,1.0,COVID,0,,NWG = 0,4.0,1.0,True,True,True
,OKC,113,Thunder,2021-02-10,22000390,LAL,114,Lakers,no,0,2021,2,2,1,2,0,1,33,home,11.5,0.0,True,0.0,1.0,COVID,0,0.5,NWG = 0,-11.5,0.0,True,True,True
3251,MIA,101,Heat,2021-02-11,22000392,HOU,94,Rockets,TNT,0,2021,0,0,0,0,0,0,10,away,1.5,1.0,False,0.0,-7.0,COVID,0,,NWG = 0,1.5,0.0,True,True,True
,PHI,114,76ers,2021-02-11,22000394,POR,118,Trail Blazers,TNT,0,2021,0,0,0,0,0,0,16,away,6.0,0.0,False,1.0,4.0,COVID,0,,NWG = 0,6.0,1.0,True,True,True
,DET,108,Pistons,2021-02-12,22000412,BOS,102,Celtics,no,0,2021,2,0,0,1,1,0,17,home,7.0,0.0,True,0.0,-6.0,COVID,2,1.0,NWG > 0,-7.0,0.0,True,True,True
,MIN,114,Timberwolves,2021-02-12,22000395,CHA,120,Hornets,no,0,2021,0,0,0,0,0,0,27,home,2.5,1.0,True,1.0,6.0,COVID,0,,NWG = 0,-2.5,1.0,True,True,True
,OKC,95,Thunder,2021-02-12,22000401,DEN,97,Nuggets,no,0,2021,0,0,0,0,0,0,17,home,11.5,0.0,True,0.0,2.0,COVID,0,,NWG = 0,-11.5,0.0,True,True,True
,MIL,109,Bucks,2021-02-14,22000415,OKC,114,Thunder,no,0,2021,3,1,0,2,1,1,14,away,12.0,0.0,False,1.0,5.0,COVID,2,0.75,NWG > 0,12.0,1.0,True,True,True
,MIN,116,Timberwolves,2021-02-14,22000413,TOR,112,Raptors,no,0,2021,0,0,0,0,0,0,27,home,7.5,0.0,True,0.0,-4.0,COVID,0,,NWG = 0,-7.5,0.0,True,True,True
2211,POR,121,Trail Blazers,2021-02-14,22000411,DAL,118,Mavericks,ESPN,0,2021,1,0,0,0,1,0,10,home,5.5,0.0,True,0.0,-3.0,COVID,1,1.0,NWG > 0,-5.5,0.0,True,True,True
,CHI,120,Bulls,2021-02-15,22000420,IND,112,Pacers,no,0,2021,0,0,0,0,0,0,26,home,4.5,0.0,True,0.0,-8.0,COVID,0,,NWG = 0,-4.5,0.0,True,True,True
3181,BKN,128,Nets,2021-02-16,22000433,PHX,124,Suns,TNT,0,2021,0,0,0,0,0,0,21,home,8.0,0.0,True,0.0,-4.0,COVID,0,,NWG = 0,-8.0,0.0,True,True,True
,DEN,128,Nuggets,2021-02-17,22000437,WAS,130,Wizards,no,0,2021,1,1,0,1,0,1,16,away,4.5,0.0,False,1.0,2.0,COVID,0,0.5,NWG = 0,4.5,1.0,True,True,True
,DET,102,Pistons,2021-02-17,22000564,CHI,105,Bulls,no,0,2021,0,1,0,0,0,1,19,home,3.0,2.0,True,,3.0,COVID,-1,0.0,NWG < 0,-3.0,0.0,False,True,True
,IND,134,Pacers,2021-02-17,22000440,MIN,128,Timberwolves,no,0,2021,1,2,1,0,1,1,27,away,5.0,1.0,False,0.0,-6.0,COVID,-1,0.3333333333333333,NWG < 0,5.0,0.0,True,True,True
,MIA,112,Heat,2021-02-17,22000443,GSW,120,Warriors,ESPN,0,2021,0,2,0,0,0,2,20,home,1.5,1.0,True,1.0,8.0,COVID,-2,0.0,NWG < 0,-1.5,1.0,True,True,True
1940,POR,126,Trail Blazers,2021-02-17,22000441,NOP,124,Pelicans,no,0,2021,0,0,0,0,0,0,15,home,4.0,0.0,True,0.0,-2.0,COVID,0,,NWG = 0,-4.0,0.0,True,True,True
,CHI,105,Bulls,2021-02-19,22000450,PHI,112,76ers,ESPN,0,2021,1,0,0,1,0,0,17,home,6.0,1.0,True,1.0,7.0,COVID,1,1.0,NWG > 0,-6.0,1.0,True,True,True
4287,GSW,120,Warriors,2021-02-19,22000449,ORL,124,Magic,no,0,2021,1,0,0,1,0,0,16,away,5.0,0.0,False,1.0,4.0,COVID,1,1.0,NWG > 0,5.0,1.0,True,True,True
,TOR,86,Raptors,2021-02-19,22000454,MIN,81,Timberwolves,no,0,2021,1,0,0,1,0,0,10,away,2.5,1.0,False,0.0,-5.0,COVID,1,1.0,NWG > 0,2.5,0.0,True,True,True
,UTA,112,Jazz,2021-02-19,22000457,LAC,116,Clippers,ESPN,0,2021,0,2,1,0,0,1,23,home,1.0,1.0,True,1.0,4.0,COVID,-2,0.0,NWG < 0,-1.0,1.0,True,True,True
,GSW,100,Warriors,2021-02-20,22000459,CHA,102,Hornets,no,0,2021,0,1,0,0,0,1,22,away,2.0,0.0,False,1.0,2.0,COVID,-1,0.0,NWG < 0,2.0,1.0,True,True,True
,MIA,96,Heat,2021-02-20,22000463,LAL,94,Lakers,ABC,0,2021,0,0,0,0,0,0,21,home,3.5,0.0,True,0.0,-2.0,COVID,0,,NWG = 0,-3.5,0.0,True,True,True
,BKN,112,Nets,2021-02-21,22000472,LAC,108,Clippers,ESPN,0,2021,0,0,0,0,0,0,17,home,6.5,0.0,True,0.0,-4.0,COVID,0,,NWG = 0,-6.5,0.0,True,True,True
1940,BOS,115,Celtics,2021-02-21,22000465,NOP,120,Pelicans,ABC,0,2021,1,0,0,1,0,0,49,away,2.5,0.0,False,1.0,5.0,COVID,1,1.0,NWG > 0,2.5,1.0,True,True,True
,MIN,99,Timberwolves,2021-02-21,22000469,NYK,103,Knicks,no,0,2021,0,1,1,0,0,0,10,home,3.0,1.0,True,1.0,4.0,COVID,-1,0.0,NWG < 0,-3.0,1.0,True,True,True
,WAS,127,Wizards,2021-02-22,22000479,LAL,124,Lakers,NBA TV,0,2021,2,1,0,2,0,1,29,home,7.0,0.0,True,0.0,-3.0,COVID,1,0.6666666666666666,NWG > 0,-7.0,0.0,True,True,True
2720,ATL,111,Hawks,2021-02-23,22000480,CLE,112,Cavaliers,no,0,2021,0,0,0,0,0,0,20,away,8.0,0.0,False,1.0,1.0,COVID,0,,NWG = 0,8.0,1.0,True,True,True
3338,BOS,107,Celtics,2021-02-23,22000485,DAL,110,Mavericks,TNT,0,2021,0,0,0,0,0,0,9,away,2.5,0.0,False,1.0,3.0,COVID,0,,NWG = 0,2.5,1.0,True,True,True
1981,GSW,114,Warriors,2021-02-23,22000483,NYK,106,Knicks,no,0,2021,0,0,0,0,0,0,17,away,4.0,1.0,False,0.0,-8.0,COVID,0,,NWG = 0,4.0,0.0,True,True,True
,POR,106,Trail Blazers,2021-02-23,22000487,DEN,111,Nuggets,TNT,0,2021,0,0,0,0,0,0,12,home,6.0,0.0,True,0.0,5.0,COVID,0,,NWG = 0,-6.0,0.0,True,True,True
3296,CHA,124,Hornets,2021-02-24,22000496,PHX,121,Suns,no,0,2021,2,1,0,2,0,1,21,home,9.5,0.0,True,0.0,-3.0,COVID,1,0.6666666666666666,NWG > 0,-9.5,0.0,True,True,True
,GSW,111,Warriors,2021-02-24,22000489,IND,107,Pacers,ESPN,0,2021,0,1,0,0,0,1,26,home,2.0,0.0,True,0.0,-4.0,COVID,-1,0.0,NWG < 0,-2.0,0.0,True,True,True
,MIN,126,Timberwolves,2021-02-24,22000493,CHI,133,Bulls,no,0,2021,1,0,0,0,1,0,15,home,4.5,1.0,True,1.0,7.0,COVID,1,1.0,NWG > 0,-4.5,1.0,True,True,True
,SAS,99,Spurs,2021-02-24,22000495,OKC,102,Thunder,no,0,2021,0,0,0,0,0,0,10,away,1.0,0.0,False,1.0,3.0,COVID,0,,NWG = 0,1.0,1.0,True,True,True
1800,NOP,125,Pelicans,2021-02-25,22000503,MIL,129,Bucks,TNT,0,2021,1,2,0,1,0,3,23,home,7.5,0.0,True,0.0,4.0,COVID,-1,0.3333333333333333,NWG < 0,-7.5,0.0,True,True,True
,WAS,112,Wizards,2021-02-25,22000502,DEN,110,Nuggets,no,0,2021,0,0,0,0,0,0,12,home,8.0,0.0,True,0.0,-2.0,COVID,0,,NWG = 0,-8.0,0.0,True,True,True
,IND,112,Pacers,2021-02-26,22000505,BOS,118,Celtics,ESPN,0,2021,0,0,0,0,0,0,19,home,2.5,1.0,True,1.0,6.0,COVID,0,,NWG = 0,-2.5,1.0,True,True,True
,SAC,110,Kings,2021-02-26,22000504,DET,107,Pistons,no,0,2021,0,1,1,0,0,0,16,away,1.5,1.0,False,0.0,-3.0,COVID,-1,0.0,NWG < 0,1.5,0.0,True,True,True
,UTA,116,Jazz,2021-02-26,22000507,MIA,124,Heat,no,0,2021,0,0,0,0,0,0,27,away,6.5,0.0,False,1.0,8.0,COVID,0,,NWG = 0,6.5,1.0,True,True,True
,CLE,112,Cavaliers,2021-02-27,22000513,PHI,109,76ers,no,0,2021,1,3,1,1,0,2,51,home,11.5,0.0,True,0.0,-3.0,COVID,-2,0.25,NWG < 0,-11.5,0.0,True,True,True
1981,IND,107,Pacers,2021-02-27,22000515,NYK,110,Knicks,no,0,2021,1,2,0,0,1,2,18,home,0.0,1.0,True,1.0,3.0,COVID,-1,0.3333333333333333,NWG < 0,-0.0,1.0,True,True,True
,NOP,114,Pelicans,2021-02-27,22000514,SAS,117,Spurs,no,0,2021,0,0,0,0,0,0,14,away,2.0,0.0,False,1.0,3.0,COVID,0,,NWG = 0,2.0,1.0,True,True,True
,CHA,127,Hornets,2021-02-28,22000528,SAC,126,Kings,no,0,2021,0,1,1,0,0,0,18,home,3.5,0.0,True,0.0,-1.0,COVID,-1,0.0,NWG < 0,-3.5,0.0,True,True,True
1800,LAC,100,Clippers,2021-02-28,22000520,MIL,105,Bucks,ABC,0,2021,0,0,0,0,0,0,18,home,1.5,1.0,True,1.0,5.0,COVID,0,,NWG = 0,-1.5,1.0,True,True,True
,WAS,110,Wizards,2021-02-28,22000524,BOS,111,Celtics,no,0,2021,1,0,0,1,0,0,19,home,6.5,0.0,True,0.0,1.0,COVID,1,1.0,NWG > 0,-6.5,0.0,True,True,True
,BKN,124,Nets,2021-03-01,22000534,SAS,113,Spurs,no,0,2021,0,1,0,0,0,1,16,away,4.0,1.0,False,0.0,-11.0,COVID,-1,0.0,NWG < 0,4.0,0.0,True,True,True
,DEN,118,Nuggets,2021-03-01,22000531,CHI,112,Bulls,no,0,2021,1,1,1,0,1,0,11,away,4.5,1.0,False,0.0,-6.0,COVID,0,0.5,NWG = 0,4.5,0.0,True,True,True
2700,UTA,124,Jazz,2021-03-01,22000533,NOP,129,Pelicans,NBA TV,0,2021,1,2,0,1,0,1,22,away,7.0,0.0,False,1.0,5.0,COVID,-1,0.3333333333333333,NWG < 0,7.0,1.0,True,True,True
,LAC,112,Clippers,2021-03-02,22000537,BOS,117,Celtics,TNT,0,2021,0,0,0,0,0,0,24,away,5.0,0.0,False,1.0,5.0,COVID,0,,NWG = 0,5.0,1.0,True,True,True
3969,ATL,115,Hawks,2021-03-03,22000544,ORL,112,Magic,no,0,2021,0,1,0,0,0,1,11,away,3.0,2.0,False,,-3.0,COVID,-1,0.0,NWG < 0,3.0,0.0,False,True,True
2700,CHI,128,Bulls,2021-03-03,22000548,NOP,124,Pelicans,no,0,2021,0,2,0,0,0,2,23,home,6.0,0.0,True,0.0,-4.0,COVID,-2,0.0,NWG < 0,-6.0,0.0,True,True,True
,GSW,106,Warriors,2021-03-03,22000550,POR,108,Trail Blazers,ESPN,0,2021,1,0,0,0,1,0,12,away,1.0,0.0,False,1.0,2.0,COVID,1,1.0,NWG > 0,1.0,1.0,True,True,True
2720,IND,114,Pacers,2021-03-03,22000543,CLE,111,Cavaliers,no,0,2021,0,1,0,0,0,1,27,away,7.0,0.0,False,1.0,-3.0,COVID,-1,0.0,NWG < 0,7.0,1.0,True,True,True
,LAL,120,Lakers,2021-03-03,22000551,SAC,123,Kings,no,0,2021,1,2,1,1,0,1,24,home,4.5,0.0,True,0.0,3.0,COVID,-1,0.3333333333333333,NWG < 0,-4.5,0.0,True,True,True
,UTA,123,Jazz,2021-03-03,22000545,PHI,131,76ers,no,0,2021,3,3,0,3,0,3,50,away,3.5,0.0,False,1.0,8.0,COVID,0,0.5,NWG = 0,3.5,1.0,True,True,True
,LAC,117,Clippers,2021-03-04,22000554,WAS,119,Wizards,no,0,2021,1,0,0,0,1,0,25,away,6.5,0.0,False,1.0,2.0,COVID,1,1.0,NWG > 0,6.5,1.0,True,True,True
1961,MIL,112,Bucks,2021-03-04,22000555,MEM,111,Grizzlies,no,0,2021,0,0,0,0,0,0,17,away,6.0,0.0,False,1.0,-1.0,COVID,0,,NWG = 0,6.0,1.0,True,True,True
,SAC,119,Kings,2021-03-04,22000558,POR,123,Trail Blazers,no,0,2021,1,0,0,0,1,0,14,home,4.5,0.0,True,0.0,4.0,COVID,1,1.0,NWG > 0,-4.5,0.0,True,True,True
,ATL,121,Hawks,2021-03-11,22000570,TOR,120,Raptors,no,0,2021,1,0,0,0,1,0,17,away,3.0,0.0,False,1.0,-1.0,COVID,1,1.0,NWG > 0,3.0,1.0,True,True,True
,DAL,108,Mavericks,2021-03-11,22000575,OKC,116,Thunder,no,0,2021,0,0,0,0,0,0,24,away,2.0,0.0,False,1.0,8.0,COVID,0,,NWG = 0,2.0,1.0,True,True,True
,DET,102,Pistons,2021-03-11,22000568,CHA,105,Hornets,no,0,2021,1,1,1,1,0,0,21,home,4.5,0.0,True,0.0,3.0,COVID,0,0.5,NWG = 0,-4.5,0.0,True,True,True
2160,DEN,103,Nuggets,2021-03-12,22000580,MEM,102,Grizzlies,NBA TV,0,2021,1,1,0,1,0,1,12,away,2.5,0.0,False,1.0,-1.0,COVID,0,0.5,NWG = 0,2.5,1.0,True,True,True
,IND,100,Pacers,2021-03-12,22000585,LAL,105,Lakers,NBA TV,0,2021,1,0,0,1,0,0,18,home,5.0,2.0,True,,5.0,COVID,1,1.0,NWG > 0,-5.0,0.0,False,True,True
1364,DET,95,Pistons,2021-03-13,22000587,BKN,100,Nets,NBA TV,0,2021,0,1,1,0,0,0,20,home,11.0,0.0,True,0.0,5.0,COVID,-1,0.0,NWG < 0,-11.0,0.0,True,True,True
,MIL,125,Bucks,2021-03-13,22000589,WAS,119,Wizards,no,0,2021,1,0,0,1,0,0,16,away,13.0,0.0,False,1.0,-6.0,COVID,1,1.0,NWG > 0,13.0,1.0,True,True,True
,POR,125,Trail Blazers,2021-03-13,22000591,MIN,121,Timberwolves,no,0,2021,0,1,0,0,0,1,14,away,5.0,0.0,False,1.0,-4.0,COVID,-1,0.0,NWG < 0,5.0,1.0,True,True,True
3264,MIA,102,Heat,2021-03-14,22000596,ORL,97,Magic,no,0,2021,1,2,1,1,0,1,23,away,8.0,0.0,False,1.0,-5.0,COVID,-1,0.3333333333333333,NWG < 0,8.0,1.0,True,True,True
,POR,112,Trail Blazers,2021-03-14,22000599,MIN,114,Timberwolves,no,0,2021,0,0,0,0,0,0,14,away,5.0,0.0,False,1.0,2.0,COVID,0,,NWG = 0,5.0,1.0,True,True,True
1637,NYK,112,Knicks,2021-03-15,22000604,BKN,117,Nets,ESPN,0,2021,0,0,0,0,0,0,10,home,8.5,0.0,True,0.0,5.0,COVID,0,,NWG = 0,-8.5,0.0,True,True,True
2861,SAC,116,Kings,2021-03-15,22000602,CHA,122,Hornets,no,0,2021,0,0,0,0,0,0,16,home,3.0,1.0,True,1.0,6.0,COVID,0,,NWG = 0,-3.0,1.0,True,True,True
,NOP,124,Pelicans,2021-03-16,22000614,POR,125,Trail Blazers,TNT,0,2021,0,0,0,0,0,0,21,home,1.5,0.0,True,0.0,1.0,COVID,0,,NWG = 0,-1.5,0.0,True,True,True
3071,NYK,96,Knicks,2021-03-16,22000611,PHI,99,76ers,no,0,2021,2,3,0,1,1,3,25,home,7.0,0.0,True,0.0,3.0,COVID,-1,0.4,NWG < 0,-7.0,0.0,True,True,True
,UTA,117,Jazz,2021-03-16,22000609,BOS,109,Celtics,TNT,0,2021,0,0,0,0,0,0,16,away,3.5,1.0,False,0.0,-8.0,COVID,0,,NWG = 0,3.5,0.0,True,True,True
2217,MIA,85,Heat,2021-03-17,22000623,MEM,89,Grizzlies,no,0,2021,0,0,0,0,0,0,10,away,1.0,0.0,False,1.0,4.0,COVID,0,,NWG = 0,1.0,1.0,True,True,True
3071,MIL,109,Bucks,2021-03-17,22000618,PHI,105,76ers,ESPN,0,2021,1,1,0,1,0,1,16,away,6.0,0.0,False,1.0,-4.0,COVID,0,0.5,NWG = 0,6.0,1.0,True,True,True
,SAC,121,Kings,2021-03-17,22000619,WAS,119,Wizards,no,0,2021,1,0,0,1,0,0,14,home,1.0,0.0,True,0.0,-2.0,COVID,1,1.0,NWG > 0,-1.0,0.0,True,True,True
750,TOR,112,Raptors,2021-03-17,22000616,DET,116,Pistons,no,0,2021,0,0,0,0,0,0,22,away,6.5,0.0,False,1.0,4.0,COVID,0,,NWG = 0,6.5,1.0,True,True,True
3172,MIN,123,Timberwolves,2021-03-18,22000628,PHX,119,Suns,no,0,2021,0,1,1,0,0,0,26,home,11.0,0.0,True,0.0,-4.0,COVID,-1,0.0,NWG < 0,-11.0,0.0,True,True,True
1531,ORL,93,Magic,2021-03-18,22000627,NYK,94,Knicks,no,0,2021,0,0,0,0,0,0,20,home,5.0,0.0,True,0.0,1.0,COVID,0,,NWG = 0,-5.0,0.0,True,True,True
,CHI,127,Bulls,2021-03-19,22000637,DEN,131,Nuggets,no,0,2021,1,0,0,1,0,0,12,home,7.0,0.0,True,0.0,4.0,COVID,1,1.0,NWG > 0,-7.0,0.0,True,True,True
,DAL,119,Mavericks,2021-03-19,22000639,POR,125,Trail Blazers,NBA TV,0,2021,0,0,0,0,0,0,15,away,2.5,0.0,False,1.0,6.0,COVID,0,,NWG = 0,2.5,1.0,True,True,True
,UTA,115,Jazz,2021-03-19,22000634,TOR,112,Raptors,no,0,2021,1,1,1,1,0,0,22,away,4.5,0.0,False,1.0,-3.0,COVID,0,0.5,NWG = 0,4.5,1.0,True,True,True
,GSW,103,Warriors,2021-03-20,22000642,MEM,111,Grizzlies,NBA TV,0,2021,0,0,0,0,0,0,21,home,6.5,1.0,True,1.0,8.0,COVID,0,,NWG = 0,-6.5,1.0,True,True,True
,IND,109,Pacers,2021-03-21,22000645,MIA,106,Heat,no,0,2021,0,1,0,0,0,1,33,home,3.5,0.0,True,0.0,-3.0,COVID,-1,0.0,NWG < 0,-3.5,0.0,True,True,True
,NOP,113,Pelicans,2021-03-21,22000646,DEN,108,Nuggets,no,0,2021,0,0,0,0,0,0,17,home,6.5,0.0,True,0.0,-5.0,COVID,0,,NWG = 0,-6.5,0.0,True,True,True
3297,OKC,114,Thunder,2021-03-21,22000016,HOU,112,Rockets,no,0,2021,0,0,0,0,0,0,10,home,5.0,0.0,True,0.0,-2.0,COVID,0,,NWG = 0,-5.0,0.0,True,True,True
1981,PHI,101,76ers,2021-03-21,22000650,NYK,100,Knicks,no,0,2021,1,1,0,1,0,1,51,away,1.0,2.0,False,,-1.0,COVID,0,0.5,NWG = 0,1.0,0.0,False,True,True
1773,WAS,106,Wizards,2021-03-21,22000647,BKN,113,Nets,NBA TV,0,2021,0,0,0,0,0,0,20,home,9.0,0.0,True,0.0,7.0,COVID,0,,NWG = 0,-9.0,0.0,True,True,True
,ATL,110,Hawks,2021-03-22,22000660,LAC,119,Clippers,no,0,2021,0,1,0,0,0,1,8,home,6.5,1.0,True,1.0,9.0,COVID,-1,0.0,NWG < 0,-6.5,1.0,True,True,True
2319,BOS,126,Celtics,2021-03-22,22000658,MEM,132,Grizzlies,no,0,2021,0,2,0,0,0,2,40,home,4.5,1.0,True,1.0,6.0,COVID,-2,0.0,NWG < 0,-4.5,1.0,True,True,True
3222,CHA,100,Hornets,2021-03-22,22000655,SAS,97,Spurs,no,0,2021,2,1,0,2,0,1,18,home,5.0,0.0,True,0.0,-3.0,COVID,1,0.6666666666666666,NWG > 0,-5.0,0.0,True,True,True
,BKN,116,Nets,2021-03-23,22000666,POR,112,Trail Blazers,no,0,2021,0,0,0,0,0,0,25,home,2.5,0.0,True,0.0,-4.0,COVID,0,,NWG = 0,-2.5,0.0,True,True,True
,ATL,108,Hawks,2021-03-24,22000677,SAC,110,Kings,no,0,2021,0,0,0,0,0,0,17,away,3.0,0.0,False,1.0,2.0,COVID,0,,NWG = 0,3.0,1.0,True,True,True
3280,BOS,119,Celtics,2021-03-24,22000669,MIL,121,Bucks,ESPN,0,2021,0,1,0,0,0,1,15,home,7.0,0.0,True,0.0,2.0,COVID,-1,0.0,NWG < 0,-7.0,0.0,True,True,True
,DET,111,Pistons,2021-03-24,22000667,IND,116,Pacers,no,0,2021,0,0,0,0,0,0,23,home,7.5,0.0,True,0.0,5.0,COVID,0,,NWG = 0,-7.5,0.0,True,True,True
3891,PHX,111,Suns,2021-03-24,22000670,ORL,112,Magic,no,0,2021,0,0,0,0,0,0,17,away,9.0,0.0,False,1.0,1.0,COVID,0,,NWG = 0,9.0,1.0,True,True,True
,PHI,109,76ers,2021-03-25,22000681,LAL,101,Lakers,TNT,0,2021,1,0,0,0,1,0,17,away,6.0,1.0,False,0.0,-8.0,COVID,1,1.0,NWG > 0,6.0,0.0,True,True,True
,POR,125,Trail Blazers,2021-03-25,22000678,MIA,122,Heat,TNT,0,2021,1,0,0,1,0,0,22,away,2.5,1.0,False,0.0,-3.0,COVID,1,1.0,NWG > 0,2.5,0.0,True,True,True
1817,WAS,102,Wizards,2021-03-25,22000679,NYK,106,Knicks,no,0,2021,1,1,0,1,0,1,17,home,2.5,1.0,True,1.0,4.0,COVID,0,0.5,NWG = 0,-2.5,1.0,True,True,True
750,BKN,113,Nets,2021-03-26,22000683,DET,111,Pistons,no,0,2021,1,0,0,1,0,0,21,away,6.5,0.0,False,1.0,-2.0,COVID,1,1.0,NWG > 0,6.5,1.0,True,True,True
3700,DEN,113,Nuggets,2021-03-26,22000689,NOP,108,Pelicans,no,0,2021,2,0,0,2,0,0,27,away,2.5,1.0,False,0.0,-5.0,COVID,2,1.0,NWG > 0,2.5,0.0,True,True,True
,HOU,101,Rockets,2021-03-26,22000688,MIN,107,Timberwolves,no,0,2021,1,1,0,1,0,1,13,home,4.0,1.0,True,1.0,6.0,COVID,0,0.5,NWG = 0,-4.0,1.0,True,True,True
5546,MEM,114,Grizzlies,2021-03-26,22000691,UTA,117,Jazz,no,0,2021,1,1,0,1,0,1,13,home,10.0,0.0,True,0.0,3.0,COVID,0,0.5,NWG = 0,-10.0,0.0,True,True,True
4215,MIA,105,Heat,2021-03-26,22000686,CHA,110,Hornets,no,0,2021,0,2,0,0,0,2,19,away,2.0,0.0,False,1.0,5.0,COVID,-2,0.0,NWG < 0,2.0,1.0,True,True,True
,PHX,104,Suns,2021-03-26,22000684,TOR,100,Raptors,no,0,2021,0,0,0,0,0,0,11,away,3.5,1.0,False,0.0,-4.0,COVID,0,,NWG = 0,3.5,0.0,True,True,True
,CLE,98,Cavaliers,2021-03-27,22000702,SAC,100,Kings,no,0,2021,0,0,0,0,0,0,10,home,9.0,0.0,True,0.0,2.0,COVID,0,,NWG = 0,-9.0,0.0,True,True,True
3280,NYK,102,Knicks,2021-03-27,22000695,MIL,96,Bucks,no,0,2021,1,1,0,1,0,1,27,away,2.5,1.0,False,0.0,-6.0,COVID,0,0.5,NWG = 0,2.5,0.0,True,True,True
,ORL,93,Magic,2021-03-28,22000706,LAL,96,Lakers,no,0,2021,0,0,0,0,0,0,11,home,7.0,0.0,True,0.0,3.0,COVID,0,,NWG = 0,-7.0,0.0,True,True,True
3850,PHX,101,Suns,2021-03-28,22000703,CHA,97,Hornets,no,0,2021,2,0,0,1,1,0,33,away,7.0,0.0,False,1.0,-4.0,COVID,2,1.0,NWG > 0,7.0,1.0,True,True,True
2021,POR,122,Trail Blazers,2021-03-28,22000704,TOR,117,Raptors,no,0,2021,0,0,0,0,0,0,24,away,2.5,1.0,False,0.0,-5.0,COVID,0,,NWG = 0,2.5,0.0,True,True,True
1732,MIN,107,Timberwolves,2021-03-29,22000709,BKN,112,Nets,no,0,2021,0,0,0,0,0,0,18,home,10.5,0.0,True,0.0,5.0,COVID,0,,NWG = 0,-10.5,0.0,True,True,True
2298,NOP,115,Pelicans,2021-03-29,22000708,BOS,109,Celtics,NBA TV,0,2021,1,0,0,1,0,0,22,home,3.0,0.0,True,0.0,-6.0,COVID,1,1.0,NWG > 0,-3.0,0.0,True,True,True
3173,ATL,110,Hawks,2021-03-30,22000171,PHX,117,Suns,no,0,2021,0,0,0,0,0,0,27,home,5.5,1.0,True,1.0,7.0,COVID,0,,NWG = 0,-5.5,1.0,True,True,True
,ORL,103,Magic,2021-03-30,22000720,LAC,96,Clippers,no,0,2021,1,1,0,1,0,1,23,home,11.0,0.0,True,0.0,-7.0,COVID,0,0.5,NWG = 0,-11.0,0.0,True,True,True
3459,CHI,116,Bulls,2021-03-31,22000730,PHX,121,Suns,no,0,2021,1,0,0,1,0,0,22,home,8.5,0.0,True,0.0,5.0,COVID,1,1.0,NWG > 0,-8.5,0.0,True,True,True
2298,DAL,113,Mavericks,2021-03-31,22000723,BOS,108,Celtics,ESPN,0,2021,1,0,0,1,0,0,16,home,1.0,0.0,True,0.0,-5.0,COVID,1,1.0,NWG > 0,-1.0,0.0,True,True,True
,MIA,92,Heat,2021-03-31,22000722,IND,87,Pacers,no,0,2021,1,2,1,1,0,1,21,away,1.5,1.0,False,0.0,-5.0,COVID,-1,0.3333333333333333,NWG < 0,1.5,0.0,True,True,True
,NYK,101,Knicks,2021-03-31,22000726,MIN,102,Timberwolves,no,0,2021,2,1,0,2,0,1,18,away,3.0,0.0,False,1.0,1.0,COVID,1,0.6666666666666666,NWG > 0,3.0,1.0,True,True,True
2314,UTA,111,Jazz,2021-03-31,22000725,MEM,107,Grizzlies,no,0,2021,1,0,0,1,0,0,21,away,6.0,0.0,False,1.0,-4.0,COVID,1,1.0,NWG > 0,6.0,1.0,True,True,True
2949,ATL,134,Hawks,2021-04-01,22000735,SAS,129,Spurs,no,0,2021,1,0,0,1,0,0,30,home,1.0,0.0,True,0.0,-5.0,COVID,1,1.0,NWG > 0,-1.0,0.0,True,True,True
3700,ORL,115,Magic,2021-04-01,22000734,NOP,110,Pelicans,no,0,2021,3,0,0,3,0,0,38,home,5.0,0.0,True,0.0,-5.0,COVID,3,1.0,NWG > 0,-5.0,0.0,True,True,True
5546,CHI,106,Bulls,2021-04-02,22000743,UTA,113,Jazz,no,0,2021,0,2,1,0,0,1,10,home,11.0,0.0,True,0.0,7.0,COVID,-2,0.0,NWG < 0,-11.0,0.0,True,True,True
3276,IND,139,Pacers,2021-04-03,22000751,SAS,133,Spurs,no,0,2021,0,2,0,0,0,2,13,home,7.0,0.0,True,0.0,-6.0,COVID,-2,0.0,NWG < 0,-7.0,0.0,True,True,True
,MIL,129,Bucks,2021-04-03,22000754,SAC,128,Kings,no,0,2021,0,0,0,0,0,0,20,away,3.0,0.0,False,1.0,-1.0,COVID,0,,NWG = 0,3.0,1.0,True,True,True
1773,NYK,112,Knicks,2021-04-05,22000762,BKN,114,Nets,NBA TV,0,2021,0,2,0,0,0,2,15,home,6.0,0.0,True,0.0,2.0,COVID,-2,0.0,NWG < 0,-6.0,0.0,True,True,True
3093,PHX,133,Suns,2021-04-05,22000768,HOU,130,Rockets,no,0,2021,0,1,0,0,0,1,20,away,14.0,0.0,False,1.0,-3.0,COVID,-1,0.0,NWG < 0,14.0,1.0,True,True,True
1620,WAS,101,Wizards,2021-04-05,22000763,TOR,103,Raptors,no,0,2021,1,1,1,1,0,0,12,home,5.5,0.0,True,0.0,2.0,COVID,0,0.5,NWG = 0,-5.5,0.0,True,True,True
,MIL,121,Bucks,2021-04-06,22000774,GSW,122,Warriors,TNT,0,2021,1,0,0,1,0,0,16,away,3.0,0.0,False,1.0,1.0,COVID,1,1.0,NWG > 0,3.0,1.0,True,True,True
3399,DAL,93,Mavericks,2021-04-07,22000456,HOU,102,Rockets,no,0,2021,0,0,0,0,0,0,14,away,10.0,0.0,False,1.0,9.0,COVID,0,,NWG = 0,10.0,1.0,True,True,True
,MIN,137,Timberwolves,2021-04-07,22000776,IND,141,Pacers,no,0,2021,0,1,1,0,0,0,23,away,1.5,0.0,False,1.0,4.0,COVID,-1,0.0,NWG < 0,1.5,1.0,True,True,True
2298,NYK,99,Knicks,2021-04-07,22000778,BOS,101,Celtics,no,0,2021,0,0,0,0,0,0,17,home,3.0,0.0,True,0.0,2.0,COVID,0,,NWG = 0,-3.0,0.0,True,True,True
5110,UTA,113,Jazz,2021-04-07,22000783,PHX,117,Suns,ESPN,0,2021,0,1,0,0,0,1,35,away,2.5,0.0,False,1.0,4.0,COVID,-1,0.0,NWG < 0,2.5,1.0,True,True,True
3777,IND,111,Pacers,2021-04-09,22000790,ORL,106,Magic,no,0,2021,1,0,0,1,0,0,17,away,6.5,0.0,False,1.0,-5.0,COVID,1,1.0,NWG > 0,6.5,1.0,True,True,True
1912,MEM,129,Grizzlies,2021-04-09,22000793,NYK,133,Knicks,NBA TV,0,2021,2,0,0,1,1,0,26,away,1.5,0.0,False,1.0,4.0,COVID,2,1.0,NWG > 0,1.5,1.0,True,True,True
2298,MIN,136,Timberwolves,2021-04-09,22000792,BOS,145,Celtics,no,0,2021,1,1,1,1,0,0,33,home,8.5,1.0,True,1.0,9.0,COVID,0,0.5,NWG = 0,-8.5,1.0,True,True,True
3750,SAS,119,Spurs,2021-04-09,22000797,DEN,121,Nuggets,no,0,2021,0,3,2,0,0,1,23,home,6.5,0.0,True,0.0,2.0,COVID,-3,0.0,NWG < 0,-6.5,0.0,True,True,True
,WAS,110,Wizards,2021-04-09,22000798,GSW,107,Warriors,NBA TV,0,2021,0,1,0,0,0,1,10,home,4.5,0.0,True,0.0,-3.0,COVID,-1,0.0,NWG < 0,-4.5,0.0,True,True,True
4148,ATL,105,Hawks,2021-04-11,22000805,CHA,101,Hornets,no,0,2021,2,0,0,2,0,0,11,home,2.5,0.0,True,0.0,-4.0,COVID,2,1.0,NWG > 0,-2.5,0.0,True,True,True
1436,CHI,117,Bulls,2021-04-11,22000812,MIN,121,Timberwolves,no,0,2021,1,0,0,1,0,0,24,away,4.0,0.0,False,1.0,4.0,COVID,1,1.0,NWG > 0,4.0,1.0,True,True,True
2341,IND,132,Pacers,2021-04-11,22000811,MEM,125,Grizzlies,no,0,2021,0,1,0,0,0,1,12,home,3.5,0.0,True,0.0,-7.0,COVID,-1,0.0,NWG < 0,-3.5,0.0,True,True,True
4148,NOP,116,Pelicans,2021-04-11,22000807,CLE,109,Cavaliers,no,0,2021,0,0,0,0,0,0,16,away,9.0,0.0,False,1.0,-7.0,COVID,0,,NWG = 0,9.0,1.0,True,True,True
4054,SAS,119,Spurs,2021-04-11,22000810,DAL,117,Mavericks,no,0,2021,0,0,0,0,0,0,16,home,6.5,0.0,True,0.0,-2.0,COVID,0,,NWG = 0,-6.5,0.0,True,True,True
1833,TOR,96,Raptors,2021-04-11,22000809,NYK,102,Knicks,no,0,2021,0,1,1,0,0,0,18,home,3.0,1.0,True,1.0,6.0,COVID,-1,0.0,NWG < 0,-3.0,1.0,True,True,True
5546,WAS,125,Wizards,2021-04-12,22000820,UTA,121,Jazz,no,0,2021,1,0,0,1,0,0,25,home,10.5,0.0,True,0.0,-4.0,COVID,1,1.0,NWG > 0,-10.5,0.0,True,True,True
1427,ATL,108,Hawks,2021-04-13,22000824,TOR,103,Raptors,no,0,2021,0,0,0,0,0,0,16,home,1.5,0.0,True,0.0,-5.0,COVID,0,,NWG = 0,-1.5,0.0,True,True,True
,BOS,116,Celtics,2021-04-13,22000828,POR,115,Trail Blazers,TNT,0,2021,0,1,0,0,0,1,11,home,1.0,0.0,True,0.0,-1.0,COVID,-1,0.0,NWG < 0,-1.0,0.0,True,True,True
3676,LAL,101,Lakers,2021-04-13,22000825,CHA,93,Hornets,no,0,2021,0,1,0,0,0,1,18,away,1.5,1.0,False,0.0,-8.0,COVID,-1,0.0,NWG < 0,1.5,0.0,True,True,True
4094,BKN,117,Nets,2021-04-14,22000830,PHI,123,76ers,ESPN,0,2021,0,2,0,0,0,2,22,home,9.0,0.0,True,0.0,6.0,COVID,-2,0.0,NWG < 0,-9.0,0.0,True,True,True
2141,DAL,114,Mavericks,2021-04-14,22000837,MEM,113,Grizzlies,ESPN,0,2021,0,0,0,0,0,0,16,away,3.0,0.0,False,1.0,-1.0,COVID,0,,NWG = 0,3.0,1.0,True,True,True
750,LAC,100,Clippers,2021-04-14,22000832,DET,98,Pistons,no,0,2021,0,1,0,0,0,1,15,away,1.5,1.0,False,0.0,-2.0,COVID,-1,0.0,NWG < 0,1.5,0.0,True,True,True
1184,SAS,112,Spurs,2021-04-14,22000831,TOR,117,Raptors,no,0,2021,0,1,0,0,0,1,20,away,5.5,0.0,False,1.0,5.0,COVID,-1,0.0,NWG < 0,5.5,1.0,True,True,True
4094,LAC,103,Clippers,2021-04-16,22000846,PHI,106,76ers,ESPN,0,2021,1,0,0,1,0,0,21,home,4.0,0.0,True,0.0,3.0,COVID,1,1.0,NWG > 0,-4.0,0.0,True,True,True
,NOP,115,Pelicans,2021-04-16,22000847,WAS,117,Wizards,no,0,2021,1,1,0,1,0,1,34,away,3.0,0.0,False,1.0,2.0,COVID,0,0.5,NWG = 0,3.0,1.0,True,True,True
4303,POR,107,Trail Blazers,2021-04-16,22000853,SAS,106,Spurs,no,0,2021,0,1,0,0,0,1,14,home,1.5,0.0,True,0.0,-1.0,COVID,-1,0.0,NWG < 0,-1.5,0.0,True,True,True
2298,GSW,114,Warriors,2021-04-17,22000858,BOS,119,Celtics,ABC,0,2021,0,0,0,0,0,0,10,home,3.0,1.0,True,1.0,5.0,COVID,0,,NWG = 0,-3.0,1.0,True,True,True
1710,UTA,115,Jazz,2021-04-17,22000855,LAL,127,Lakers,ESPN,0,2021,2,0,0,1,1,0,20,home,1.5,1.0,True,1.0,12.0,COVID,2,1.0,NWG > 0,-1.5,1.0,True,True,True
,BKN,107,Nets,2021-04-18,22000863,MIA,109,Heat,ESPN,0,2021,0,0,0,0,0,0,10,away,5.0,0.0,False,1.0,2.0,COVID,0,,NWG = 0,5.0,1.0,True,True,True
3772,HOU,114,Rockets,2021-04-18,22000864,ORL,110,Magic,no,0,2021,0,0,0,0,0,0,18,away,1.5,1.0,False,0.0,-4.0,COVID,0,,NWG = 0,1.5,0.0,True,True,True
1981,NOP,112,Pelicans,2021-04-18,22000862,NYK,122,Knicks,ESPN,0,2021,1,2,0,1,0,2,11,away,1.5,0.0,False,1.0,10.0,COVID,-1,0.3333333333333333,NWG < 0,1.5,1.0,True,True,True
,OKC,106,Thunder,2021-04-18,22000865,TOR,112,Raptors,no,0,2021,0,0,0,0,0,0,15,home,5.0,1.0,True,1.0,6.0,COVID,0,,NWG = 0,-5.0,1.0,True,True,True
,CHI,102,Bulls,2021-04-19,22000869,BOS,96,Celtics,no,0,2021,1,0,0,1,0,0,19,home,4.5,0.0,True,0.0,-6.0,COVID,1,1.0,NWG > 0,-4.5,0.0,True,True,True
750,CLE,105,Cavaliers,2021-04-19,22000868,DET,109,Pistons,no,0,2021,1,0,0,0,1,0,24,away,3.5,0.0,False,1.0,4.0,COVID,1,1.0,NWG > 0,3.5,1.0,True,True,True
4005,MEM,137,Grizzlies,2021-04-19,22000874,DEN,139,Nuggets,no,0,2021,1,2,0,0,1,2,41,home,7.5,0.0,True,0.0,2.0,COVID,-1,0.3333333333333333,NWG < 0,-7.5,0.0,True,True,True
3280,PHX,128,Suns,2021-04-19,22000873,MIL,127,Bucks,no,0,2021,3,1,0,3,0,1,27,home,3.0,0.0,True,0.0,-1.0,COVID,2,0.75,NWG > 0,-3.0,0.0,True,True,True
3700,BKN,134,Nets,2021-04-20,22000878,NOP,129,Pelicans,TNT,0,2021,0,0,0,0,0,0,11,home,3.0,0.0,True,0.0,-5.0,COVID,0,,NWG = 0,-3.0,0.0,True,True,True
,LAC,113,Clippers,2021-04-20,22000879,POR,112,Trail Blazers,TNT,0,2021,0,1,1,0,0,0,9,away,4.5,0.0,False,1.0,-1.0,COVID,-1,0.0,NWG < 0,4.5,1.0,True,True,True
1981,ATL,127,Hawks,2021-04-21,22000886,NYK,137,Knicks,no,0,2021,1,0,0,1,0,0,12,away,1.5,0.0,False,1.0,10.0,COVID,1,1.0,NWG > 0,1.5,1.0,True,True,True
,DEN,106,Nuggets,2021-04-21,22000890,POR,105,Trail Blazers,no,0,2021,0,0,0,0,0,0,14,away,1.5,0.0,False,1.0,-1.0,COVID,0,,NWG = 0,1.5,1.0,True,True,True
2133,GSW,114,Warriors,2021-04-21,22000885,WAS,118,Wizards,no,0,2021,0,1,0,0,0,1,10,away,2.0,0.0,False,1.0,4.0,COVID,-1,0.0,NWG < 0,2.0,1.0,True,True,True
,MIN,125,Timberwolves,2021-04-21,22000891,SAC,128,Kings,no,0,2021,0,0,0,0,0,0,20,home,3.0,2.0,True,,3.0,COVID,0,,NWG = 0,-3.0,0.0,False,True,True
,OKC,116,Thunder,2021-04-21,22000882,IND,122,Pacers,no,0,2021,0,1,0,0,0,1,15,home,9.0,0.0,True,0.0,6.0,COVID,-1,0.0,NWG < 0,-9.0,0.0,True,True,True
4094,PHX,116,Suns,2021-04-21,22000883,PHI,113,76ers,NBA TV,0,2021,1,0,0,1,0,0,16,away,3.0,2.0,False,,-3.0,COVID,1,1.0,NWG > 0,3.0,0.0,False,True,True
1773,BOS,104,Celtics,2021-04-23,22000899,BKN,109,Nets,ESPN,0,2021,0,1,0,0,0,1,23,home,3.5,1.0,True,1.0,5.0,COVID,-1,0.0,NWG < 0,-3.5,1.0,True,True,True
3313,LAC,109,Clippers,2021-04-23,22000901,HOU,104,Rockets,no,0,2021,0,0,0,0,0,0,13,away,9.0,0.0,False,1.0,-5.0,COVID,0,,NWG = 0,9.0,1.0,True,True,True
,MEM,130,Grizzlies,2021-04-23,22000225,POR,128,Trail Blazers,no,0,2021,1,0,0,1,0,0,20,home,4.0,0.0,True,0.0,-2.0,COVID,1,1.0,NWG > 0,-4.0,0.0,True,True,True
,CHI,101,Bulls,2021-04-24,22000907,MIA,106,Heat,no,0,2021,0,2,1,0,0,1,21,home,4.5,1.0,True,1.0,5.0,COVID,-2,0.0,NWG < 0,-4.5,1.0,True,True,True
,MIN,101,Timberwolves,2021-04-24,22000909,UTA,96,Jazz,no,0,2021,0,2,1,0,0,1,9,home,12.5,0.0,True,0.0,-5.0,COVID,-2,0.0,NWG < 0,-12.5,0.0,True,True,True
3700,SAS,110,Spurs,2021-04-24,22000264,NOP,108,Pelicans,no,0,2021,0,0,0,0,0,0,11,home,3.0,0.0,True,0.0,-2.0,COVID,0,,NWG = 0,-3.0,0.0,True,True,True
2133,CLE,110,Cavaliers,2021-04-25,22000197,WAS,119,Wizards,no,0,2021,0,0,0,0,0,0,15,home,7.5,1.0,True,1.0,9.0,COVID,0,,NWG = 0,-7.5,1.0,True,True,True
,MEM,120,Grizzlies,2021-04-25,22000240,POR,113,Trail Blazers,no,0,2021,0,0,0,0,0,0,17,home,3.5,0.0,True,0.0,-7.0,COVID,0,,NWG = 0,-3.5,0.0,True,True,True
3252,SAC,113,Kings,2021-04-25,22000915,GSW,117,Warriors,NBA TV,0,2021,0,0,0,0,0,0,19,home,7.5,0.0,True,0.0,4.0,COVID,0,,NWG = 0,-7.5,0.0,True,True,True
,CHI,110,Bulls,2021-04-26,22000922,MIA,102,Heat,no,0,2021,0,0,0,0,0,1,12,home,6.0,0.0,True,0.0,-8.0,COVID,0,,NWG = 0,-6.0,0.0,True,True,True
1981,PHX,118,Suns,2021-04-26,22000920,NYK,110,Knicks,NBA TV,0,2021,1,1,0,1,0,1,12,away,2.5,1.0,False,0.0,-8.0,COVID,0,0.5,NWG = 0,2.5,0.0,True,True,True
2133,SAS,146,Spurs,2021-04-26,22000919,WAS,143,Wizards,no,0,2021,2,0,0,2,0,0,25,away,2.5,1.0,False,0.0,-3.0,COVID,2,1.0,NWG > 0,2.5,0.0,True,True,True
1638,UTA,104,Jazz,2021-04-26,22000923,MIN,105,Timberwolves,no,0,2021,2,1,0,1,1,1,19,away,10.0,0.0,False,1.0,1.0,COVID,1,0.6666666666666666,NWG > 0,10.0,1.0,True,True,True
3225,MIN,114,Timberwolves,2021-04-27,22000931,HOU,107,Rockets,no,0,2021,0,0,0,0,0,0,13,away,2.0,1.0,False,0.0,-7.0,COVID,0,,NWG = 0,2.0,0.0,True,True,True
2298,OKC,119,Thunder,2021-04-27,22000927,BOS,115,Celtics,no,0,2021,1,0,0,1,0,0,18,home,11.0,0.0,True,0.0,-4.0,COVID,1,1.0,NWG > 0,-11.0,0.0,True,True,True
4022,NOP,112,Pelicans,2021-04-28,22000940,DEN,114,Nuggets,no,0,2021,2,0,0,1,1,0,18,home,4.0,0.0,True,0.0,2.0,COVID,2,1.0,NWG > 0,-4.0,0.0,True,True,True
4148,ORL,109,Magic,2021-04-28,22000933,CLE,104,Cavaliers,no,0,2021,0,1,0,0,0,1,17,home,3.5,0.0,True,0.0,-5.0,COVID,-1,0.0,NWG < 0,-3.5,0.0,True,True,True
,SAS,111,Spurs,2021-04-28,22000938,MIA,116,Heat,no,0,2021,0,2,0,0,0,2,15,home,5.0,2.0,True,,5.0,COVID,-2,0.0,NWG < 0,-5.0,0.0,False,True,True
750,DAL,115,Mavericks,2021-04-29,22000943,DET,105,Pistons,no,0,2021,0,0,0,0,0,0,20,away,7.5,1.0,False,0.0,-10.0,COVID,0,,NWG = 0,7.5,0.0,True,True,True
3232,MIL,136,Bucks,2021-04-29,22000945,HOU,143,Rockets,no,0,2021,0,0,0,0,0,0,22,away,14.0,0.0,False,1.0,7.0,COVID,0,,NWG = 0,14.0,1.0,True,True,True
2691,SAC,110,Kings,2021-04-30,22000956,LAL,106,Lakers,NBA TV,0,2021,0,0,0,0,0,0,16,home,11.5,0.0,True,0.0,-4.0,COVID,0,,NWG = 0,-11.5,0.0,True,True,True
2298,SAS,140,Spurs,2021-04-30,22000950,BOS,143,Celtics,no,0,2021,1,1,0,1,0,1,32,home,4.5,0.0,True,0.0,3.0,COVID,0,0.5,NWG = 0,-4.5,0.0,True,True,True
2818,DEN,110,Nuggets,2021-05-01,22000966,LAC,104,Clippers,ESPN,0,2021,1,1,0,1,0,1,9,home,6.0,0.0,True,0.0,-6.0,COVID,0,0.5,NWG = 0,-6.0,0.0,True,True,True
3924,MEM,111,Grizzlies,2021-05-01,22000961,ORL,112,Magic,no,0,2021,0,0,0,0,0,0,10,away,11.0,0.0,False,1.0,1.0,COVID,0,,NWG = 0,11.0,1.0,True,True,True
1638,NOP,140,Pelicans,2021-05-01,22000962,MIN,136,Timberwolves,no,0,2021,1,2,0,1,0,2,13,away,3.5,1.0,False,0.0,-4.0,COVID,-1,0.3333333333333333,NWG < 0,3.5,0.0,True,True,True
6506,TOR,102,Raptors,2021-05-01,22000965,UTA,106,Jazz,no,0,2021,0,2,0,0,0,2,12,home,7.0,0.0,True,0.0,4.0,COVID,-2,0.0,NWG < 0,-7.0,0.0,True,True,True
4351,WAS,124,Wizards,2021-05-01,22000964,DAL,125,Mavericks,no,0,2021,0,0,0,0,0,0,18,home,4.5,0.0,True,0.0,1.0,COVID,0,,NWG = 0,-4.5,0.0,True,True,True
3280,BKN,114,Nets,2021-05-02,22000967,MIL,117,Bucks,ABC,0,2021,0,0,0,0,0,0,18,home,2.5,1.0,True,1.0,3.0,COVID,0,,NWG = 0,-2.5,1.0,True,True,True
3978,PHI,113,76ers,2021-05-02,22000973,SAS,111,Spurs,no,0,2021,0,0,0,0,0,0,23,away,10.0,0.0,False,1.0,-2.0,COVID,0,,NWG = 0,10.0,1.0,True,True,True
,PHX,123,Suns,2021-05-02,22000972,OKC,120,Thunder,no,0,2021,1,1,0,0,1,1,16,away,15.0,0.0,False,1.0,-3.0,COVID,0,0.5,NWG = 0,15.0,1.0,True,True,True
,POR,129,Trail Blazers,2021-05-02,22000968,BOS,119,Celtics,NBA TV,0,2021,0,0,0,0,0,0,13,away,1.0,1.0,False,0.0,-10.0,COVID,0,,NWG = 0,1.0,0.0,True,True,True
2454,DEN,89,Nuggets,2021-05-03,22000982,LAL,93,Lakers,ESPN,0,2021,2,1,1,2,0,0,16,away,4.0,0.0,False,1.0,4.0,COVID,1,0.6666666666666666,NWG > 0,4.0,1.0,True,True,True
750,CHA,102,Hornets,2021-05-04,22000984,DET,99,Pistons,no,0,2021,1,0,0,1,0,0,29,away,4.0,0.0,False,1.0,-3.0,COVID,1,1.0,NWG > 0,4.0,1.0,True,True,True
3700,GSW,103,Warriors,2021-05-04,22000987,NOP,108,Pelicans,no,0,2021,1,1,0,1,0,1,21,home,2.0,1.0,True,1.0,5.0,COVID,0,0.5,NWG = 0,-2.0,1.0,True,True,True
4148,PHX,134,Suns,2021-05-04,22000983,CLE,118,Cavaliers,no,0,2021,1,0,0,1,0,0,15,away,12.5,1.0,False,0.0,-16.0,COVID,1,1.0,NWG > 0,12.5,0.0,True,True,True
,SAC,103,Kings,2021-05-04,22000988,OKC,99,Thunder,no,0,2021,1,0,0,1,0,0,9,away,5.5,0.0,False,1.0,-4.0,COVID,1,1.0,NWG > 0,5.5,1.0,True,True,True
1714,TOR,100,Raptors,2021-05-04,22000989,LAC,105,Clippers,TNT,0,2021,0,0,0,0,0,0,15,home,11.5,0.0,True,0.0,5.0,COVID,0,,NWG = 0,-11.5,0.0,True,True,True
1436,MEM,139,Grizzlies,2021-05-05,22000183,MIN,135,Timberwolves,no,0,2021,1,0,0,1,0,0,17,away,3.5,1.0,False,0.0,-4.0,COVID,1,1.0,NWG > 0,3.5,0.0,True,True,True
3280,WAS,134,Wizards,2021-05-05,22000235,MIL,135,Bucks,no,0,2021,1,0,0,1,0,0,11,home,4.0,0.0,True,0.0,1.0,COVID,1,1.0,NWG > 0,-4.0,0.0,True,True,True
,ATL,126,Hawks,2021-05-06,22001000,IND,133,Pacers,no,0,2021,0,0,0,0,0,0,14,away,6.0,0.0,False,1.0,7.0,COVID,0,,NWG = 0,6.0,1.0,True,True,True
4602,BKN,109,Nets,2021-05-06,22000998,DAL,113,Mavericks,TNT,0,2021,0,2,1,0,0,1,16,away,3.0,0.0,False,1.0,4.0,COVID,-2,0.0,NWG < 0,3.0,1.0,True,True,True
2494,WAS,131,Wizards,2021-05-06,22000997,TOR,129,Raptors,no,0,2021,1,2,0,1,0,2,40,away,2.0,2.0,False,,-2.0,COVID,-1,0.3333333333333333,NWG < 0,2.0,0.0,False,True,True
6506,DEN,120,Nuggets,2021-05-07,22001008,UTA,127,Jazz,no,0,2021,1,0,0,1,0,0,13,home,4.5,1.0,True,1.0,7.0,COVID,1,1.0,NWG > 0,-4.5,1.0,True,True,True
1939,LAL,101,Lakers,2021-05-07,22001010,POR,106,Trail Blazers,ESPN,0,2021,0,0,0,0,0,0,27,home,7.5,0.0,True,0.0,5.0,COVID,0,,NWG = 0,-7.5,0.0,True,True,True
5119,NOP,107,Pelicans,2021-05-07,22001003,PHI,109,76ers,no,0,2021,0,0,0,0,0,0,13,home,11.5,0.0,True,0.0,2.0,COVID,0,,NWG = 0,-11.5,0.0,True,True,True
,SAS,113,Spurs,2021-05-07,22001011,SAC,104,Kings,no,0,2021,1,1,0,1,0,1,18,away,4.5,1.0,False,0.0,-9.0,COVID,0,0.5,NWG = 0,4.5,0.0,True,True,True
4044,BKN,125,Nets,2021-05-08,22001015,DEN,119,Nuggets,NBA TV,0,2021,1,1,0,1,0,1,16,away,4.0,1.0,False,0.0,-6.0,COVID,0,0.5,NWG = 0,4.0,0.0,True,True,True
,WAS,133,Wizards,2021-05-08,22001012,IND,132,Pacers,NBA TV,0,2021,3,0,0,2,1,0,22,away,4.0,0.0,False,1.0,-1.0,COVID,3,1.0,NWG > 0,4.0,1.0,True,True,True
4196,NOP,112,Pelicans,2021-05-09,22001020,CHA,110,Hornets,NBA TV,0,2021,0,0,0,0,0,0,21,home,3.0,0.0,True,0.0,-2.0,COVID,0,,NWG = 0,-3.0,0.0,True,True,True
2507,NOP,110,Pelicans,2021-05-10,22001028,MEM,115,Grizzlies,no,0,2021,0,1,0,0,0,1,14,home,9.5,0.0,True,0.0,5.0,COVID,-1,0.0,NWG < 0,-9.5,0.0,True,True,True
4155,UTA,116,Jazz,2021-05-10,22001030,GSW,119,Warriors,NBA TV,0,2021,3,1,1,3,0,0,19,away,2.0,0.0,False,1.0,3.0,COVID,2,0.75,NWG > 0,2.0,1.0,True,True,True
3054,WAS,124,Wizards,2021-05-10,22001026,ATL,125,Hawks,NBA TV,0,2021,1,0,0,1,0,0,21,home,8.5,0.0,True,0.0,1.0,COVID,1,1.0,NWG > 0,-8.5,0.0,True,True,True
3997,DEN,117,Nuggets,2021-05-11,22000448,CHA,112,Hornets,no,0,2021,0,0,0,0,0,0,9,away,6.0,0.0,False,1.0,-5.0,COVID,0,,NWG = 0,6.0,1.0,True,True,True
3550,NYK,99,Knicks,2021-05-11,22001041,LAL,101,Lakers,TNT,0,2021,1,1,0,1,0,1,36,home,2.5,0.0,True,0.0,2.0,COVID,0,0.5,NWG = 0,-2.5,0.0,True,True,True
4155,PHX,116,Suns,2021-05-11,22001039,GSW,122,Warriors,no,0,2021,0,0,0,0,0,0,14,away,4.5,0.0,False,1.0,6.0,COVID,0,,NWG = 0,4.5,1.0,True,True,True
4087,HOU,122,Rockets,2021-05-12,22001046,LAL,124,Lakers,no,0,2021,2,1,0,1,1,1,24,home,9.0,0.0,True,0.0,2.0,COVID,1,0.6666666666666666,NWG > 0,-9.0,0.0,True,True,True
3120,WAS,116,Wizards,2021-05-12,22001042,ATL,120,Hawks,ESPN,0,2021,2,0,0,1,1,0,16,home,7.0,0.0,True,0.0,4.0,COVID,2,1.0,NWG > 0,-7.0,0.0,True,True,True
8359,POR,117,Trail Blazers,2021-05-13,22001053,PHX,118,Suns,TNT,0,2021,2,3,1,1,1,2,23,home,2.0,0.0,True,0.0,1.0,COVID,-1,0.4,NWG < 0,-2.0,0.0,True,True,True
2876,SAC,110,Kings,2021-05-13,22000255,MEM,116,Grizzlies,no,0,2021,1,1,0,1,0,1,13,home,8.5,0.0,True,0.0,6.0,COVID,0,0.5,NWG = 0,-8.5,0.0,True,True,True
1981,SAS,98,Spurs,2021-05-13,22000458,NYK,102,Knicks,no,0,2021,1,1,0,0,1,1,19,home,4.5,0.0,True,0.0,4.0,COVID,0,0.5,NWG = 0,-4.5,0.0,True,True,True
4155,NOP,122,Pelicans,2021-05-14,22001059,GSW,125,Warriors,ESPN,0,2021,0,1,1,0,0,0,9,home,1.0,1.0,True,1.0,3.0,COVID,-1,0.0,NWG < 0,-1.0,1.0,True,True,True
3502,SAC,106,Kings,2021-05-14,22000263,MEM,107,Grizzlies,no,0,2021,0,0,0,0,0,0,23,home,3.5,0.0,True,0.0,1.0,COVID,0,,NWG = 0,-3.5,0.0,True,True,True
4493,TOR,110,Raptors,2021-05-14,22001057,DAL,114,Mavericks,no,0,2021,0,0,0,0,0,0,23,home,14.5,0.0,True,0.0,4.0,COVID,0,,NWG = 0,-14.5,0.0,True,True,True
1981,CHA,109,Hornets,2021-05-15,22001064,NYK,118,Knicks,no,0,2021,0,1,0,0,0,1,15,home,5.5,1.0,True,1.0,9.0,COVID,-1,0.0,NWG < 0,-5.5,1.0,True,True,True
1981,BOS,92,Celtics,2021-05-16,22001073,NYK,96,Knicks,ESPN,0,2021,1,0,0,1,0,0,16,home,12.0,0.0,True,0.0,4.0,COVID,1,1.0,NWG > 0,-12.0,0.0,True,True,True
5333,CHA,110,Hornets,2021-05-16,22001080,WAS,115,Wizards,no,0,2021,0,1,0,0,0,1,18,home,7.0,0.0,True,0.0,5.0,COVID,-1,0.0,NWG < 0,-7.0,0.0,True,True,True
,LAC,112,Clippers,2021-05-16,22001074,OKC,117,Thunder,no,0,2021,1,0,0,0,1,0,12,away,8.0,0.0,False,1.0,5.0,COVID,1,1.0,NWG > 0,8.0,1.0,True,True,True
4738,PHX,123,Suns,2021-05-16,22001078,SAS,121,Spurs,no,0,2021,0,0,0,0,0,0,13,away,2.0,2.0,False,,-2.0,COVID,0,,NWG = 0,2.0,0.0,False,True,True
6022,GSW,100,Warriors,2021-05-19,52000121,LAL,103,Lakers,ESPN,0,2021,0,0,0,0,0,0,12,home,5.5,0.0,True,0.0,3.0,COVID,0,,NWG = 0,-5.5,0.0,True,True,True
7019,SAS,96,Spurs,2021-05-19,52000131,MEM,100,Grizzlies,ESPN,0,2021,1,1,0,1,0,1,24,home,4.5,0.0,True,0.0,4.0,COVID,0,0.5,NWG = 0,-4.5,0.0,True,True,True
7505,MEM,117,Grizzlies,2021-05-21,52000211,GSW,112,Warriors,ESPN,0,2021,2,1,0,1,1,1,33,home,4.5,0.0,True,0.0,-5.0,COVID,1,0.6666666666666666,NWG > 0,-4.5,0.0,True,True,True
6117,DAL,113,Mavericks,2021-05-22,42000171,LAC,103,Clippers,ESPN,1,2021,0,0,0,0,0,0,15,home,6.0,0.0,True,0.0,-10.0,COVID,0,,NWG = 0,-6.0,0.0,True,True,True
9107,MIA,107,Heat,2021-05-22,42000121,MIL,109,Bucks,ESPN,1,2021,3,3,0,3,0,3,19,home,5.5,0.0,True,0.0,2.0,COVID,0,0.5,NWG = 0,-5.5,0.0,True,True,True
15047,ATL,107,Hawks,2021-05-23,42000131,NYK,105,Knicks,TNT,1,2021,1,0,0,1,0,0,24,home,1.0,0.0,True,0.0,-2.0,COVID,1,1.0,NWG > 0,-1.0,0.0,True,True,True
13750,MEM,112,Grizzlies,2021-05-23,42000141,UTA,109,Jazz,TNT,1,2021,2,0,0,1,1,0,22,home,8.0,0.0,True,0.0,-3.0,COVID,2,1.0,NWG > 0,-8.0,0.0,True,True,True
8050,DEN,120,Nuggets,2021-05-27,42000163,POR,115,Trail Blazers,NBA TV,1,2021,1,0,0,1,0,0,20,home,3.5,0.0,True,0.0,-5.0,COVID,1,1.0,NWG > 0,-3.5,0.0,True,True,True
10665,PHI,114,76ers,2021-05-31,42000104,WAS,122,Wizards,TNT OT,1,2021,1,0,0,0,1,0,21,away,8.5,0.0,False,1.0,8.0,COVID,1,1.0,NWG > 0,8.5,1.0,True,True,True
10463,POR,140,Trail Blazers,2021-06-01,42000165,DEN,147,Nuggets,NBA TV,1,2021,0,1,0,0,0,1,41,home,2.0,1.0,True,1.0,7.0,COVID,-1,0.0,NWG < 0,-2.0,1.0,True,True,True
7428,DAL,105,Mavericks,2021-06-02,42000175,LAC,100,Clippers,TNT OT,1,2021,2,0,0,2,0,0,18,home,7.5,0.0,True,0.0,-5.0,COVID,2,1.0,NWG > 0,-7.5,0.0,True,True,True
18624,ATL,128,Hawks,2021-06-06,42000201,PHI,124,76ers,ABC,1,2021,1,2,1,1,0,1,27,home,4.5,0.0,True,0.0,-4.0,COVID,-1,0.3333333333333333,NWG < 0,-4.5,0.0,True,True,True
18007,LAC,109,Clippers,2021-06-08,42000221,UTA,112,Jazz,TNT OT,1,2021,1,1,0,0,1,1,12,home,3.0,2.0,True,,3.0,COVID,0,0.5,NWG = 0,-3.0,0.0,False,True,True
16310,BKN,83,Nets,2021-06-10,42000213,MIL,86,Bucks,ESPN,1,2021,0,3,1,0,0,2,28,home,3.5,0.0,True,0.0,3.0,COVID,-3,0.0,NWG < 0,-3.5,0.0,True,True,True
16502,PHI,100,76ers,2021-06-14,42000204,ATL,103,Hawks,TNT OT,1,2021,1,1,1,1,0,0,27,away,2.5,0.0,False,1.0,3.0,COVID,0,0.5,NWG = 0,2.5,1.0,True,True,True
16067,MIL,108,Bucks,2021-06-15,42000215,BKN,114,Nets,TNT OT,1,2021,1,0,0,1,0,0,19,away,1.0,0.0,False,1.0,6.0,COVID,1,1.0,NWG > 0,1.0,1.0,True,True,True
18624,ATL,109,Hawks,2021-06-16,42000205,PHI,106,76ers,TNT OT,1,2021,1,0,0,1,0,0,13,home,7.0,0.0,True,0.0,-3.0,COVID,1,1.0,NWG > 0,-7.0,0.0,True,True,True
16610,PHI,104,76ers,2021-06-18,42000206,ATL,99,Hawks,ESPN,1,2021,1,0,0,1,0,0,11,away,3.0,1.0,False,0.0,-5.0,COVID,1,1.0,NWG > 0,3.0,0.0,True,True,True
16287,MIL,115,Bucks,2021-06-19,42000217,BKN,111,Nets,TNT OT,1,2021,1,2,0,1,0,2,39,home,2.0,0.0,True,0.0,-4.0,COVID,-1,0.3333333333333333,NWG < 0,-2.0,0.0,True,True,True
18624,ATL,103,Hawks,2021-06-20,42000207,PHI,96,76ers,TNT OT,1,2021,1,1,0,1,0,1,22,home,7.0,0.0,True,0.0,-7.0,COVID,0,0.5,NWG = 0,-7.0,0.0,True,True,True
16583,LAC,114,Clippers,2021-06-20,42000311,PHX,120,Suns,ABC,1,2021,0,0,0,0,0,0,10,home,4.0,1.0,True,1.0,6.0,COVID,0,,NWG = 0,-4.0,1.0,True,True,True
16645,LAC,103,Clippers,2021-06-22,42000312,PHX,104,Suns,ESPN,1,2021,0,0,0,0,0,0,13,home,4.5,0.0,True,0.0,1.0,COVID,0,,NWG = 0,-4.5,0.0,True,True,True
16310,ATL,116,Hawks,2021-06-23,42000301,MIL,113,Bucks,TNT OT,1,2021,1,0,0,1,0,0,22,home,8.0,0.0,True,0.0,-3.0,COVID,1,1.0,NWG > 0,-8.0,0.0,True,True,True
18222,PHX,84,Suns,2021-06-26,42000314,LAC,80,Clippers,ESPN,1,2021,2,1,0,1,1,1,22,home,0.0,0.0,True,0.0,-4.0,COVID,1,0.6666666666666666,NWG > 0,-0.0,0.0,True,True,True
16911,PHX,103,Suns,2021-07-14,42000404,MIL,109,Bucks,ABC,1,2021,3,1,0,2,1,1,21,home,4.5,1.0,True,1.0,6.0,COVID,2,0.75,NWG > 0,-4.5,1.0,True,True,True
16562,MIL,123,Bucks,2021-07-17,42000405,PHX,119,Suns,ABC,1,2021,2,0,0,2,0,0,11,home,4.0,0.0,True,0.0,-4.0,COVID,2,1.0,NWG > 0,-4.0,0.0,True,True,True
11732,TOR,113,Raptors,2021-10-07,12100023,PHI,125,76ers,NBA TV,0,2022,2,1,1,1,0,0,4,,,,False,0.0,,COVID,1,0.6666666666666666,NWG > 0,,0.0,True,False,False
19812,BOS,134,Celtics,2021-10-20,22100005,NYK,138,Knicks,ESPN,0,2022,1,1,0,1,0,1,36,home,2.5,1.0,True,1.0,4.0,COVID,0,0.5,NWG = 0,-2.5,1.0,True,True,True
20088,CHI,94,Bulls,2021-10-20,22100004,DET,88,Pistons,no,0,2022,0,1,0,0,0,1,23,away,5.0,1.0,False,0.0,-6.0,COVID,-1,0.0,NWG < 0,5.0,0.0,True,True,True
15975,CLE,121,Cavaliers,2021-10-20,22100007,MEM,132,Grizzlies,no,0,2022,0,0,0,0,0,0,15,home,7.0,1.0,True,1.0,11.0,COVID,0,,NWG = 0,-7.0,1.0,True,True,True
15521,IND,122,Pacers,2021-10-20,22100003,CHA,123,Hornets,no,0,2022,2,1,1,1,1,0,35,away,1.5,0.0,False,1.0,1.0,COVID,1,0.6666666666666666,NWG > 0,1.5,1.0,True,True,True
17467,SAC,124,Kings,2021-10-20,22100013,POR,121,Trail Blazers,no,0,2022,2,1,0,2,0,1,10,home,6.5,0.0,True,0.0,-3.0,COVID,1,0.6666666666666666,NWG > 0,-6.5,0.0,True,True,True
18064,LAC,113,Clippers,2021-10-21,22100016,GSW,115,Warriors,TNT,0,2022,0,0,0,0,0,0,18,home,4.0,0.0,True,0.0,2.0,COVID,0,,NWG = 0,-4.0,0.0,True,True,True
20367,BKN,114,Nets,2021-10-22,22100021,PHI,109,76ers,ESPN,0,2022,0,2,1,0,1,1,18,away,1.0,1.0,False,0.0,-5.0,COVID,-2,0.0,NWG < 0,1.0,0.0,True,True,True
15407,IND,134,Pacers,2021-10-22,22100019,WAS,135,Wizards,no,0,2022,1,2,0,0,1,2,27,away,2.0,0.0,False,1.0,1.0,COVID,-1,0.3333333333333333,NWG < 0,2.0,1.0,True,True,True
16748,MEM,120,Grizzlies,2021-10-23,22100034,LAC,114,Clippers,no,0,2022,1,0,0,1,0,0,15,home,4.0,0.0,True,0.0,-6.0,COVID,1,1.0,NWG > 0,-4.0,0.0,True,True,True
17147,MIA,91,Heat,2021-10-23,22100028,IND,102,Pacers,NBA TV,0,2022,0,2,1,0,0,1,14,away,3.0,0.0,False,1.0,11.0,COVID,-2,0.0,NWG < 0,3.0,1.0,True,True,True
18997,MEM,118,Grizzlies,2021-10-24,22100040,LAL,121,Lakers,no,0,2022,0,1,0,0,0,1,42,home,5.5,0.0,True,0.0,3.0,COVID,-1,0.0,NWG < 0,-5.5,0.0,True,True,True
17238,BOS,140,Celtics,2021-10-25,22100041,CHA,129,Hornets,no,0,2022,1,0,0,1,0,0,16,away,2.0,1.0,False,0.0,-11.0,COVID,1,1.0,NWG > 0,2.0,0.0,True,True,True
19800,CHI,111,Bulls,2021-10-25,22100046,TOR,108,Raptors,no,0,2022,2,2,0,2,0,2,14,away,2.0,1.0,False,0.0,-3.0,COVID,0,0.5,NWG = 0,2.0,0.0,True,True,True
18354,LAL,125,Lakers,2021-10-26,22100053,SAS,121,Spurs,no,0,2022,0,1,0,0,0,2,27,home,2.0,0.0,True,0.0,-4.0,COVID,-1,0.0,NWG < 0,-2.0,0.0,True,True,True
15541,ATL,102,Hawks,2021-10-27,22100059,NOP,99,Pelicans,ESPN,0,2022,0,0,0,0,0,0,26,away,5.0,0.0,False,1.0,-3.0,COVID,0,,NWG = 0,5.0,1.0,True,True,True
15783,LAL,115,Lakers,2021-10-27,22100061,OKC,123,Thunder,no,0,2022,1,2,1,1,0,1,25,away,5.5,0.0,False,1.0,8.0,COVID,-1,0.3333333333333333,NWG < 0,5.5,1.0,True,True,True
17341,MIN,113,Timberwolves,2021-10-27,22100060,MIL,108,Bucks,no,0,2022,1,1,1,1,0,0,29,home,5.5,0.0,True,0.0,-5.0,COVID,0,0.5,NWG = 0,-5.5,0.0,True,True,True
14678,SAC,110,Kings,2021-10-27,22100062,PHX,107,Suns,no,0,2022,2,0,0,2,0,0,14,home,8.0,0.0,True,0.0,-3.0,COVID,2,1.0,NWG > 0,-8.0,0.0,True,True,True
19156,WAS,116,Wizards,2021-10-27,22100056,BOS,107,Celtics,no,0,2022,0,0,0,0,0,0,10,home,4.0,0.0,True,0.0,-9.0,COVID,0,,NWG = 0,-4.0,0.0,True,True,True
18064,MEM,104,Grizzlies,2021-10-28,22100070,GSW,101,Warriors,no,0,2022,0,2,0,0,0,2,37,home,6.0,0.0,True,0.0,-3.0,COVID,-2,0.0,NWG < 0,-6.0,0.0,True,True,True
20972,NYK,104,Knicks,2021-10-28,22100067,CHI,103,Bulls,NBA TV,0,2022,2,1,0,2,0,1,24,home,1.5,0.0,True,0.0,-1.0,COVID,1,0.6666666666666666,NWG > 0,-1.5,0.0,True,True,True
19228,SAS,99,Spurs,2021-10-28,22100069,DAL,104,Mavericks,no,0,2022,1,2,0,0,1,2,26,home,6.5,0.0,True,0.0,5.0,COVID,-1,0.3333333333333333,NWG < 0,-6.5,0.0,True,True,True
19800,ORL,109,Magic,2021-10-29,22100071,TOR,110,Raptors,no,0,2022,0,0,0,0,0,0,10,home,9.5,0.0,True,0.0,1.0,COVID,0,,NWG = 0,-9.5,0.0,True,True,True
17507,SAC,113,Kings,2021-10-29,22100074,NOP,109,Pelicans,no,0,2022,1,0,0,1,0,0,14,away,1.5,1.0,False,0.0,-4.0,COVID,1,1.0,NWG > 0,1.5,0.0,True,True,True
15813,BOS,112,Celtics,2021-10-30,22100078,WAS,115,Wizards,no,0,2022,1,5,0,0,1,5,56,home,2.0,1.0,True,1.0,3.0,COVID,-4,0.16666666666666666,NWG < 0,-2.0,1.0,True,True,True
17136,DEN,93,Nuggets,2021-10-30,22100087,MIN,91,Timberwolves,no,0,2022,2,0,0,2,0,0,14,home,1.5,0.0,True,0.0,-2.0,COVID,2,1.0,NWG > 0,-1.5,0.0,True,True,True
16508,NYK,123,Knicks,2021-10-30,22100080,NOP,117,Pelicans,no,0,2022,1,0,0,0,1,0,24,away,8.0,0.0,False,1.0,-6.0,COVID,1,1.0,NWG > 0,8.0,1.0,True,True,True
10578,TOR,97,Raptors,2021-10-30,22100081,IND,94,Pacers,no,0,2022,2,2,0,2,0,2,22,home,3.0,0.0,True,0.0,-3.0,COVID,0,0.5,NWG = 0,-3.0,0.0,True,True,True
13889,CLE,113,Cavaliers,2021-11-01,22100094,CHA,110,Hornets,no,0,2022,2,0,0,2,0,0,17,home,5.0,0.0,True,0.0,-3.0,COVID,2,1.0,NWG > 0,-5.0,0.0,True,True,True
13722,OKC,94,Thunder,2021-11-01,22100102,LAC,99,Clippers,no,0,2022,3,0,0,3,0,0,16,home,12.5,0.0,True,0.0,5.0,COVID,3,1.0,NWG > 0,-12.5,0.0,True,True,True
18997,HOU,117,Rockets,2021-11-02,22100107,LAL,119,Lakers,no,0,2022,0,0,0,0,0,0,10,home,11.0,0.0,True,0.0,2.0,COVID,0,,NWG = 0,-11.0,0.0,True,True,True
18306,SAC,113,Kings,2021-11-02,22100105,UTA,119,Jazz,no,0,2022,0,0,0,0,0,0,21,home,9.5,0.0,True,0.0,6.0,COVID,0,,NWG = 0,-9.5,0.0,True,True,True
20438,CHI,98,Bulls,2021-11-03,22100111,PHI,103,76ers,no,0,2022,1,0,0,1,0,0,15,home,2.5,1.0,True,1.0,5.0,COVID,1,1.0,NWG > 0,-2.5,1.0,True,True,True
16356,DAL,109,Mavericks,2021-11-03,22100116,SAS,108,Spurs,no,0,2022,1,2,1,1,0,1,34,away,2.0,0.0,False,1.0,-1.0,COVID,-1,0.3333333333333333,NWG < 0,2.0,1.0,True,True,True
12977,DEN,106,Nuggets,2021-11-03,22100114,MEM,108,Grizzlies,no,0,2022,3,0,0,3,0,0,13,away,1.0,0.0,False,1.0,2.0,COVID,3,1.0,NWG > 0,1.0,1.0,True,True,True
16231,POR,104,Trail Blazers,2021-11-03,22100108,CLE,107,Cavaliers,no,0,2022,2,1,0,2,0,1,13,away,5.5,0.0,False,1.0,3.0,COVID,1,0.6666666666666666,NWG > 0,5.5,1.0,True,True,True
18997,OKC,107,Thunder,2021-11-04,22100123,LAL,104,Lakers,no,0,2022,1,0,0,1,0,0,18,home,10.5,0.0,True,0.0,-3.0,COVID,1,1.0,NWG > 0,-10.5,0.0,True,True,True
14235,BKN,96,Nets,2021-11-05,22100124,DET,90,Pistons,no,0,2022,0,1,0,0,0,1,10,away,9.5,0.0,False,1.0,-6.0,COVID,-1,0.0,NWG < 0,9.5,1.0,True,True,True
19800,CLE,102,Cavaliers,2021-11-05,22100127,TOR,101,Raptors,no,0,2022,0,0,0,0,0,0,12,home,6.0,0.0,True,0.0,-1.0,COVID,0,,NWG = 0,-6.0,0.0,True,True,True
16841,IND,106,Pacers,2021-11-05,22100131,POR,110,Trail Blazers,no,0,2022,0,1,0,0,0,1,21,home,6.0,0.0,True,0.0,4.0,COVID,-1,0.0,NWG < 0,-6.0,0.0,True,True,True
15412,ATL,117,Hawks,2021-11-06,22100137,PHX,121,Suns,no,0,2022,1,2,1,1,0,1,15,home,3.0,1.0,True,1.0,4.0,COVID,-1,0.3333333333333333,NWG < 0,-3.0,1.0,True,True,True
20052,BOS,104,Celtics,2021-11-06,22100136,DAL,107,Mavericks,no,0,2022,1,1,0,1,0,1,15,home,3.5,0.0,True,0.0,3.0,COVID,0,0.5,NWG = 0,-3.5,0.0,True,True,True
16046,HOU,94,Rockets,2021-11-06,22100133,DEN,95,Nuggets,no,0,2022,0,1,0,0,0,1,23,home,11.5,0.0,True,0.0,1.0,COVID,-1,0.0,NWG < 0,-11.5,0.0,True,True,True
20936,PHI,114,76ers,2021-11-06,22100135,CHI,105,Bulls,no,0,2022,2,1,1,2,0,0,20,home,4.0,0.0,True,0.0,-9.0,COVID,1,0.6666666666666666,NWG > 0,-4.0,0.0,True,True,True
19600,UTA,115,Jazz,2021-11-06,22100134,MIA,118,Heat,NBA TV,0,2022,0,2,0,0,0,3,26,home,0.0,1.0,True,1.0,3.0,COVID,-2,0.0,NWG < 0,-0.0,1.0,True,True,True
12993,IND,94,Pacers,2021-11-07,22100143,SAC,91,Kings,no,0,2022,1,0,0,1,0,0,9,home,2.5,0.0,True,0.0,-3.0,COVID,1,1.0,NWG > 0,-2.5,0.0,True,True,True
12972,SAS,94,Spurs,2021-11-07,22100144,OKC,99,Thunder,NBA TV,0,2022,1,0,0,1,0,0,13,away,3.5,0.0,False,1.0,5.0,COVID,1,1.0,NWG > 0,3.5,1.0,True,True,True
13386,UTA,100,Jazz,2021-11-07,22100141,ORL,107,Magic,no,0,2022,1,0,0,0,1,0,21,away,11.0,0.0,False,1.0,7.0,COVID,1,1.0,NWG > 0,11.0,1.0,True,True,True
18997,CHA,123,Hornets,2021-11-08,22100154,LAL,126,Lakers,NBA TV,0,2022,0,0,0,0,0,0,18,home,2.5,1.0,True,1.0,3.0,COVID,0,,NWG = 0,-2.5,1.0,True,True,True
12416,MIN,118,Timberwolves,2021-11-08,22100149,MEM,125,Grizzlies,no,0,2022,1,1,0,1,0,1,28,home,4.5,1.0,True,1.0,7.0,COVID,0,0.5,NWG = 0,-4.5,1.0,True,True,True
13566,PHX,109,Suns,2021-11-08,22100153,SAC,104,Kings,no,0,2022,0,0,0,0,0,0,26,away,3.5,1.0,False,0.0,-5.0,COVID,0,,NWG = 0,3.5,0.0,True,True,True
15350,DET,112,Pistons,2021-11-10,22100162,HOU,104,Rockets,ESPN,0,2022,0,0,0,0,0,0,8,home,2.5,0.0,True,0.0,-8.0,COVID,0,,NWG = 0,-2.5,0.0,True,True,True
15232,IND,98,Pacers,2021-11-10,22100167,DEN,101,Nuggets,no,0,2022,0,2,0,0,0,2,17,away,3.0,0.0,False,1.0,3.0,COVID,-2,0.0,NWG < 0,3.0,1.0,True,True,True
18997,MIA,117,Heat,2021-11-10,22100170,LAL,120,Lakers,ESPN,0,2022,2,3,1,1,1,2,17,away,5.5,0.0,False,1.0,3.0,COVID,-1,0.4,NWG < 0,5.5,1.0,True,True,True
18056,WAS,97,Wizards,2021-11-10,22100158,CLE,94,Cavaliers,no,0,2022,2,0,0,2,0,0,16,away,3.5,0.0,False,1.0,-3.0,COVID,2,1.0,NWG > 0,3.5,1.0,True,True,True
16150,MIA,109,Heat,2021-11-11,22100173,LAC,112,Clippers,NBA TV,0,2022,1,3,1,1,0,2,16,home,5.5,0.0,True,0.0,3.0,COVID,-2,0.25,NWG < 0,-5.5,0.0,True,True,True
20112,TOR,115,Raptors,2021-11-11,22100171,PHI,109,76ers,NBA TV,0,2022,0,1,0,0,0,1,20,home,4.0,0.0,True,0.0,-6.0,COVID,-1,0.0,NWG < 0,-4.0,0.0,True,True,True
14650,BKN,120,Nets,2021-11-12,22100179,NOP,112,Pelicans,no,0,2022,2,1,0,2,0,1,13,away,9.5,0.0,False,1.0,-8.0,COVID,1,0.6666666666666666,NWG > 0,9.5,1.0,True,True,True
19156,MIL,113,Bucks,2021-11-12,22100175,BOS,122,Celtics,ESPN,0,2022,1,1,0,1,0,1,13,home,5.5,1.0,True,1.0,9.0,COVID,0,0.5,NWG = 0,-5.5,1.0,True,True,True
19257,NYK,96,Knicks,2021-11-12,22100174,CHA,104,Hornets,no,0,2022,1,1,0,1,0,1,22,away,2.5,0.0,False,1.0,8.0,COVID,0,0.5,NWG = 0,2.5,1.0,True,True,True
12881,SAC,103,Kings,2021-11-12,22100180,OKC,105,Thunder,no,0,2022,0,0,0,0,1,0,10,away,5.0,0.0,False,1.0,2.0,COVID,0,,NWG = 0,5.0,1.0,True,True,True
19432,BOS,89,Celtics,2021-11-13,22100190,CLE,91,Cavaliers,NBA TV,0,2022,1,0,0,1,0,0,18,home,2.0,2.0,True,,2.0,COVID,1,1.0,NWG > 0,-2.0,0.0,False,True,True
19800,DET,127,Pistons,2021-11-13,22100189,TOR,121,Raptors,no,0,2022,0,1,1,0,0,0,14,home,7.5,0.0,True,0.0,-6.0,COVID,-1,0.0,NWG < 0,-7.5,0.0,True,True,True
19559,GSW,102,Warriors,2021-11-14,22100194,CHA,106,Hornets,no,0,2022,0,1,0,0,0,1,9,away,5.5,0.0,False,1.0,4.0,COVID,-1,0.0,NWG < 0,5.5,1.0,True,True,True
17186,BOS,98,Celtics,2021-11-15,22100199,CLE,92,Cavaliers,no,0,2022,1,1,0,1,0,1,23,away,4.0,1.0,False,0.0,-6.0,COVID,0,0.5,NWG = 0,4.0,0.0,True,True,True
16792,IND,84,Pacers,2021-11-15,22100203,NYK,92,Knicks,no,0,2022,1,3,0,1,0,3,18,home,3.0,1.0,True,1.0,8.0,COVID,-2,0.25,NWG < 0,-3.0,1.0,True,True,True
16274,PHX,99,Suns,2021-11-15,22100206,MIN,96,Timberwolves,no,0,2022,1,1,0,0,1,1,25,away,4.0,0.0,False,1.0,-3.0,COVID,0,0.5,NWG = 0,4.0,1.0,True,True,True
16142,TOR,113,Raptors,2021-11-15,22100208,POR,118,Trail Blazers,no,0,2022,0,0,0,0,0,0,17,home,3.0,1.0,True,1.0,5.0,COVID,0,,NWG = 0,-3.0,1.0,True,True,True
17492,CHI,107,Bulls,2021-11-17,22100223,POR,112,Trail Blazers,no,0,2022,1,1,0,1,0,1,25,home,3.5,1.0,True,1.0,5.0,COVID,0,0.5,NWG = 0,-3.5,1.0,True,True,True
14838,DAL,98,Mavericks,2021-11-17,22100222,PHX,105,Suns,ESPN,0,2022,1,1,0,1,0,1,13,home,8.0,0.0,True,0.0,7.0,COVID,0,0.5,NWG = 0,-8.0,0.0,True,True,True
16680,ORL,104,Magic,2021-11-17,22100218,NYK,98,Knicks,no,0,2022,0,0,0,0,0,0,18,home,11.5,0.0,True,0.0,-6.0,COVID,0,,NWG = 0,-11.5,0.0,True,True,True
19520,CHI,114,Bulls,2021-11-19,22100236,DEN,108,Nuggets,no,0,2022,1,0,0,1,0,0,22,away,3.5,1.0,False,0.0,-6.0,COVID,1,1.0,NWG > 0,3.5,0.0,True,True,True
20088,GSW,105,Warriors,2021-11-19,22100231,DET,102,Pistons,no,0,2022,0,0,0,0,0,0,20,away,1.5,1.0,False,0.0,-3.0,COVID,0,,NWG = 0,1.5,0.0,True,True,True
16787,IND,118,Pacers,2021-11-19,22100230,CHA,121,Hornets,no,0,2022,0,0,0,0,0,0,13,away,1.0,0.0,False,1.0,3.0,COVID,0,,NWG = 0,1.0,1.0,True,True,True
17341,OKC,89,Thunder,2021-11-19,22100234,MIL,96,Bucks,no,0,2022,0,1,0,0,0,1,29,home,12.5,0.0,True,0.0,7.0,COVID,-1,0.0,NWG < 0,-12.5,0.0,True,True,True
16966,ORL,113,Magic,2021-11-19,22100233,BKN,115,Nets,no,0,2022,0,2,0,0,0,2,25,home,9.5,0.0,True,0.0,2.0,COVID,-2,0.0,NWG < 0,-9.5,0.0,True,True,True
20476,MIA,100,Heat,2021-11-20,22100241,WAS,103,Wizards,no,0,2022,0,1,1,0,0,0,19,away,2.0,0.0,False,1.0,3.0,COVID,-1,0.0,NWG < 0,2.0,1.0,True,True,True
17149,DAL,91,Mavericks,2021-11-21,22100248,LAC,97,Clippers,no,0,2022,0,0,0,0,0,0,25,home,5.5,1.0,True,1.0,6.0,COVID,0,,NWG = 0,-5.5,1.0,True,True,True
15532,LAL,121,Lakers,2021-11-21,22100249,DET,116,Pistons,no,0,2022,1,0,0,1,0,0,24,away,7.0,0.0,False,1.0,-5.0,COVID,1,1.0,NWG > 0,7.0,1.0,True,True,True
21813,NYK,103,Knicks,2021-11-21,22100250,CHI,109,Bulls,no,0,2022,2,0,0,1,1,0,18,home,5.5,1.0,True,1.0,6.0,COVID,2,1.0,NWG > 0,-5.5,1.0,True,True,True
17387,BKN,117,Nets,2021-11-22,22100253,CLE,112,Cavaliers,NBA TV,0,2022,2,1,0,2,0,1,35,away,5.5,0.0,False,1.0,-5.0,COVID,1,0.6666666666666666,NWG > 0,5.5,1.0,True,True,True
16575,CHA,109,Hornets,2021-11-22,22100254,WAS,103,Wizards,no,0,2022,0,0,0,0,0,0,22,home,4.5,0.0,True,0.0,-6.0,COVID,0,,NWG = 0,-4.5,0.0,True,True,True
18306,MEM,119,Grizzlies,2021-11-22,22100261,UTA,118,Jazz,no,0,2022,0,2,0,0,0,2,24,home,11.0,0.0,True,0.0,-1.0,COVID,-2,0.0,NWG < 0,-11.0,0.0,True,True,True
13948,PHI,102,76ers,2021-11-22,22100262,SAC,94,Kings,NBA TV,0,2022,1,0,0,1,0,0,22,home,5.0,0.0,True,0.0,-8.0,COVID,1,1.0,NWG > 0,-5.0,0.0,True,True,True
14715,PHX,115,Suns,2021-11-22,22100260,SAS,111,Spurs,no,0,2022,0,1,1,0,0,0,10,away,5.5,0.0,False,1.0,-4.0,COVID,-1,0.0,NWG < 0,5.5,1.0,True,True,True
17067,DAL,112,Mavericks,2021-11-23,22100266,LAC,104,Clippers,no,0,2022,2,0,0,2,0,0,12,home,2.5,0.0,True,0.0,-8.0,COVID,2,1.0,NWG > 0,-2.5,0.0,True,True,True
16074,CHI,113,Bulls,2021-11-24,22100271,HOU,118,Rockets,no,0,2022,0,1,0,0,0,1,10,away,9.5,0.0,False,1.0,5.0,COVID,-1,0.0,NWG < 0,9.5,1.0,True,True,True
15572,LAL,124,Lakers,2021-11-24,22100268,IND,116,Pacers,no,0,2022,0,1,0,0,0,1,25,home,6.5,0.0,True,0.0,-8.0,COVID,-1,0.0,NWG < 0,-6.5,0.0,True,True,True
18055,PHX,120,Suns,2021-11-24,22100267,CLE,115,Cavaliers,no,0,2022,0,0,0,0,0,0,19,away,7.0,0.0,False,1.0,-5.0,COVID,0,,NWG = 0,7.0,1.0,True,True,True
14997,POR,121,Trail Blazers,2021-11-24,22100279,SAC,125,Kings,no,0,2022,0,1,1,0,0,0,14,away,3.5,0.0,False,1.0,4.0,COVID,-1,0.0,NWG < 0,3.5,1.0,True,True,True
14081,UTA,110,Jazz,2021-11-24,22100276,OKC,104,Thunder,no,0,2022,0,1,0,0,0,1,9,away,14.0,0.0,False,1.0,-6.0,COVID,-1,0.0,NWG < 0,14.0,1.0,True,True,True
15360,BOS,88,Celtics,2021-11-26,22100287,SAS,96,Spurs,no,0,2022,0,1,0,0,0,1,9,away,4.5,0.0,False,1.0,8.0,COVID,-1,0.0,NWG < 0,4.5,1.0,True,True,True
18306,NOP,98,Pelicans,2021-11-26,22100289,UTA,97,Jazz,no,0,2022,0,1,0,0,0,1,22,home,13.5,0.0,True,0.0,-1.0,COVID,-1,0.0,NWG < 0,-13.5,0.0,True,True,True
18997,SAC,141,Kings,2021-11-26,22100291,LAL,137,Lakers,no,0,2022,0,3,0,0,0,3,24,home,7.5,0.0,True,0.0,-4.0,COVID,-3,0.0,NWG < 0,-7.5,0.0,True,True,True
14579,WAS,101,Wizards,2021-11-26,22100286,OKC,99,Thunder,no,0,2022,1,0,0,1,0,0,10,away,6.0,0.0,False,1.0,-2.0,COVID,1,1.0,NWG > 0,6.0,1.0,True,True,True
14687,CHA,143,Hornets,2021-11-27,22100297,HOU,146,Rockets,no,0,2022,0,2,0,0,0,2,20,away,5.0,0.0,False,1.0,3.0,COVID,-2,0.0,NWG < 0,5.0,1.0,True,True,True
21110,MIA,107,Heat,2021-11-27,22100296,CHI,104,Bulls,no,0,2022,2,0,0,2,0,0,24,away,1.0,1.0,False,0.0,-3.0,COVID,2,1.0,NWG > 0,1.0,0.0,True,True,True
21011,MIN,121,Timberwolves,2021-11-27,22100292,PHI,120,76ers,no,0,2022,3,2,0,2,1,2,65,home,7.0,0.0,True,0.0,-1.0,COVID,1,0.6,NWG > 0,-7.0,0.0,True,True,True
20223,WAS,120,Wizards,2021-11-27,22100298,DAL,114,Mavericks,no,0,2022,0,0,0,0,0,0,10,home,6.5,0.0,True,0.0,-6.0,COVID,0,,NWG = 0,-6.5,0.0,True,True,True
18997,DET,106,Pistons,2021-11-28,22100304,LAL,110,Lakers,no,0,2022,0,0,0,0,0,0,19,home,10.5,0.0,True,0.0,4.0,COVID,0,,NWG = 0,-10.5,0.0,True,True,True
14191,IND,98,Pacers,2021-11-29,22100309,MIN,100,Timberwolves,no,0,2022,0,1,0,0,0,1,22,home,4.0,0.0,True,0.0,2.0,COVID,-1,0.0,NWG < 0,-4.0,0.0,True,True,True
20193,ORL,96,Magic,2021-11-29,22100305,PHI,101,76ers,no,0,2022,0,2,0,0,0,2,17,home,14.0,0.0,True,0.0,5.0,COVID,-2,0.0,NWG < 0,-14.0,0.0,True,True,True
18081,NYK,110,Knicks,2021-11-30,22100314,BKN,112,Nets,TNT,0,2022,2,0,0,2,0,0,28,home,6.0,0.0,True,0.0,2.0,COVID,2,1.0,NWG > 0,-6.0,0.0,True,True,True
12656,ATL,114,Hawks,2021-12-01,22100319,IND,111,Pacers,no,0,2022,0,1,0,0,0,1,12,home,2.0,0.0,True,0.0,-3.0,COVID,-1,0.0,NWG < 0,-2.0,0.0,True,True,True
17341,CHA,125,Hornets,2021-12-01,22100324,MIL,127,Bucks,no,0,2022,1,1,0,1,0,1,28,home,9.0,0.0,True,0.0,2.0,COVID,0,0.5,NWG = 0,-9.0,0.0,True,True,True
14191,DEN,103,Nuggets,2021-12-01,22100320,ORL,108,Magic,no,0,2022,1,0,0,1,0,0,9,away,8.0,0.0,False,1.0,5.0,COVID,1,1.0,NWG > 0,8.0,1.0,True,True,True
13222,HOU,114,Rockets,2021-12-01,22100326,OKC,110,Thunder,no,0,2022,1,1,0,1,0,1,27,home,2.5,0.0,True,0.0,-4.0,COVID,0,0.5,NWG = 0,-2.5,0.0,True,True,True
19156,PHI,87,76ers,2021-12-01,22100322,BOS,88,Celtics,NBA TV,0,2022,0,0,0,0,0,0,11,home,3.0,0.0,True,0.0,1.0,COVID,0,,NWG = 0,-3.0,0.0,True,True,True
19812,CHI,119,Bulls,2021-12-02,22100328,NYK,115,Knicks,NBA TV,0,2022,0,1,1,0,0,0,11,away,2.0,1.0,False,0.0,-4.0,COVID,-1,0.0,NWG < 0,2.0,0.0,True,True,True
19800,MIL,93,Bucks,2021-12-02,22100329,TOR,97,Raptors,no,0,2022,2,1,0,1,1,1,33,home,1.5,1.0,True,1.0,4.0,COVID,1,0.6666666666666666,NWG > 0,-1.5,1.0,True,True,True
18306,BOS,130,Celtics,2021-12-03,22100339,UTA,137,Jazz,no,0,2022,1,0,0,1,0,0,11,home,8.0,0.0,True,0.0,7.0,COVID,1,1.0,NWG > 0,-8.0,0.0,True,True,True
18997,LAC,119,Clippers,2021-12-03,22100341,LAL,115,Lakers,no,0,2022,1,0,0,1,0,0,9,home,2.5,0.0,True,0.0,-4.0,COVID,1,1.0,NWG > 0,-2.5,0.0,True,True,True
17732,MIN,105,Timberwolves,2021-12-03,22100336,BKN,110,Nets,no,0,2022,0,1,0,0,0,1,19,home,9.0,0.0,True,0.0,5.0,COVID,-1,0.0,NWG < 0,-9.0,0.0,True,True,True
13697,ORL,116,Magic,2021-12-03,22100337,HOU,118,Rockets,no,0,2022,2,0,0,1,1,0,16,home,2.5,0.0,True,0.0,2.0,COVID,2,1.0,NWG > 0,-2.5,0.0,True,True,True
17092,PHI,98,76ers,2021-12-03,22100335,ATL,96,Hawks,ESPN,0,2022,0,0,0,0,0,0,15,home,2.5,0.0,True,0.0,-2.0,COVID,0,,NWG = 0,-2.5,0.0,True,True,True
18116,CHI,111,Bulls,2021-12-04,22100343,BKN,107,Nets,no,0,2022,3,0,0,3,0,0,22,home,2.5,0.0,True,0.0,-4.0,COVID,3,1.0,NWG > 0,-2.5,0.0,True,True,True
15004,LAC,99,Clippers,2021-12-04,22100348,SAC,104,Kings,no,0,2022,0,0,0,0,0,0,14,away,2.0,0.0,False,1.0,5.0,COVID,0,,NWG = 0,2.0,1.0,True,True,True
18064,SAS,112,Spurs,2021-12-04,22100346,GSW,107,Warriors,no,0,2022,0,0,0,0,0,0,12,home,9.0,0.0,True,0.0,-5.0,COVID,0,,NWG = 0,-9.0,0.0,True,True,True
16383,CHA,130,Hornets,2021-12-05,22100350,ATL,127,Hawks,no,0,2022,0,0,0,0,0,0,22,home,7.5,0.0,True,0.0,-3.0,COVID,0,,NWG = 0,-7.5,0.0,True,True,True
18113,UTA,109,Jazz,2021-12-05,22100349,CLE,108,Cavaliers,no,0,2022,1,2,1,1,0,1,17,away,5.0,0.0,False,1.0,-1.0,COVID,-1,0.3333333333333333,NWG < 0,5.0,1.0,True,True,True
14462,PHI,127,76ers,2021-12-06,22100353,CHA,124,Hornets,no,0,2022,1,1,0,0,1,1,24,away,7.5,0.0,False,1.0,-3.0,COVID,0,0.5,NWG = 0,7.5,1.0,True,True,True
15292,SAS,104,Spurs,2021-12-06,22100360,PHX,108,Suns,no,0,2022,1,0,0,1,0,0,25,home,7.0,0.0,True,0.0,4.0,COVID,1,1.0,NWG > 0,-7.0,0.0,True,True,True
19559,BKN,102,Nets,2021-12-07,22100363,DAL,99,Mavericks,TNT,0,2022,1,0,0,1,0,0,20,away,1.5,1.0,False,0.0,-3.0,COVID,1,1.0,NWG > 0,1.5,0.0,True,True,True
17064,BOS,111,Celtics,2021-12-08,22100378,LAC,114,Clippers,no,0,2022,0,0,0,0,0,0,13,home,0.0,1.0,True,1.0,3.0,COVID,0,,NWG = 0,-0.0,1.0,True,True,True
15035,DEN,120,Nuggets,2021-12-08,22100375,NOP,114,Pelicans,no,0,2022,2,1,0,2,0,1,29,away,2.0,1.0,False,0.0,-6.0,COVID,1,0.6666666666666666,NWG > 0,2.0,0.0,True,True,True
19800,OKC,110,Thunder,2021-12-08,22100371,TOR,109,Raptors,no,0,2022,0,0,0,0,0,0,22,home,7.5,0.0,True,0.0,-1.0,COVID,0,,NWG = 0,-7.5,0.0,True,True,True
15709,PHI,110,76ers,2021-12-08,22100366,CHA,106,Hornets,no,0,2022,2,1,1,2,0,0,31,away,6.5,0.0,False,1.0,-4.0,COVID,1,0.6666666666666666,NWG > 0,6.5,1.0,True,True,True
10499,WAS,119,Wizards,2021-12-08,22100368,DET,116,Pistons,no,0,2022,4,0,0,3,1,0,38,away,5.0,0.0,False,1.0,-3.0,COVID,4,1.0,NWG > 0,5.0,1.0,True,True,True
19800,NYK,87,Knicks,2021-12-10,22100385,TOR,90,Raptors,no,0,2022,2,1,0,2,0,1,34,home,1.5,1.0,True,1.0,3.0,COVID,1,0.6666666666666666,NWG > 0,-1.5,1.0,True,True,True
16335,SAC,123,Kings,2021-12-10,22100382,CHA,124,Hornets,no,0,2022,0,0,0,0,0,0,12,away,1.5,0.0,False,1.0,1.0,COVID,0,,NWG = 0,1.5,1.0,True,True,True
17156,ORL,104,Magic,2021-12-11,22100391,LAC,106,Clippers,no,0,2022,0,0,0,0,0,0,10,home,8.5,0.0,True,0.0,2.0,COVID,0,,NWG = 0,-8.5,0.0,True,True,True
16591,MIN,116,Timberwolves,2021-12-12,22100402,POR,111,Trail Blazers,no,0,2022,0,1,0,0,0,1,19,home,3.0,0.0,True,0.0,-5.0,COVID,-1,0.0,NWG < 0,-3.0,0.0,True,True,True
17018,GSW,102,Warriors,2021-12-13,22100405,IND,100,Pacers,NBA TV,0,2022,0,0,0,0,0,0,24,away,4.0,0.0,False,1.0,-2.0,COVID,0,,NWG = 0,4.0,1.0,True,True,True
15456,HOU,132,Rockets,2021-12-13,22100407,ATL,126,Hawks,no,0,2022,1,1,1,1,0,0,13,home,10.5,0.0,True,0.0,-6.0,COVID,0,0.5,NWG = 0,-10.5,0.0,True,True,True
16184,PHX,111,Suns,2021-12-14,22100416,POR,107,Trail Blazers,TNT,0,2022,0,3,1,0,0,2,19,away,1.0,1.0,False,0.0,-4.0,COVID,-3,0.0,NWG < 0,1.0,0.0,True,True,True
17325,TOR,129,Raptors,2021-12-14,22100413,BKN,131,Nets,no,0,2022,0,2,0,0,0,2,15,home,4.0,0.0,True,0.0,2.0,COVID,-2,0.0,NWG < 0,-4.0,0.0,True,True,True
20270,LAL,107,Lakers,2021-12-15,22100420,DAL,104,Mavericks,ESPN,0,2022,1,4,0,1,0,4,29,away,4.0,0.0,False,1.0,-3.0,COVID,-3,0.2,NWG < 0,4.0,1.0,True,True,True
20389,MIA,101,Heat,2021-12-15,22100419,PHI,96,76ers,no,0,2022,1,0,0,1,0,0,19,home,7.5,0.0,True,0.0,-5.0,COVID,1,1.0,NWG > 0,-7.5,0.0,True,True,True
13253,NOP,113,Pelicans,2021-12-15,22100422,OKC,110,Thunder,no,0,2022,1,1,0,0,1,1,15,away,4.5,0.0,False,1.0,-3.0,COVID,0,0.5,NWG = 0,4.5,1.0,True,True,True
17053,PHI,105,76ers,2021-12-16,22100429,BKN,114,Nets,NBA TV,0,2022,1,1,0,1,0,1,10,away,3.0,0.0,False,1.0,9.0,COVID,0,0.5,NWG = 0,3.0,1.0,True,True,True
19156,GSW,111,Warriors,2021-12-17,22100435,BOS,107,Celtics,ESPN,0,2022,2,0,0,1,1,1,15,away,4.0,2.0,False,,-4.0,COVID,2,1.0,NWG > 0,4.0,0.0,False,True,True
15504,MIL,112,Bucks,2021-12-17,22100438,NOP,116,Pelicans,no,0,2022,1,0,0,1,0,0,31,home,1.5,1.0,True,1.0,4.0,COVID,1,1.0,NWG > 0,-1.5,1.0,True,True,True
18306,SAS,128,Spurs,2021-12-17,22100437,UTA,126,Jazz,no,0,2022,2,0,0,1,1,0,23,home,11.5,0.0,True,0.0,-2.0,COVID,2,1.0,NWG > 0,-11.5,0.0,True,True,True
15123,LAC,103,Clippers,2021-12-18,22100444,OKC,104,Thunder,no,0,2022,4,0,0,4,0,0,14,away,4.5,0.0,False,1.0,1.0,COVID,4,1.0,NWG > 0,4.5,1.0,True,True,True
16292,ORL,100,Magic,2021-12-18,22100442,BKN,93,Nets,no,0,2022,1,0,0,1,0,0,14,home,5.0,0.0,True,0.0,-7.0,COVID,1,1.0,NWG > 0,-5.0,0.0,True,True,True
18306,WAS,109,Wizards,2021-12-18,22100447,UTA,103,Jazz,no,0,2022,0,1,0,0,0,1,19,home,10.5,0.0,True,0.0,-6.0,COVID,-1,0.0,NWG < 0,-10.5,0.0,True,True,True
16127,DAL,105,Mavericks,2021-12-19,22100455,MIN,111,Timberwolves,no,0,2022,1,2,0,1,0,2,19,home,3.5,1.0,True,1.0,6.0,COVID,-1,0.3333333333333333,NWG < 0,-3.5,1.0,True,True,True
21560,LAL,110,Lakers,2021-12-19,22100448,CHI,115,Bulls,no,0,2022,0,0,0,0,0,0,25,home,7.0,0.0,True,0.0,5.0,COVID,0,,NWG = 0,-7.0,0.0,True,True,True
15977,POR,105,Trail Blazers,2021-12-19,22100450,MEM,100,Grizzlies,no,0,2022,0,0,0,0,0,0,18,home,4.0,0.0,True,0.0,-5.0,COVID,0,,NWG = 0,-4.0,0.0,True,True,True
18306,CHA,102,Hornets,2021-12-20,22100461,UTA,112,Jazz,no,0,2022,0,0,0,0,0,0,14,home,12.5,0.0,True,0.0,10.0,COVID,0,,NWG = 0,-12.5,0.0,True,True,True
15721,OKC,102,Thunder,2021-12-20,22100460,MEM,99,Grizzlies,no,0,2022,0,1,0,0,0,1,10,home,9.0,0.0,True,0.0,-3.0,COVID,-1,0.0,NWG < 0,-9.0,0.0,True,True,True
19156,PHI,108,76ers,2021-12-20,22100457,BOS,103,Celtics,NBA TV,0,2022,0,2,1,0,0,1,32,home,3.0,0.0,True,0.0,-5.0,COVID,-2,0.0,NWG < 0,-3.0,0.0,True,True,True
20408,ATL,98,Hawks,2021-12-23,22100478,PHI,96,76ers,no,0,2022,2,1,0,2,0,1,17,home,11.0,0.0,True,0.0,-2.0,COVID,1,0.6666666666666666,NWG > 0,-11.0,0.0,True,True,True
17003,CHA,115,Hornets,2021-12-23,22100482,DEN,107,Nuggets,no,0,2022,3,0,0,2,1,0,14,home,2.0,0.0,True,0.0,-8.0,COVID,3,1.0,NWG > 0,-2.0,0.0,True,True,True
19600,DET,112,Pistons,2021-12-23,22100479,MIA,115,Heat,no,0,2022,2,0,0,2,0,0,10,home,12.0,0.0,True,0.0,3.0,COVID,2,1.0,NWG > 0,-12.0,0.0,True,True,True
18064,MEM,104,Grizzlies,2021-12-23,22100485,GSW,113,Warriors,no,0,2022,0,0,0,0,0,0,23,home,5.5,1.0,True,1.0,9.0,COVID,0,,NWG = 0,-5.5,1.0,True,True,True
13954,NOP,110,Pelicans,2021-12-23,22100477,ORL,104,Magic,no,0,2022,1,0,0,1,0,0,18,away,4.5,1.0,False,0.0,-6.0,COVID,1,1.0,NWG > 0,4.5,0.0,True,True,True
18208,WAS,124,Wizards,2021-12-23,22100480,NYK,117,Knicks,no,0,2022,2,0,0,2,0,0,23,home,3.5,0.0,True,0.0,-7.0,COVID,2,1.0,NWG > 0,-3.5,0.0,True,True,True
18997,BKN,122,Nets,2021-12-25,22100491,LAL,115,Lakers,ABC/ESPN,0,2022,0,0,0,0,0,0,17,home,2.5,0.0,True,0.0,-7.0,COVID,0,,NWG = 0,-2.5,0.0,True,True,True
17341,BOS,113,Celtics,2021-12-25,22100489,MIL,117,Bucks,ABC,0,2022,1,0,0,1,0,0,15,home,7.5,0.0,True,0.0,4.0,COVID,1,1.0,NWG > 0,-7.5,0.0,True,True,True
17759,DEN,103,Nuggets,2021-12-26,22100500,LAC,100,Clippers,no,0,2022,1,0,0,1,0,0,36,away,3.5,0.0,False,1.0,-3.0,COVID,1,1.0,NWG > 0,3.5,1.0,True,True,True
17071,MEM,114,Grizzlies,2021-12-27,22100505,PHX,113,Suns,no,0,2022,2,2,0,1,1,2,30,home,7.5,0.0,True,0.0,-1.0,COVID,0,0.5,NWG = 0,-7.5,0.0,True,True,True
15835,CLE,104,Cavaliers,2021-12-28,22100513,NOP,108,Pelicans,no,0,2022,0,0,0,0,0,0,13,away,4.5,0.0,False,1.0,4.0,COVID,0,,NWG = 0,4.5,1.0,True,True,True
18064,DEN,89,Nuggets,2021-12-28,22100514,GSW,86,Warriors,NBA TV,0,2022,2,0,0,2,0,0,21,home,8.0,0.0,True,0.0,-3.0,COVID,2,1.0,NWG > 0,-8.0,0.0,True,True,True
6960,PHI,114,76ers,2021-12-28,22100510,TOR,109,Raptors,no,0,2022,2,0,0,2,0,0,14,away,6.0,0.0,False,1.0,-5.0,COVID,2,1.0,NWG > 0,6.0,1.0,True,True,True
16071,DAL,94,Mavericks,2021-12-29,22100524,SAC,95,Kings,NBA TV,0,2022,1,0,0,1,0,0,13,home,0.0,1.0,True,1.0,1.0,COVID,1,1.0,NWG > 0,-0.0,1.0,True,True,True
17794,LAL,99,Lakers,2021-12-29,22100520,MEM,104,Grizzlies,NBA TV,0,2022,2,1,0,2,0,1,23,home,6.0,0.0,True,0.0,5.0,COVID,1,0.6666666666666666,NWG > 0,-6.0,0.0,True,True,True
17745,ATL,121,Hawks,2021-12-31,22100533,CLE,118,Cavaliers,no,0,2022,1,0,0,1,0,0,13,home,1.5,0.0,True,0.0,-3.0,COVID,1,1.0,NWG > 0,-1.5,0.0,True,True,True
17515,CHI,108,Bulls,2021-12-31,22100530,IND,106,Pacers,no,0,2022,0,4,0,0,0,4,17,away,3.0,0.0,False,1.0,-2.0,COVID,-4,0.0,NWG < 0,3.0,1.0,True,True,True
,LAC,108,Clippers,2021-12-31,22100534,TOR,116,Raptors,no,0,2022,0,0,0,0,0,0,9,home,6.5,1.0,True,1.0,8.0,COVID,0,,NWG = 0,-6.5,1.0,True,True,True
19043,CHI,120,Bulls,2022-01-01,22100541,WAS,119,Wizards,no,0,2022,1,0,0,1,0,0,20,away,2.0,0.0,False,1.0,-1.0,COVID,1,1.0,NWG > 0,2.0,1.0,True,True,True
18306,GSW,123,Warriors,2022-01-01,22100544,UTA,116,Jazz,NBA TV,0,2022,0,0,0,0,0,0,15,home,5.5,0.0,True,0.0,-7.0,COVID,0,,NWG = 0,-5.5,0.0,True,True,True
17732,LAC,120,Clippers,2022-01-01,22100542,BKN,116,Nets,no,0,2022,0,1,0,0,0,1,15,home,14.0,0.0,True,0.0,-4.0,COVID,-1,0.0,NWG < 0,-14.0,0.0,True,True,True
18911,SAS,116,Spurs,2022-01-01,22100540,DET,117,Pistons,no,0,2022,1,1,1,1,0,0,34,away,6.5,0.0,False,1.0,1.0,COVID,0,0.5,NWG = 0,6.5,1.0,True,True,True
17808,IND,104,Pacers,2022-01-02,22100547,CLE,108,Cavaliers,NBA TV,0,2022,0,1,0,0,0,1,10,home,4.5,0.0,True,0.0,4.0,COVID,-1,0.0,NWG < 0,-4.5,0.0,True,True,True
13699,MIA,113,Heat,2022-01-02,22100548,SAC,115,Kings,no,0,2022,0,0,0,0,0,0,9,away,3.5,0.0,False,1.0,2.0,COVID,0,,NWG = 0,3.5,1.0,True,True,True
19156,ORL,111,Magic,2022-01-02,22100546,BOS,116,Celtics,no,0,2022,2,3,1,2,0,2,27,home,10.0,0.0,True,0.0,5.0,COVID,-1,0.4,NWG < 0,-10.0,0.0,True,True,True
15091,ATL,131,Hawks,2022-01-03,22100560,POR,136,Trail Blazers,no,0,2022,0,0,0,0,0,0,16,away,4.0,0.0,False,1.0,5.0,COVID,0,,NWG = 0,4.0,1.0,True,True,True
8902,CHA,121,Hornets,2022-01-03,22100553,WAS,124,Wizards,no,0,2022,1,1,0,1,0,1,36,home,2.0,1.0,True,1.0,3.0,COVID,0,0.5,NWG = 0,-2.0,1.0,True,True,True
20502,ORL,98,Magic,2022-01-03,22100555,CHI,102,Bulls,no,0,2022,0,3,0,0,0,3,23,home,14.0,0.0,True,0.0,4.0,COVID,-3,0.0,NWG < 0,-14.0,0.0,True,True,True
18178,MEM,110,Grizzlies,2022-01-04,22100562,CLE,106,Cavaliers,no,0,2022,0,1,0,0,0,1,12,home,3.5,0.0,True,0.0,-4.0,COVID,-1,0.0,NWG < 0,-3.5,0.0,True,True,True
17919,SAC,114,Kings,2022-01-04,22100566,LAL,122,Lakers,NBA TV,0,2022,0,0,0,0,0,0,14,home,6.5,1.0,True,1.0,8.0,COVID,0,,NWG = 0,-6.5,1.0,True,True,True
13104,ATL,108,Hawks,2022-01-05,22100577,SAC,102,Kings,no,0,2022,1,1,0,1,0,1,31,home,1.5,0.0,True,0.0,-6.0,COVID,0,0.5,NWG = 0,-1.5,0.0,True,True,True
13014,HOU,114,Rockets,2022-01-05,22100569,WAS,111,Wizards,no,0,2022,1,2,1,1,0,1,13,home,7.5,0.0,True,0.0,-3.0,COVID,-1,0.3333333333333333,NWG < 0,-7.5,0.0,True,True,True
13116,PHI,116,76ers,2022-01-05,22100568,ORL,106,Magic,no,0,2022,0,0,0,0,0,0,16,away,8.5,1.0,False,0.0,-10.0,COVID,0,,NWG = 0,8.5,0.0,True,True,True
19156,SAS,99,Spurs,2022-01-05,22100570,BOS,97,Celtics,no,0,2022,0,0,0,0,0,0,24,home,7.5,0.0,True,0.0,-2.0,COVID,0,,NWG = 0,-7.5,0.0,True,True,True
17529,BOS,105,Celtics,2022-01-06,22100578,NYK,108,Knicks,TNT,0,2022,0,2,0,0,0,2,40,away,2.0,0.0,False,1.0,3.0,COVID,-2,0.0,NWG < 0,2.0,1.0,True,True,True
15986,GSW,96,Warriors,2022-01-06,22100580,NOP,101,Pelicans,no,0,2022,1,1,0,1,0,1,26,home,1.0,1.0,True,1.0,5.0,COVID,0,0.5,NWG = 0,-1.0,1.0,True,True,True
18644,ORL,92,Magic,2022-01-08,22100593,DET,97,Pistons,no,0,2022,0,0,0,0,0,0,21,home,1.0,1.0,True,1.0,5.0,COVID,0,,NWG = 0,-1.0,1.0,True,True,True
14772,DEN,99,Nuggets,2022-01-09,22100601,OKC,95,Thunder,no,0,2022,0,0,0,0,0,0,9,away,7.0,0.0,False,1.0,-4.0,COVID,0,,NWG = 0,7.0,1.0,True,True,True
,NOP,101,Pelicans,2022-01-09,22100599,TOR,105,Raptors,no,0,2022,0,0,0,0,0,0,11,home,7.0,0.0,True,0.0,4.0,COVID,0,,NWG = 0,-7.0,0.0,True,True,True
15606,SAS,119,Spurs,2022-01-09,22100602,BKN,121,Nets,no,0,2022,1,1,0,1,0,1,44,home,9.5,0.0,True,0.0,2.0,COVID,0,0.5,NWG = 0,-9.5,0.0,True,True,True
13223,WAS,102,Wizards,2022-01-09,22100598,ORL,100,Magic,no,0,2022,0,0,0,0,0,0,15,away,7.0,0.0,False,1.0,-2.0,COVID,0,,NWG = 0,7.0,1.0,True,True,True
12110,CLE,109,Cavaliers,2022-01-10,22100611,SAC,108,Kings,no,0,2022,3,0,0,3,0,0,21,away,5.5,0.0,False,1.0,-1.0,COVID,3,1.0,NWG > 0,5.5,1.0,True,True,True
19156,IND,98,Pacers,2022-01-10,22100609,BOS,101,Celtics,no,0,2022,0,1,0,0,0,1,37,home,9.0,0.0,True,0.0,3.0,COVID,-1,0.0,NWG < 0,-9.0,0.0,True,True,True
14253,MIL,99,Bucks,2022-01-10,22100607,CHA,103,Hornets,NBA TV,0,2022,1,0,0,0,1,0,27,away,2.5,0.0,False,1.0,4.0,COVID,1,1.0,NWG > 0,2.5,1.0,True,True,True
15077,DEN,85,Nuggets,2022-01-11,22100616,LAC,87,Clippers,NBA TV,0,2022,2,0,0,2,0,0,12,away,2.5,0.0,False,1.0,2.0,COVID,2,1.0,NWG > 0,2.5,1.0,True,True,True
17794,GSW,108,Warriors,2022-01-11,22100614,MEM,116,Grizzlies,NBA TV,0,2022,0,0,0,0,0,0,13,away,2.5,0.0,False,1.0,8.0,COVID,0,,NWG = 0,2.5,1.0,True,True,True
15155,MIN,125,Timberwolves,2022-01-11,22100615,NOP,128,Pelicans,no,0,2022,0,3,0,0,0,3,18,away,3.0,0.0,False,1.0,3.0,COVID,-3,0.0,NWG < 0,3.0,1.0,True,True,True
13985,OKC,118,Thunder,2022-01-11,22100612,WAS,122,Wizards,no,0,2022,1,0,0,1,0,0,23,home,7.0,0.0,True,0.0,4.0,COVID,1,1.0,NWG > 0,-7.0,0.0,True,True,True
,PHX,99,Suns,2022-01-11,22100613,TOR,95,Raptors,no,0,2022,1,0,0,1,0,0,28,away,4.5,0.0,False,1.0,-4.0,COVID,1,1.0,NWG > 0,4.5,1.0,True,True,True
12199,LAL,116,Lakers,2022-01-12,22100626,SAC,125,Kings,no,0,2022,0,0,0,0,0,0,12,away,4.0,0.0,False,1.0,9.0,COVID,0,,NWG = 0,4.0,1.0,True,True,True
15881,MIN,108,Timberwolves,2022-01-13,22100628,MEM,116,Grizzlies,no,0,2022,1,0,0,1,0,0,21,home,3.0,1.0,True,1.0,8.0,COVID,1,1.0,NWG > 0,-3.0,1.0,True,True,True
19600,ATL,118,Hawks,2022-01-14,22100636,MIA,124,Heat,no,0,2022,1,2,0,1,0,2,19,home,5.5,1.0,True,1.0,6.0,COVID,-1,0.3333333333333333,NWG < 0,-5.5,1.0,True,True,True
12160,CLE,114,Cavaliers,2022-01-14,22100638,SAS,109,Spurs,no,0,2022,2,3,1,2,0,2,18,away,3.0,1.0,False,0.0,-5.0,COVID,-1,0.4,NWG < 0,3.0,0.0,True,True,True
19156,CHI,112,Bulls,2022-01-15,22100647,BOS,114,Celtics,no,0,2022,1,0,0,1,0,0,20,home,7.5,0.0,True,0.0,2.0,COVID,1,1.0,NWG > 0,-7.5,0.0,True,True,True
15284,CLE,107,Cavaliers,2022-01-15,22100646,OKC,102,Thunder,no,0,2022,2,0,0,2,0,0,14,away,5.0,2.0,False,,-5.0,COVID,2,1.0,NWG > 0,5.0,0.0,False,True,True
13601,HOU,118,Rockets,2022-01-16,22100651,SAC,112,Kings,no,0,2022,2,0,0,2,0,0,14,home,4.5,0.0,True,0.0,-6.0,COVID,2,1.0,NWG > 0,-4.5,0.0,True,True,True
18105,BKN,107,Nets,2022-01-17,22100657,CLE,114,Cavaliers,no,0,2022,0,1,0,0,0,1,21,home,4.0,1.0,True,1.0,7.0,COVID,-1,0.0,NWG < 0,-4.0,1.0,True,True,True
15080,IND,133,Pacers,2022-01-17,22100659,LAC,139,Clippers,no,0,2022,1,1,0,1,0,1,14,home,2.5,1.0,True,1.0,6.0,COVID,0,0.5,NWG = 0,-2.5,1.0,True,True,True
16903,MIL,114,Bucks,2022-01-17,22100660,ATL,121,Hawks,TNT,0,2022,0,3,0,0,0,3,26,away,5.0,0.0,False,1.0,7.0,COVID,-3,0.0,NWG < 0,5.0,1.0,True,True,True
19266,OKC,102,Thunder,2022-01-17,22100663,DAL,104,Mavericks,no,0,2022,2,0,0,2,0,0,13,home,11.5,0.0,True,0.0,2.0,COVID,2,1.0,NWG > 0,-11.5,0.0,True,True,True
19600,TOR,99,Raptors,2022-01-17,22100662,MIA,104,Heat,no,0,2022,2,1,0,2,0,1,23,home,4.0,1.0,True,1.0,5.0,COVID,1,0.6666666666666666,NWG > 0,-4.0,1.0,True,True,True
16071,MIN,112,Timberwolves,2022-01-18,22100666,NYK,110,Knicks,NBA TV,0,2022,0,3,0,0,0,3,14,away,4.0,0.0,False,1.0,-2.0,COVID,-3,0.0,NWG < 0,4.0,1.0,True,True,True
15380,BKN,119,Nets,2022-01-19,22100669,WAS,118,Wizards,no,0,2022,1,0,0,1,0,0,18,home,1.0,0.0,True,0.0,-1.0,COVID,1,1.0,NWG > 0,-1.0,0.0,True,True,True
12907,DET,133,Pistons,2022-01-19,22100679,SAC,131,Kings,no,0,2022,0,2,0,0,0,2,29,home,7.5,0.0,True,0.0,-2.0,COVID,-2,0.0,NWG < 0,-7.5,0.0,True,True,True
18306,HOU,116,Rockets,2022-01-19,22100677,UTA,111,Jazz,no,0,2022,1,0,0,1,0,0,21,home,14.0,0.0,True,0.0,-5.0,COVID,1,1.0,NWG > 0,-14.0,0.0,True,True,True
14547,LAC,128,Clippers,2022-01-19,22100678,DEN,130,Nuggets,ESPN,0,2022,3,2,0,2,1,2,26,home,9.5,0.0,True,0.0,2.0,COVID,1,0.6,NWG > 0,-9.5,0.0,True,True,True
19218,TOR,98,Raptors,2022-01-19,22100675,DAL,102,Mavericks,no,0,2022,0,1,0,0,0,1,24,home,4.0,2.0,True,,4.0,COVID,-1,0.0,NWG < 0,-4.0,0.0,False,True,True
18064,IND,121,Pacers,2022-01-20,22100683,GSW,117,Warriors,TNT,0,2022,0,1,0,0,0,1,18,home,17.0,0.0,True,0.0,-4.0,COVID,-1,0.0,NWG < 0,-17.0,0.0,True,True,True
19584,PHX,109,Suns,2022-01-20,22100682,DAL,101,Mavericks,TNT,0,2022,0,0,0,0,0,0,11,away,2.0,1.0,False,0.0,-8.0,COVID,0,,NWG = 0,2.0,0.0,True,True,True
18013,CHI,90,Bulls,2022-01-21,22100690,MIL,94,Bucks,ESPN,0,2022,0,0,0,0,0,0,18,home,11.5,0.0,True,0.0,4.0,COVID,0,,NWG = 0,-11.5,0.0,True,True,True
18064,HOU,103,Rockets,2022-01-21,22100694,GSW,105,Warriors,no,0,2022,0,0,0,0,0,0,28,home,12.5,0.0,True,0.0,2.0,COVID,0,,NWG = 0,-12.5,0.0,True,True,True
20182,LAC,102,Clippers,2022-01-21,22100686,PHI,101,76ers,no,0,2022,1,1,0,1,0,1,18,home,7.0,0.0,True,0.0,-1.0,COVID,0,0.5,NWG = 0,-7.0,0.0,True,True,True
16385,MIA,108,Heat,2022-01-21,22100687,ATL,110,Hawks,no,0,2022,0,2,1,0,0,1,19,home,1.5,1.0,True,1.0,2.0,COVID,-2,0.0,NWG < 0,-1.5,1.0,True,True,True
19156,POR,109,Trail Blazers,2022-01-21,22100688,BOS,105,Celtics,no,0,2022,0,0,0,0,0,0,25,home,8.5,0.0,True,0.0,-4.0,COVID,0,,NWG = 0,-8.5,0.0,True,True,True
14755,TOR,109,Raptors,2022-01-21,22100689,WAS,105,Wizards,no,0,2022,0,0,0,0,0,0,27,away,2.0,1.0,False,0.0,-4.0,COVID,0,,NWG = 0,2.0,0.0,True,True,True
17341,SAC,127,Kings,2022-01-22,22100696,MIL,133,Bucks,no,0,2022,1,0,0,1,0,0,15,home,8.0,0.0,True,0.0,6.0,COVID,1,1.0,NWG > 0,-8.0,0.0,True,True,True
14060,DET,111,Pistons,2022-01-23,22100707,DEN,117,Nuggets,no,0,2022,1,0,0,1,0,0,11,home,12.0,0.0,True,0.0,6.0,COVID,1,1.0,NWG > 0,-12.0,0.0,True,True,True
16437,PHI,115,76ers,2022-01-23,22100704,SAS,109,Spurs,no,0,2022,2,0,0,2,0,0,10,away,1.0,1.0,False,0.0,-6.0,COVID,2,1.0,NWG > 0,1.0,0.0,True,True,True
18064,UTA,92,Jazz,2022-01-23,22100708,GSW,94,Warriors,NBA TV,0,2022,0,0,0,0,0,0,21,home,2.0,2.0,True,,2.0,COVID,0,,NWG = 0,-2.0,0.0,False,True,True
14378,CHI,111,Bulls,2022-01-24,22100730,OKC,110,Thunder,no,0,2022,2,0,0,2,0,0,22,away,1.0,2.0,False,,-1.0,COVID,2,1.0,NWG > 0,1.0,0.0,False,True,True
15581,IND,113,Pacers,2022-01-24,22100712,NOP,117,Pelicans,no,0,2022,0,2,0,0,0,2,26,home,4.0,2.0,True,,4.0,COVID,-2,0.0,NWG < 0,-4.0,0.0,False,True,True
17321,NYK,93,Knicks,2022-01-24,22100709,CLE,95,Cavaliers,no,0,2022,0,0,0,0,0,0,30,home,4.5,0.0,True,0.0,2.0,COVID,0,,NWG = 0,-4.5,0.0,True,True,True
16023,DEN,110,Nuggets,2022-01-25,22100714,DET,105,Pistons,no,0,2022,1,0,0,1,0,0,25,away,7.0,0.0,False,1.0,-5.0,COVID,1,1.0,NWG > 0,7.0,1.0,True,True,True
13544,LAC,116,Clippers,2022-01-25,22100716,WAS,115,Wizards,no,0,2022,1,3,1,1,0,2,22,home,5.0,0.0,True,0.0,-1.0,COVID,-2,0.25,NWG < 0,-5.0,0.0,True,True,True
16422,MIN,109,Timberwolves,2022-01-25,22100721,POR,107,Trail Blazers,no,0,2022,0,1,0,0,0,1,13,away,3.0,0.0,False,1.0,-2.0,COVID,-1,0.0,NWG < 0,3.0,1.0,True,True,True
14662,MEM,118,Grizzlies,2022-01-26,22100728,SAS,110,Spurs,no,0,2022,0,0,0,0,0,0,11,away,4.0,1.0,False,0.0,-8.0,COVID,0,,NWG = 0,4.0,0.0,True,True,True
18306,PHX,105,Suns,2022-01-26,22100731,UTA,97,Jazz,ESPN,0,2022,0,0,0,0,0,0,14,home,1.0,0.0,True,0.0,-8.0,COVID,0,,NWG = 0,-1.0,0.0,True,True,True
20269,TOR,105,Raptors,2022-01-26,22100472,CHI,111,Bulls,no,0,2022,1,1,0,1,0,1,16,home,4.5,1.0,True,1.0,6.0,COVID,0,0.5,NWG = 0,-4.5,1.0,True,True,True
15106,IND,113,Pacers,2022-01-28,22100741,OKC,110,Thunder,no,0,2022,0,2,0,0,0,2,21,away,1.5,1.0,False,0.0,-3.0,COVID,-2,0.0,NWG < 0,1.5,0.0,True,True,True
19469,LAL,114,Lakers,2022-01-28,22100735,CHA,117,Hornets,ESPN,0,2022,0,0,0,0,0,0,11,home,9.5,0.0,True,0.0,3.0,COVID,0,,NWG = 0,-9.5,0.0,True,True,True
18064,BKN,106,Nets,2022-01-29,22100750,GSW,110,Warriors,ABC,0,2022,1,0,0,0,1,0,16,home,10.5,0.0,True,0.0,4.0,COVID,1,1.0,NWG > 0,-10.5,0.0,True,True,True
20380,SAC,101,Kings,2022-01-29,22100747,PHI,103,76ers,no,0,2022,1,0,0,1,0,0,16,home,10.5,0.0,True,0.0,2.0,COVID,1,1.0,NWG > 0,-10.5,0.0,True,True,True
19600,TOR,124,Raptors,2022-01-29,22100748,MIA,120,Heat,no,0,2022,4,4,1,4,0,3,78,home,2.5,0.0,True,0.0,-4.0,COVID,0,0.5,NWG = 0,-2.5,0.0,True,True,True
13376,DAL,108,Mavericks,2022-01-30,22100755,ORL,110,Magic,no,0,2022,1,0,0,1,0,0,9,away,5.0,0.0,False,1.0,2.0,COVID,1,1.0,NWG > 0,5.0,1.0,True,True,True
17391,LAL,121,Lakers,2022-01-30,22100751,ATL,129,Hawks,no,0,2022,1,0,0,1,0,0,13,home,7.5,1.0,True,1.0,8.0,COVID,1,1.0,NWG > 0,-7.5,1.0,True,True,True
17071,SAS,110,Spurs,2022-01-30,22100758,PHX,115,Suns,no,0,2022,0,1,0,0,0,1,11,home,13.5,0.0,True,0.0,5.0,COVID,-1,0.0,NWG < 0,-13.5,0.0,True,True,True
20424,MEM,119,Grizzlies,2022-01-31,22100761,PHI,122,76ers,no,0,2022,3,4,0,2,1,4,53,away,3.5,0.0,False,1.0,3.0,COVID,-1,0.42857142857142855,NWG < 0,3.5,1.0,True,True,True
17637,NOP,90,Pelicans,2022-01-31,22100759,CLE,93,Cavaliers,no,0,2022,2,1,0,2,0,1,18,home,4.5,0.0,True,0.0,3.0,COVID,1,0.6666666666666666,NWG > 0,-4.5,0.0,True,True,True
14168,TOR,106,Raptors,2022-01-31,22100767,ATL,100,Hawks,no,0,2022,0,1,0,0,0,1,26,away,2.5,1.0,False,0.0,-6.0,COVID,-1,0.0,NWG < 0,2.5,0.0,True,True,True
17070,GSW,124,Warriors,2022-02-01,22100771,SAS,120,Spurs,no,0,2022,0,2,0,0,0,2,18,home,6.5,0.0,True,0.0,-4.0,COVID,-2,0.0,NWG < 0,-6.5,0.0,True,True,True
,MIA,106,Heat,2022-02-01,22100784,TOR,110,Raptors,no,0,2022,1,0,0,1,0,0,12,home,1.5,1.0,True,1.0,4.0,COVID,1,1.0,NWG > 0,-1.5,1.0,True,True,True
19156,CHA,107,Hornets,2022-02-02,22100775,BOS,113,Celtics,no,0,2022,0,0,0,0,0,0,11,home,6.5,0.0,True,0.0,6.0,COVID,0,,NWG = 0,-6.5,0.0,True,True,True
18306,DEN,104,Nuggets,2022-02-02,22100779,UTA,108,Jazz,ESPN,0,2022,1,0,0,0,1,0,21,home,6.5,0.0,True,0.0,4.0,COVID,1,1.0,NWG > 0,-6.5,0.0,True,True,True
19200,OKC,120,Thunder,2022-02-02,22100778,DAL,114,Mavericks,no,0,2022,2,1,0,2,0,1,30,home,12.0,0.0,True,0.0,-6.0,COVID,1,0.6666666666666666,NWG > 0,-12.0,0.0,True,True,True
14528,ORL,119,Magic,2022-02-02,22100773,IND,118,Pacers,no,0,2022,0,0,0,0,0,0,31,home,3.5,0.0,True,0.0,-1.0,COVID,0,,NWG = 0,-3.5,0.0,True,True,True
17259,POR,94,Trail Blazers,2022-02-02,22100781,LAL,99,Lakers,no,0,2022,0,0,0,0,0,0,10,home,4.0,1.0,True,1.0,5.0,COVID,0,,NWG = 0,-4.0,1.0,True,True,True
20089,WAS,106,Wizards,2022-02-02,22100774,PHI,103,76ers,no,0,2022,1,1,0,1,0,1,23,home,10.0,0.0,True,0.0,-3.0,COVID,0,0.5,NWG = 0,-10.0,0.0,True,True,True
,CHI,120,Bulls,2022-02-03,22100430,TOR,127,Raptors,no,0,2022,1,1,0,1,0,1,23,home,4.5,1.0,True,1.0,7.0,COVID,0,0.5,NWG = 0,-4.5,1.0,True,True,True
19068,LAL,110,Lakers,2022-02-03,22100786,LAC,111,Clippers,TNT,0,2022,1,0,0,1,0,0,13,home,3.5,0.0,True,0.0,1.0,COVID,1,1.0,NWG > 0,-3.5,0.0,True,True,True
16355,CHI,122,Bulls,2022-02-04,22100789,IND,115,Pacers,no,0,2022,0,0,0,0,0,0,11,away,1.0,1.0,False,0.0,-7.0,COVID,0,,NWG = 0,1.0,0.0,True,True,True
17733,CLE,102,Cavaliers,2022-02-04,22100787,CHA,101,Hornets,NBA TV,0,2022,0,2,1,0,0,1,18,home,7.0,0.0,True,0.0,-1.0,COVID,-2,0.0,NWG < 0,-7.0,0.0,True,True,True
15329,OKC,96,Thunder,2022-02-04,22100795,POR,93,Trail Blazers,no,0,2022,3,0,0,1,2,0,15,home,5.5,0.0,True,0.0,-3.0,COVID,3,1.0,NWG > 0,-5.5,0.0,True,True,True
18997,NYK,115,Knicks,2022-02-05,22100799,LAL,122,Lakers,ABC,0,2022,3,0,0,2,1,0,19,home,5.0,1.0,True,1.0,7.0,COVID,3,1.0,NWG > 0,-5.0,1.0,True,True,True
20615,PHX,127,Suns,2022-02-07,22100812,CHI,124,Bulls,NBA TV,0,2022,0,0,0,0,0,0,15,away,6.5,0.0,False,1.0,-3.0,COVID,0,,NWG = 0,6.5,1.0,True,True,True
20720,PHX,114,Suns,2022-02-08,22100815,PHI,109,76ers,no,0,2022,1,0,0,1,0,0,12,home,1.5,0.0,True,0.0,-5.0,COVID,1,1.0,NWG > 0,-1.5,0.0,True,True,True
19393,LAL,105,Lakers,2022-02-09,22100829,POR,107,Trail Blazers,no,0,2022,0,3,0,0,0,3,21,away,9.0,0.0,False,1.0,2.0,COVID,-3,0.0,NWG < 0,9.0,1.0,True,True,True
15204,BKN,112,Nets,2022-02-10,22100832,WAS,113,Wizards,TNT,0,2022,0,0,0,0,0,0,10,home,1.0,2.0,True,,1.0,COVID,0,,NWG = 0,-1.0,0.0,False,True,True
18064,NYK,116,Knicks,2022-02-10,22100837,GSW,114,Warriors,no,0,2022,3,0,0,2,1,0,14,home,9.0,0.0,True,0.0,-2.0,COVID,3,1.0,NWG > 0,-9.0,0.0,True,True,True
15075,CLE,120,Cavaliers,2022-02-11,22100839,IND,113,Pacers,no,0,2022,0,0,0,0,0,0,12,away,6.0,1.0,False,0.0,-7.0,COVID,0,,NWG = 0,6.0,0.0,True,True,True
19156,DEN,102,Nuggets,2022-02-11,22100842,BOS,108,Celtics,NBA TV,0,2022,0,0,0,0,0,0,26,home,7.0,0.0,True,0.0,6.0,COVID,0,,NWG = 0,-7.0,0.0,True,True,True
19600,BKN,111,Nets,2022-02-12,22100851,MIA,115,Heat,no,0,2022,0,1,0,0,0,1,19,home,11.5,0.0,True,0.0,4.0,COVID,-1,0.0,NWG < 0,-11.5,0.0,True,True,True
0,DEN,110,Nuggets,2022-02-12,22100850,TOR,109,Raptors,no,0,2022,1,0,0,1,0,0,13,home,5.5,0.0,True,0.0,-1.0,COVID,1,1.0,NWG > 0,-5.5,0.0,True,True,True
20028,LAC,99,Clippers,2022-02-12,22100853,DAL,97,Mavericks,no,0,2022,1,0,0,1,0,0,17,home,7.0,0.0,True,0.0,-2.0,COVID,1,1.0,NWG > 0,-7.0,0.0,True,True,True
18064,LAL,115,Lakers,2022-02-12,22100854,GSW,117,Warriors,ABC,0,2022,2,3,1,2,0,2,34,home,6.0,0.0,True,0.0,2.0,COVID,-1,0.4,NWG < 0,-6.0,0.0,True,True,True
18521,NYK,103,Knicks,2022-02-12,22100845,POR,112,Trail Blazers,no,0,2022,0,0,0,0,0,0,10,away,4.5,0.0,False,1.0,9.0,COVID,0,,NWG = 0,4.5,1.0,True,True,True
20072,OKC,101,Thunder,2022-02-12,22100852,CHI,106,Bulls,no,0,2022,0,0,0,0,0,0,12,home,10.0,0.0,True,0.0,5.0,COVID,0,,NWG = 0,-10.0,0.0,True,True,True
18433,OKC,127,Thunder,2022-02-14,22100860,NYK,123,Knicks,no,0,2022,1,3,1,1,0,2,34,home,10.0,0.0,True,0.0,-4.0,COVID,-2,0.25,NWG < 0,-10.0,0.0,True,True,True
17136,CHA,120,Hornets,2022-02-15,22100871,MIN,126,Timberwolves,no,0,2022,2,4,2,2,0,2,34,home,6.0,2.0,True,,6.0,COVID,-2,0.3333333333333333,NWG < 0,-6.0,0.0,False,True,True
18916,BKN,111,Nets,2022-02-16,22100877,NYK,106,Knicks,ESPN,0,2022,0,0,0,0,0,0,13,home,4.5,0.0,True,0.0,-5.0,COVID,0,,NWG = 0,-4.5,0.0,True,True,True
18064,DEN,117,Nuggets,2022-02-16,22100883,GSW,116,Warriors,no,0,2022,0,0,0,0,0,0,12,home,5.0,0.0,True,0.0,-1.0,COVID,0,,NWG = 0,-5.0,0.0,True,True,True
19156,DET,112,Pistons,2022-02-16,22100875,BOS,111,Celtics,no,0,2022,0,0,0,0,0,0,22,home,12.0,0.0,True,0.0,-1.0,COVID,0,,NWG = 0,-12.0,0.0,True,True,True
17071,HOU,121,Rockets,2022-02-16,22100882,PHX,124,Suns,no,0,2022,1,2,0,1,0,2,16,home,17.0,0.0,True,0.0,3.0,COVID,-1,0.3333333333333333,NWG < 0,-17.0,0.0,True,True,True
16834,POR,123,Trail Blazers,2022-02-16,22100879,MEM,119,Grizzlies,no,0,2022,2,0,0,1,1,0,13,home,12.5,0.0,True,0.0,-4.0,COVID,2,1.0,NWG > 0,-12.5,0.0,True,True,True
17787,UTA,101,Jazz,2022-02-16,22100884,LAL,106,Lakers,ESPN,0,2022,0,0,0,0,0,0,11,away,4.0,0.0,False,1.0,5.0,COVID,0,,NWG = 0,4.0,1.0,True,True,True
14540,WAS,108,Wizards,2022-02-16,22100876,IND,113,Pacers,no,0,2022,0,0,0,0,0,0,11,home,1.0,1.0,True,1.0,5.0,COVID,0,,NWG = 0,-1.0,1.0,True,True,True
17029,MIA,111,Heat,2022-02-17,22100885,CHA,107,Hornets,no,0,2022,1,4,0,0,1,4,33,away,4.0,2.0,False,,-4.0,COVID,-3,0.2,NWG < 0,4.0,0.0,False,True,True
17341,PHI,123,76ers,2022-02-17,22100887,MIL,120,Bucks,TNT,0,2022,3,2,0,2,1,2,21,home,6.5,0.0,True,0.0,-3.0,COVID,1,0.6,NWG > 0,-6.5,0.0,True,True,True
21236,ATL,108,Hawks,2022-02-24,22100891,CHI,112,Bulls,no,0,2022,1,1,1,1,0,0,16,home,3.0,1.0,True,1.0,4.0,COVID,0,0.5,NWG = 0,-3.0,1.0,True,True,True
15622,CLE,103,Cavaliers,2022-02-24,22100889,DET,106,Pistons,no,0,2022,2,0,0,1,1,0,27,away,5.5,0.0,False,1.0,3.0,COVID,2,1.0,NWG > 0,5.5,1.0,True,True,True
16326,MEM,114,Grizzlies,2022-02-24,22100892,MIN,119,Timberwolves,no,0,2022,1,0,0,1,0,0,19,away,2.0,0.0,False,1.0,5.0,COVID,1,1.0,NWG > 0,2.0,1.0,True,True,True
18306,DAL,109,Mavericks,2022-02-25,22100903,UTA,114,Jazz,no,0,2022,1,0,0,1,0,0,9,home,6.0,0.0,True,0.0,5.0,COVID,1,1.0,NWG > 0,-6.0,0.0,True,True,True
18997,LAC,105,Clippers,2022-02-25,22100904,LAL,102,Lakers,ESPN,0,2022,1,1,0,1,0,1,16,home,3.0,0.0,True,0.0,-3.0,COVID,0,0.5,NWG = 0,-3.0,0.0,True,True,True
15182,OKC,129,Thunder,2022-02-25,22100897,IND,125,Pacers,no,0,2022,2,0,0,2,0,0,16,home,8.0,0.0,True,0.0,-4.0,COVID,2,1.0,NWG > 0,-8.0,0.0,True,True,True
15302,SAS,157,Spurs,2022-02-25,22100899,WAS,153,Wizards,no,0,2022,1,1,0,1,0,1,44,away,3.5,1.0,False,0.0,-4.0,COVID,0,0.5,NWG = 0,3.5,0.0,True,True,True
17341,BKN,126,Nets,2022-02-26,22100910,MIL,123,Bucks,ABC,0,2022,0,0,0,0,0,0,29,home,9.5,0.0,True,0.0,-3.0,COVID,0,,NWG = 0,-9.5,0.0,True,True,True
21959,MEM,116,Grizzlies,2022-02-26,22100909,CHI,110,Bulls,no,0,2022,1,2,0,0,1,2,19,away,2.0,1.0,False,0.0,-6.0,COVID,-1,0.3333333333333333,NWG < 0,2.0,0.0,True,True,True
19520,SAC,110,Kings,2022-02-26,22100911,DEN,115,Nuggets,no,0,2022,1,1,0,1,0,1,13,home,8.0,0.0,True,0.0,5.0,COVID,0,0.5,NWG = 0,-8.0,0.0,True,True,True
19677,SAS,129,Spurs,2022-02-26,22100908,MIA,133,Heat,no,0,2022,0,1,0,0,0,1,28,home,13.0,0.0,True,0.0,4.0,COVID,-1,0.0,NWG < 0,-13.0,0.0,True,True,True
19432,WAS,86,Wizards,2022-02-26,22100907,CLE,92,Cavaliers,no,0,2022,0,2,1,0,0,1,27,home,8.5,0.0,True,0.0,6.0,COVID,-2,0.0,NWG < 0,-8.5,0.0,True,True,True
18064,DAL,107,Mavericks,2022-02-27,22100917,GSW,101,Warriors,ESPN,0,2022,1,0,0,1,0,0,15,home,4.0,0.0,True,0.0,-6.0,COVID,1,1.0,NWG > 0,-4.0,0.0,True,True,True
15348,DET,127,Pistons,2022-02-27,22100915,CHA,126,Hornets,no,0,2022,1,3,1,1,0,2,28,home,10.5,0.0,True,0.0,-1.0,COVID,-2,0.25,NWG < 0,-10.5,0.0,True,True,True
14324,LAC,99,Clippers,2022-02-27,22100916,HOU,98,Rockets,no,0,2022,0,1,0,0,0,1,11,away,7.5,0.0,False,1.0,-1.0,COVID,-1,0.0,NWG < 0,7.5,1.0,True,True,True
17071,UTA,118,Jazz,2022-02-27,22100913,PHX,114,Suns,ABC,0,2022,0,0,0,0,0,0,15,away,3.0,1.0,False,0.0,-4.0,COVID,0,,NWG = 0,3.0,0.0,True,True,True
18421,MIN,127,Timberwolves,2022-02-28,22100920,CLE,122,Cavaliers,no,0,2022,0,1,0,0,0,1,29,away,3.5,1.0,False,0.0,-5.0,COVID,-1,0.0,NWG < 0,3.5,0.0,True,True,True
18903,BKN,108,Nets,2022-03-01,22100928,TOR,109,Raptors,no,0,2022,0,2,0,0,0,2,18,home,8.0,0.0,True,0.0,1.0,COVID,-2,0.0,NWG < 0,-8.0,0.0,True,True,True
12122,DET,113,Pistons,2022-03-01,22100926,WAS,116,Wizards,no,0,2022,1,0,0,0,1,0,11,home,3.0,2.0,True,,3.0,COVID,1,1.0,NWG > 0,-3.0,0.0,False,True,True
11221,IND,122,Pacers,2022-03-02,22100933,ORL,114,Magic,no,0,2022,1,1,1,1,0,0,38,away,2.0,1.0,False,0.0,-8.0,COVID,0,0.5,NWG = 0,2.0,0.0,True,True,True
17341,MIA,119,Heat,2022-03-02,22100936,MIL,120,Bucks,no,0,2022,1,0,0,0,1,0,15,home,4.5,0.0,True,0.0,1.0,COVID,1,1.0,NWG > 0,-4.5,0.0,True,True,True
13583,UTA,132,Jazz,2022-03-02,22100935,HOU,127,Rockets,no,0,2022,0,0,0,0,0,0,51,away,15.0,0.0,False,1.0,-5.0,COVID,0,,NWG = 0,15.0,1.0,True,True,True
17522,CHI,124,Bulls,2022-03-03,22100710,ATL,130,Hawks,no,0,2022,0,0,0,0,0,0,9,home,2.0,1.0,True,1.0,6.0,COVID,0,,NWG = 0,-2.0,1.0,True,True,True
19548,DET,108,Pistons,2022-03-03,22100942,TOR,106,Raptors,no,0,2022,2,1,0,1,1,1,18,home,8.0,0.0,True,0.0,-2.0,COVID,1,0.6666666666666666,NWG > 0,-8.0,0.0,True,True,True
17732,MIA,113,Heat,2022-03-03,22100941,BKN,107,Nets,no,0,2022,0,0,0,0,0,0,11,home,3.0,0.0,True,0.0,-6.0,COVID,0,,NWG = 0,-3.0,0.0,True,True,True
13049,SAC,115,Kings,2022-03-03,22100944,SAS,112,Spurs,no,0,2022,1,0,0,1,0,0,13,home,6.5,0.0,True,0.0,-3.0,COVID,1,1.0,NWG > 0,-6.5,0.0,True,True,True
15927,ATL,117,Hawks,2022-03-04,22100948,WAS,114,Wizards,no,0,2022,0,1,0,0,0,1,18,away,6.0,0.0,False,1.0,-3.0,COVID,-1,0.0,NWG < 0,6.0,1.0,True,True,True
17244,IND,106,Pacers,2022-03-04,22100946,DET,111,Pistons,no,0,2022,0,0,0,0,0,0,16,away,2.5,0.0,False,1.0,5.0,COVID,0,,NWG = 0,2.5,1.0,True,True,True
21259,MIL,118,Bucks,2022-03-04,22100949,CHI,112,Bulls,ESPN,0,2022,0,0,0,0,0,0,9,away,5.0,1.0,False,0.0,-6.0,COVID,0,,NWG = 0,5.0,0.0,True,True,True
17071,NYK,114,Knicks,2022-03-04,22100953,PHX,115,Suns,ESPN,0,2022,1,0,0,1,0,0,11,home,6.5,0.0,True,0.0,1.0,COVID,1,1.0,NWG > 0,-6.5,0.0,True,True,True
18997,GSW,116,Warriors,2022-03-05,22100959,LAL,124,Lakers,ABC,0,2022,1,0,0,1,0,0,11,away,5.5,0.0,False,1.0,8.0,COVID,1,1.0,NWG > 0,5.5,1.0,True,True,True
20060,SAC,113,Kings,2022-03-05,22100954,DAL,114,Mavericks,no,0,2022,2,0,0,2,0,0,13,home,4.5,0.0,True,0.0,1.0,COVID,2,1.0,NWG > 0,-4.5,0.0,True,True,True
18941,SAS,117,Spurs,2022-03-05,22100955,CHA,123,Hornets,no,0,2022,0,0,0,0,0,0,10,home,4.0,1.0,True,1.0,6.0,COVID,0,,NWG = 0,-4.0,1.0,True,True,True
19156,BKN,120,Nets,2022-03-06,22100960,BOS,126,Celtics,ABC,0,2022,0,0,0,0,0,0,12,home,6.0,2.0,True,,6.0,COVID,0,,NWG = 0,-6.0,0.0,False,True,True
13937,IND,123,Pacers,2022-03-06,22100963,WAS,133,Wizards,no,0,2022,1,2,0,1,0,2,25,home,2.0,1.0,True,1.0,10.0,COVID,-1,0.3333333333333333,NWG < 0,-2.0,1.0,True,True,True
14962,NOP,130,Pelicans,2022-03-06,22100967,DEN,138,Nuggets,no,0,2022,2,4,0,1,1,4,54,home,4.5,1.0,True,1.0,8.0,COVID,-2,0.3333333333333333,NWG < 0,-4.5,1.0,True,True,True
17495,PHX,122,Suns,2022-03-06,22100961,MIL,132,Bucks,ABC,0,2022,0,0,0,0,0,0,21,home,9.0,1.0,True,1.0,10.0,COVID,0,,NWG = 0,-9.0,1.0,True,True,True
14942,ATL,110,Hawks,2022-03-07,22100968,DET,113,Pistons,no,0,2022,2,1,1,1,1,0,51,away,7.5,0.0,False,1.0,3.0,COVID,1,0.6666666666666666,NWG > 0,7.5,1.0,True,True,True
14066,CLE,127,Cavaliers,2022-03-08,22100976,IND,124,Pacers,no,0,2022,0,0,0,0,0,0,12,away,2.5,1.0,False,0.0,-3.0,COVID,0,,NWG = 0,2.5,0.0,True,True,True
14024,PHX,102,Suns,2022-03-08,22100977,ORL,99,Magic,no,0,2022,1,0,0,1,0,0,29,away,6.0,0.0,False,1.0,-3.0,COVID,1,1.0,NWG > 0,6.0,1.0,True,True,True
14697,DEN,106,Nuggets,2022-03-09,22100991,SAC,100,Kings,no,0,2022,0,0,0,0,0,0,11,away,6.5,0.0,False,1.0,-6.0,COVID,0,,NWG = 0,6.5,1.0,True,True,True
18055,LAL,130,Lakers,2022-03-09,22100985,HOU,139,Rockets,no,0,2022,1,1,0,1,0,1,11,away,7.5,0.0,False,1.0,9.0,COVID,0,0.5,NWG = 0,7.5,1.0,True,True,True
15633,ORL,108,Magic,2022-03-09,22100987,NOP,102,Pelicans,no,0,2022,2,0,0,2,0,0,18,home,8.5,0.0,True,0.0,-6.0,COVID,2,1.0,NWG > 0,-8.5,0.0,True,True,True
15282,WAS,109,Wizards,2022-03-09,22100992,LAC,115,Clippers,no,0,2022,0,0,0,0,0,0,18,home,3.5,1.0,True,1.0,6.0,COVID,0,,NWG = 0,-3.5,1.0,True,True,True
19520,GSW,113,Warriors,2022-03-10,22100994,DEN,102,Nuggets,TNT,0,2022,0,0,0,0,0,0,14,away,1.5,1.0,False,0.0,-11.0,COVID,0,,NWG = 0,1.5,0.0,True,True,True
16862,LAC,106,Clippers,2022-03-11,22100996,ATL,112,Hawks,no,0,2022,0,0,0,0,0,0,12,home,7.5,0.0,True,0.0,6.0,COVID,0,,NWG = 0,-7.5,0.0,True,True,True
14557,MIN,110,Timberwolves,2022-03-11,22100995,ORL,118,Magic,no,0,2022,1,0,0,1,0,0,10,away,8.5,0.0,False,1.0,8.0,COVID,1,1.0,NWG > 0,8.5,1.0,True,True,True
17188,NYK,114,Knicks,2022-03-11,22101000,MEM,118,Grizzlies,NBA TV,0,2022,1,2,0,1,0,2,13,home,9.0,0.0,True,0.0,4.0,COVID,-1,0.3333333333333333,NWG < 0,-9.0,0.0,True,True,True
17071,TOR,117,Raptors,2022-03-11,22101003,PHX,112,Suns,no,0,2022,1,0,0,1,0,0,13,home,5.0,0.0,True,0.0,-5.0,COVID,1,1.0,NWG > 0,-5.0,0.0,True,True,True
15753,UTA,102,Jazz,2022-03-11,22101002,SAS,104,Spurs,no,0,2022,2,1,0,2,0,1,31,away,5.5,0.0,False,1.0,2.0,COVID,1,0.6666666666666666,NWG > 0,5.5,1.0,True,True,True
19600,MIN,113,Timberwolves,2022-03-12,22101005,MIA,104,Heat,no,0,2022,1,3,0,1,0,3,21,home,4.0,0.0,True,0.0,-9.0,COVID,-2,0.25,NWG < 0,-4.0,0.0,True,True,True
19156,DAL,95,Mavericks,2022-03-13,22101014,BOS,92,Celtics,ABC,0,2022,0,0,0,0,0,0,15,home,7.0,0.0,True,0.0,-3.0,COVID,0,,NWG = 0,-7.0,0.0,True,True,True
17038,IND,128,Pacers,2022-03-13,22101016,ATL,131,Hawks,no,0,2022,0,2,1,0,0,1,25,home,12.5,0.0,True,0.0,3.0,COVID,-2,0.0,NWG < 0,-12.5,0.0,True,True,True
19313,LAC,106,Clippers,2022-03-13,22101013,DET,102,Pistons,no,0,2022,0,0,0,0,0,0,11,away,4.0,2.0,False,,-4.0,COVID,0,,NWG = 0,4.0,0.0,False,True,True
18057,NYK,107,Knicks,2022-03-13,22101012,BKN,110,Nets,ABC,0,2022,1,0,0,1,0,0,26,home,5.5,0.0,True,0.0,3.0,COVID,1,1.0,NWG > 0,-5.5,0.0,True,True,True
14444,PHI,116,76ers,2022-03-13,22101015,ORL,114,Magic,no,0,2022,1,2,0,1,0,2,31,away,11.0,0.0,False,1.0,-2.0,COVID,-1,0.3333333333333333,NWG < 0,11.0,1.0,True,True,True
21444,DEN,114,Nuggets,2022-03-14,22101022,PHI,110,76ers,ESPN,0,2022,0,0,0,0,0,0,16,home,4.0,0.0,True,0.0,-4.0,COVID,0,,NWG = 0,-4.0,0.0,True,True,True
18742,LAC,111,Clippers,2022-03-14,22101020,CLE,120,Cavaliers,no,0,2022,2,2,0,2,0,2,31,home,7.5,1.0,True,1.0,9.0,COVID,0,0.5,NWG = 0,-7.5,1.0,True,True,True
18306,MIL,117,Bucks,2022-03-14,22101027,UTA,111,Jazz,ESPN,0,2022,3,1,0,3,0,1,24,home,2.0,0.0,True,0.0,-6.0,COVID,2,0.75,NWG > 0,-2.0,0.0,True,True,True
16432,POR,113,Trail Blazers,2022-03-14,22101021,ATL,122,Hawks,no,0,2022,1,1,0,1,0,1,30,home,14.0,0.0,True,0.0,9.0,COVID,0,0.5,NWG = 0,-14.0,0.0,True,True,True
19600,DET,98,Pistons,2022-03-15,22101031,MIA,105,Heat,no,0,2022,1,1,0,0,1,1,17,home,14.0,0.0,True,0.0,7.0,COVID,0,0.5,NWG = 0,-14.0,0.0,True,True,True
17981,DAL,113,Mavericks,2022-03-16,22101036,BKN,111,Nets,ESPN,0,2022,0,0,0,0,0,0,18,away,3.0,0.0,False,1.0,-2.0,COVID,0,,NWG = 0,3.0,1.0,True,True,True
15864,MIL,135,Bucks,2022-03-16,22101043,SAC,126,Kings,no,0,2022,0,0,0,0,0,0,8,away,8.5,1.0,False,0.0,-9.0,COVID,0,,NWG = 0,8.5,0.0,True,True,True
14994,OKC,120,Thunder,2022-03-16,22101040,SAS,122,Spurs,no,0,2022,0,0,0,0,0,0,18,home,11.5,0.0,True,0.0,2.0,COVID,0,,NWG = 0,-11.5,0.0,True,True,True
19432,PHI,118,76ers,2022-03-16,22101034,CLE,114,Cavaliers,no,0,2022,2,0,0,1,1,0,17,away,4.0,2.0,False,,-4.0,COVID,2,1.0,NWG > 0,4.0,0.0,False,True,True
19068,TOR,103,Raptors,2022-03-16,22101044,LAC,100,Clippers,no,0,2022,2,0,0,2,0,0,18,away,2.0,1.0,False,0.0,-3.0,COVID,2,1.0,NWG > 0,2.0,0.0,True,True,True
19432,DEN,116,Nuggets,2022-03-18,22101049,CLE,119,Cavaliers,no,0,2022,0,2,0,0,0,2,17,away,2.5,0.0,False,1.0,3.0,COVID,-2,0.0,NWG < 0,2.5,1.0,True,True,True
13748,IND,121,Pacers,2022-03-18,22101053,HOU,118,Rockets,no,0,2022,1,0,0,1,0,0,17,away,4.0,0.0,False,1.0,-3.0,COVID,1,1.0,NWG > 0,4.0,1.0,True,True,True
19800,LAL,128,Lakers,2022-03-18,22101051,TOR,123,Raptors,no,0,2022,0,0,0,0,0,0,15,home,8.0,0.0,True,0.0,-5.0,COVID,0,,NWG = 0,-8.0,0.0,True,True,True
17732,POR,123,Trail Blazers,2022-03-18,22101048,BKN,128,Nets,no,0,2022,0,1,0,0,0,1,21,home,14.5,0.0,True,0.0,5.0,COVID,-1,0.0,NWG < 0,-14.5,0.0,True,True,True
19812,WAS,97,Wizards,2022-03-18,22101050,NYK,100,Knicks,no,0,2022,0,0,0,0,0,0,6,home,6.0,0.0,True,0.0,3.0,COVID,0,,NWG = 0,-6.0,0.0,True,True,True
19432,DET,109,Pistons,2022-03-19,22101060,CLE,113,Cavaliers,no,0,2022,0,1,0,0,0,1,18,home,6.0,0.0,True,0.0,4.0,COVID,-1,0.0,NWG < 0,-6.0,0.0,True,True,True
20476,LAL,119,Lakers,2022-03-19,22101061,WAS,127,Wizards,no,0,2022,0,0,0,0,0,0,22,away,1.0,0.0,False,1.0,8.0,COVID,0,,NWG = 0,1.0,1.0,True,True,True
17123,NOP,117,Pelicans,2022-03-20,22101064,ATL,112,Hawks,no,0,2022,1,0,0,1,0,0,18,home,5.0,0.0,True,0.0,-5.0,COVID,1,1.0,NWG > 0,-5.0,0.0,True,True,True
15012,OKC,85,Thunder,2022-03-20,22101065,ORL,90,Magic,no,0,2022,0,4,0,0,0,4,20,home,8.5,0.0,True,0.0,5.0,COVID,-4,0.0,NWG < 0,-8.5,0.0,True,True,True
17583,PHX,127,Suns,2022-03-20,22101066,SAC,124,Kings,no,0,2022,0,1,0,0,0,2,60,away,8.0,0.0,False,1.0,-3.0,COVID,-1,0.0,NWG < 0,8.0,1.0,True,True,True
18064,SAS,110,Spurs,2022-03-20,22101070,GSW,108,Warriors,no,0,2022,0,0,0,0,0,0,24,home,6.5,0.0,True,0.0,-2.0,COVID,0,,NWG = 0,-6.5,0.0,True,True,True
21180,TOR,93,Raptors,2022-03-20,22101069,PHI,88,76ers,no,0,2022,0,0,0,0,0,0,17,home,8.0,0.0,True,0.0,-5.0,COVID,0,,NWG = 0,-8.0,0.0,True,True,True
20077,MIN,108,Timberwolves,2022-03-21,22101079,DAL,110,Mavericks,no,0,2022,0,1,0,0,0,2,31,home,1.5,1.0,True,1.0,2.0,COVID,-1,0.0,NWG < 0,-1.5,1.0,True,True,True
13351,NOP,103,Pelicans,2022-03-21,22101071,CHA,106,Hornets,no,0,2022,1,0,0,1,0,0,18,home,5.5,0.0,True,0.0,3.0,COVID,1,1.0,NWG > 0,-5.5,0.0,True,True,True
14923,POR,119,Trail Blazers,2022-03-21,22101073,DET,115,Pistons,no,0,2022,0,1,0,0,0,1,16,home,9.5,0.0,True,0.0,-4.0,COVID,-1,0.0,NWG < 0,-9.5,0.0,True,True,True
19812,ATL,117,Hawks,2022-03-22,22101081,NYK,111,Knicks,TNT,0,2022,0,0,0,0,0,0,16,away,3.5,1.0,False,0.0,-6.0,COVID,0,,NWG = 0,3.5,0.0,True,True,True
17164,GSW,90,Warriors,2022-03-22,22101080,ORL,94,Magic,no,0,2022,3,1,0,3,0,1,11,away,7.5,0.0,False,1.0,4.0,COVID,2,0.75,NWG > 0,7.5,1.0,True,True,True
14227,SAC,110,Kings,2022-03-23,22101086,IND,109,Pacers,no,0,2022,1,0,0,1,0,0,15,home,6.0,0.0,True,0.0,-1.0,COVID,1,1.0,NWG > 0,-6.0,0.0,True,True,True
19162,UTA,101,Jazz,2022-03-25,22101100,CHA,107,Hornets,no,0,2022,0,0,0,0,0,0,21,away,4.0,0.0,False,1.0,6.0,COVID,0,,NWG = 0,4.0,1.0,True,True,True
18943,WAS,100,Wizards,2022-03-25,22101101,DET,97,Pistons,no,0,2022,0,1,0,0,0,1,11,home,3.5,0.0,True,0.0,-3.0,COVID,-1,0.0,NWG < 0,-3.5,0.0,True,True,True
19520,OKC,107,Thunder,2022-03-26,22101113,DEN,113,Nuggets,no,0,2022,1,2,0,1,0,2,11,home,17.0,0.0,True,0.0,6.0,COVID,-1,0.3333333333333333,NWG < 0,-17.0,0.0,True,True,True
16366,SAC,114,Kings,2022-03-26,22101108,ORL,110,Magic,no,0,2022,0,1,1,0,0,0,24,home,2.5,0.0,True,0.0,-4.0,COVID,-1,0.0,NWG < 0,-2.5,0.0,True,True,True
13097,SAS,107,Spurs,2022-03-26,22101107,NOP,103,Pelicans,no,0,2022,1,1,0,1,0,1,23,home,6.0,0.0,True,0.0,-4.0,COVID,0,0.5,NWG = 0,-6.0,0.0,True,True,True
18166,CHA,119,Hornets,2022-03-27,22101120,BKN,110,Nets,NBA TV,0,2022,2,0,0,2,0,0,8,home,7.0,0.0,True,0.0,-9.0,COVID,2,1.0,NWG > 0,-7.0,0.0,True,True,True
18516,LAL,108,Lakers,2022-03-27,22101119,NOP,116,Pelicans,no,0,2022,0,1,0,0,0,1,10,home,4.0,1.0,True,1.0,8.0,COVID,-1,0.0,NWG < 0,-4.0,1.0,True,True,True
19304,NYK,104,Knicks,2022-03-27,22101115,DET,102,Pistons,no,0,2022,1,0,0,1,0,0,13,away,5.0,0.0,False,1.0,-2.0,COVID,1,1.0,NWG > 0,5.0,1.0,True,True,True
19800,BOS,112,Celtics,2022-03-28,22101127,TOR,115,Raptors,no,0,2022,1,2,0,1,0,2,41,home,8.5,0.0,True,0.0,3.0,COVID,-1,0.3333333333333333,NWG < 0,-8.5,0.0,True,True,True
19812,CHI,104,Bulls,2022-03-28,22101126,NYK,109,Knicks,no,0,2022,0,0,0,0,0,0,14,away,3.5,0.0,False,1.0,5.0,COVID,0,,NWG = 0,3.5,1.0,True,True,True
17614,DEN,113,Nuggets,2022-03-28,22101122,CHA,109,Hornets,no,0,2022,0,0,0,0,0,0,26,away,3.5,1.0,False,0.0,-4.0,COVID,0,,NWG = 0,3.5,0.0,True,True,True
18188,OKC,134,Thunder,2022-03-28,22101130,POR,131,Trail Blazers,no,0,2022,2,1,0,1,1,1,44,home,1.5,0.0,True,0.0,-3.0,COVID,1,0.6666666666666666,NWG > 0,-1.5,0.0,True,True,True
19432,ORL,101,Magic,2022-03-28,22101123,CLE,107,Cavaliers,no,0,2022,1,0,0,1,0,0,16,home,9.0,0.0,True,0.0,6.0,COVID,1,1.0,NWG > 0,-9.0,0.0,True,True,True
18055,SAS,123,Spurs,2022-03-28,22101128,HOU,120,Rockets,no,0,2022,2,0,0,2,0,0,22,away,9.5,0.0,False,1.0,-3.0,COVID,2,1.0,NWG > 0,9.5,1.0,True,True,True
21467,MIL,118,Bucks,2022-03-29,22101131,PHI,116,76ers,no,0,2022,1,0,0,1,0,0,20,home,0.0,0.0,True,0.0,-2.0,COVID,1,1.0,NWG > 0,-0.0,0.0,True,True,True
19068,UTA,115,Jazz,2022-03-29,22101135,LAC,121,Clippers,TNT,0,2022,0,1,0,0,0,1,17,away,2.5,0.0,False,1.0,6.0,COVID,-1,0.0,NWG < 0,2.5,1.0,True,True,True
15821,MEM,112,Grizzlies,2022-03-30,22101144,SAS,111,Spurs,no,0,2022,1,2,1,1,0,1,15,away,5.0,0.0,False,1.0,-1.0,COVID,-1,0.3333333333333333,NWG < 0,5.0,1.0,True,True,True
18064,PHX,107,Suns,2022-03-30,22101145,GSW,103,Warriors,ESPN,0,2022,2,0,0,2,0,0,16,away,5.0,0.0,False,1.0,-4.0,COVID,2,1.0,NWG > 0,5.0,1.0,True,True,True
13365,SAC,121,Kings,2022-03-30,22101142,HOU,118,Rockets,no,0,2022,0,0,0,0,0,0,16,away,3.0,2.0,False,,-3.0,COVID,0,,NWG = 0,3.0,0.0,False,True,True
21519,LAC,130,Clippers,2022-03-31,22101149,CHI,135,Bulls,no,0,2022,1,0,0,1,0,0,51,home,2.5,1.0,True,1.0,5.0,COVID,1,1.0,NWG > 0,-2.5,1.0,True,True,True
17917,MIL,120,Bucks,2022-03-31,22101148,BKN,119,Nets,TNT,0,2022,3,2,1,3,0,1,28,home,2.0,0.0,True,0.0,-1.0,COVID,1,0.6,NWG > 0,-2.0,0.0,True,True,True
19156,IND,123,Pacers,2022-04-01,22101153,BOS,128,Celtics,no,0,2022,0,0,0,0,0,0,8,home,15.0,0.0,True,0.0,5.0,COVID,0,,NWG = 0,-15.0,0.0,True,True,True
19612,MIN,136,Timberwolves,2022-04-01,22101159,DEN,130,Nuggets,no,0,2022,3,0,0,2,1,0,14,home,3.0,0.0,True,0.0,-6.0,COVID,3,1.0,NWG > 0,-3.0,0.0,True,True,True
18997,NOP,114,Pelicans,2022-04-01,22101160,LAL,111,Lakers,NBA TV,0,2022,0,1,0,0,0,1,11,home,2.0,0.0,True,0.0,-3.0,COVID,-1,0.0,NWG < 0,-2.0,0.0,True,True,True
14857,SAC,122,Kings,2022-04-01,22101154,HOU,117,Rockets,no,0,2022,0,0,0,0,0,0,13,away,3.5,1.0,False,0.0,-5.0,COVID,0,,NWG = 0,3.5,0.0,True,True,True
18126,BKN,115,Nets,2022-04-02,22101163,ATL,122,Hawks,NBA TV,0,2022,1,1,0,1,0,1,13,away,2.0,0.0,False,1.0,7.0,COVID,0,0.5,NWG = 0,2.0,1.0,True,True,True
18064,UTA,107,Jazz,2022-04-02,22101165,GSW,111,Warriors,no,0,2022,1,1,1,1,0,0,22,away,2.5,0.0,False,1.0,4.0,COVID,0,0.5,NWG = 0,2.5,1.0,True,True,True
19432,PHI,112,76ers,2022-04-03,22101170,CLE,108,Cavaliers,no,0,2022,1,2,0,1,0,2,31,away,5.5,0.0,False,1.0,-4.0,COVID,-1,0.3333333333333333,NWG < 0,5.5,1.0,True,True,True
19800,ATL,108,Hawks,2022-04-05,22101182,TOR,118,Raptors,no,0,2022,0,0,0,0,0,0,21,home,4.5,1.0,True,1.0,10.0,COVID,0,,NWG = 0,-4.5,1.0,True,True,True
16897,CLE,115,Cavaliers,2022-04-05,22101179,ORL,120,Magic,no,0,2022,1,1,0,1,0,1,10,away,8.0,0.0,False,1.0,5.0,COVID,0,0.5,NWG = 0,8.0,1.0,True,True,True
18306,MEM,115,Grizzlies,2022-04-05,22101187,UTA,121,Jazz,no,0,2022,1,2,0,1,0,2,39,home,6.0,2.0,True,,6.0,COVID,-1,0.3333333333333333,NWG < 0,-6.0,0.0,False,True,True
18046,BOS,121,Celtics,2022-04-07,22101198,MIL,127,Bucks,TNT,0,2022,0,1,1,0,0,0,11,home,8.5,0.0,True,0.0,6.0,COVID,-1,0.0,NWG < 0,-8.5,0.0,True,True,True
19993,ATL,109,Hawks,2022-04-08,22101207,MIA,113,Heat,no,0,2022,0,0,0,0,0,0,6,home,1.5,1.0,True,1.0,4.0,COVID,0,,NWG = 0,-1.5,1.0,True,True,True
19800,HOU,115,Rockets,2022-04-08,22101206,TOR,117,Raptors,no,0,2022,0,0,0,0,0,0,13,home,11.5,0.0,True,0.0,2.0,COVID,0,,NWG = 0,-11.5,0.0,True,True,True
18306,PHX,111,Suns,2022-04-08,22101210,UTA,105,Jazz,NBA TV,0,2022,0,0,0,0,0,0,16,home,3.0,0.0,True,0.0,-6.0,COVID,0,,NWG = 0,-3.0,0.0,True,True,True
18627,GSW,100,Warriors,2022-04-09,22101215,SAS,94,Spurs,NBA TV,0,2022,2,1,0,1,1,1,19,away,7.5,0.0,False,1.0,-6.0,COVID,1,0.6666666666666666,NWG > 0,7.5,1.0,True,True,True
17136,CHI,124,Bulls,2022-04-10,22101224,MIN,120,Timberwolves,no,0,2022,2,0,0,2,0,0,23,home,7.0,0.0,True,0.0,-4.0,COVID,2,1.0,NWG > 0,-7.0,0.0,True,True,True
19520,LAL,146,Lakers,2022-04-10,22101220,DEN,141,Nuggets,no,0,2022,1,2,1,1,0,1,22,home,6.0,0.0,True,0.0,-5.0,COVID,-1,0.3333333333333333,NWG < 0,-6.0,0.0,True,True,True
17071,SAC,116,Kings,2022-04-10,22101229,PHX,109,Suns,no,0,2022,0,0,0,0,0,0,10,home,9.0,0.0,True,0.0,-7.0,COVID,0,,NWG = 0,-9.0,0.0,True,True,True
17136,LAC,104,Clippers,2022-04-12,52100121,MIN,109,Timberwolves,TNT,0,2022,1,0,0,1,0,0,25,home,3.5,1.0,True,1.0,5.0,COVID,1,1.0,NWG > 0,-3.5,1.0,True,True,True
19432,ATL,107,Hawks,2022-04-15,52100201,CLE,101,Cavaliers,ESPN,0,2022,0,0,0,0,0,0,25,away,2.5,1.0,False,0.0,-6.0,COVID,0,,NWG = 0,2.5,0.0,True,True,True
19068,NOP,105,Pelicans,2022-04-15,52100211,LAC,101,Clippers,TNT,0,2022,1,0,0,1,0,0,25,away,1.5,1.0,False,0.0,-4.0,COVID,1,1.0,NWG > 0,1.5,0.0,True,True,True
20013,UTA,99,Jazz,2022-04-16,42100171,DAL,93,Mavericks,ESPN,1,2022,0,1,0,0,0,1,16,away,5.5,1.0,False,0.0,-6.0,COVID,-1,0.0,NWG < 0,5.5,0.0,True,True,True
19156,BKN,114,Nets,2022-04-17,42100111,BOS,115,Celtics,ABC,1,2022,1,1,0,1,0,1,31,home,4.0,0.0,True,0.0,1.0,COVID,0,0.5,NWG = 0,-4.0,0.0,True,True,True
17717,CHI,86,Bulls,2022-04-17,42100121,MIL,93,Bucks,TNT,1,2022,0,1,0,0,0,1,26,home,10.5,0.0,True,0.0,7.0,COVID,-1,0.0,NWG < 0,-10.5,0.0,True,True,True
17688,CHI,114,Bulls,2022-04-20,42100122,MIL,110,Bucks,TNT,1,2022,1,0,0,1,0,0,16,home,10.0,0.0,True,0.0,-4.0,COVID,1,1.0,NWG > 0,-10.0,0.0,True,True,True
19800,PHI,104,76ers,2022-04-20,42100133,TOR,101,Raptors,NBA TV,1,2022,0,0,0,0,0,0,21,away,2.0,1.0,False,0.0,-3.0,COVID,0,,NWG = 0,2.0,0.0,True,True,True
19627,GSW,118,Warriors,2022-04-21,42100163,DEN,113,Nuggets,TNT,1,2022,1,2,0,1,0,2,25,away,2.5,1.0,False,0.0,-5.0,COVID,-1,0.3333333333333333,NWG < 0,2.5,0.0,True,True,True
18421,MIA,110,Heat,2022-04-22,42100103,ATL,111,Hawks,ESPN,1,2022,2,0,0,2,0,0,16,away,2.0,0.0,False,1.0,1.0,COVID,2,1.0,NWG > 0,2.0,1.0,True,True,True
18962,PHX,114,Suns,2022-04-22,42100143,NOP,111,Pelicans,ESPN,1,2022,0,0,0,0,0,0,17,away,2.5,1.0,False,0.0,-3.0,COVID,0,,NWG = 0,2.5,0.0,True,True,True
18306,DAL,99,Mavericks,2022-04-23,42100174,UTA,100,Jazz,TNT,1,2022,1,0,0,1,0,0,14,home,5.5,0.0,True,0.0,1.0,COVID,1,1.0,NWG > 0,-5.5,0.0,True,True,True
19832,MEM,118,Grizzlies,2022-04-23,42100154,MIN,119,Timberwolves,ESPN,1,2022,0,0,0,0,0,0,15,away,2.5,0.0,False,1.0,1.0,COVID,0,,NWG = 0,2.5,1.0,True,True,True
19628,GSW,121,Warriors,2022-04-24,42100164,DEN,126,Nuggets,ABC,1,2022,2,1,0,1,1,1,27,away,4.5,0.0,False,1.0,5.0,COVID,1,0.6666666666666666,NWG > 0,4.5,1.0,True,True,True
18099,BOS,116,Celtics,2022-04-25,42100114,BKN,112,Nets,TNT,1,2022,0,0,0,0,0,0,13,home,1.5,0.0,True,0.0,-4.0,COVID,0,,NWG = 0,-1.5,0.0,True,True,True
19553,ATL,94,Hawks,2022-04-26,42100105,MIA,97,Heat,NBA TV,1,2022,2,3,0,1,1,3,29,home,4.0,0.0,True,0.0,3.0,COVID,-1,0.4,NWG < 0,-4.0,0.0,True,True,True
17794,MIN,109,Timberwolves,2022-04-26,42100155,MEM,111,Grizzlies,TNT,1,2022,0,0,0,0,0,0,10,home,6.5,0.0,True,0.0,2.0,COVID,0,,NWG = 0,-6.5,0.0,True,True,True
18064,DEN,98,Nuggets,2022-04-27,42100165,GSW,102,Warriors,TNT,1,2022,1,0,0,1,0,0,18,home,9.0,0.0,True,0.0,4.0,COVID,1,1.0,NWG > 0,-9.0,0.0,True,True,True
18306,DAL,98,Mavericks,2022-04-28,42100176,UTA,96,Jazz,TNT,1,2022,0,0,0,0,0,0,22,away,1.0,1.0,False,0.0,-2.0,COVID,0,,NWG = 0,1.0,0.0,True,True,True
18710,PHX,115,Suns,2022-04-28,42100146,NOP,109,Pelicans,TNT,1,2022,0,2,2,0,0,0,12,away,3.5,1.0,False,0.0,-6.0,COVID,-2,0.0,NWG < 0,3.5,0.0,True,True,True
20323,MEM,114,Grizzlies,2022-04-29,42100156,MIN,106,Timberwolves,ESPN,1,2022,1,0,0,1,0,0,18,away,1.5,1.0,False,0.0,-8.0,COVID,1,1.0,NWG > 0,1.5,0.0,True,True,True
17794,GSW,117,Warriors,2022-05-01,42100231,MEM,116,Grizzlies,ABC,1,2022,2,1,0,1,1,1,41,away,2.5,0.0,False,1.0,-1.0,COVID,1,0.6666666666666666,NWG > 0,2.5,1.0,True,True,True
17794,GSW,101,Warriors,2022-05-03,42100232,MEM,106,Grizzlies,TNT,1,2022,1,0,0,1,0,0,12,away,2.0,0.0,False,1.0,5.0,COVID,1,1.0,NWG > 0,2.0,1.0,True,True,True
17736,BOS,101,Celtics,2022-05-07,42100213,MIL,103,Bucks,ABC,1,2022,2,3,0,2,0,3,19,home,2.5,0.0,True,0.0,2.0,COVID,-1,0.4,NWG < 0,-2.5,0.0,True,True,True
18064,MEM,98,Grizzlies,2022-05-09,42100234,GSW,101,Warriors,TNT,1,2022,0,2,0,0,0,2,21,home,9.5,0.0,True,0.0,3.0,COVID,-2,0.0,NWG < 0,-9.5,0.0,True,True,True
19156,MIL,110,Bucks,2022-05-11,42100215,BOS,107,Celtics,TNT,1,2022,0,1,0,0,0,1,18,home,4.5,0.0,True,0.0,-3.0,COVID,-1,0.0,NWG < 0,-4.5,0.0,True,True,True
19156,MIA,111,Heat,2022-05-27,42100306,BOS,103,Celtics,ESPN,1,2022,2,4,2,2,0,2,40,home,8.5,0.0,True,0.0,-8.0,COVID,-2,0.3333333333333333,NWG < 0,-8.5,0.0,True,True,True
20200,BOS,100,Celtics,2022-05-29,42100307,MIA,96,Heat,ESPN,1,2022,2,0,0,2,0,0,24,away,3.0,1.0,False,0.0,-4.0,COVID,2,1.0,NWG > 0,3.0,0.0,True,True,True
19156,GSW,107,Warriors,2022-06-10,42100404,BOS,97,Celtics,ABC,1,2022,1,1,0,1,0,1,33,home,4.0,0.0,True,0.0,-10.0,COVID,0,0.5,NWG = 0,-4.0,0.0,True,True,True
19800,CLE,105,Cavaliers,2022-10-19,22200008,TOR,108,Raptors,no,0,2023,0,3,1,0,0,2,26,home,2.5,1.0,True,1.0,3.0,Post-COVID,-3,0.0,NWG < 0,-2.5,1.0,True,True,True
17071,DAL,105,Mavericks,2022-10-19,22200013,PHX,107,Suns,ESPN,0,2023,0,1,1,0,0,0,19,home,4.0,0.0,True,0.0,2.0,Post-COVID,-1,0.0,NWG < 0,-4.0,0.0,True,True,True
18202,NYK,112,Knicks,2022-10-19,22200009,MEM,115,Grizzlies,ESPN,0,2023,1,2,0,1,0,2,24,home,4.5,0.0,True,0.0,3.0,Post-COVID,-1,0.3333333333333333,NWG < 0,-4.5,0.0,True,True,True
17136,OKC,108,Thunder,2022-10-19,22200010,MIN,115,Timberwolves,no,0,2023,0,1,0,0,0,1,17,home,11.0,0.0,True,0.0,7.0,Post-COVID,-1,0.0,NWG < 0,-11.0,0.0,True,True,True
20190,ORL,109,Magic,2022-10-19,22200003,DET,113,Pistons,no,0,2023,1,2,1,1,0,1,22,home,4.0,2.0,True,,4.0,Post-COVID,-1,0.3333333333333333,NWG < 0,-4.0,0.0,False,True,True
17611,POR,115,Trail Blazers,2022-10-19,22200014,SAC,108,Kings,no,0,2023,1,0,0,1,0,0,21,home,4.0,0.0,True,0.0,-7.0,Post-COVID,1,1.0,NWG > 0,-4.0,0.0,True,True,True
15027,WAS,114,Wizards,2022-10-19,22200004,IND,107,Pacers,no,0,2023,0,0,0,0,0,0,21,away,2.5,1.0,False,0.0,-7.0,Post-COVID,0,,NWG = 0,2.5,0.0,True,True,True
20060,MIL,90,Bucks,2022-10-20,22200015,PHI,88,76ers,TNT,0,2023,2,1,0,1,1,1,18,home,4.0,0.0,True,0.0,-2.0,Post-COVID,1,0.6666666666666666,NWG > 0,-4.0,0.0,True,True,True
20476,CHI,100,Bulls,2022-10-21,22200019,WAS,102,Wizards,no,0,2023,1,0,0,1,0,0,14,home,2.0,2.0,True,,2.0,Post-COVID,1,1.0,NWG > 0,-2.0,0.0,False,True,True
18064,DEN,128,Nuggets,2022-10-21,22200026,GSW,123,Warriors,ESPN,0,2023,1,0,0,1,0,0,20,home,5.5,0.0,True,0.0,-5.0,Post-COVID,1,1.0,NWG > 0,-5.5,0.0,True,True,True
19393,PHX,111,Suns,2022-10-21,22200027,POR,113,Trail Blazers,no,0,2023,0,0,0,0,0,0,37,away,5.5,0.0,False,1.0,2.0,Post-COVID,0,,NWG = 0,5.5,1.0,True,True,True
12073,SAS,137,Spurs,2022-10-21,22200018,IND,134,Pacers,no,0,2023,2,2,0,2,0,2,16,home,1.5,0.0,True,0.0,-3.0,Post-COVID,0,0.5,NWG = 0,-1.5,0.0,True,True,True
17732,TOR,105,Raptors,2022-10-21,22200021,BKN,109,Nets,no,0,2023,1,0,0,0,1,0,21,home,2.5,1.0,True,1.0,4.0,Post-COVID,1,1.0,NWG > 0,-2.5,1.0,True,True,True
17136,UTA,132,Jazz,2022-10-21,22200025,MIN,126,Timberwolves,no,0,2023,1,0,0,1,0,0,41,home,8.0,0.0,True,0.0,-6.0,Post-COVID,1,1.0,NWG > 0,-8.0,0.0,True,True,True
16296,LAC,111,Clippers,2022-10-22,22200036,SAC,109,Kings,no,0,2023,0,2,0,0,0,2,20,away,2.5,0.0,False,1.0,-2.0,Post-COVID,-2,0.0,NWG < 0,2.5,1.0,True,True,True
19983,OKC,117,Thunder,2022-10-22,22200035,DEN,122,Nuggets,no,0,2023,0,2,0,0,0,2,25,home,9.0,0.0,True,0.0,5.0,Post-COVID,-2,0.0,NWG < 0,-9.0,0.0,True,True,True
19600,TOR,109,Raptors,2022-10-22,22200031,MIA,112,Heat,no,0,2023,0,2,1,0,0,1,21,home,3.5,0.0,True,0.0,3.0,Post-COVID,-2,0.0,NWG < 0,-3.5,0.0,True,True,True
18997,POR,106,Trail Blazers,2022-10-23,22200037,LAL,104,Lakers,no,0,2023,3,1,0,3,0,1,30,home,4.0,0.0,True,0.0,-2.0,Post-COVID,2,0.75,NWG > 0,-4.0,0.0,True,True,True
18665,UTA,122,Jazz,2022-10-23,22200040,NOP,121,Pelicans,no,0,2023,0,0,0,0,0,0,20,home,8.5,0.0,True,0.0,-1.0,Post-COVID,0,,NWG = 0,-8.5,0.0,True,True,True
19432,WAS,107,Wizards,2022-10-23,22200039,CLE,117,Cavaliers,NBA TV,0,2023,1,1,0,1,0,1,37,home,4.0,1.0,True,1.0,10.0,Post-COVID,0,0.5,NWG = 0,-4.0,1.0,True,True,True
19600,TOR,98,Raptors,2022-10-24,22200045,MIA,90,Heat,no,0,2023,0,0,0,0,0,0,32,home,3.5,0.0,True,0.0,-8.0,Post-COVID,0,,NWG = 0,-3.5,0.0,True,True,True
16260,UTA,108,Jazz,2022-10-24,22200048,HOU,114,Rockets,no,0,2023,0,0,0,0,0,0,31,away,2.5,0.0,False,1.0,6.0,Post-COVID,0,,NWG = 0,2.5,1.0,True,True,True
14020,DAL,111,Mavericks,2022-10-25,22200053,NOP,113,Pelicans,TNT,0,2023,1,1,0,1,0,1,34,away,5.0,0.0,False,1.0,2.0,Post-COVID,0,0.5,NWG = 0,5.0,1.0,True,True,True
17987,ATL,118,Hawks,2022-10-26,22200057,DET,113,Pistons,no,0,2023,1,1,0,1,0,1,19,away,7.5,0.0,False,1.0,-5.0,Post-COVID,0,0.5,NWG = 0,7.5,1.0,True,True,True
19812,CHA,131,Hornets,2022-10-26,22200058,NYK,134,Knicks,no,0,2023,1,3,0,1,0,3,56,home,7.5,0.0,True,0.0,3.0,Post-COVID,-2,0.25,NWG < 0,-7.5,0.0,True,True,True
18039,DAL,129,Mavericks,2022-10-27,22200066,BKN,125,Nets,NBA TV,0,2023,1,1,0,1,0,2,31,away,2.5,1.0,False,0.0,-4.0,Post-COVID,0,0.5,NWG = 0,2.5,0.0,True,True,True
16562,CHI,124,Bulls,2022-10-28,22200077,SAS,129,Spurs,no,0,2023,1,1,0,1,0,1,15,away,4.0,0.0,False,1.0,5.0,Post-COVID,0,0.5,NWG = 0,4.0,1.0,True,True,True
19156,CLE,132,Cavaliers,2022-10-28,22200072,BOS,123,Celtics,no,0,2023,1,0,0,1,0,0,29,home,7.0,0.0,True,0.0,-9.0,Post-COVID,1,1.0,NWG > 0,-7.0,0.0,True,True,True
17341,ATL,115,Hawks,2022-10-29,22200085,MIL,123,Bucks,no,0,2023,1,0,0,1,0,0,20,home,5.5,1.0,True,1.0,8.0,Post-COVID,1,1.0,NWG > 0,-5.5,1.0,True,True,True
19079,GSW,113,Warriors,2022-10-29,22200082,CHA,120,Hornets,no,0,2023,0,3,0,0,0,3,45,away,10.0,0.0,False,1.0,7.0,Post-COVID,-3,0.0,NWG < 0,10.0,1.0,True,True,True
18206,MEM,123,Grizzlies,2022-10-29,22200087,UTA,124,Jazz,no,0,2023,1,2,0,1,0,2,30,away,3.0,0.0,False,1.0,1.0,Post-COVID,-1,0.3333333333333333,NWG < 0,3.0,1.0,True,True,True
20307,OKC,117,Thunder,2022-10-29,22200086,DAL,111,Mavericks,no,0,2023,2,1,0,2,0,1,17,home,10.5,0.0,True,0.0,-6.0,Post-COVID,1,0.6666666666666666,NWG > 0,-10.5,0.0,True,True,True
19010,PHI,114,76ers,2022-10-29,22200084,CHI,109,Bulls,NBA TV,0,2023,1,0,0,1,0,0,20,away,2.5,1.0,False,0.0,-5.0,Post-COVID,1,1.0,NWG > 0,2.5,0.0,True,True,True
17341,DET,108,Pistons,2022-10-31,22200100,MIL,110,Bucks,no,0,2023,0,1,0,0,0,1,28,home,13.5,0.0,True,0.0,2.0,Post-COVID,-1,0.0,NWG < 0,-13.5,0.0,True,True,True
14887,HOU,93,Rockets,2022-10-31,22200102,LAC,95,Clippers,no,0,2023,0,2,0,0,0,2,23,home,8.5,0.0,True,0.0,2.0,Post-COVID,-2,0.0,NWG < 0,-8.5,0.0,True,True,True
15770,IND,109,Pacers,2022-10-31,22200098,BKN,116,Nets,NBA TV,0,2023,2,3,0,2,0,3,27,home,8.0,0.0,True,0.0,7.0,Post-COVID,-1,0.4,NWG < 0,-8.0,0.0,True,True,True
12020,SAC,115,Kings,2022-10-31,22200096,CHA,108,Hornets,no,0,2023,1,0,0,1,0,0,26,away,3.5,1.0,False,0.0,-7.0,Post-COVID,1,1.0,NWG > 0,3.5,0.0,True,True,True
19600,GSW,109,Warriors,2022-11-01,22200104,MIA,116,Heat,no,0,2023,0,0,0,0,0,0,13,home,1.5,1.0,True,1.0,7.0,Post-COVID,0,,NWG = 0,-1.5,1.0,True,True,True
13109,ORL,108,Magic,2022-11-01,22200105,OKC,116,Thunder,no,0,2023,0,0,0,0,0,0,27,home,3.0,1.0,True,1.0,8.0,Post-COVID,0,,NWG = 0,-3.0,1.0,True,True,True
19432,BOS,113,Celtics,2022-11-02,22200107,CLE,114,Cavaliers,ESPN,0,2023,2,2,0,2,0,2,31,away,1.5,0.0,False,1.0,1.0,Post-COVID,0,0.5,NWG = 0,1.5,1.0,True,True,True
19462,MEM,111,Grizzlies,2022-11-02,22200116,POR,106,Trail Blazers,ESPN,0,2023,0,3,1,0,0,2,17,away,5.5,0.0,False,1.0,-5.0,Post-COVID,-3,0.0,NWG < 0,5.5,1.0,True,True,True
18997,NOP,117,Pelicans,2022-11-02,22200117,LAL,120,Lakers,no,0,2023,1,1,0,1,0,1,48,away,2.5,0.0,False,1.0,3.0,Post-COVID,0,0.5,NWG = 0,2.5,1.0,True,True,True
19600,SAC,107,Kings,2022-11-02,22200109,MIA,110,Heat,no,0,2023,1,0,0,1,0,0,30,home,4.5,0.0,True,0.0,3.0,Post-COVID,1,1.0,NWG > 0,-4.5,0.0,True,True,True
19877,UTA,100,Jazz,2022-11-02,22200115,DAL,103,Mavericks,no,0,2023,1,0,0,1,0,0,18,home,6.5,0.0,True,0.0,3.0,Post-COVID,1,1.0,NWG > 0,-6.5,0.0,True,True,True
18846,GSW,129,Warriors,2022-11-03,22200118,ORL,130,Magic,no,0,2023,0,0,0,0,0,1,18,away,9.5,0.0,False,1.0,1.0,Post-COVID,0,,NWG = 0,9.5,1.0,True,True,True
19156,CHI,119,Bulls,2022-11-04,22200124,BOS,123,Celtics,ESPN,0,2023,0,3,0,0,0,3,25,home,7.0,0.0,True,0.0,4.0,Post-COVID,-3,0.0,NWG < 0,-7.0,0.0,True,True,True
13141,MIA,99,Heat,2022-11-04,22200121,IND,101,Pacers,no,0,2023,2,0,0,2,0,0,31,away,3.0,0.0,False,1.0,2.0,Post-COVID,2,1.0,NWG > 0,3.0,1.0,True,True,True
20679,NYK,106,Knicks,2022-11-04,22200122,PHI,104,76ers,no,0,2023,1,0,0,1,0,0,20,home,1.0,0.0,True,0.0,-2.0,Post-COVID,1,1.0,NWG > 0,-1.0,0.0,True,True,True
17071,POR,108,Trail Blazers,2022-11-04,22200130,PHX,106,Suns,no,0,2023,0,3,1,0,0,2,33,home,12.5,0.0,True,0.0,-2.0,Post-COVID,-3,0.0,NWG < 0,-12.5,0.0,True,True,True
20177,TOR,110,Raptors,2022-11-04,22200127,DAL,111,Mavericks,no,0,2023,2,1,0,2,0,1,17,home,4.5,0.0,True,0.0,1.0,Post-COVID,1,0.6666666666666666,NWG > 0,-4.5,0.0,True,True,True
19398,BKN,98,Nets,2022-11-05,22200133,CHA,94,Hornets,no,0,2023,1,0,0,1,0,0,13,away,3.5,1.0,False,0.0,-4.0,Post-COVID,1,1.0,NWG > 0,3.5,0.0,True,True,True
17654,NOP,121,Pelicans,2022-11-05,22200134,ATL,124,Hawks,no,0,2023,2,2,1,1,1,1,53,home,2.0,1.0,True,1.0,3.0,Post-COVID,0,0.5,NWG = 0,-2.0,1.0,True,True,True
18846,SAC,126,Kings,2022-11-05,22200132,ORL,123,Magic,no,0,2023,2,3,0,2,0,3,29,away,4.5,0.0,False,1.0,-3.0,Post-COVID,-1,0.4,NWG < 0,4.5,1.0,True,True,True
20011,BKN,94,Nets,2022-11-07,22200155,DAL,96,Mavericks,no,0,2023,0,2,1,0,0,1,33,home,6.0,0.0,True,0.0,2.0,Post-COVID,-2,0.0,NWG < 0,-6.0,0.0,True,True,True
17371,BOS,109,Celtics,2022-11-07,22200152,MEM,106,Grizzlies,no,0,2023,3,0,0,2,1,0,22,away,3.5,0.0,False,1.0,-3.0,Post-COVID,3,1.0,NWG > 0,3.5,1.0,True,True,True
16516,CLE,117,Cavaliers,2022-11-07,22200158,LAC,119,Clippers,NBA TV,0,2023,2,1,1,2,0,0,32,away,4.0,0.0,False,1.0,2.0,Post-COVID,1,0.6666666666666666,NWG > 0,4.0,1.0,True,True,True
11574,DEN,115,Nuggets,2022-11-07,22200154,SAS,109,Spurs,no,0,2023,1,0,0,1,0,0,24,away,7.5,0.0,False,1.0,-6.0,Post-COVID,1,1.0,NWG > 0,7.5,1.0,True,True,True
19600,POR,110,Trail Blazers,2022-11-07,22200150,MIA,107,Heat,no,0,2023,0,1,0,0,0,1,25,home,5.0,0.0,True,0.0,-3.0,Post-COVID,-1,0.0,NWG < 0,-5.0,0.0,True,True,True
18064,SAC,113,Kings,2022-11-07,22200156,GSW,116,Warriors,no,0,2023,2,0,0,2,0,0,27,home,8.0,0.0,True,0.0,3.0,Post-COVID,2,1.0,NWG > 0,-8.0,0.0,True,True,True
13816,CLE,120,Cavaliers,2022-11-09,22200171,SAC,127,Kings,no,0,2023,0,1,0,0,0,1,14,away,4.0,0.0,False,1.0,7.0,Post-COVID,-1,0.0,NWG < 0,4.0,1.0,True,True,True
14069,DEN,122,Nuggets,2022-11-09,22200160,IND,119,Pacers,no,0,2023,1,3,1,1,0,2,18,away,5.0,0.0,False,1.0,-3.0,Post-COVID,-2,0.25,NWG < 0,5.0,1.0,True,True,True
13507,MEM,124,Grizzlies,2022-11-09,22200169,SAS,122,Spurs,no,0,2023,1,0,0,1,0,0,36,away,6.0,0.0,False,1.0,-2.0,Post-COVID,1,1.0,NWG > 0,6.0,1.0,True,True,True
15180,MIL,136,Bucks,2022-11-09,22200168,OKC,132,Thunder,no,0,2023,1,2,0,1,0,2,42,away,1.0,1.0,False,0.0,-4.0,Post-COVID,-1,0.3333333333333333,NWG < 0,1.0,0.0,True,True,True
19621,NOP,115,Pelicans,2022-11-09,22200166,CHI,111,Bulls,no,0,2023,1,2,0,1,0,2,29,away,2.0,1.0,False,0.0,-4.0,Post-COVID,-1,0.3333333333333333,NWG < 0,2.0,0.0,True,True,True
19600,CHA,112,Hornets,2022-11-10,22200174,MIA,117,Heat,no,0,2023,0,2,1,0,0,1,25,home,11.0,0.0,True,0.0,5.0,Post-COVID,-2,0.0,NWG < 0,-11.0,0.0,True,True,True
18064,CLE,101,Cavaliers,2022-11-11,22200182,GSW,106,Warriors,no,0,2023,1,0,0,1,0,0,19,home,3.0,1.0,True,1.0,5.0,Post-COVID,1,1.0,NWG > 0,-3.0,1.0,True,True,True
17849,SAC,120,Kings,2022-11-11,22200183,LAL,114,Lakers,no,0,2023,0,1,1,0,0,0,23,away,4.0,1.0,False,0.0,-6.0,Post-COVID,-1,0.0,NWG < 0,4.0,0.0,True,True,True
15367,HOU,106,Rockets,2022-11-12,22200191,NOP,119,Pelicans,NBA TV,0,2023,0,1,0,0,0,1,18,home,11.0,1.0,True,1.0,13.0,Post-COVID,-1,0.0,NWG < 0,-11.0,1.0,True,True,True
20277,POR,112,Trail Blazers,2022-11-12,22200190,DAL,117,Mavericks,no,0,2023,0,2,1,0,0,1,13,home,6.5,0.0,True,0.0,5.0,Post-COVID,-2,0.0,NWG < 0,-6.5,0.0,True,True,True
19432,MIN,129,Timberwolves,2022-11-13,22200193,CLE,124,Cavaliers,no,0,2023,3,0,0,3,0,0,35,home,0.0,0.0,True,0.0,-5.0,Post-COVID,3,1.0,NWG > 0,-0.0,0.0,True,True,True
19761,UTA,98,Jazz,2022-11-13,22200195,PHI,105,76ers,no,0,2023,2,0,0,2,0,0,16,home,3.5,1.0,True,1.0,7.0,Post-COVID,2,1.0,NWG > 0,-3.5,1.0,True,True,True
19156,OKC,122,Thunder,2022-11-14,22200201,BOS,126,Celtics,NBA TV,0,2023,1,0,0,1,0,0,21,home,12.0,0.0,True,0.0,4.0,Post-COVID,1,1.0,NWG > 0,-12.0,0.0,True,True,True
19600,PHX,112,Suns,2022-11-14,22200202,MIA,113,Heat,no,0,2023,2,2,0,2,0,2,40,home,2.5,0.0,True,0.0,1.0,Post-COVID,0,0.5,NWG = 0,-2.5,0.0,True,True,True
16988,TOR,115,Raptors,2022-11-14,22200199,DET,111,Pistons,no,0,2023,2,0,0,2,0,0,15,away,4.5,0.0,False,1.0,-4.0,Post-COVID,2,1.0,NWG > 0,4.5,1.0,True,True,True
19810,LAC,101,Clippers,2022-11-15,22200207,DAL,103,Mavericks,no,0,2023,0,1,0,0,0,1,14,home,6.5,0.0,True,0.0,2.0,Post-COVID,-1,0.0,NWG < 0,-6.5,0.0,True,True,True
19012,SAS,110,Spurs,2022-11-15,22200209,POR,117,Trail Blazers,no,0,2023,0,0,0,0,0,0,10,home,8.5,0.0,True,0.0,7.0,Post-COVID,0,,NWG = 0,-8.5,0.0,True,True,True
18210,NYK,106,Knicks,2022-11-16,22200219,DEN,103,Nuggets,no,0,2023,0,0,0,0,0,0,16,home,2.0,0.0,True,0.0,-3.0,Post-COVID,0,,NWG = 0,-2.0,0.0,True,True,True
12630,OKC,121,Thunder,2022-11-16,22200213,WAS,120,Wizards,no,0,2023,0,0,0,0,0,0,25,home,5.0,0.0,True,0.0,-1.0,Post-COVID,0,,NWG = 0,-5.0,0.0,True,True,True
19393,BKN,109,Nets,2022-11-17,22200221,POR,107,Trail Blazers,no,0,2023,1,0,0,1,0,0,17,home,3.0,0.0,True,0.0,-2.0,Post-COVID,1,1.0,NWG > 0,-3.0,0.0,True,True,True
19432,CHA,122,Hornets,2022-11-18,22200225,CLE,132,Cavaliers,no,0,2023,1,1,0,1,0,1,27,home,10.0,2.0,True,,10.0,Post-COVID,0,0.5,NWG = 0,-10.0,0.0,False,True,True
18772,MIA,106,Heat,2022-11-18,22200224,WAS,107,Wizards,no,0,2023,2,0,0,2,0,1,40,home,8.0,0.0,True,0.0,1.0,Post-COVID,2,1.0,NWG > 0,-8.0,0.0,True,True,True
21031,ORL,108,Magic,2022-11-18,22200227,CHI,107,Bulls,no,0,2023,0,1,0,0,0,1,24,home,8.5,0.0,True,0.0,-1.0,Post-COVID,-1,0.0,NWG < 0,-8.5,0.0,True,True,True
18206,PHX,133,Suns,2022-11-18,22200232,UTA,134,Jazz,no,0,2023,0,0,0,0,0,0,18,away,1.0,0.0,False,1.0,1.0,Post-COVID,0,,NWG = 0,1.0,1.0,True,True,True
20515,MIN,112,Timberwolves,2022-11-19,22200237,PHI,109,76ers,NBA TV,0,2023,3,2,0,3,0,2,24,away,3.5,0.0,False,1.0,-3.0,Post-COVID,1,0.6,NWG > 0,3.5,1.0,True,True,True
14478,ORL,113,Magic,2022-11-19,22200236,IND,114,Pacers,no,0,2023,0,1,0,0,0,1,15,home,7.5,0.0,True,0.0,1.0,Post-COVID,-1,0.0,NWG < 0,-7.5,0.0,True,True,True
18051,TOR,122,Raptors,2022-11-19,22200235,ATL,124,Hawks,no,0,2023,1,0,0,1,0,0,20,home,5.5,0.0,True,0.0,2.0,Post-COVID,1,1.0,NWG > 0,-5.5,0.0,True,True,True
19595,UTA,118,Jazz,2022-11-19,22200238,POR,113,Trail Blazers,NBA TV,0,2023,0,0,0,0,0,0,23,home,4.5,0.0,True,0.0,-5.0,Post-COVID,0,,NWG = 0,-4.5,0.0,True,True,True
14289,CHA,102,Hornets,2022-11-20,22200241,WAS,106,Wizards,no,0,2023,0,0,0,0,0,0,18,home,5.0,0.0,True,0.0,4.0,Post-COVID,0,,NWG = 0,-5.0,0.0,True,True,True
20244,DEN,98,Nuggets,2022-11-20,22200246,DAL,97,Mavericks,no,0,2023,1,1,0,1,0,1,18,home,10.5,0.0,True,0.0,-1.0,Post-COVID,0,0.5,NWG = 0,-10.5,0.0,True,True,True
17866,DET,129,Pistons,2022-11-20,22200242,SAC,137,Kings,no,0,2023,0,2,0,0,0,2,15,home,10.5,0.0,True,0.0,8.0,Post-COVID,-2,0.0,NWG < 0,-10.5,0.0,True,True,True
18055,GSW,127,Warriors,2022-11-20,22200245,HOU,120,Rockets,no,0,2023,2,1,0,2,0,1,33,away,10.5,0.0,False,1.0,-7.0,Post-COVID,1,0.6666666666666666,NWG > 0,10.5,1.0,True,True,True
16583,MIA,101,Heat,2022-11-21,22200252,MIN,105,Timberwolves,no,0,2023,1,2,0,1,0,2,27,home,8.5,0.0,True,0.0,4.0,Post-COVID,-1,0.3333333333333333,NWG < 0,-8.5,0.0,True,True,True
19635,DET,110,Pistons,2022-11-22,22200258,DEN,108,Nuggets,no,0,2023,3,2,0,3,0,2,19,home,12.0,0.0,True,0.0,-2.0,Post-COVID,1,0.6,NWG > 0,-12.0,0.0,True,True,True
16826,SAC,113,Kings,2022-11-22,22200257,MEM,109,Grizzlies,no,0,2023,2,2,1,2,0,1,28,home,3.0,0.0,True,0.0,-4.0,Post-COVID,0,0.5,NWG = 0,-3.0,0.0,True,True,True
17341,CHI,118,Bulls,2022-11-23,22200267,MIL,113,Bucks,no,0,2023,1,1,0,1,0,1,28,home,7.0,0.0,True,0.0,-5.0,Post-COVID,0,0.5,NWG = 0,-7.0,0.0,True,True,True
13656,DEN,131,Nuggets,2022-11-23,22200268,OKC,126,Thunder,no,0,2023,2,0,0,2,0,0,34,home,1.0,0.0,True,0.0,-5.0,Post-COVID,2,1.0,NWG > 0,-1.0,0.0,True,True,True
16910,PHI,101,76ers,2022-11-23,22200260,CHA,107,Hornets,no,0,2023,0,2,0,0,0,2,30,home,4.0,1.0,True,1.0,6.0,Post-COVID,-2,0.0,NWG < 0,-4.0,1.0,True,True,True
16669,ATL,122,Hawks,2022-11-25,22200278,HOU,128,Rockets,no,0,2023,0,0,0,0,0,0,24,away,7.0,0.0,False,1.0,6.0,Post-COVID,0,,NWG = 0,7.0,1.0,True,True,True
16082,CHI,119,Bulls,2022-11-25,22200281,OKC,123,Thunder,no,0,2023,0,1,0,0,0,1,24,away,3.0,0.0,False,1.0,4.0,Post-COVID,-1,0.0,NWG < 0,3.0,1.0,True,True,True
17071,DET,102,Pistons,2022-11-25,22200283,PHX,108,Suns,no,0,2023,1,0,0,1,0,0,16,home,12.0,0.0,True,0.0,6.0,Post-COVID,1,1.0,NWG > 0,-12.0,0.0,True,True,True
17924,MIN,108,Timberwolves,2022-11-25,22200272,CHA,110,Hornets,no,0,2023,0,2,0,0,0,2,19,away,6.5,0.0,False,1.0,2.0,Post-COVID,-2,0.0,NWG < 0,6.5,1.0,True,True,True
19812,POR,132,Trail Blazers,2022-11-25,22200274,NYK,129,Knicks,no,0,2023,2,1,1,1,1,0,36,home,4.0,0.0,True,0.0,-3.0,Post-COVID,1,0.6666666666666666,NWG > 0,-4.0,0.0,True,True,True
19600,WAS,107,Wizards,2022-11-25,22200277,MIA,110,Heat,no,0,2023,0,0,0,0,0,0,12,home,3.0,2.0,True,,3.0,Post-COVID,0,,NWG = 0,-3.0,0.0,False,True,True
19800,DAL,100,Mavericks,2022-11-26,22200286,TOR,105,Raptors,no,0,2023,0,0,0,0,0,0,27,away,2.5,0.0,False,1.0,5.0,Post-COVID,0,,NWG = 0,2.5,1.0,True,True,True
17071,UTA,112,Jazz,2022-11-26,22200289,PHX,113,Suns,no,0,2023,2,0,0,2,0,0,21,home,6.0,0.0,True,0.0,1.0,Post-COVID,2,1.0,NWG > 0,-6.0,0.0,True,True,True
19524,MEM,127,Grizzlies,2022-11-27,22200296,NYK,123,Knicks,no,0,2023,0,0,0,0,0,0,22,away,1.5,1.0,False,0.0,-4.0,Post-COVID,0,,NWG = 0,1.5,0.0,True,True,True
19778,ATL,101,Hawks,2022-11-28,22200299,PHI,104,76ers,NBA TV,0,2023,0,0,0,0,0,0,23,home,2.5,1.0,True,1.0,3.0,Post-COVID,0,,NWG = 0,-2.5,1.0,True,True,True
16034,IND,116,Pacers,2022-11-28,22200308,LAL,115,Lakers,no,0,2023,0,1,0,0,0,1,19,home,3.5,0.0,True,0.0,-1.0,Post-COVID,-1,0.0,NWG < 0,-3.5,0.0,True,True,True
13109,OKC,101,Thunder,2022-11-28,22200304,NOP,105,Pelicans,no,0,2023,1,3,0,0,1,3,22,home,5.5,0.0,True,0.0,4.0,Post-COVID,-2,0.25,NWG < 0,-5.5,0.0,True,True,True
16407,PHX,122,Suns,2022-11-28,22200307,SAC,117,Kings,no,0,2023,0,0,0,0,0,0,12,home,0.0,0.0,True,0.0,-5.0,Post-COVID,0,,NWG = 0,-0.0,0.0,True,True,True
20277,GSW,113,Warriors,2022-11-29,22200310,DAL,116,Mavericks,TNT,0,2023,0,1,0,0,0,1,37,home,1.5,1.0,True,1.0,3.0,Post-COVID,-1,0.0,NWG < 0,-1.5,1.0,True,True,True
17251,LAC,118,Clippers,2022-11-29,22200311,POR,112,Trail Blazers,TNT,0,2023,0,1,1,0,0,0,33,home,4.0,0.0,True,0.0,-6.0,Post-COVID,-1,0.0,NWG < 0,-4.0,0.0,True,True,True
17277,MIL,109,Bucks,2022-11-30,22200316,NYK,103,Knicks,no,0,2023,0,0,0,0,0,0,25,away,6.0,2.0,False,,-6.0,Post-COVID,0,,NWG = 0,6.0,0.0,False,True,True
15605,SAS,111,Spurs,2022-11-30,22200319,OKC,119,Thunder,no,0,2023,0,0,0,0,0,0,12,home,3.0,1.0,True,1.0,8.0,Post-COVID,0,,NWG = 0,-3.0,1.0,True,True,True
18106,DAL,125,Mavericks,2022-12-01,22200325,DET,131,Pistons,NBA TV,0,2023,0,1,0,0,0,1,39,away,8.0,0.0,False,1.0,6.0,Post-COVID,-1,0.0,NWG < 0,8.0,1.0,True,True,True
17071,HOU,122,Rockets,2022-12-02,22200334,PHX,121,Suns,no,0,2023,1,0,0,1,0,0,32,home,11.5,0.0,True,0.0,-1.0,Post-COVID,1,1.0,NWG > 0,-11.5,0.0,True,True,True
17938,LAL,133,Lakers,2022-12-02,22200331,MIL,129,Bucks,ESPN,0,2023,1,0,0,1,0,0,14,home,8.5,0.0,True,0.0,-4.0,Post-COVID,1,1.0,NWG > 0,-8.5,0.0,True,True,True
19156,MIA,120,Heat,2022-12-02,22200328,BOS,116,Celtics,no,0,2023,0,0,0,0,0,0,42,home,7.0,0.0,True,0.0,-4.0,Post-COVID,0,,NWG = 0,-7.0,0.0,True,True,True
15231,WAS,116,Wizards,2022-12-02,22200326,CHA,117,Hornets,no,0,2023,3,1,0,3,0,1,27,away,4.0,0.0,False,1.0,1.0,Post-COVID,2,0.75,NWG > 0,4.0,1.0,True,True,True
18206,POR,116,Trail Blazers,2022-12-03,22200343,UTA,111,Jazz,no,0,2023,1,1,0,1,0,1,31,home,5.0,0.0,True,0.0,-5.0,Post-COVID,0,0.5,NWG = 0,-5.0,0.0,True,True,True
13945,LAC,119,Clippers,2022-12-05,22200352,CHA,117,Hornets,no,0,2023,0,1,0,0,0,1,26,away,6.0,0.0,False,1.0,-2.0,Post-COVID,-1,0.0,NWG < 0,6.0,1.0,True,True,True
15331,PHI,123,76ers,2022-12-05,22200356,HOU,132,Rockets,no,0,2023,1,3,0,1,0,3,75,away,8.0,0.0,False,1.0,9.0,Post-COVID,-2,0.25,NWG < 0,8.0,1.0,True,True,True
19520,DAL,116,Mavericks,2022-12-06,22200362,DEN,115,Nuggets,TNT,0,2023,3,0,0,2,1,0,33,home,4.0,0.0,True,0.0,-1.0,Post-COVID,3,1.0,NWG > 0,-4.0,0.0,True,True,True
16903,CHA,116,Hornets,2022-12-07,22200364,BKN,122,Nets,no,0,2023,0,1,0,0,0,1,12,home,10.0,0.0,True,0.0,6.0,Post-COVID,-1,0.0,NWG < 0,-10.0,0.0,True,True,True
14073,DET,98,Pistons,2022-12-07,22200371,NOP,104,Pelicans,no,0,2023,1,1,0,1,0,1,14,home,11.0,0.0,True,0.0,6.0,Post-COVID,0,0.5,NWG = 0,-11.0,0.0,True,True,True
18206,GSW,123,Warriors,2022-12-07,22200372,UTA,124,Jazz,no,0,2023,1,1,0,1,0,1,38,home,5.5,0.0,True,0.0,1.0,Post-COVID,0,0.5,NWG = 0,-5.5,0.0,True,True,True
15472,IND,115,Pacers,2022-12-07,22200370,MIN,121,Timberwolves,no,0,2023,1,0,0,1,0,0,24,home,5.0,1.0,True,1.0,6.0,Post-COVID,1,1.0,NWG > 0,-5.0,1.0,True,True,True
14429,LAC,111,Clippers,2022-12-07,22200363,ORL,116,Magic,no,0,2023,1,1,0,1,0,1,21,away,6.5,0.0,False,1.0,5.0,Post-COVID,0,0.5,NWG = 0,6.5,1.0,True,True,True
19265,WAS,111,Wizards,2022-12-07,22200367,CHI,115,Bulls,no,0,2023,0,1,0,0,0,1,20,home,5.0,0.0,True,0.0,4.0,Post-COVID,-1,0.0,NWG < 0,-5.0,0.0,True,True,True
18189,DEN,121,Nuggets,2022-12-08,22200376,POR,120,Trail Blazers,NBA TV,0,2023,1,0,0,1,0,0,27,away,2.0,0.0,False,1.0,-1.0,Post-COVID,1,1.0,NWG > 0,2.0,1.0,True,True,True
19600,LAC,110,Clippers,2022-12-08,22200374,MIA,115,Heat,NBA TV,0,2023,1,1,0,1,0,1,37,home,6.5,0.0,True,0.0,5.0,Post-COVID,0,0.5,NWG = 0,-6.5,0.0,True,True,True
18072,ATL,116,Hawks,2022-12-09,22200380,BKN,120,Nets,no,0,2023,1,1,0,1,0,1,13,home,7.0,0.0,True,0.0,4.0,Post-COVID,0,0.5,NWG = 0,-7.0,0.0,True,True,True
20852,LAL,122,Lakers,2022-12-09,22200382,PHI,133,76ers,ESPN,0,2023,0,1,0,0,0,2,24,home,5.0,1.0,True,1.0,11.0,Post-COVID,-1,0.0,NWG < 0,-5.0,1.0,True,True,True
20277,MIL,106,Bucks,2022-12-09,22200386,DAL,105,Mavericks,ESPN,0,2023,2,1,0,2,0,1,34,home,1.0,0.0,True,0.0,-1.0,Post-COVID,1,0.6666666666666666,NWG > 0,-1.0,0.0,True,True,True
19432,SAC,106,Kings,2022-12-09,22200381,CLE,95,Cavaliers,no,0,2023,0,0,0,0,0,0,14,home,3.5,0.0,True,0.0,-11.0,Post-COVID,0,,NWG = 0,-3.5,0.0,True,True,True
17008,TOR,109,Raptors,2022-12-09,22200379,ORL,113,Magic,no,0,2023,0,0,0,0,0,0,13,away,8.5,0.0,False,1.0,4.0,Post-COVID,0,,NWG = 0,8.5,1.0,True,True,True
14280,BKN,136,Nets,2022-12-10,22200388,IND,133,Pacers,no,0,2023,2,0,0,1,1,0,20,home,8.5,0.0,True,0.0,-3.0,Post-COVID,2,1.0,NWG > 0,-8.5,0.0,True,True,True
18404,LAC,114,Clippers,2022-12-10,22200389,WAS,107,Wizards,no,0,2023,0,1,0,0,0,1,17,away,5.0,1.0,False,0.0,-7.0,Post-COVID,-1,0.0,NWG < 0,5.0,0.0,True,True,True
19600,SAS,115,Spurs,2022-12-10,22200387,MIA,111,Heat,no,0,2023,0,0,0,0,0,0,17,home,12.0,0.0,True,0.0,-4.0,Post-COVID,0,,NWG = 0,-12.0,0.0,True,True,True
19636,UTA,110,Jazz,2022-12-10,22200393,DEN,115,Nuggets,no,0,2023,0,1,0,0,0,1,20,home,11.5,0.0,True,0.0,5.0,Post-COVID,-1,0.0,NWG < 0,-11.5,0.0,True,True,True
17227,CHI,122,Bulls,2022-12-11,22200400,ATL,123,Hawks,no,0,2023,0,0,0,0,0,0,18,home,3.5,0.0,True,0.0,1.0,Post-COVID,0,,NWG = 0,-3.5,0.0,True,True,True
20190,LAL,124,Lakers,2022-12-11,22200396,DET,117,Pistons,no,0,2023,2,0,0,2,0,0,32,away,5.0,1.0,False,0.0,-7.0,Post-COVID,2,1.0,NWG > 0,5.0,0.0,True,True,True
16268,MIL,92,Bucks,2022-12-11,22200401,HOU,97,Rockets,no,0,2023,0,0,0,0,0,0,18,away,10.0,0.0,False,1.0,5.0,Post-COVID,0,,NWG = 0,10.0,1.0,True,True,True
18681,PHX,124,Suns,2022-12-11,22200395,NOP,129,Pelicans,no,0,2023,0,0,0,0,0,0,32,home,3.5,1.0,True,1.0,5.0,Post-COVID,0,,NWG = 0,-3.5,1.0,True,True,True
13434,CLE,111,Cavaliers,2022-12-12,22200406,SAS,112,Spurs,no,0,2023,2,0,0,2,0,0,22,away,9.5,0.0,False,1.0,1.0,Post-COVID,2,1.0,NWG > 0,9.5,1.0,True,True,True
18661,BOS,122,Celtics,2022-12-13,22200413,LAL,118,Lakers,TNT,0,2023,1,0,0,1,0,0,23,away,4.0,2.0,False,,-4.0,Post-COVID,1,1.0,NWG > 0,4.0,0.0,False,True,True
14303,DET,141,Pistons,2022-12-14,22200414,CHA,134,Hornets,no,0,2023,2,1,0,2,0,1,40,home,4.5,0.0,True,0.0,-7.0,Post-COVID,1,0.6666666666666666,NWG > 0,-4.5,0.0,True,True,True
15069,GSW,119,Warriors,2022-12-14,22200415,IND,125,Pacers,no,0,2023,1,1,0,1,0,1,23,away,1.5,0.0,False,1.0,6.0,Post-COVID,0,0.5,NWG = 0,1.5,1.0,True,True,True
14783,MIA,110,Heat,2022-12-14,22200419,OKC,108,Thunder,no,0,2023,1,3,0,1,0,3,15,away,2.5,0.0,False,1.0,-2.0,Post-COVID,-2,0.25,NWG < 0,2.5,1.0,True,True,True
18820,NYK,128,Knicks,2022-12-14,22200418,CHI,120,Bulls,ESPN,0,2023,1,1,0,1,0,1,45,home,3.5,0.0,True,0.0,-8.0,Post-COVID,0,0.5,NWG = 0,-3.5,0.0,True,True,True
19800,SAC,124,Kings,2022-12-14,22200417,TOR,123,Raptors,no,0,2023,1,0,0,1,0,0,14,home,5.0,0.0,True,0.0,-1.0,Post-COVID,1,1.0,NWG > 0,-5.0,0.0,True,True,True
16210,MIA,111,Heat,2022-12-15,22200424,HOU,108,Rockets,no,0,2023,1,2,1,1,0,1,28,away,3.0,2.0,False,,-3.0,Post-COVID,-1,0.3333333333333333,NWG < 0,3.0,0.0,False,True,True
18206,NOP,129,Pelicans,2022-12-15,22200426,UTA,132,Jazz,no,0,2023,0,0,0,0,0,0,29,away,1.5,0.0,False,1.0,3.0,Post-COVID,0,,NWG = 0,1.5,1.0,True,True,True
19800,BKN,119,Nets,2022-12-16,22200433,TOR,116,Raptors,no,0,2023,1,0,0,1,0,0,31,away,1.0,1.0,False,0.0,-3.0,Post-COVID,1,1.0,NWG > 0,1.0,0.0,True,True,True
19432,IND,112,Pacers,2022-12-16,22200431,CLE,118,Cavaliers,no,0,2023,2,1,0,2,0,1,14,home,8.0,0.0,True,0.0,6.0,Post-COVID,1,0.6666666666666666,NWG > 0,-8.0,0.0,True,True,True
14885,MIN,112,Timberwolves,2022-12-16,22200435,OKC,110,Thunder,no,0,2023,0,1,0,0,0,1,18,home,4.5,0.0,True,0.0,-2.0,Post-COVID,-1,0.0,NWG < 0,-4.5,0.0,True,True,True
19432,DAL,99,Mavericks,2022-12-17,22200440,CLE,100,Cavaliers,no,0,2023,1,1,0,1,0,1,37,home,8.5,0.0,True,0.0,1.0,Post-COVID,0,0.5,NWG = 0,-8.5,0.0,True,True,True
17071,NOP,114,Pelicans,2022-12-17,22200444,PHX,118,Suns,NBA TV,0,2023,0,0,0,0,0,0,15,home,3.0,1.0,True,1.0,4.0,Post-COVID,0,,NWG = 0,-3.0,1.0,True,True,True
19488,BKN,124,Nets,2022-12-18,22200447,DET,121,Pistons,no,0,2023,1,0,0,1,0,0,31,away,8.0,0.0,False,1.0,-3.0,Post-COVID,1,1.0,NWG > 0,8.0,1.0,True,True,True
19235,CHA,115,Hornets,2022-12-18,22200450,DEN,119,Nuggets,no,0,2023,0,1,0,0,0,1,24,home,9.0,0.0,True,0.0,4.0,Post-COVID,-1,0.0,NWG < 0,-9.0,0.0,True,True,True
14513,NYK,109,Knicks,2022-12-18,22200446,IND,106,Pacers,no,0,2023,0,0,0,0,0,0,16,home,1.0,0.0,True,0.0,-3.0,Post-COVID,0,,NWG = 0,-1.0,0.0,True,True,True
19156,ORL,95,Magic,2022-12-18,22200445,BOS,92,Celtics,no,0,2023,0,0,0,0,0,0,17,home,10.5,0.0,True,0.0,-3.0,Post-COVID,0,,NWG = 0,-10.5,0.0,True,True,True
18153,WAS,117,Wizards,2022-12-18,22200451,LAL,119,Lakers,no,0,2023,0,0,0,0,0,0,14,home,3.5,0.0,True,0.0,2.0,Post-COVID,0,,NWG = 0,-3.5,0.0,True,True,True
17803,CHA,125,Hornets,2022-12-19,22200460,SAC,119,Kings,no,0,2023,1,0,0,1,0,0,25,home,10.0,0.0,True,0.0,-6.0,Post-COVID,1,1.0,NWG > 0,-10.0,0.0,True,True,True
18271,MIL,128,Bucks,2022-12-19,22200457,NOP,119,Pelicans,no,0,2023,0,0,0,0,0,0,23,home,0.0,0.0,True,0.0,-9.0,Post-COVID,0,,NWG = 0,-0.0,0.0,True,True,True
17809,ORL,125,Magic,2022-12-19,22200454,ATL,126,Hawks,no,0,2023,0,2,1,0,0,1,29,home,8.5,0.0,True,0.0,1.0,Post-COVID,-2,0.0,NWG < 0,-8.5,0.0,True,True,True
14672,POR,121,Trail Blazers,2022-12-19,22200458,OKC,123,Thunder,no,0,2023,0,0,0,0,0,0,31,away,4.0,0.0,False,1.0,2.0,Post-COVID,0,,NWG = 0,4.0,1.0,True,True,True
20408,TOR,101,Raptors,2022-12-19,22200453,PHI,104,76ers,no,0,2023,0,3,1,0,0,2,27,home,6.5,0.0,True,0.0,3.0,Post-COVID,-3,0.0,NWG < 0,-6.5,0.0,True,True,True
17071,WAS,113,Wizards,2022-12-20,22200464,PHX,110,Suns,no,0,2023,0,0,0,0,0,0,21,home,7.5,0.0,True,0.0,-3.0,Post-COVID,0,,NWG = 0,-7.5,0.0,True,True,True
17226,CHI,110,Bulls,2022-12-21,22200468,ATL,108,Hawks,no,0,2023,1,0,0,1,0,0,20,home,5.0,0.0,True,0.0,-2.0,Post-COVID,1,1.0,NWG > 0,-5.0,0.0,True,True,True
16164,DAL,104,Mavericks,2022-12-21,22200473,MIN,99,Timberwolves,no,0,2023,2,4,1,2,0,3,33,away,2.5,1.0,False,0.0,-5.0,Post-COVID,-2,0.3333333333333333,NWG < 0,2.5,0.0,True,True,True
15107,POR,98,Trail Blazers,2022-12-21,22200474,OKC,101,Thunder,no,0,2023,0,0,0,0,0,0,15,away,3.5,0.0,False,1.0,3.0,Post-COVID,0,,NWG = 0,3.5,1.0,True,True,True
19294,TOR,113,Raptors,2022-12-21,22200471,NYK,106,Knicks,no,0,2023,1,0,0,1,0,0,19,home,2.0,0.0,True,0.0,-7.0,Post-COVID,1,1.0,NWG > 0,-2.0,0.0,True,True,True
18997,CHA,134,Hornets,2022-12-23,22200492,LAL,130,Lakers,no,0,2023,2,0,0,2,0,0,35,home,3.0,0.0,True,0.0,-4.0,Post-COVID,2,1.0,NWG > 0,-3.0,0.0,True,True,True
19812,CHI,118,Bulls,2022-12-23,22200485,NYK,117,Knicks,no,0,2023,0,0,0,0,0,0,15,home,6.0,0.0,True,0.0,-1.0,Post-COVID,0,,NWG = 0,-6.0,0.0,True,True,True
16989,DAL,112,Mavericks,2022-12-23,22200487,HOU,106,Rockets,no,0,2023,0,0,0,0,0,0,13,away,7.0,0.0,False,1.0,-6.0,Post-COVID,0,,NWG = 0,7.0,1.0,True,True,True
19600,IND,111,Pacers,2022-12-23,22200486,MIA,108,Heat,no,0,2023,1,0,0,1,0,0,15,home,6.0,0.0,True,0.0,-3.0,Post-COVID,1,1.0,NWG > 0,-6.0,0.0,True,True,True
19996,LAC,114,Clippers,2022-12-23,22200480,PHI,119,76ers,no,0,2023,0,0,0,0,0,0,23,home,4.0,1.0,True,1.0,5.0,Post-COVID,0,,NWG = 0,-4.0,1.0,True,True,True
15214,NOP,128,Pelicans,2022-12-23,22200488,OKC,125,Thunder,no,0,2023,1,1,0,1,0,1,52,home,1.5,0.0,True,0.0,-3.0,Post-COVID,0,0.5,NWG = 0,-1.5,0.0,True,True,True
19642,PHX,125,Suns,2022-12-25,22200497,DEN,128,Nuggets,ABC/ESPN,0,2023,1,0,0,1,0,0,20,home,4.0,0.0,True,0.0,3.0,Post-COVID,1,1.0,NWG > 0,-4.0,0.0,True,True,True
20190,LAC,142,Clippers,2022-12-26,22200499,DET,131,Pistons,no,0,2023,0,0,0,0,0,0,29,away,6.0,1.0,False,0.0,-11.0,Post-COVID,0,,NWG = 0,6.0,0.0,True,True,True
19911,MIN,110,Timberwolves,2022-12-26,22200500,MIA,113,Heat,no,0,2023,1,0,0,0,1,0,17,home,1.0,1.0,True,1.0,3.0,Post-COVID,1,1.0,NWG > 0,-1.0,1.0,True,True,True
16351,UTA,122,Jazz,2022-12-26,22200503,SAS,126,Spurs,no,0,2023,0,0,0,0,0,0,15,away,4.5,0.0,False,1.0,4.0,Post-COVID,0,,NWG = 0,4.5,1.0,True,True,True
18064,CHA,105,Hornets,2022-12-27,22200513,GSW,110,Warriors,no,0,2023,0,0,0,0,0,0,13,home,5.0,2.0,True,,5.0,Post-COVID,0,,NWG = 0,-5.0,0.0,False,True,True
20377,NYK,121,Knicks,2022-12-27,22200512,DAL,126,Mavericks,NBA TV,0,2023,1,0,0,1,0,0,58,home,5.5,0.0,True,0.0,5.0,Post-COVID,1,1.0,NWG > 0,-5.5,0.0,True,True,True
20476,PHI,111,76ers,2022-12-27,22200506,WAS,116,Wizards,no,0,2023,0,1,0,0,0,1,20,away,4.5,0.0,False,1.0,5.0,Post-COVID,-1,0.0,NWG < 0,4.5,1.0,True,True,True
18030,BKN,108,Nets,2022-12-28,22200517,ATL,107,Hawks,no,0,2023,0,0,0,0,0,0,10,away,7.0,0.0,False,1.0,-1.0,Post-COVID,0,,NWG = 0,7.0,1.0,True,True,True
17985,DEN,126,Nuggets,2022-12-28,22200522,SAC,127,Kings,NBA TV,0,2023,2,1,0,2,0,1,33,home,3.0,0.0,True,0.0,1.0,Post-COVID,1,0.6666666666666666,NWG > 0,-3.0,0.0,True,True,True
21537,MIL,113,Bucks,2022-12-28,22200519,CHI,119,Bulls,no,0,2023,2,0,0,1,1,0,28,away,2.5,0.0,False,1.0,6.0,Post-COVID,2,1.0,NWG > 0,2.5,1.0,True,True,True
18669,MIN,118,Timberwolves,2022-12-28,22200520,NOP,119,Pelicans,no,0,2023,0,0,0,0,0,0,15,home,6.5,0.0,True,0.0,1.0,Post-COVID,0,,NWG = 0,-6.5,0.0,True,True,True
18064,UTA,107,Jazz,2022-12-28,22200521,GSW,112,Warriors,no,0,2023,1,0,0,1,0,0,31,away,4.5,0.0,False,1.0,5.0,Post-COVID,1,1.0,NWG > 0,4.5,1.0,True,True,True
17274,CLE,126,Cavaliers,2022-12-29,22200524,IND,135,Pacers,no,0,2023,1,0,0,0,1,0,12,away,4.0,0.0,False,1.0,9.0,Post-COVID,1,1.0,NWG > 0,4.0,1.0,True,True,True
19156,LAC,110,Clippers,2022-12-29,22200525,BOS,116,Celtics,NBA TV,0,2023,1,1,0,1,0,1,13,home,6.5,0.0,True,0.0,6.0,Post-COVID,0,0.5,NWG = 0,-6.5,0.0,True,True,True
17984,LAL,130,Lakers,2022-12-30,22200530,ATL,121,Hawks,NBA TV,0,2023,0,1,0,0,0,1,9,home,6.0,0.0,True,0.0,-9.0,Post-COVID,-1,0.0,NWG < 0,-6.0,0.0,True,True,True
19638,MIA,119,Heat,2022-12-30,22200535,DEN,124,Nuggets,no,0,2023,0,2,0,0,0,2,31,home,4.5,1.0,True,1.0,5.0,Post-COVID,-2,0.0,NWG < 0,-4.5,1.0,True,True,True
19800,PHX,104,Suns,2022-12-30,22200531,TOR,113,Raptors,no,0,2023,0,0,0,0,0,0,16,home,2.0,1.0,True,1.0,9.0,Post-COVID,0,,NWG = 0,-2.0,1.0,True,True,True
18064,POR,112,Trail Blazers,2022-12-30,22200536,GSW,118,Warriors,NBA TV,0,2023,0,1,1,0,0,0,19,away,1.0,0.0,False,1.0,6.0,Post-COVID,-1,0.0,NWG < 0,1.0,1.0,True,True,True
17946,UTA,125,Jazz,2022-12-30,22200537,SAC,126,Kings,no,0,2023,0,0,0,0,0,0,31,home,3.0,0.0,True,0.0,1.0,Post-COVID,0,,NWG = 0,-3.0,0.0,True,True,True
21524,CLE,103,Cavaliers,2022-12-31,22200540,CHI,102,Bulls,no,0,2023,0,1,0,0,0,1,21,away,1.0,2.0,False,,-1.0,Post-COVID,-1,0.0,NWG < 0,1.0,0.0,False,True,True
18354,DAL,126,Mavericks,2022-12-31,22200542,SAS,125,Spurs,no,0,2023,2,0,0,1,1,0,36,away,7.5,0.0,False,1.0,-1.0,Post-COVID,2,1.0,NWG > 0,7.5,1.0,True,True,True
16731,LAC,130,Clippers,2022-12-31,22200538,IND,131,Pacers,no,0,2023,0,0,0,0,0,0,23,away,2.5,0.0,False,1.0,1.0,Post-COVID,0,,NWG = 0,2.5,1.0,True,True,True
18206,MIA,126,Heat,2022-12-31,22200546,UTA,123,Jazz,no,0,2023,0,1,0,0,0,1,20,home,4.0,0.0,True,0.0,-3.0,Post-COVID,-1,0.0,NWG < 0,-4.0,0.0,True,True,True
18064,ATL,141,Hawks,2023-01-02,22200558,GSW,143,Warriors,NBA TV,0,2023,3,3,0,3,0,3,77,home,1.5,1.0,True,1.0,2.0,Post-COVID,0,0.5,NWG = 0,-1.5,1.0,True,True,True
19432,CHI,134,Bulls,2023-01-02,22200552,CLE,145,Cavaliers,no,0,2023,2,0,0,2,0,0,33,home,4.0,1.0,True,1.0,11.0,Post-COVID,2,1.0,NWG > 0,-4.0,1.0,True,True,True
18055,DAL,111,Mavericks,2023-01-02,22200556,HOU,106,Rockets,no,0,2023,0,0,0,0,0,0,21,away,7.0,0.0,False,1.0,-5.0,Post-COVID,0,,NWG = 0,7.0,1.0,True,True,True
20531,NOP,111,Pelicans,2023-01-02,22200554,PHI,120,76ers,no,0,2023,0,0,0,0,0,0,12,home,5.5,1.0,True,1.0,9.0,Post-COVID,0,,NWG = 0,-5.5,1.0,True,True,True
18206,SAC,117,Kings,2023-01-03,22200563,UTA,115,Jazz,no,0,2023,0,1,1,0,0,0,29,home,3.0,0.0,True,0.0,-2.0,Post-COVID,-1,0.0,NWG < 0,-3.0,0.0,True,True,True
17611,ATL,120,Hawks,2023-01-04,22200575,SAC,117,Kings,no,0,2023,0,0,0,0,0,0,20,home,1.5,0.0,True,0.0,-3.0,Post-COVID,0,,NWG = 0,-1.5,0.0,True,True,True
18064,DET,122,Pistons,2023-01-04,22200573,GSW,119,Warriors,no,0,2023,0,0,0,0,0,0,24,home,6.5,0.0,True,0.0,-3.0,Post-COVID,0,,NWG = 0,-6.5,0.0,True,True,True
20033,IND,126,Pacers,2023-01-04,22200567,PHI,129,76ers,no,0,2023,5,2,0,5,0,2,38,home,5.0,0.0,True,0.0,3.0,Post-COVID,3,0.7142857142857143,NWG > 0,-5.0,0.0,True,True,True
18997,MIA,109,Heat,2023-01-04,22200574,LAL,112,Lakers,ESPN,0,2023,0,0,0,0,0,0,14,away,8.5,0.0,False,1.0,3.0,Post-COVID,0,,NWG = 0,8.5,1.0,True,True,True
19800,MIL,104,Bucks,2023-01-04,22200569,TOR,101,Raptors,ESPN,0,2023,4,0,0,4,0,0,67,home,5.5,0.0,True,0.0,-3.0,Post-COVID,4,1.0,NWG > 0,-5.5,0.0,True,True,True
19432,PHX,88,Suns,2023-01-04,22200565,CLE,90,Cavaliers,no,0,2023,1,1,0,1,0,1,19,home,5.0,0.0,True,0.0,2.0,Post-COVID,0,0.5,NWG = 0,-5.0,0.0,True,True,True
19812,SAS,114,Spurs,2023-01-04,22200568,NYK,117,Knicks,no,0,2023,3,0,0,3,0,0,15,home,10.0,0.0,True,0.0,3.0,Post-COVID,3,1.0,NWG > 0,-10.0,0.0,True,True,True
18636,BKN,108,Nets,2023-01-06,22200586,NOP,102,Pelicans,ESPN,0,2023,0,0,0,0,0,0,11,away,4.5,1.0,False,0.0,-6.0,Post-COVID,0,,NWG = 0,4.5,0.0,True,True,True
19800,NYK,112,Knicks,2023-01-06,22200582,TOR,108,Raptors,no,0,2023,1,0,0,1,0,0,19,home,4.0,0.0,True,0.0,-4.0,Post-COVID,1,1.0,NWG > 0,-4.0,0.0,True,True,True
16548,POR,99,Trail Blazers,2023-01-06,22200580,IND,108,Pacers,no,0,2023,0,0,0,0,0,0,16,home,1.0,1.0,True,1.0,9.0,Post-COVID,0,,NWG = 0,-1.0,1.0,True,True,True
18354,BOS,121,Celtics,2023-01-07,22200591,SAS,116,Spurs,no,0,2023,1,4,0,1,0,4,36,away,14.5,0.0,False,1.0,-5.0,Post-COVID,-3,0.2,NWG < 0,14.5,1.0,True,True,True
17611,LAL,136,Lakers,2023-01-07,22200595,SAC,134,Kings,no,0,2023,0,1,0,0,0,1,32,home,7.5,0.0,True,0.0,-2.0,Post-COVID,-1,0.0,NWG < 0,-7.5,0.0,True,True,True
19068,ATL,112,Hawks,2023-01-08,22200604,LAC,108,Clippers,no,0,2023,1,1,0,1,0,1,15,home,2.5,0.0,True,0.0,-4.0,Post-COVID,0,0.5,NWG = 0,-2.5,0.0,True,True,True
19901,BKN,102,Nets,2023-01-08,22200599,MIA,101,Heat,no,0,2023,1,0,0,1,0,0,28,away,3.0,0.0,False,1.0,-1.0,Post-COVID,1,1.0,NWG > 0,3.0,1.0,True,True,True
15805,CHA,111,Hornets,2023-01-08,22200598,IND,116,Pacers,no,0,2023,0,0,0,0,0,0,33,home,5.5,0.0,True,0.0,5.0,Post-COVID,0,,NWG = 0,-5.5,0.0,True,True,True
19156,CHI,99,Bulls,2023-01-09,22200606,BOS,107,Celtics,NBA TV,0,2023,0,0,0,0,0,0,31,home,9.0,0.0,True,0.0,8.0,Post-COVID,0,,NWG = 0,-9.0,0.0,True,True,True
18167,MIL,111,Bucks,2023-01-09,22200607,NYK,107,Knicks,no,0,2023,0,2,0,0,0,2,23,home,0.0,0.0,True,0.0,-4.0,Post-COVID,-2,0.0,NWG < 0,-0.0,0.0,True,True,True
18206,CLE,114,Cavaliers,2023-01-10,22200614,UTA,116,Jazz,no,0,2023,0,0,0,0,0,0,18,away,2.5,0.0,False,1.0,2.0,Post-COVID,0,,NWG = 0,2.5,1.0,True,True,True
19600,OKC,111,Thunder,2023-01-10,22200611,MIA,112,Heat,TNT,0,2023,1,0,0,1,0,0,19,home,1.5,0.0,True,0.0,1.0,Post-COVID,1,1.0,NWG > 0,-1.5,0.0,True,True,True
18176,ORL,109,Magic,2023-01-10,22200616,POR,106,Trail Blazers,no,0,2023,1,0,0,1,0,0,14,home,8.5,0.0,True,0.0,-3.0,Post-COVID,1,1.0,NWG > 0,-8.5,0.0,True,True,True
17032,CHI,97,Bulls,2023-01-11,22200619,WAS,100,Wizards,no,0,2023,0,0,0,0,0,0,20,away,1.5,0.0,False,1.0,3.0,Post-COVID,0,,NWG = 0,1.5,1.0,True,True,True
18249,IND,113,Pacers,2023-01-11,22200622,NYK,119,Knicks,no,0,2023,1,2,0,1,0,2,13,home,5.0,1.0,True,1.0,6.0,Post-COVID,-1,0.3333333333333333,NWG < 0,-5.0,1.0,True,True,True
17154,MIL,114,Bucks,2023-01-11,22200620,ATL,105,Hawks,ESPN,0,2023,1,1,0,1,0,1,28,away,4.0,1.0,False,0.0,-9.0,Post-COVID,0,0.5,NWG = 0,4.0,0.0,True,True,True
16454,SAS,129,Spurs,2023-01-11,22200623,MEM,135,Grizzlies,no,0,2023,0,1,0,0,0,2,13,home,13.5,0.0,True,0.0,6.0,Post-COVID,-1,0.0,NWG < 0,-13.5,0.0,True,True,True
18105,CLE,119,Cavaliers,2023-01-12,22200631,POR,113,Trail Blazers,no,0,2023,1,1,0,1,0,1,20,away,1.5,1.0,False,0.0,-6.0,Post-COVID,0,0.5,NWG = 0,1.5,0.0,True,True,True
18997,DAL,119,Mavericks,2023-01-12,22200630,LAL,115,Lakers,TNT,0,2023,4,3,1,4,0,2,41,away,2.5,1.0,False,0.0,-4.0,Post-COVID,1,0.5714285714285714,NWG > 0,2.5,0.0,True,True,True
16071,ATL,113,Hawks,2023-01-13,22200633,IND,111,Pacers,no,0,2023,0,1,0,0,0,1,23,away,3.5,0.0,False,1.0,-2.0,Post-COVID,-1,0.0,NWG < 0,3.5,1.0,True,True,True
20476,NYK,112,Knicks,2023-01-13,22200634,WAS,108,Wizards,no,0,2023,0,0,0,0,0,0,13,away,3.5,1.0,False,0.0,-4.0,Post-COVID,0,,NWG = 0,3.5,0.0,True,True,True
18206,ORL,108,Magic,2023-01-13,22200638,UTA,112,Jazz,no,0,2023,0,0,0,0,0,0,29,home,5.5,0.0,True,0.0,4.0,Post-COVID,0,,NWG = 0,-5.5,0.0,True,True,True
18206,PHI,118,76ers,2023-01-14,22200646,UTA,117,Jazz,no,0,2023,2,0,0,2,0,0,24,away,7.0,0.0,False,1.0,-1.0,Post-COVID,2,1.0,NWG > 0,7.0,1.0,True,True,True
19641,ORL,116,Magic,2023-01-15,22200653,DEN,119,Nuggets,no,0,2023,0,0,0,0,0,0,16,home,10.5,0.0,True,0.0,3.0,Post-COVID,0,,NWG = 0,-10.5,0.0,True,True,True
18020,PHI,113,76ers,2023-01-15,22200655,LAL,112,Lakers,NBA TV,0,2023,0,0,0,0,0,0,12,away,5.5,0.0,False,1.0,-1.0,Post-COVID,0,,NWG = 0,5.5,1.0,True,True,True
17657,HOU,132,Rockets,2023-01-16,22200664,LAL,140,Lakers,NBA TV,0,2023,0,1,0,0,0,1,28,home,7.5,1.0,True,1.0,8.0,Post-COVID,-1,0.0,NWG < 0,-7.5,1.0,True,True,True
19812,TOR,123,Raptors,2023-01-16,22200659,NYK,121,Knicks,no,0,2023,0,0,0,0,0,0,47,home,1.5,0.0,True,0.0,-2.0,Post-COVID,0,,NWG = 0,-1.5,0.0,True,True,True
16477,UTA,126,Jazz,2023-01-16,22200662,MIN,125,Timberwolves,no,0,2023,0,0,0,0,0,0,20,home,4.0,0.0,True,0.0,-1.0,Post-COVID,0,,NWG = 0,-4.0,0.0,True,True,True
20125,ATL,130,Hawks,2023-01-18,22200670,DAL,122,Mavericks,ESPN,0,2023,0,0,0,0,0,0,17,home,2.5,0.0,True,0.0,-8.0,Post-COVID,0,,NWG = 0,-2.5,0.0,True,True,True
15678,CHA,122,Hornets,2023-01-18,22200671,HOU,117,Rockets,no,0,2023,0,0,0,0,0,0,25,away,3.5,1.0,False,0.0,-5.0,Post-COVID,0,,NWG = 0,3.5,0.0,True,True,True
16892,CLE,114,Cavaliers,2023-01-18,22200672,MEM,115,Grizzlies,no,0,2023,0,0,0,0,0,0,26,home,7.5,0.0,True,0.0,1.0,Post-COVID,0,,NWG = 0,-7.5,0.0,True,True,True
16112,MIN,118,Timberwolves,2023-01-18,22200676,DEN,122,Nuggets,ESPN,0,2023,1,0,0,1,0,0,17,home,9.5,0.0,True,0.0,4.0,Post-COVID,1,1.0,NWG > 0,-9.5,0.0,True,True,True
18142,SAC,116,Kings,2023-01-18,22200677,LAL,111,Lakers,no,0,2023,0,4,1,0,0,3,15,home,2.5,0.0,True,0.0,-5.0,Post-COVID,-4,0.0,NWG < 0,-2.5,0.0,True,True,True
17071,BKN,112,Nets,2023-01-19,22200681,PHX,117,Suns,TNT,0,2023,0,1,0,0,0,1,16,away,3.5,0.0,False,1.0,5.0,Post-COVID,-1,0.0,NWG < 0,3.5,1.0,True,True,True
19156,GSW,118,Warriors,2023-01-19,22200679,BOS,121,Celtics,TNT,0,2023,5,1,1,4,1,0,59,home,6.5,0.0,True,0.0,3.0,Post-COVID,4,0.8333333333333334,NWG > 0,-6.5,0.0,True,True,True
16318,TOR,126,Raptors,2023-01-19,22200680,MIN,128,Timberwolves,no,0,2023,1,0,0,1,0,0,12,away,4.5,0.0,False,1.0,2.0,Post-COVID,1,1.0,NWG > 0,4.5,1.0,True,True,True
18206,BKN,117,Nets,2023-01-20,22200689,UTA,106,Jazz,no,0,2023,0,2,0,0,0,2,25,home,4.5,0.0,True,0.0,-11.0,Post-COVID,-2,0.0,NWG < 0,-4.5,0.0,True,True,True
18997,MEM,121,Grizzlies,2023-01-20,22200690,LAL,122,Lakers,ESPN,0,2023,1,0,0,1,0,0,28,away,6.5,0.0,False,1.0,1.0,Post-COVID,1,1.0,NWG > 0,6.5,1.0,True,True,True
17932,OKC,113,Thunder,2023-01-20,22200691,SAC,118,Kings,no,0,2023,0,3,0,0,0,3,13,home,5.5,0.0,True,0.0,5.0,Post-COVID,-3,0.0,NWG < 0,-5.5,0.0,True,True,True
19800,BOS,106,Celtics,2023-01-21,22200692,TOR,104,Raptors,no,0,2023,1,1,1,1,0,0,18,away,3.5,0.0,False,1.0,-2.0,Post-COVID,0,0.5,NWG = 0,3.5,1.0,True,True,True
17928,CHA,122,Hornets,2023-01-21,22200694,ATL,118,Hawks,no,0,2023,1,1,1,0,1,0,29,home,7.5,0.0,True,0.0,-4.0,Post-COVID,0,0.5,NWG = 0,-7.5,0.0,True,True,True
17071,IND,107,Pacers,2023-01-21,22200697,PHX,112,Suns,no,0,2023,1,1,1,0,1,0,13,home,2.5,1.0,True,1.0,5.0,Post-COVID,0,0.5,NWG = 0,-2.5,1.0,True,True,True
17861,PHI,129,76ers,2023-01-21,22200698,SAC,127,Kings,no,0,2023,2,0,0,2,0,0,16,home,4.5,0.0,True,0.0,-2.0,Post-COVID,2,1.0,NWG > 0,-4.5,0.0,True,True,True
18064,BKN,120,Nets,2023-01-22,22200704,GSW,116,Warriors,NBA TV,0,2023,0,0,0,0,0,0,17,home,7.5,0.0,True,0.0,-4.0,Post-COVID,0,,NWG = 0,-7.5,0.0,True,True,True
17071,MEM,110,Grizzlies,2023-01-22,22200703,PHX,112,Suns,no,0,2023,0,0,0,0,0,0,16,away,8.5,0.0,False,1.0,2.0,Post-COVID,0,,NWG = 0,8.5,1.0,True,True,True
19600,NOP,96,Pelicans,2023-01-22,22200699,MIA,100,Heat,no,0,2023,0,0,0,0,0,0,26,home,7.5,0.0,True,0.0,4.0,Post-COVID,0,,NWG = 0,-7.5,0.0,True,True,True
19557,OKC,101,Thunder,2023-01-22,22200702,DEN,99,Nuggets,no,0,2023,2,2,0,1,1,2,19,home,3.5,0.0,True,0.0,-2.0,Post-COVID,0,0.5,NWG = 0,-3.5,0.0,True,True,True
13811,MIN,114,Timberwolves,2023-01-23,22200709,HOU,119,Rockets,no,0,2023,1,1,1,1,0,0,27,away,5.5,0.0,False,1.0,5.0,Post-COVID,0,0.5,NWG = 0,5.5,1.0,True,True,True
19705,BOS,95,Celtics,2023-01-24,22200714,MIA,98,Heat,TNT,0,2023,0,0,0,0,0,0,12,home,2.5,1.0,True,1.0,3.0,Post-COVID,0,,NWG = 0,-2.5,1.0,True,True,True
16102,CHI,110,Bulls,2023-01-24,22200713,IND,116,Pacers,no,0,2023,1,0,0,1,0,0,19,away,1.5,0.0,False,1.0,6.0,Post-COVID,1,1.0,NWG > 0,1.5,1.0,True,True,True
19812,CLE,103,Cavaliers,2023-01-24,22200715,NYK,105,Knicks,no,0,2023,2,1,0,2,0,1,31,away,3.5,0.0,False,1.0,2.0,Post-COVID,1,0.6666666666666666,NWG > 0,3.5,1.0,True,True,True
14699,DEN,99,Nuggets,2023-01-24,22200716,NOP,98,Pelicans,no,0,2023,2,0,0,2,0,0,16,away,2.5,0.0,False,1.0,-1.0,Post-COVID,2,1.0,NWG > 0,2.5,1.0,True,True,True
20077,WAS,127,Wizards,2023-01-24,22200717,DAL,126,Mavericks,no,0,2023,0,1,1,0,0,0,17,home,6.5,0.0,True,0.0,-1.0,Post-COVID,-1,0.0,NWG < 0,-6.5,0.0,True,True,True
15079,ATL,137,Hawks,2023-01-25,22200725,OKC,132,Thunder,no,0,2023,0,0,0,0,0,0,19,away,1.5,1.0,False,0.0,-5.0,Post-COVID,0,,NWG = 0,1.5,0.0,True,True,True
19772,BKN,133,Nets,2023-01-25,22200721,PHI,137,76ers,ESPN,0,2023,1,1,0,1,0,1,18,home,6.5,0.0,True,0.0,4.0,Post-COVID,0,0.5,NWG = 0,-6.5,0.0,True,True,True
18064,MEM,120,Grizzlies,2023-01-25,22200726,GSW,122,Warriors,ESPN,0,2023,1,0,0,1,0,0,36,home,2.5,0.0,True,0.0,2.0,Post-COVID,1,1.0,NWG > 0,-2.5,0.0,True,True,True
17071,DAL,99,Mavericks,2023-01-26,22200734,PHX,95,Suns,TNT,0,2023,1,1,0,1,0,1,34,home,1.5,0.0,True,0.0,-4.0,Post-COVID,0,0.5,NWG = 0,-1.5,0.0,True,True,True
19156,NYK,120,Knicks,2023-01-26,22200730,BOS,117,Celtics,TNT,0,2023,2,1,0,2,0,1,27,home,8.5,0.0,True,0.0,-3.0,Post-COVID,1,0.6666666666666666,NWG > 0,-8.5,0.0,True,True,True
19788,ORL,105,Magic,2023-01-27,22200738,MIA,110,Heat,no,0,2023,1,1,0,1,0,1,22,home,8.5,0.0,True,0.0,5.0,Post-COVID,0,0.5,NWG = 0,-8.5,0.0,True,True,True
21255,DEN,119,Nuggets,2023-01-28,22200741,PHI,126,76ers,ABC,0,2023,1,0,0,1,0,0,25,home,2.5,1.0,True,1.0,7.0,Post-COVID,1,1.0,NWG > 0,-2.5,1.0,True,True,True
19411,HOU,117,Rockets,2023-01-28,22200743,DET,114,Pistons,no,0,2023,0,0,0,0,0,0,20,home,5.5,0.0,True,0.0,-3.0,Post-COVID,0,,NWG = 0,-5.5,0.0,True,True,True
19156,LAL,121,Lakers,2023-01-28,22200749,BOS,125,Celtics,ABC,0,2023,1,2,0,1,0,2,27,home,7.5,0.0,True,0.0,4.0,Post-COVID,-1,0.3333333333333333,NWG < 0,-7.5,0.0,True,True,True
18354,PHX,128,Suns,2023-01-28,22200748,SAS,118,Spurs,no,0,2023,0,1,0,0,0,1,10,away,5.5,1.0,False,0.0,-10.0,Post-COVID,-1,0.0,NWG < 0,5.5,0.0,True,True,True
18262,ATL,125,Hawks,2023-01-30,22200763,POR,129,Trail Blazers,NBA TV,0,2023,1,1,0,1,0,1,22,home,5.5,0.0,True,0.0,4.0,Post-COVID,0,0.5,NWG = 0,-5.5,0.0,True,True,True
19777,DET,105,Pistons,2023-01-30,22200761,DAL,111,Mavericks,no,0,2023,2,0,0,2,0,0,15,home,10.5,0.0,True,0.0,6.0,Post-COVID,2,1.0,NWG > 0,-10.5,0.0,True,True,True
15342,SAC,118,Kings,2023-01-30,22200758,MIN,111,Timberwolves,no,0,2023,1,0,0,1,0,0,34,away,1.5,1.0,False,0.0,-7.0,Post-COVID,1,1.0,NWG > 0,1.5,0.0,True,True,True
17071,TOR,106,Raptors,2023-01-30,22200762,PHX,114,Suns,no,0,2023,0,1,1,0,0,0,34,home,1.5,1.0,True,1.0,8.0,Post-COVID,-1,0.0,NWG < 0,-1.5,1.0,True,True,True
20068,LAC,108,Clippers,2023-01-31,22200766,CHI,103,Bulls,no,0,2023,1,1,0,1,0,1,26,away,2.5,1.0,False,0.0,-5.0,Post-COVID,0,0.5,NWG = 0,2.5,0.0,True,True,True
19812,LAL,129,Lakers,2023-01-31,22200765,NYK,123,Knicks,TNT,0,2023,1,0,0,1,0,0,22,home,1.5,0.0,True,0.0,-6.0,Post-COVID,1,1.0,NWG > 0,-1.5,0.0,True,True,True
19432,MIA,100,Heat,2023-01-31,22200764,CLE,97,Cavaliers,no,0,2023,1,0,0,1,0,0,30,home,3.5,0.0,True,0.0,-3.0,Post-COVID,1,1.0,NWG > 0,-3.5,0.0,True,True,True
17136,GSW,114,Warriors,2023-02-01,22200774,MIN,119,Timberwolves,no,0,2023,2,0,0,2,0,0,32,away,5.5,0.0,False,1.0,5.0,Post-COVID,2,1.0,NWG > 0,5.5,1.0,True,True,True
14589,POR,122,Trail Blazers,2023-02-01,22200771,MEM,112,Grizzlies,no,0,2023,0,1,0,0,0,1,25,home,5.5,0.0,True,0.0,-10.0,Post-COVID,-1,0.0,NWG < 0,-5.5,0.0,True,True,True
18206,TOR,128,Raptors,2023-02-01,22200776,UTA,131,Jazz,no,0,2023,1,0,0,1,0,0,18,home,2.5,1.0,True,1.0,3.0,Post-COVID,1,1.0,NWG > 0,-2.5,1.0,True,True,True
17341,LAC,105,Clippers,2023-02-02,22200784,MIL,106,Bucks,TNT,0,2023,0,0,0,0,0,0,20,home,4.5,0.0,True,0.0,1.0,Post-COVID,0,,NWG = 0,-4.5,0.0,True,True,True
17274,LAL,112,Lakers,2023-02-02,22200778,IND,111,Pacers,no,0,2023,0,1,0,0,0,1,23,away,2.5,0.0,False,1.0,-1.0,Post-COVID,-1,0.0,NWG < 0,2.5,1.0,True,True,True
19044,MIA,104,Heat,2023-02-02,22200780,NYK,106,Knicks,no,0,2023,0,2,0,0,0,2,25,away,1.5,0.0,False,1.0,2.0,Post-COVID,-2,0.0,NWG < 0,1.5,1.0,True,True,True
19670,NOP,106,Pelicans,2023-02-02,22200782,DAL,111,Mavericks,no,0,2023,1,0,0,0,1,0,26,home,4.5,1.0,True,1.0,5.0,Post-COVID,1,1.0,NWG > 0,-4.5,1.0,True,True,True
18007,CHA,112,Hornets,2023-02-03,22200785,DET,118,Pistons,no,0,2023,0,1,0,0,0,1,18,away,1.5,0.0,False,1.0,6.0,Post-COVID,-1,0.0,NWG < 0,1.5,1.0,True,True,True
17274,SAC,104,Kings,2023-02-03,22200786,IND,107,Pacers,no,0,2023,3,0,0,2,1,0,30,away,1.5,0.0,False,1.0,3.0,Post-COVID,3,1.0,NWG > 0,1.5,1.0,True,True,True
19812,LAC,134,Clippers,2023-02-04,22200795,NYK,128,Knicks,no,0,2023,0,0,0,0,0,0,19,away,2.5,1.0,False,0.0,-6.0,Post-COVID,0,,NWG = 0,2.5,0.0,True,True,True
17732,WAS,123,Wizards,2023-02-04,22200793,BKN,125,Nets,no,0,2023,2,1,0,1,1,1,27,away,1.5,0.0,False,1.0,2.0,Post-COVID,1,0.6666666666666666,NWG > 0,1.5,1.0,True,True,True
17794,TOR,106,Raptors,2023-02-05,22200805,MEM,103,Grizzlies,no,0,2023,2,0,0,2,0,0,25,home,1.5,0.0,True,0.0,-3.0,Post-COVID,2,1.0,NWG > 0,-1.5,0.0,True,True,True
16981,LAC,124,Clippers,2023-02-06,22200810,BKN,116,Nets,NBA TV,0,2023,1,0,0,1,0,0,23,away,8.5,0.0,False,1.0,-8.0,Post-COVID,1,1.0,NWG > 0,8.5,1.0,True,True,True
19438,NYK,102,Knicks,2023-02-07,22200816,ORL,98,Magic,no,0,2023,1,0,0,1,0,0,14,home,0.5,0.0,True,0.0,-4.0,Post-COVID,1,1.0,NWG > 0,-0.5,0.0,True,True,True
18997,OKC,133,Thunder,2023-02-07,22200821,LAL,130,Lakers,TNT,0,2023,3,1,0,2,1,1,32,home,6.5,0.0,True,0.0,-3.0,Post-COVID,2,0.75,NWG > 0,-6.5,0.0,True,True,True
17093,PHX,116,Suns,2023-02-07,22200817,BKN,112,Nets,TNT,0,2023,1,0,0,0,1,0,14,away,6.5,0.0,False,1.0,-4.0,Post-COVID,1,1.0,NWG > 0,6.5,1.0,True,True,True
18450,GSW,122,Warriors,2023-02-08,22200830,POR,125,Trail Blazers,no,0,2023,0,0,0,0,0,0,17,home,2.5,1.0,True,1.0,3.0,Post-COVID,0,,NWG = 0,-2.5,1.0,True,True,True
19600,IND,111,Pacers,2023-02-08,22200825,MIA,116,Heat,no,0,2023,1,1,0,0,1,1,30,home,6.5,0.0,True,0.0,5.0,Post-COVID,0,0.5,NWG = 0,-6.5,0.0,True,True,True
15881,SAC,130,Kings,2023-02-08,22200827,HOU,128,Rockets,no,0,2023,2,0,0,1,1,0,19,away,8.5,0.0,False,1.0,-2.0,Post-COVID,2,1.0,NWG > 0,8.5,1.0,True,True,True
19600,HOU,95,Rockets,2023-02-10,22200840,MIA,97,Heat,no,0,2023,0,1,0,0,0,1,13,home,11.5,0.0,True,0.0,2.0,Post-COVID,-1,0.0,NWG < 0,-11.5,0.0,True,True,True
21057,NYK,108,Knicks,2023-02-10,22200837,PHI,119,76ers,no,0,2023,0,0,0,0,0,0,12,home,6.5,1.0,True,1.0,11.0,Post-COVID,0,,NWG = 0,-6.5,1.0,True,True,True
17899,SAS,131,Spurs,2023-02-10,22200835,DET,138,Pistons,no,0,2023,1,3,0,1,0,3,69,home,5.5,1.0,True,1.0,7.0,Post-COVID,-2,0.25,NWG < 0,-5.5,1.0,True,True,True
19800,UTA,122,Jazz,2023-02-10,22200839,TOR,116,Raptors,no,0,2023,1,0,0,1,0,0,13,home,8.5,0.0,True,0.0,-6.0,Post-COVID,1,1.0,NWG > 0,-8.5,0.0,True,True,True
18111,DAL,128,Mavericks,2023-02-11,22200854,SAC,133,Kings,no,0,2023,0,0,0,0,0,0,28,away,1.5,0.0,False,1.0,5.0,Post-COVID,0,,NWG = 0,1.5,1.0,True,True,True
18223,MIA,107,Heat,2023-02-11,22200848,ORL,103,Magic,no,0,2023,3,1,0,3,0,1,28,away,1.5,1.0,False,0.0,-4.0,Post-COVID,2,0.75,NWG > 0,1.5,0.0,True,True,True
17732,PHI,101,76ers,2023-02-11,22200846,BKN,98,Nets,NBA TV,0,2023,0,1,0,0,0,1,22,away,1.5,1.0,False,0.0,-3.0,Post-COVID,-1,0.0,NWG < 0,1.5,0.0,True,True,True
19800,DET,118,Pistons,2023-02-12,22200856,TOR,119,Raptors,no,0,2023,0,2,1,0,0,1,14,home,11.5,0.0,True,0.0,1.0,Post-COVID,-2,0.0,NWG < 0,-11.5,0.0,True,True,True
14078,ATL,138,Hawks,2023-02-13,22200857,CHA,144,Hornets,no,0,2023,0,1,1,0,0,0,14,away,5.5,0.0,False,1.0,6.0,Post-COVID,-1,0.0,NWG < 0,5.5,1.0,True,True,True
19755,DEN,112,Nuggets,2023-02-13,22200861,MIA,108,Heat,NBA TV,0,2023,1,0,0,1,0,0,29,home,0.5,0.0,True,0.0,-4.0,Post-COVID,1,1.0,NWG > 0,-0.5,0.0,True,True,True
20325,MIN,124,Timberwolves,2023-02-13,22200865,DAL,121,Mavericks,no,0,2023,1,0,0,1,0,0,27,home,6.5,0.0,True,0.0,-3.0,Post-COVID,1,1.0,NWG > 0,-6.5,0.0,True,True,True
14920,NOP,103,Pelicans,2023-02-13,22200864,OKC,100,Thunder,no,0,2023,1,3,0,0,1,3,28,home,2.5,0.0,True,0.0,-3.0,Post-COVID,-2,0.25,NWG < 0,-2.5,0.0,True,True,True
15004,UTA,123,Jazz,2023-02-13,22200859,IND,117,Pacers,no,0,2023,2,0,0,0,2,0,14,away,1.5,1.0,False,0.0,-6.0,Post-COVID,2,1.0,NWG > 0,1.5,0.0,True,True,True
17623,BOS,125,Celtics,2023-02-14,22200869,MIL,131,Bucks,TNT,0,2023,0,1,0,0,0,1,36,home,9.5,0.0,True,0.0,6.0,Post-COVID,-1,0.0,NWG < 0,-9.5,0.0,True,True,True
15599,CHI,113,Bulls,2023-02-15,22200874,IND,117,Pacers,no,0,2023,0,0,0,0,0,0,15,home,2.5,1.0,True,1.0,4.0,Post-COVID,0,,NWG = 0,-2.5,1.0,True,True,True
16748,UTA,111,Jazz,2023-02-15,22200879,MEM,117,Grizzlies,no,0,2023,0,1,0,0,0,1,21,home,11.5,0.0,True,0.0,6.0,Post-COVID,-1,0.0,NWG < 0,-11.5,0.0,True,True,True
17136,WAS,114,Wizards,2023-02-16,22200884,MIN,106,Timberwolves,no,0,2023,0,0,0,0,0,0,11,home,3.5,0.0,True,0.0,-8.0,Post-COVID,0,,NWG = 0,-3.5,0.0,True,True,True
16125,BOS,142,Celtics,2023-02-23,22200887,IND,138,Pacers,no,0,2023,0,2,0,0,0,2,31,away,7.5,0.0,False,1.0,-4.0,Post-COVID,-2,0.0,NWG < 0,7.5,1.0,True,True,True
18846,DET,106,Pistons,2023-02-23,22200888,ORL,108,Magic,no,0,2023,2,0,0,2,0,0,17,home,7.5,0.0,True,0.0,2.0,Post-COVID,2,1.0,NWG > 0,-7.5,0.0,True,True,True
21205,MEM,105,Grizzlies,2023-02-23,22200889,PHI,110,76ers,TNT,0,2023,2,1,0,2,0,1,19,home,3.5,1.0,True,1.0,5.0,Post-COVID,1,0.6666666666666666,NWG > 0,-3.5,1.0,True,True,True
19800,NOP,110,Pelicans,2023-02-23,22200890,TOR,115,Raptors,no,0,2023,0,2,0,0,0,2,31,home,4.5,1.0,True,1.0,5.0,Post-COVID,-2,0.0,NWG < 0,-4.5,1.0,True,True,True
18206,OKC,119,Thunder,2023-02-23,22200892,UTA,120,Jazz,no,0,2023,1,2,0,1,0,2,52,home,0.5,1.0,True,1.0,1.0,Post-COVID,-1,0.3333333333333333,NWG < 0,-0.5,1.0,True,True,True
17136,CHA,121,Hornets,2023-02-24,22200898,MIN,113,Timberwolves,no,0,2023,2,0,0,1,1,0,29,home,6.5,0.0,True,0.0,-8.0,Post-COVID,2,1.0,NWG > 0,-6.5,0.0,True,True,True
20476,NYK,115,Knicks,2023-02-24,22200895,WAS,109,Wizards,no,0,2023,0,1,0,0,0,1,17,home,0.5,0.0,True,0.0,-6.0,Post-COVID,-1,0.0,NWG < 0,-0.5,0.0,True,True,True
19068,SAC,176,Kings,2023-02-24,22200902,LAC,175,Clippers,no,0,2023,1,3,1,1,0,2,38,home,6.5,0.0,True,0.0,-1.0,Post-COVID,-2,0.25,NWG < 0,-6.5,0.0,True,True,True
20993,BOS,110,Celtics,2023-02-25,22200908,PHI,107,76ers,ABC,0,2023,1,1,0,1,0,1,16,home,0.5,0.0,True,0.0,-3.0,Post-COVID,0,0.5,NWG = 0,-0.5,0.0,True,True,True
19109,MIA,103,Heat,2023-02-25,22200904,CHA,108,Hornets,no,0,2023,0,0,0,0,0,0,16,away,5.5,0.0,False,1.0,5.0,Post-COVID,0,,NWG = 0,5.5,1.0,True,True,True
20190,TOR,95,Raptors,2023-02-25,22200903,DET,91,Pistons,no,0,2023,1,0,0,1,0,0,15,away,7.5,0.0,False,1.0,-4.0,Post-COVID,1,1.0,NWG > 0,7.5,1.0,True,True,True
16983,BKN,127,Nets,2023-02-26,22200911,ATL,129,Hawks,no,0,2023,0,1,0,0,0,1,15,home,5.5,0.0,True,0.0,2.0,Post-COVID,-1,0.0,NWG < 0,-5.5,0.0,True,True,True
19689,LAC,124,Clippers,2023-02-26,22200918,DEN,134,Nuggets,ESPN,0,2023,0,0,0,0,0,0,26,home,4.5,1.0,True,1.0,10.0,Post-COVID,0,,NWG = 0,-4.5,1.0,True,True,True
20411,LAL,111,Lakers,2023-02-26,22200913,DAL,108,Mavericks,ABC,0,2023,1,0,0,1,0,0,19,home,4.5,0.0,True,0.0,-3.0,Post-COVID,1,1.0,NWG > 0,-4.5,0.0,True,True,True
18064,MIN,104,Timberwolves,2023-02-26,22200916,GSW,109,Warriors,ESPN,0,2023,0,1,0,0,0,1,17,home,2.5,1.0,True,1.0,5.0,Post-COVID,-1,0.0,NWG < 0,-2.5,1.0,True,True,True
17636,PHX,101,Suns,2023-02-26,22200910,MIL,104,Bucks,ABC,0,2023,0,1,0,0,0,1,25,home,3.5,0.0,True,0.0,3.0,Post-COVID,-1,0.0,NWG < 0,-3.5,0.0,True,True,True
20859,MIA,101,Heat,2023-02-27,22200920,PHI,99,76ers,NBA TV,0,2023,0,0,0,0,0,0,29,home,5.5,0.0,True,0.0,-2.0,Post-COVID,0,,NWG = 0,-5.5,0.0,True,True,True
16038,ORL,101,Magic,2023-02-27,22200922,NOP,93,Pelicans,no,0,2023,2,1,0,2,0,1,18,home,4.5,0.0,True,0.0,-8.0,Post-COVID,1,0.6666666666666666,NWG > 0,-4.5,0.0,True,True,True
19800,CHI,98,Bulls,2023-02-28,22200925,TOR,104,Raptors,no,0,2023,0,0,0,0,0,0,27,home,4.5,1.0,True,1.0,6.0,Post-COVID,0,,NWG = 0,-4.5,1.0,True,True,True
20277,IND,124,Pacers,2023-02-28,22200929,DAL,122,Mavericks,no,0,2023,0,2,0,0,0,2,18,home,8.5,0.0,True,0.0,-2.0,Post-COVID,-2,0.0,NWG < 0,-8.5,0.0,True,True,True
17395,WAS,119,Wizards,2023-02-28,22200923,ATL,116,Hawks,no,0,2023,0,0,0,0,0,0,36,home,7.5,0.0,True,0.0,-3.0,Post-COVID,0,,NWG = 0,-7.5,0.0,True,True,True
18098,CHI,117,Bulls,2023-03-01,22200934,DET,115,Pistons,no,0,2023,1,1,0,1,0,1,30,away,6.5,0.0,False,1.0,-2.0,Post-COVID,0,0.5,NWG = 0,6.5,1.0,True,True,True
18111,LAC,127,Clippers,2023-03-03,22200954,SAC,128,Kings,no,0,2023,1,3,1,0,1,2,28,home,6.5,0.0,True,0.0,1.0,Post-COVID,-2,0.25,NWG < 0,-6.5,0.0,True,True,True
18997,MIN,110,Timberwolves,2023-03-03,22200955,LAL,102,Lakers,no,0,2023,0,1,0,0,0,1,11,away,1.5,1.0,False,0.0,-8.0,Post-COVID,-1,0.0,NWG < 0,1.5,0.0,True,True,True
19600,NYK,122,Knicks,2023-03-03,22200949,MIA,120,Heat,no,0,2023,1,2,1,1,0,1,30,home,1.5,0.0,True,0.0,-2.0,Post-COVID,-1,0.3333333333333333,NWG < 0,-1.5,0.0,True,True,True
18111,MIN,138,Timberwolves,2023-03-04,22200961,SAC,134,Kings,no,0,2023,0,0,0,0,0,0,6,home,3.5,0.0,True,0.0,-4.0,Post-COVID,0,,NWG = 0,-3.5,0.0,True,True,True
18100,PHI,133,76ers,2023-03-04,22200960,MIL,130,Bucks,ABC,0,2023,0,0,0,0,0,0,13,home,4.5,0.0,True,0.0,-3.0,Post-COVID,0,,NWG = 0,-4.5,0.0,True,True,True
18174,TOR,116,Raptors,2023-03-04,22200956,WAS,109,Wizards,no,0,2023,0,0,0,0,0,0,25,away,2.5,1.0,False,0.0,-7.0,Post-COVID,0,,NWG = 0,2.5,0.0,True,True,True
18997,GSW,105,Warriors,2023-03-05,22200964,LAL,113,Lakers,ABC,0,2023,0,2,0,0,0,2,35,away,4.5,0.0,False,1.0,8.0,Post-COVID,-2,0.0,NWG < 0,4.5,1.0,True,True,True
21225,IND,125,Pacers,2023-03-05,22200963,CHI,122,Bulls,no,0,2023,0,0,0,0,0,0,13,home,5.5,0.0,True,0.0,-3.0,Post-COVID,0,,NWG = 0,-5.5,0.0,True,True,True
19068,MEM,129,Grizzlies,2023-03-05,22200970,LAC,135,Clippers,ESPN,0,2023,0,0,0,0,0,0,17,home,7.5,0.0,True,0.0,6.0,Post-COVID,0,,NWG = 0,-7.5,0.0,True,True,True
18746,MIL,117,Bucks,2023-03-05,22200973,WAS,111,Wizards,no,0,2023,1,1,0,1,0,1,17,away,5.5,1.0,False,0.0,-6.0,Post-COVID,0,0.5,NWG = 0,5.5,0.0,True,True,True
19156,NYK,131,Knicks,2023-03-05,22200969,BOS,129,Celtics,ESPN,0,2023,2,1,1,2,0,0,35,home,6.5,0.0,True,0.0,-2.0,Post-COVID,1,0.6666666666666666,NWG > 0,-6.5,0.0,True,True,True
20311,PHX,130,Suns,2023-03-05,22200962,DAL,126,Mavericks,ABC,0,2023,1,0,0,1,0,0,27,away,1.5,1.0,False,0.0,-4.0,Post-COVID,1,1.0,NWG > 0,1.5,0.0,True,True,True
18846,POR,122,Trail Blazers,2023-03-05,22200966,ORL,119,Magic,no,0,2023,0,1,0,0,0,1,27,home,2.5,0.0,True,0.0,-3.0,Post-COVID,-1,0.0,NWG < 0,-2.5,0.0,True,True,True
19600,ATL,128,Hawks,2023-03-06,22200974,MIA,130,Heat,NBA TV,0,2023,1,1,0,1,0,1,22,home,2.5,0.0,True,0.0,2.0,Post-COVID,0,0.5,NWG = 0,-2.5,0.0,True,True,True
19432,BOS,114,Celtics,2023-03-06,22200971,CLE,118,Cavaliers,no,0,2023,1,1,0,1,0,1,62,home,7.5,0.0,True,0.0,4.0,Post-COVID,0,0.5,NWG = 0,-7.5,0.0,True,True,True
19520,TOR,113,Raptors,2023-03-06,22200975,DEN,118,Nuggets,no,0,2023,0,1,1,0,0,0,22,home,6.5,0.0,True,0.0,5.0,Post-COVID,-1,0.0,NWG < 0,-6.5,0.0,True,True,True
19812,CHA,112,Hornets,2023-03-07,22200979,NYK,105,Knicks,no,0,2023,0,0,0,0,0,0,21,home,9.5,0.0,True,0.0,-7.0,Post-COVID,0,,NWG = 0,-9.5,0.0,True,True,True
20277,UTA,116,Jazz,2023-03-07,22200983,DAL,120,Mavericks,no,0,2023,0,1,0,0,0,1,14,home,10.5,0.0,True,0.0,4.0,Post-COVID,-1,0.0,NWG < 0,-10.5,0.0,True,True,True
17855,WAS,119,Wizards,2023-03-07,22200769,DET,117,Pistons,no,0,2023,0,0,0,0,0,0,13,away,10.5,0.0,False,1.0,-2.0,Post-COVID,0,,NWG = 0,10.5,1.0,True,True,True
15087,ATL,122,Hawks,2023-03-08,22200985,WAS,120,Wizards,no,0,2023,0,2,1,0,0,1,26,away,3.5,0.0,False,1.0,-2.0,Post-COVID,-2,0.0,NWG < 0,3.5,1.0,True,True,True
19600,CLE,104,Cavaliers,2023-03-08,22200987,MIA,100,Heat,no,0,2023,0,1,0,0,0,1,29,away,1.5,1.0,False,0.0,-4.0,Post-COVID,-1,0.0,NWG < 0,1.5,0.0,True,True,True
17341,BKN,113,Nets,2023-03-09,22200995,MIL,118,Bucks,no,0,2023,1,1,1,1,0,0,13,home,9.5,0.0,True,0.0,5.0,Post-COVID,0,0.5,NWG = 0,-9.5,0.0,True,True,True
16027,HOU,125,Rockets,2023-03-09,22200993,IND,134,Pacers,no,0,2023,0,0,0,0,0,0,45,home,9.5,0.0,True,0.0,9.0,Post-COVID,0,,NWG = 0,-9.5,0.0,True,True,True
18068,NYK,117,Knicks,2023-03-09,22200997,SAC,122,Kings,TNT,0,2023,0,0,0,0,0,0,20,home,0.5,1.0,True,1.0,5.0,Post-COVID,0,,NWG = 0,-0.5,1.0,True,True,True
16552,UTA,131,Jazz,2023-03-09,22200994,ORL,124,Magic,no,0,2023,0,0,0,0,0,0,13,home,4.5,0.0,True,0.0,-7.0,Post-COVID,0,,NWG = 0,-4.5,0.0,True,True,True
18161,ATL,114,Hawks,2023-03-10,22200999,WAS,107,Wizards,no,0,2023,3,2,1,2,1,1,17,away,1.5,1.0,False,0.0,-7.0,Post-COVID,1,0.6,NWG > 0,1.5,0.0,True,True,True
17136,BKN,124,Nets,2023-03-10,22201001,MIN,123,Timberwolves,no,0,2023,0,0,0,0,0,0,21,home,4.5,0.0,True,0.0,-1.0,Post-COVID,0,,NWG = 0,-4.5,0.0,True,True,True
19757,CLE,115,Cavaliers,2023-03-10,22201000,MIA,119,Heat,NBA TV,0,2023,1,0,0,1,0,0,13,home,2.5,1.0,True,1.0,4.0,Post-COVID,1,1.0,NWG > 0,-2.5,1.0,True,True,True
21001,POR,119,Trail Blazers,2023-03-10,22200998,PHI,120,76ers,no,0,2023,0,0,0,0,0,0,19,home,8.5,0.0,True,0.0,1.0,Post-COVID,0,,NWG = 0,-8.5,0.0,True,True,True
17794,DAL,108,Mavericks,2023-03-11,22201010,MEM,112,Grizzlies,no,0,2023,0,0,0,0,0,0,22,home,7.5,0.0,True,0.0,4.0,Post-COVID,0,,NWG = 0,-7.5,0.0,True,True,True
17347,MIA,114,Heat,2023-03-11,22201007,ORL,126,Magic,no,0,2023,0,2,1,0,0,1,24,away,3.5,0.0,False,1.0,12.0,Post-COVID,-2,0.0,NWG < 0,3.5,1.0,True,True,True
18064,MIL,116,Bucks,2023-03-11,22201012,GSW,125,Warriors,ABC,0,2023,3,0,0,3,0,0,20,home,3.5,1.0,True,1.0,9.0,Post-COVID,3,1.0,NWG > 0,-3.5,1.0,True,True,True
17071,SAC,128,Kings,2023-03-11,22201013,PHX,119,Suns,no,0,2023,1,1,0,1,0,1,27,home,3.5,0.0,True,0.0,-9.0,Post-COVID,0,0.5,NWG = 0,-3.5,0.0,True,True,True
19739,BKN,122,Nets,2023-03-12,22201014,DEN,120,Nuggets,no,0,2023,0,0,0,0,0,0,32,home,9.5,0.0,True,0.0,-2.0,Post-COVID,0,,NWG = 0,-9.5,0.0,True,True,True
17342,CLE,114,Cavaliers,2023-03-12,22201015,CHA,108,Hornets,no,0,2023,1,0,0,1,0,0,12,away,9.5,0.0,False,1.0,-6.0,Post-COVID,1,1.0,NWG > 0,9.5,1.0,True,True,True
18997,NYK,112,Knicks,2023-03-12,22201019,LAL,108,Lakers,ESPN,0,2023,1,2,1,0,0,1,34,home,2.5,0.0,True,0.0,-4.0,Post-COVID,-1,0.3333333333333333,NWG < 0,-2.5,0.0,True,True,True
18055,BOS,109,Celtics,2023-03-13,22201024,HOU,111,Rockets,no,0,2023,1,0,0,1,0,0,27,away,13.5,0.0,False,1.0,2.0,Post-COVID,1,1.0,NWG > 0,13.5,1.0,True,True,True
19721,UTA,115,Jazz,2023-03-13,22201022,MIA,119,Heat,no,0,2023,0,1,0,0,0,1,20,home,7.5,0.0,True,0.0,4.0,Post-COVID,-1,0.0,NWG < 0,-7.5,0.0,True,True,True
17136,BOS,104,Celtics,2023-03-15,22201039,MIN,102,Timberwolves,no,0,2023,2,3,0,2,0,3,31,away,4.5,0.0,False,1.0,-2.0,Post-COVID,-1,0.4,NWG < 0,4.5,1.0,True,True,True
18354,DAL,137,Mavericks,2023-03-15,22201040,SAS,128,Spurs,no,0,2023,0,1,0,0,0,1,28,away,3.5,1.0,False,0.0,-9.0,Post-COVID,-1,0.0,NWG < 0,3.5,0.0,True,True,True
21886,SAC,117,Kings,2023-03-15,22201037,CHI,114,Bulls,no,0,2023,1,0,0,0,1,0,17,away,1.5,1.0,False,0.0,-3.0,Post-COVID,1,1.0,NWG > 0,1.5,0.0,True,True,True
17071,ORL,113,Magic,2023-03-16,22201046,PHX,116,Suns,NBA TV,0,2023,0,0,0,0,0,0,23,home,7.5,0.0,True,0.0,3.0,Post-COVID,0,,NWG = 0,-7.5,0.0,True,True,True
18997,DAL,111,Mavericks,2023-03-17,22201054,LAL,110,Lakers,NBA TV,0,2023,2,0,0,2,0,0,29,home,3.5,0.0,True,0.0,-1.0,Post-COVID,2,1.0,NWG > 0,-3.5,0.0,True,True,True
18201,GSW,119,Warriors,2023-03-17,22201048,ATL,127,Hawks,NBA TV,0,2023,0,0,0,0,0,0,11,home,3.5,1.0,True,1.0,8.0,Post-COVID,0,,NWG = 0,-3.5,1.0,True,True,True
15221,MEM,126,Grizzlies,2023-03-17,22201052,SAS,120,Spurs,no,0,2023,1,0,0,1,0,0,33,away,8.5,0.0,False,1.0,-6.0,Post-COVID,1,1.0,NWG > 0,8.5,1.0,True,True,True
20109,MIN,131,Timberwolves,2023-03-17,22201050,CHI,139,Bulls,no,0,2023,0,1,0,0,0,1,30,home,2.5,1.0,True,1.0,8.0,Post-COVID,-1,0.0,NWG < 0,-2.5,1.0,True,True,True
15841,NOP,112,Pelicans,2023-03-17,22201051,HOU,114,Rockets,no,0,2023,0,2,0,0,0,2,20,away,5.5,0.0,False,1.0,2.0,Post-COVID,-2,0.0,NWG < 0,5.5,1.0,True,True,True
18206,BOS,117,Celtics,2023-03-18,22201062,UTA,118,Jazz,no,0,2023,1,1,0,1,0,1,14,away,4.5,0.0,False,1.0,1.0,Post-COVID,0,0.5,NWG = 0,4.5,1.0,True,True,True
19812,DEN,110,Nuggets,2023-03-18,22201055,NYK,116,Knicks,no,0,2023,1,0,0,1,0,0,9,home,0.5,1.0,True,1.0,6.0,Post-COVID,1,1.0,NWG > 0,-0.5,1.0,True,True,True
17533,ORL,113,Magic,2023-03-18,22201056,LAC,108,Clippers,no,0,2023,1,1,0,1,0,1,14,home,5.5,0.0,True,0.0,-5.0,Post-COVID,0,0.5,NWG = 0,-5.5,0.0,True,True,True
18997,ORL,105,Magic,2023-03-19,22201070,LAL,111,Lakers,no,0,2023,0,0,0,0,0,0,27,home,6.5,0.0,True,0.0,6.0,Post-COVID,0,,NWG = 0,-6.5,0.0,True,True,True
17897,PHX,120,Suns,2023-03-19,22201064,OKC,124,Thunder,no,0,2023,1,1,0,1,0,1,15,home,1.5,1.0,True,1.0,4.0,Post-COVID,0,0.5,NWG = 0,-1.5,1.0,True,True,True
17341,TOR,111,Raptors,2023-03-19,22201068,MIL,118,Bucks,NBA TV,0,2023,2,0,0,2,0,0,31,home,7.5,0.0,True,0.0,7.0,Post-COVID,2,1.0,NWG > 0,-7.5,0.0,True,True,True
21145,CHI,109,Bulls,2023-03-20,22201072,PHI,105,76ers,no,0,2023,0,2,0,0,0,2,54,home,7.5,0.0,True,0.0,-4.0,Post-COVID,-2,0.0,NWG < 0,-7.5,0.0,True,True,True
17794,DAL,108,Mavericks,2023-03-20,22201075,MEM,112,Grizzlies,NBA TV,0,2023,1,0,0,1,0,0,14,home,4.5,0.0,True,0.0,4.0,Post-COVID,1,1.0,NWG > 0,-4.5,0.0,True,True,True
12449,IND,109,Pacers,2023-03-20,22201071,CHA,115,Hornets,no,0,2023,1,0,0,1,0,0,15,away,1.5,0.0,False,1.0,6.0,Post-COVID,1,1.0,NWG > 0,1.5,1.0,True,True,True
19812,MIN,140,Timberwolves,2023-03-20,22201073,NYK,134,Knicks,no,0,2023,1,2,0,0,1,2,16,home,9.5,0.0,True,0.0,-6.0,Post-COVID,-1,0.3333333333333333,NWG < 0,-9.5,0.0,True,True,True
18206,SAC,120,Kings,2023-03-20,22201076,UTA,128,Jazz,no,0,2023,0,1,0,0,0,1,24,away,6.5,0.0,False,1.0,8.0,Post-COVID,-1,0.0,NWG < 0,6.5,1.0,True,True,True
19068,OKC,101,Thunder,2023-03-21,22201082,LAC,100,Clippers,no,0,2023,2,0,0,2,0,0,29,home,6.5,0.0,True,0.0,-1.0,Post-COVID,2,1.0,NWG > 0,-6.5,0.0,True,True,True
17136,ATL,124,Hawks,2023-03-22,22201090,MIN,125,Timberwolves,no,0,2023,4,1,0,4,0,1,34,home,3.5,0.0,True,0.0,1.0,Post-COVID,3,0.8,NWG > 0,-3.5,0.0,True,True,True
20377,GSW,127,Warriors,2023-03-22,22201086,DAL,125,Mavericks,ESPN,0,2023,1,0,0,1,0,0,20,away,3.5,0.0,False,1.0,-2.0,Post-COVID,1,1.0,NWG > 0,3.5,1.0,True,True,True
17794,HOU,125,Rockets,2023-03-22,22201088,MEM,130,Grizzlies,no,0,2023,0,1,1,0,0,0,24,home,12.5,0.0,True,0.0,5.0,Post-COVID,-1,0.0,NWG < 0,-12.5,0.0,True,True,True
19800,IND,118,Pacers,2023-03-22,22201085,TOR,114,Raptors,no,0,2023,1,0,0,1,0,0,22,home,8.5,0.0,True,0.0,-4.0,Post-COVID,1,1.0,NWG > 0,-8.5,0.0,True,True,True
17732,CLE,116,Cavaliers,2023-03-23,22201094,BKN,114,Nets,no,0,2023,0,2,1,0,0,1,13,away,3.5,0.0,False,1.0,-2.0,Post-COVID,-2,0.0,NWG < 0,3.5,1.0,True,True,True
17607,NYK,106,Knicks,2023-03-23,22201093,ORL,111,Magic,NBA TV,0,2023,1,0,0,1,0,0,18,away,2.5,0.0,False,1.0,5.0,Post-COVID,1,1.0,NWG > 0,2.5,1.0,True,True,True
18997,OKC,111,Thunder,2023-03-24,22201106,LAL,116,Lakers,no,0,2023,2,1,0,2,0,1,14,home,3.5,1.0,True,1.0,5.0,Post-COVID,1,0.6666666666666666,NWG > 0,-3.5,1.0,True,True,True
18064,PHI,112,76ers,2023-03-24,22201103,GSW,120,Warriors,NBA TV,0,2023,0,0,0,0,0,0,27,home,4.5,1.0,True,1.0,8.0,Post-COVID,0,,NWG = 0,-4.5,1.0,True,True,True
19264,DAL,104,Mavericks,2023-03-26,22201113,CHA,110,Hornets,no,0,2023,0,0,0,0,0,0,12,away,12.5,0.0,False,1.0,6.0,Post-COVID,0,,NWG = 0,12.5,1.0,True,True,True
18056,MEM,123,Grizzlies,2023-03-26,22201115,ATL,119,Hawks,NBA TV,0,2023,1,0,0,0,1,0,25,away,2.5,1.0,False,0.0,-4.0,Post-COVID,1,1.0,NWG > 0,2.5,0.0,True,True,True
18064,MIN,99,Timberwolves,2023-03-26,22201121,GSW,96,Warriors,NBA TV,0,2023,2,0,0,2,0,0,14,home,5.5,0.0,True,0.0,-3.0,Post-COVID,2,1.0,NWG > 0,-5.5,0.0,True,True,True
19781,PHI,111,76ers,2023-03-27,22201126,DEN,116,Nuggets,NBA TV,0,2023,1,1,0,1,0,1,31,home,9.5,0.0,True,0.0,5.0,Post-COVID,0,0.5,NWG = 0,-9.5,0.0,True,True,True
15428,CHA,137,Hornets,2023-03-28,22201134,OKC,134,Thunder,no,0,2023,0,1,0,0,0,1,19,home,9.5,0.0,True,0.0,-3.0,Post-COVID,-1,0.0,NWG < 0,-9.5,0.0,True,True,True
17748,CLE,118,Cavaliers,2023-03-28,22201131,ATL,120,Hawks,no,0,2023,1,0,0,1,0,0,27,home,3.5,0.0,True,0.0,2.0,Post-COVID,1,1.0,NWG > 0,-3.5,0.0,True,True,True
16507,ORL,108,Magic,2023-03-28,22201133,MEM,113,Grizzlies,no,0,2023,1,1,0,1,0,1,16,home,6.5,0.0,True,0.0,5.0,Post-COVID,0,0.5,NWG = 0,-6.5,0.0,True,True,True
15047,DET,106,Pistons,2023-03-29,22201142,OKC,107,Thunder,no,0,2023,0,3,0,0,0,3,15,home,9.5,0.0,True,0.0,1.0,Post-COVID,-3,0.0,NWG < 0,-9.5,0.0,True,True,True
17074,HOU,114,Rockets,2023-03-29,22201137,BKN,123,Nets,no,0,2023,1,0,0,1,0,0,25,home,10.5,0.0,True,0.0,9.0,Post-COVID,1,1.0,NWG > 0,-10.5,0.0,True,True,True
15844,DET,115,Pistons,2023-03-31,22201155,HOU,121,Rockets,no,0,2023,0,2,0,0,0,2,15,home,6.5,0.0,True,0.0,6.0,Post-COVID,-2,0.0,NWG < 0,-6.5,0.0,True,True,True
16506,OKC,117,Thunder,2023-03-31,22201149,IND,121,Pacers,no,0,2023,2,2,0,2,0,2,26,away,5.5,0.0,False,1.0,4.0,Post-COVID,0,0.5,NWG = 0,5.5,1.0,True,True,True
17678,DAL,130,Mavericks,2023-04-02,22201167,ATL,132,Hawks,NBA TV,0,2023,1,1,0,1,0,1,24,home,3.5,0.0,True,0.0,2.0,Post-COVID,0,0.5,NWG = 0,-3.5,0.0,True,True,True
19752,GSW,110,Warriors,2023-04-02,22201175,DEN,112,Nuggets,NBA TV,0,2023,1,0,0,1,0,0,15,away,3.5,0.0,False,1.0,2.0,Post-COVID,1,1.0,NWG > 0,3.5,1.0,True,True,True
18978,POR,107,Trail Blazers,2023-04-02,22201166,MIN,105,Timberwolves,no,0,2023,0,0,0,0,0,0,21,home,19.5,0.0,True,0.0,-2.0,Post-COVID,0,,NWG = 0,-19.5,0.0,True,True,True
18183,SAS,142,Spurs,2023-04-02,22201170,SAC,134,Kings,no,0,2023,0,0,0,0,0,0,10,home,16.5,0.0,True,0.0,-8.0,Post-COVID,0,,NWG = 0,-16.5,0.0,True,True,True
17732,UTA,110,Jazz,2023-04-02,22201164,BKN,111,Nets,no,0,2023,1,1,0,0,1,1,24,home,7.5,0.0,True,0.0,1.0,Post-COVID,0,0.5,NWG = 0,-7.5,0.0,True,True,True
21104,BOS,101,Celtics,2023-04-04,22201181,PHI,103,76ers,TNT,0,2023,1,0,0,1,0,0,19,home,3.5,0.0,True,0.0,2.0,Post-COVID,1,1.0,NWG > 0,-3.5,0.0,True,True,True
19449,CLE,117,Cavaliers,2023-04-04,22201178,ORL,113,Magic,no,0,2023,1,0,0,0,1,0,20,away,3.5,1.0,False,0.0,-4.0,Post-COVID,1,1.0,NWG > 0,3.5,0.0,True,True,True
18206,LAL,135,Lakers,2023-04-04,22201186,UTA,133,Jazz,no,0,2023,0,0,0,0,0,0,37,away,11.5,0.0,False,1.0,-2.0,Post-COVID,0,,NWG = 0,11.5,1.0,True,True,True
17893,MIN,107,Timberwolves,2023-04-04,22201180,BKN,102,Nets,no,0,2023,1,1,0,1,0,1,29,away,3.5,1.0,False,0.0,-5.0,Post-COVID,0,0.5,NWG = 0,3.5,0.0,True,True,True
17232,MEM,131,Grizzlies,2023-04-05,22201194,NOP,138,Pelicans,no,0,2023,1,0,0,1,0,0,16,home,6.5,1.0,True,1.0,7.0,Post-COVID,1,1.0,NWG > 0,-6.5,1.0,True,True,True
19156,TOR,93,Raptors,2023-04-05,22201192,BOS,97,Celtics,no,0,2023,1,0,0,0,1,0,17,away,1.5,0.0,False,1.0,4.0,Post-COVID,1,1.0,NWG > 0,1.5,1.0,True,True,True
16023,POR,127,Trail Blazers,2023-04-06,22201199,SAS,129,Spurs,no,0,2023,1,1,0,0,1,1,13,home,5.5,0.0,True,0.0,2.0,Post-COVID,0,0.5,NWG = 0,-5.5,0.0,True,True,True
20313,CHI,115,Bulls,2023-04-07,22201210,DAL,112,Mavericks,no,0,2023,0,0,0,0,0,0,14,home,1.5,0.0,True,0.0,-3.0,Post-COVID,0,,NWG = 0,-1.5,0.0,True,True,True
19102,HOU,112,Rockets,2023-04-07,22201202,CHA,109,Hornets,no,0,2023,1,0,0,1,0,0,28,away,5.5,0.0,False,1.0,-3.0,Post-COVID,1,1.0,NWG > 0,5.5,1.0,True,True,True
18656,NYK,105,Knicks,2023-04-07,22201209,NOP,113,Pelicans,no,0,2023,1,0,0,0,1,0,13,home,8.5,0.0,True,0.0,8.0,Post-COVID,1,1.0,NWG > 0,-8.5,0.0,True,True,True
17627,PHI,136,76ers,2023-04-07,22201205,ATL,131,Hawks,no,0,2023,1,0,0,0,1,0,22,home,12.5,0.0,True,0.0,-5.0,Post-COVID,1,1.0,NWG > 0,-12.5,0.0,True,True,True
18206,DEN,114,Nuggets,2023-04-08,22201213,UTA,118,Jazz,no,0,2023,0,0,0,0,0,0,17,away,10.5,0.0,False,1.0,4.0,Post-COVID,0,,NWG = 0,10.5,1.0,True,True,True
19812,IND,141,Pacers,2023-04-09,22201220,NYK,136,Knicks,no,0,2023,0,3,0,0,0,3,21,home,9.5,0.0,True,0.0,-5.0,Post-COVID,-3,0.0,NWG < 0,-9.5,0.0,True,True,True
17071,LAC,119,Clippers,2023-04-09,22201229,PHX,114,Suns,no,0,2023,1,1,0,1,0,1,14,away,9.5,0.0,False,1.0,-5.0,Post-COVID,0,0.5,NWG = 0,9.5,1.0,True,True,True
18978,NOP,108,Pelicans,2023-04-09,22201225,MIN,113,Timberwolves,no,0,2023,0,0,0,0,0,0,25,home,3.5,1.0,True,1.0,5.0,Post-COVID,0,,NWG = 0,-3.5,1.0,True,True,True
18997,UTA,117,Jazz,2023-04-09,22201228,LAL,128,Lakers,ESPN,0,2023,1,1,0,1,0,1,10,home,16.5,0.0,True,0.0,11.0,Post-COVID,0,0.5,NWG = 0,-16.5,0.0,True,True,True
18997,MIN,102,Timberwolves,2023-04-11,52200121,LAL,108,Lakers,TNT,0,2023,0,2,0,0,0,2,58,home,8.5,0.0,True,0.0,6.0,Post-COVID,-2,0.0,NWG < 0,-8.5,0.0,True,True,True
19800,CHI,109,Bulls,2023-04-12,52200111,TOR,105,Raptors,ESPN,0,2023,2,0,0,1,1,0,37,home,5.5,0.0,True,0.0,-4.0,Post-COVID,2,1.0,NWG > 0,-5.5,0.0,True,True,True
18715,OKC,123,Thunder,2023-04-12,52200131,NOP,118,Pelicans,ESPN,0,2023,0,3,0,0,0,3,18,home,5.5,0.0,True,0.0,-5.0,Post-COVID,-3,0.0,NWG < 0,-5.5,0.0,True,True,True
19678,CHI,91,Bulls,2023-04-14,52200201,MIA,102,Heat,TNT,0,2023,0,0,0,0,0,0,19,home,5.5,1.0,True,1.0,11.0,Post-COVID,0,,NWG = 0,-5.5,1.0,True,True,True
18253,GSW,123,Warriors,2023-04-15,42200161,SAC,126,Kings,ABC,1,2023,1,0,0,1,0,0,23,home,1.5,1.0,True,1.0,3.0,Post-COVID,1,1.0,NWG > 0,-1.5,1.0,True,True,True
19432,NYK,101,Knicks,2023-04-15,42200131,CLE,97,Cavaliers,ESPN,1,2023,0,0,0,0,0,0,24,home,5.5,0.0,True,0.0,-4.0,Post-COVID,0,,NWG = 0,-5.5,0.0,True,True,True
17071,LAC,115,Clippers,2023-04-16,42200171,PHX,110,Suns,TNT,1,2023,1,0,0,1,0,0,28,home,7.5,0.0,True,0.0,-5.0,Post-COVID,1,1.0,NWG > 0,-7.5,0.0,True,True,True
17910,PHI,102,76ers,2023-04-20,42200123,BKN,97,Nets,TNT,1,2023,0,0,0,0,0,0,15,away,4.5,1.0,False,0.0,-5.0,Post-COVID,0,,NWG = 0,4.5,0.0,True,True,True
19068,PHX,129,Suns,2023-04-20,42200173,LAC,124,Clippers,NBA TV,1,2023,1,0,0,1,0,0,26,away,8.5,0.0,False,1.0,-5.0,Post-COVID,1,1.0,NWG > 0,8.5,1.0,True,True,True
18536,BOS,122,Celtics,2023-04-21,42200113,ATL,130,Hawks,ESPN,1,2023,0,0,0,0,0,0,18,away,5.5,0.0,False,1.0,8.0,Post-COVID,0,,NWG = 0,5.5,1.0,True,True,True
18978,DEN,108,Nuggets,2023-04-23,42200144,MIN,114,Timberwolves,TNT,1,2023,0,2,0,0,0,2,42,away,3.5,0.0,False,1.0,6.0,Post-COVID,-2,0.0,NWG < 0,3.5,1.0,True,True,True
18064,SAC,125,Kings,2023-04-23,42200164,GSW,126,Warriors,ABC,1,2023,1,0,0,1,0,0,21,home,7.5,0.0,True,0.0,1.0,Post-COVID,1,1.0,NWG > 0,-7.5,0.0,True,True,True
18997,MEM,111,Grizzlies,2023-04-24,42200154,LAL,117,Lakers,TNT,1,2023,1,0,0,1,0,0,37,home,4.5,1.0,True,1.0,6.0,Post-COVID,1,1.0,NWG > 0,-4.5,1.0,True,True,True
19614,MIL,114,Bucks,2023-04-24,42200104,MIA,119,Heat,TNT,1,2023,1,0,0,1,0,0,29,away,7.5,0.0,False,1.0,5.0,Post-COVID,1,1.0,NWG > 0,7.5,1.0,True,True,True
19156,ATL,119,Hawks,2023-04-25,42200115,BOS,117,Celtics,TNT,1,2023,0,1,0,0,0,1,36,home,13.5,0.0,True,0.0,-2.0,Post-COVID,-1,0.0,NWG < 0,-13.5,0.0,True,True,True
17071,LAC,130,Clippers,2023-04-25,42200175,PHX,136,Suns,TNT,1,2023,0,1,0,0,0,1,14,home,12.5,0.0,True,0.0,6.0,Post-COVID,-1,0.0,NWG < 0,-12.5,0.0,True,True,True
19691,MIN,109,Timberwolves,2023-04-25,42200145,DEN,112,Nuggets,NBA TV,1,2023,1,0,0,1,0,0,13,home,10.5,0.0,True,0.0,3.0,Post-COVID,1,1.0,NWG > 0,-10.5,0.0,True,True,True
18253,GSW,123,Warriors,2023-04-26,42200165,SAC,116,Kings,TNT,1,2023,2,1,0,2,0,1,12,away,1.5,1.0,False,0.0,-7.0,Post-COVID,1,0.6666666666666666,NWG > 0,1.5,0.0,True,True,True
18113,MIA,128,Heat,2023-04-26,42200105,MIL,126,Bucks,NBA TV,1,2023,1,1,0,1,0,1,27,home,12.5,0.0,True,0.0,-2.0,Post-COVID,0,0.5,NWG = 0,-12.5,0.0,True,True,True
19156,PHI,119,76ers,2023-05-01,42200211,BOS,115,Celtics,TNT,1,2023,1,2,0,1,0,2,25,home,10.5,0.0,True,0.0,-4.0,Post-COVID,-1,0.3333333333333333,NWG < 0,-10.5,0.0,True,True,True
18064,LAL,117,Lakers,2023-05-02,42200231,GSW,112,Warriors,TNT,1,2023,1,0,0,1,0,0,29,home,4.5,0.0,True,0.0,-5.0,Post-COVID,1,1.0,NWG > 0,-4.5,0.0,True,True,True
19812,MIA,105,Heat,2023-05-02,42200202,NYK,111,Knicks,TNT,1,2023,0,0,0,0,0,0,18,home,9.5,0.0,True,0.0,6.0,Post-COVID,0,,NWG = 0,-9.5,0.0,True,True,True
21264,BOS,115,Celtics,2023-05-07,42200214,PHI,116,76ers,ESPN,1,2023,1,0,0,1,0,0,53,away,1.5,0.0,False,1.0,1.0,Post-COVID,1,1.0,NWG > 0,1.5,1.0,True,True,True
17071,DEN,124,Nuggets,2023-05-07,42200224,PHX,129,Suns,TNT,1,2023,1,0,0,1,0,0,31,home,1.5,1.0,True,1.0,5.0,Post-COVID,1,1.0,NWG > 0,-1.5,1.0,True,True,True
18997,GSW,101,Warriors,2023-05-08,42200234,LAL,104,Lakers,TNT,1,2023,0,2,0,0,0,2,23,home,2.5,1.0,True,1.0,3.0,Post-COVID,-2,0.0,NWG < 0,-2.5,1.0,True,True,True
19737,NYK,92,Knicks,2023-05-12,42200206,MIA,96,Heat,ESPN,1,2023,3,0,0,3,0,0,23,home,6.5,0.0,True,0.0,4.0,Post-COVID,3,1.0,NWG > 0,-6.5,0.0,True,True,True
19633,LAL,126,Lakers,2023-05-16,42200311,DEN,132,Nuggets,ESPN,1,2023,0,0,0,0,0,0,19,home,7.5,0.0,True,0.0,6.0,Post-COVID,0,,NWG = 0,-7.5,0.0,True,True,True
19742,LAL,103,Lakers,2023-05-18,42200312,DEN,108,Nuggets,ESPN,1,2023,1,3,0,1,0,3,25,home,5.5,0.0,True,0.0,5.0,Post-COVID,-2,0.25,NWG < 0,-5.5,0.0,True,True,True
19156,MIA,111,Heat,2023-05-19,42200302,BOS,105,Celtics,TNT,1,2023,1,0,0,0,1,0,30,home,9.5,0.0,True,0.0,-6.0,Post-COVID,1,1.0,NWG > 0,-9.5,0.0,True,True,True
18997,DEN,113,Nuggets,2023-05-22,42200314,LAL,111,Lakers,ESPN,1,2023,1,2,2,1,0,0,35,home,3.5,0.0,True,0.0,-2.0,Post-COVID,-1,0.3333333333333333,NWG < 0,-3.5,0.0,True,True,True
20201,BOS,104,Celtics,2023-05-27,42200306,MIA,103,Heat,TNT,1,2023,2,0,0,2,0,0,32,away,1.5,0.0,False,1.0,-1.0,Post-COVID,2,1.0,NWG > 0,1.5,1.0,True,True,True
19537,MIA,111,Heat,2023-06-04,42200402,DEN,108,Nuggets,ABC,1,2023,0,1,0,0,0,1,15,home,7.5,0.0,True,0.0,-3.0,Post-COVID,-1,0.0,NWG < 0,-7.5,0.0,True,True,True
19537,MIA,89,Heat,2023-06-12,42200405,DEN,94,Nuggets,ABC,1,2023,2,2,0,1,1,2,25,home,7.5,0.0,True,0.0,5.0,Post-COVID,0,0.5,NWG = 0,-7.5,0.0,True,True,True
18064,PHX,108,Suns,2023-10-24,22300062,GSW,104,Warriors,TNT,0,2024,1,0,0,1,0,0,22,home,3.5,0.0,True,0.0,-4.0,Post-COVID,1,1.0,NWG > 0,-3.5,0.0,True,True,True
16129,ATL,110,Hawks,2023-10-25,22300063,CHA,116,Hornets,no,0,2024,0,1,0,0,0,1,21,away,4.5,0.0,False,1.0,6.0,Post-COVID,-1,0.0,NWG < 0,4.5,1.0,True,True,True
19812,BOS,108,Celtics,2023-10-25,22300065,NYK,104,Knicks,ESPN,0,2024,1,1,0,1,0,1,34,away,4.5,0.0,False,1.0,-4.0,Post-COVID,0,0.5,NWG = 0,4.5,1.0,True,True,True
17931,CLE,114,Cavaliers,2023-10-25,22300067,BKN,113,Nets,no,0,2024,0,1,0,0,0,1,29,away,1.5,0.0,False,1.0,-1.0,Post-COVID,-1,0.0,NWG < 0,1.5,1.0,True,True,True
18947,DAL,126,Mavericks,2023-10-25,22300073,SAS,119,Spurs,ESPN,0,2024,1,2,0,1,0,2,16,away,4.5,1.0,False,0.0,-7.0,Post-COVID,-1,0.3333333333333333,NWG < 0,4.5,0.0,True,True,True
19695,DET,102,Pistons,2023-10-25,22300068,MIA,103,Heat,no,0,2024,1,3,0,1,0,3,14,home,9.5,0.0,True,0.0,1.0,Post-COVID,-2,0.25,NWG < 0,-9.5,0.0,True,True,True
19800,MIN,94,Timberwolves,2023-10-25,22300069,TOR,97,Raptors,no,0,2024,0,1,0,0,0,1,20,home,0.5,1.0,True,1.0,3.0,Post-COVID,-1,0.0,NWG < 0,-0.5,1.0,True,True,True
17783,PHI,117,76ers,2023-10-26,22300075,MIL,118,Bucks,TNT,0,2024,1,0,0,1,0,0,13,home,5.5,0.0,True,0.0,1.0,Post-COVID,1,1.0,NWG > 0,-5.5,0.0,True,True,True
18997,PHX,95,Suns,2023-10-26,22300076,LAL,100,Lakers,TNT,0,2024,1,0,0,1,0,0,17,home,6.5,0.0,True,0.0,5.0,Post-COVID,1,1.0,NWG > 0,-6.5,0.0,True,True,True
20238,BKN,120,Nets,2023-10-27,22300084,DAL,125,Mavericks,no,0,2024,1,1,0,1,0,1,18,home,6.5,0.0,True,0.0,5.0,Post-COVID,0,0.5,NWG = 0,-6.5,0.0,True,True,True
16617,DEN,108,Nuggets,2023-10-27,22300078,MEM,104,Grizzlies,no,0,2024,0,1,0,0,0,1,14,away,5.5,0.0,False,1.0,-4.0,Post-COVID,-1,0.0,NWG < 0,5.5,1.0,True,True,True
18354,HOU,122,Rockets,2023-10-27,22300083,SAS,126,Spurs,no,0,2024,1,2,2,1,0,0,49,home,2.5,1.0,True,1.0,4.0,Post-COVID,-1,0.3333333333333333,NWG < 0,-2.5,1.0,True,True,True
18206,LAC,118,Clippers,2023-10-27,22300085,UTA,120,Jazz,no,0,2024,2,2,0,2,0,1,30,away,4.5,0.0,False,1.0,2.0,Post-COVID,0,0.5,NWG = 0,4.5,1.0,True,True,True
19156,MIA,111,Heat,2023-10-27,22300080,BOS,119,Celtics,ESPN,0,2024,0,1,0,0,0,1,13,home,8.5,0.0,True,0.0,8.0,Post-COVID,-1,0.0,NWG < 0,-8.5,0.0,True,True,True
17692,NYK,126,Knicks,2023-10-27,22300079,ATL,120,Hawks,no,0,2024,0,1,0,0,0,1,16,home,0.5,0.0,True,0.0,-6.0,Post-COVID,-1,0.0,NWG < 0,-0.5,0.0,True,True,True
19432,OKC,108,Thunder,2023-10-27,22300081,CLE,105,Cavaliers,no,0,2024,0,0,0,0,0,0,26,home,2.5,0.0,True,0.0,-3.0,Post-COVID,0,,NWG = 0,-2.5,0.0,True,True,True
19555,TOR,103,Raptors,2023-10-27,22300082,CHI,104,Bulls,no,0,2024,3,2,0,1,2,2,29,home,2.5,0.0,True,0.0,1.0,Post-COVID,1,0.6,NWG > 0,-2.5,0.0,True,True,True
18198,LAL,127,Lakers,2023-10-29,22300100,SAC,132,Kings,no,0,2024,0,0,0,0,0,0,40,home,2.5,1.0,True,1.0,5.0,Post-COVID,0,,NWG = 0,-2.5,1.0,True,True,True
15021,CHI,112,Bulls,2023-10-30,22300102,IND,105,Pacers,no,0,2024,0,0,0,0,0,0,29,home,3.5,0.0,True,0.0,-7.0,Post-COVID,0,,NWG = 0,-3.5,0.0,True,True,True
18997,ORL,103,Magic,2023-10-30,22300111,LAL,106,Lakers,NBA TV,0,2024,1,0,0,1,0,0,16,home,3.5,0.0,True,0.0,3.0,Post-COVID,1,1.0,NWG > 0,-3.5,0.0,True,True,True
17071,SAS,115,Spurs,2023-10-31,22300113,PHX,114,Suns,TNT,0,2024,0,0,0,0,0,0,13,home,7.5,0.0,True,0.0,-1.0,Post-COVID,0,,NWG = 0,-7.5,0.0,True,True,True
19600,BKN,109,Nets,2023-11-01,22300119,MIA,105,Heat,no,0,2024,0,1,0,0,0,1,24,home,6.5,0.0,True,0.0,-4.0,Post-COVID,-1,0.0,NWG < 0,-6.5,0.0,True,True,True
20103,CHI,105,Bulls,2023-11-01,22300124,DAL,114,Mavericks,no,0,2024,0,0,0,0,0,0,12,home,2.5,1.0,True,1.0,9.0,Post-COVID,0,,NWG = 0,-2.5,1.0,True,True,True
18997,LAC,125,Clippers,2023-11-01,22300127,LAL,130,Lakers,ESPN,0,2024,1,2,1,0,1,1,48,home,3.5,1.0,True,1.0,5.0,Post-COVID,-1,0.3333333333333333,NWG < 0,-3.5,1.0,True,True,True
15764,NOP,110,Pelicans,2023-11-01,22300121,OKC,106,Thunder,ESPN,0,2024,2,0,0,1,1,0,18,home,3.5,0.0,True,0.0,-4.0,Post-COVID,2,1.0,NWG > 0,-3.5,0.0,True,True,True
16912,POR,110,Trail Blazers,2023-11-01,22300115,DET,101,Pistons,no,0,2024,0,0,0,0,0,0,18,home,3.5,0.0,True,0.0,-9.0,Post-COVID,0,,NWG = 0,-3.5,0.0,True,True,True
18064,SAC,101,Kings,2023-11-01,22300126,GSW,102,Warriors,no,0,2024,0,0,0,0,0,0,18,home,7.5,0.0,True,0.0,1.0,Post-COVID,0,,NWG = 0,-7.5,0.0,True,True,True
18206,ORL,115,Magic,2023-11-02,22300130,UTA,113,Jazz,no,0,2024,0,0,0,0,0,0,14,away,1.5,1.0,False,0.0,-2.0,Post-COVID,0,,NWG = 0,1.5,0.0,True,True,True
20645,BKN,109,Nets,2023-11-03,22300004,CHI,107,Bulls,no,0,2024,0,0,0,0,0,0,14,home,3.5,0.0,True,0.0,-2.0,Post-COVID,0,,NWG = 0,-3.5,0.0,True,True,True
16744,CLE,116,Cavaliers,2023-11-03,22300001,IND,121,Pacers,no,0,2024,0,1,0,0,0,1,20,away,1.5,0.0,False,1.0,5.0,Post-COVID,-1,0.0,NWG < 0,1.5,1.0,True,True,True
16827,GSW,141,Warriors,2023-11-03,22300005,OKC,139,Thunder,no,0,2024,1,0,0,1,0,0,14,away,6.5,0.0,False,1.0,-2.0,Post-COVID,1,1.0,NWG > 0,6.5,1.0,True,True,True
18592,MEM,113,Grizzlies,2023-11-03,22300007,POR,115,Trail Blazers,no,0,2024,1,1,0,0,1,1,46,away,3.5,0.0,False,1.0,2.0,Post-COVID,0,0.5,NWG = 0,3.5,1.0,True,True,True
17717,NYK,105,Knicks,2023-11-03,22300002,MIL,110,Bucks,ESPN,0,2024,1,0,0,1,0,0,26,home,6.5,0.0,True,0.0,5.0,Post-COVID,1,1.0,NWG > 0,-6.5,0.0,True,True,True
15945,CHA,125,Hornets,2023-11-04,22300133,IND,124,Pacers,no,0,2024,1,2,0,1,0,2,35,home,5.5,0.0,True,0.0,-1.0,Post-COVID,-1,0.3333333333333333,NWG < 0,-5.5,0.0,True,True,True
20052,CHA,118,Hornets,2023-11-05,22300143,DAL,124,Mavericks,no,0,2024,1,0,0,1,0,0,13,home,11.5,0.0,True,0.0,6.0,Post-COVID,1,1.0,NWG > 0,-11.5,0.0,True,True,True
18354,TOR,123,Raptors,2023-11-05,22300141,SAS,116,Spurs,no,0,2024,0,0,0,0,0,0,14,away,4.5,1.0,False,0.0,-7.0,Post-COVID,0,,NWG = 0,4.5,0.0,True,True,True
18024,BOS,109,Celtics,2023-11-06,22300154,MIN,114,Timberwolves,no,0,2024,1,1,0,1,0,1,30,away,3.5,0.0,False,1.0,5.0,Post-COVID,0,0.5,NWG = 0,3.5,1.0,True,True,True
19725,LAL,107,Lakers,2023-11-06,22300150,MIA,108,Heat,NBA TV,0,2024,0,0,0,0,0,0,18,home,1.5,0.0,True,0.0,1.0,Post-COVID,0,,NWG = 0,-1.5,0.0,True,True,True
17935,MIL,129,Bucks,2023-11-06,22300149,BKN,125,Nets,no,0,2024,1,0,0,1,0,0,18,away,4.5,0.0,False,1.0,-4.0,Post-COVID,1,1.0,NWG > 0,4.5,1.0,True,True,True
19953,BOS,103,Celtics,2023-11-08,22300159,PHI,106,76ers,no,0,2024,1,1,1,1,0,0,17,away,2.5,0.0,False,1.0,3.0,Post-COVID,0,0.5,NWG = 0,2.5,1.0,True,True,True
17341,DET,118,Pistons,2023-11-08,22300165,MIL,120,Bucks,no,0,2024,1,1,0,1,0,1,22,home,12.5,0.0,True,0.0,2.0,Post-COVID,0,0.5,NWG = 0,-12.5,0.0,True,True,True
19737,GSW,105,Warriors,2023-11-08,22300169,DEN,108,Nuggets,ESPN,0,2024,1,0,0,1,0,0,13,home,4.5,0.0,True,0.0,3.0,Post-COVID,1,1.0,NWG > 0,-4.5,0.0,True,True,True
16781,MIA,108,Heat,2023-11-08,22300164,MEM,102,Grizzlies,no,0,2024,1,1,0,0,1,1,23,away,1.5,1.0,False,0.0,-6.0,Post-COVID,0,0.5,NWG = 0,1.5,0.0,True,True,True
18220,PHX,116,Suns,2023-11-08,22300162,CHI,115,Bulls,no,0,2024,1,2,0,1,0,2,41,home,0.5,0.0,True,0.0,-1.0,Post-COVID,-1,0.3333333333333333,NWG < 0,-0.5,0.0,True,True,True
17829,POR,118,Trail Blazers,2023-11-08,22300170,SAC,121,Kings,no,0,2024,2,1,0,1,1,1,45,home,8.5,0.0,True,0.0,3.0,Post-COVID,1,0.6666666666666666,NWG > 0,-8.5,0.0,True,True,True
19986,ATL,120,Hawks,2023-11-09,22300172,ORL,119,Magic,NBA TV,0,2024,1,0,0,1,0,0,11,away,3.5,0.0,False,1.0,-1.0,Post-COVID,1,1.0,NWG > 0,3.5,1.0,True,True,True
14648,MIL,124,Bucks,2023-11-09,22300171,IND,126,Pacers,NBA TV,0,2024,0,0,0,0,0,0,20,away,1.5,0.0,False,1.0,2.0,Post-COVID,0,,NWG = 0,1.5,1.0,True,True,True
17602,CHA,124,Hornets,2023-11-10,22300009,WAS,117,Wizards,no,0,2024,0,1,0,0,0,1,20,home,3.5,0.0,True,0.0,-7.0,Post-COVID,-1,0.0,NWG < 0,-3.5,0.0,True,True,True
17071,LAL,122,Lakers,2023-11-10,22300015,PHX,119,Suns,ESPN,0,2024,0,1,0,0,0,1,27,home,2.5,0.0,True,0.0,-3.0,Post-COVID,-1,0.0,NWG < 0,-2.5,0.0,True,True,True
16236,NOP,101,Pelicans,2023-11-10,22300011,HOU,104,Rockets,no,0,2024,2,0,0,2,0,0,32,home,3.5,0.0,True,0.0,3.0,Post-COVID,2,1.0,NWG > 0,-3.5,0.0,True,True,True
16977,UTA,127,Jazz,2023-11-10,22300012,MEM,121,Grizzlies,no,0,2024,0,1,1,0,0,0,13,home,4.5,0.0,True,0.0,-6.0,Post-COVID,-1,0.0,NWG < 0,-4.5,0.0,True,True,True
18055,DEN,104,Nuggets,2023-11-12,22300182,HOU,107,Rockets,no,0,2024,0,3,0,0,0,3,14,away,4.5,0.0,False,1.0,3.0,Post-COVID,-3,0.0,NWG < 0,4.5,1.0,True,True,True
17220,MEM,105,Grizzlies,2023-11-12,22300179,LAC,101,Clippers,no,0,2024,3,1,1,2,1,0,32,home,8.5,0.0,True,0.0,-4.0,Post-COVID,2,0.75,NWG > 0,-8.5,0.0,True,True,True
18036,MIA,118,Heat,2023-11-12,22300184,SAS,113,Spurs,no,0,2024,1,0,0,1,0,0,13,away,1.5,1.0,False,0.0,-5.0,Post-COVID,1,1.0,NWG > 0,1.5,0.0,True,True,True
18997,POR,110,Trail Blazers,2023-11-12,22300187,LAL,116,Lakers,no,0,2024,0,0,0,0,0,0,19,home,8.5,0.0,True,0.0,6.0,Post-COVID,0,,NWG = 0,-8.5,0.0,True,True,True
17732,WAS,94,Wizards,2023-11-12,22300178,BKN,102,Nets,no,0,2024,0,1,0,0,0,1,10,home,6.5,1.0,True,1.0,8.0,Post-COVID,-1,0.0,NWG < 0,-6.5,1.0,True,True,True
19800,WAS,107,Wizards,2023-11-13,22300189,TOR,111,Raptors,no,0,2024,0,0,0,0,0,0,26,home,8.5,0.0,True,0.0,4.0,Post-COVID,0,,NWG = 0,-8.5,0.0,True,True,True
16963,ATL,126,Hawks,2023-11-14,22300018,DET,120,Pistons,no,0,2024,1,0,0,0,1,0,10,away,4.5,1.0,False,0.0,-6.0,Post-COVID,1,1.0,NWG > 0,4.5,0.0,True,True,True
19661,LAC,108,Clippers,2023-11-14,22300024,DEN,111,Nuggets,TNT,0,2024,1,1,0,1,0,1,17,home,4.5,0.0,True,0.0,3.0,Post-COVID,0,0.5,NWG = 0,-4.5,0.0,True,True,True
18064,MIN,104,Timberwolves,2023-11-14,22300025,GSW,101,Warriors,no,0,2024,0,0,0,0,0,0,10,away,3.5,0.0,False,1.0,-3.0,Post-COVID,0,,NWG = 0,3.5,1.0,True,True,True
17060,NYK,116,Knicks,2023-11-15,22300193,ATL,114,Hawks,no,0,2024,0,0,0,0,0,0,17,home,1.5,0.0,True,0.0,-2.0,Post-COVID,0,,NWG = 0,-1.5,0.0,True,True,True
19092,ORL,96,Magic,2023-11-15,22300196,CHI,94,Bulls,no,0,2024,1,1,0,1,0,1,18,home,2.5,0.0,True,0.0,-2.0,Post-COVID,0,0.5,NWG = 0,-2.5,0.0,True,True,True
19800,BOS,108,Celtics,2023-11-17,22300031,TOR,105,Raptors,no,0,2024,0,0,0,0,0,0,19,away,9.5,0.0,False,1.0,-3.0,Post-COVID,0,,NWG = 0,9.5,1.0,True,True,True
15278,DEN,110,Nuggets,2023-11-17,22300034,NOP,115,Pelicans,no,0,2024,0,1,1,0,0,0,11,away,4.5,0.0,False,1.0,5.0,Post-COVID,-1,0.0,NWG < 0,4.5,1.0,True,True,True
19370,HOU,100,Rockets,2023-11-17,22300037,LAC,106,Clippers,no,0,2024,2,0,0,2,0,0,14,home,7.5,0.0,True,0.0,6.0,Post-COVID,2,1.0,NWG > 0,-7.5,0.0,True,True,True
20235,ORL,103,Magic,2023-11-17,22300033,CHI,97,Bulls,no,0,2024,0,0,0,0,0,0,12,home,3.5,0.0,True,0.0,-6.0,Post-COVID,0,,NWG = 0,-3.5,0.0,True,True,True
18206,PHX,131,Suns,2023-11-17,22300035,UTA,128,Jazz,ESPN,0,2024,0,0,0,0,0,0,16,away,5.5,0.0,False,1.0,-3.0,Post-COVID,0,,NWG = 0,5.5,1.0,True,True,True
18128,DAL,125,Mavericks,2023-11-18,22300205,MIL,132,Bucks,NBA TV,0,2024,0,1,1,0,0,0,20,home,1.5,1.0,True,1.0,7.0,Post-COVID,-1,0.0,NWG < 0,-1.5,1.0,True,True,True
18063,MIA,97,Heat,2023-11-18,22300204,CHI,102,Bulls,no,0,2024,1,1,0,1,0,1,18,away,1.5,0.0,False,1.0,5.0,Post-COVID,0,0.5,NWG = 0,1.5,1.0,True,True,True
15536,MIN,121,Timberwolves,2023-11-18,22300203,NOP,120,Pelicans,no,0,2024,0,0,0,0,0,0,22,away,7.5,0.0,False,1.0,-1.0,Post-COVID,0,,NWG = 0,7.5,1.0,True,True,True
18064,OKC,130,Thunder,2023-11-18,22300207,GSW,123,Warriors,no,0,2024,1,0,0,1,0,0,26,home,1.5,0.0,True,0.0,-7.0,Post-COVID,1,1.0,NWG > 0,-1.5,0.0,True,True,True
17798,BOS,102,Celtics,2023-11-19,22300213,MEM,100,Grizzlies,no,0,2024,0,0,0,0,0,0,13,away,12.5,0.0,False,1.0,-2.0,Post-COVID,0,,NWG = 0,12.5,1.0,True,True,True
18997,HOU,104,Rockets,2023-11-19,22300216,LAL,105,Lakers,no,0,2024,0,0,0,0,0,0,24,home,6.5,0.0,True,0.0,1.0,Post-COVID,0,,NWG = 0,-6.5,0.0,True,True,True
18206,PHX,140,Suns,2023-11-19,22300214,UTA,137,Jazz,NBA TV,0,2024,2,1,0,2,0,1,37,away,5.5,0.0,False,1.0,-3.0,Post-COVID,1,0.6666666666666666,NWG > 0,5.5,1.0,True,True,True
19134,BOS,118,Celtics,2023-11-20,22300217,CHA,121,Hornets,no,0,2024,0,2,0,0,0,2,33,away,8.5,0.0,False,1.0,3.0,Post-COVID,-2,0.0,NWG < 0,8.5,1.0,True,True,True
19403,DEN,107,Nuggets,2023-11-20,22300218,DET,103,Pistons,no,0,2024,0,2,1,0,0,1,22,away,9.5,0.0,False,1.0,-4.0,Post-COVID,-2,0.0,NWG < 0,9.5,1.0,True,True,True
20565,CLE,122,Cavaliers,2023-11-21,22300040,PHI,119,76ers,TNT,0,2024,1,0,0,1,0,0,37,home,7.5,0.0,True,0.0,-3.0,Post-COVID,1,1.0,NWG > 0,-7.5,0.0,True,True,True
17162,IND,157,Pacers,2023-11-21,22300039,ATL,152,Hawks,no,0,2024,0,0,0,0,0,0,9,home,3.5,0.0,True,0.0,-5.0,Post-COVID,0,,NWG = 0,-3.5,0.0,True,True,True
17340,BKN,145,Nets,2023-11-22,22300227,ATL,147,Hawks,no,0,2024,2,0,0,2,0,0,49,home,3.5,0.0,True,0.0,2.0,Post-COVID,2,1.0,NWG > 0,-3.5,0.0,True,True,True
18997,DAL,104,Mavericks,2023-11-22,22300238,LAL,101,Lakers,no,0,2024,0,1,0,0,0,1,11,home,0.5,0.0,True,0.0,-3.0,Post-COVID,-1,0.0,NWG < 0,-0.5,0.0,True,True,True
18237,DEN,119,Nuggets,2023-11-22,22300226,ORL,124,Magic,no,0,2024,0,2,0,0,0,2,16,away,3.5,0.0,False,1.0,5.0,Post-COVID,-2,0.0,NWG < 0,3.5,1.0,True,True,True
17071,GSW,115,Warriors,2023-11-22,22300236,PHX,123,Suns,ESPN,0,2024,2,2,0,2,0,2,22,home,3.5,1.0,True,1.0,8.0,Post-COVID,0,0.5,NWG = 0,-3.5,1.0,True,True,True
19156,MIL,116,Bucks,2023-11-22,22300228,BOS,119,Celtics,ESPN,0,2024,0,0,0,0,0,0,21,home,6.5,0.0,True,0.0,3.0,Post-COVID,0,,NWG = 0,-6.5,0.0,True,True,True
16012,SAC,112,Kings,2023-11-22,22300233,NOP,117,Pelicans,no,0,2024,1,1,0,1,0,1,18,away,1.5,0.0,False,1.0,5.0,Post-COVID,0,0.5,NWG = 0,1.5,1.0,True,True,True
17091,TOR,132,Raptors,2023-11-22,22300230,IND,131,Pacers,no,0,2024,2,0,0,2,0,0,14,home,2.5,0.0,True,0.0,-1.0,Post-COVID,2,1.0,NWG > 0,-2.5,0.0,True,True,True
16432,WAS,114,Wizards,2023-11-22,22300225,CHA,117,Hornets,no,0,2024,1,1,0,1,0,1,29,home,3.5,0.0,True,0.0,3.0,Post-COVID,0,0.5,NWG = 0,-3.5,0.0,True,True,True
19812,MIA,98,Heat,2023-11-24,22300045,NYK,100,Knicks,ESPN,0,2024,1,1,1,0,1,0,13,home,5.5,0.0,True,0.0,2.0,Post-COVID,0,0.5,NWG = 0,-5.5,0.0,True,True,True
18064,SAS,112,Spurs,2023-11-24,22300051,GSW,118,Warriors,ESPN,0,2024,0,1,1,0,0,0,15,home,10.5,0.0,True,0.0,6.0,Post-COVID,-1,0.0,NWG < 0,-10.5,0.0,True,True,True
17880,WAS,128,Wizards,2023-11-24,22300049,MIL,131,Bucks,no,0,2024,1,1,0,1,0,1,16,home,13.5,0.0,True,0.0,3.0,Post-COVID,0,0.5,NWG = 0,-13.5,0.0,True,True,True
19432,LAL,121,Lakers,2023-11-25,22300242,CLE,115,Cavaliers,no,0,2024,0,1,0,0,0,1,22,home,4.5,0.0,True,0.0,-6.0,Post-COVID,-1,0.0,NWG < 0,-4.5,0.0,True,True,True
18206,NOP,100,Pelicans,2023-11-25,22300243,UTA,105,Jazz,no,0,2024,2,0,0,2,0,0,15,away,2.5,0.0,False,1.0,5.0,Post-COVID,2,1.0,NWG > 0,2.5,1.0,True,True,True
17125,PHI,127,76ers,2023-11-25,22300239,OKC,123,Thunder,no,0,2024,2,1,0,2,0,1,21,away,1.5,1.0,False,0.0,-4.0,Post-COVID,1,0.6666666666666666,NWG > 0,1.5,0.0,True,True,True
19812,PHX,116,Suns,2023-11-26,22300247,NYK,113,Knicks,no,0,2024,2,0,0,2,0,0,22,home,6.5,0.0,True,0.0,-3.0,Post-COVID,2,1.0,NWG > 0,-6.5,0.0,True,True,True
17602,POR,102,Trail Blazers,2023-11-26,22300245,MIL,108,Bucks,no,0,2024,2,1,0,1,1,1,30,home,12.5,0.0,True,0.0,6.0,Post-COVID,1,0.6666666666666666,NWG > 0,-12.5,0.0,True,True,True
19432,TOR,102,Raptors,2023-11-26,22300251,CLE,105,Cavaliers,no,0,2024,0,0,0,0,0,0,14,home,3.5,0.0,True,0.0,3.0,Post-COVID,0,,NWG = 0,-3.5,0.0,True,True,True
17071,DEN,113,Nuggets,2023-11-27,22300257,LAC,104,Clippers,NBA TV,0,2024,0,0,0,0,0,0,14,home,11.5,0.0,True,0.0,-9.0,Post-COVID,0,,NWG = 0,-11.5,0.0,True,True,True
18206,NOP,112,Pelicans,2023-11-27,22300256,UTA,114,Jazz,no,0,2024,1,0,0,1,0,1,24,away,6.5,0.0,False,1.0,2.0,Post-COVID,1,1.0,NWG > 0,6.5,1.0,True,True,True
14508,POR,114,Trail Blazers,2023-11-27,22300254,IND,110,Pacers,no,0,2024,1,1,0,1,0,1,22,home,11.5,0.0,True,0.0,-4.0,Post-COVID,0,0.5,NWG = 0,-11.5,0.0,True,True,True
18039,GSW,123,Warriors,2023-11-28,22300060,SAC,124,Kings,TNT,0,2024,2,0,0,1,1,0,23,home,1.5,0.0,True,0.0,1.0,Post-COVID,2,1.0,NWG > 0,-1.5,0.0,True,True,True
20103,HOU,115,Rockets,2023-11-28,22300059,DAL,121,Mavericks,no,0,2024,2,1,0,1,1,1,13,home,4.5,1.0,True,1.0,6.0,Post-COVID,1,0.6666666666666666,NWG > 0,-4.5,1.0,True,True,True
19691,MIL,131,Bucks,2023-11-28,22300056,MIA,124,Heat,TNT,0,2024,0,0,0,0,0,0,10,away,4.5,1.0,False,0.0,-7.0,Post-COVID,0,,NWG = 0,4.5,0.0,True,True,True
18024,OKC,103,Thunder,2023-11-28,22300058,MIN,106,Timberwolves,no,0,2024,1,0,0,1,0,0,27,home,3.5,0.0,True,0.0,3.0,Post-COVID,1,1.0,NWG > 0,-3.5,0.0,True,True,True
15844,TOR,103,Raptors,2023-11-28,22300054,BKN,115,Nets,no,0,2024,1,0,0,1,0,0,16,home,1.5,1.0,True,1.0,12.0,Post-COVID,1,1.0,NWG > 0,-1.5,1.0,True,True,True
19800,PHX,105,Suns,2023-11-29,22300260,TOR,112,Raptors,no,0,2024,1,0,0,1,0,0,13,away,2.5,0.0,False,1.0,7.0,Post-COVID,1,1.0,NWG > 0,2.5,1.0,True,True,True
17646,ATL,137,Hawks,2023-11-30,22300272,SAS,135,Spurs,no,0,2024,0,0,0,0,0,0,19,away,6.5,0.0,False,1.0,-2.0,Post-COVID,0,,NWG = 0,6.5,1.0,True,True,True
16072,CHA,129,Hornets,2023-11-30,22300266,BKN,128,Nets,no,0,2024,0,0,0,0,0,0,17,home,8.5,0.0,True,0.0,-1.0,Post-COVID,0,,NWG = 0,-8.5,0.0,True,True,True
19838,MIL,113,Bucks,2023-11-30,22300269,CHI,120,Bulls,no,0,2024,0,0,0,0,0,0,39,away,10.5,0.0,False,1.0,7.0,Post-COVID,0,,NWG = 0,10.5,1.0,True,True,True
17071,DEN,119,Nuggets,2023-12-01,22300279,PHX,111,Suns,ESPN,0,2024,0,0,0,0,0,0,10,home,0.5,0.0,True,0.0,-8.0,Post-COVID,0,,NWG = 0,-0.5,0.0,True,True,True
19156,PHI,119,76ers,2023-12-01,22300275,BOS,125,Celtics,ESPN,0,2024,0,0,0,0,0,0,19,home,11.5,0.0,True,0.0,6.0,Post-COVID,0,,NWG = 0,-11.5,0.0,True,True,True
19370,GSW,112,Warriors,2023-12-02,22300280,LAC,113,Clippers,no,0,2024,0,1,0,0,0,1,25,home,4.5,0.0,True,0.0,1.0,Post-COVID,-1,0.0,NWG < 0,-4.5,0.0,True,True,True
17731,MIN,123,Timberwolves,2023-12-02,22300281,CHA,117,Hornets,no,0,2024,0,1,0,0,0,1,15,away,5.5,1.0,False,0.0,-6.0,Post-COVID,-1,0.0,NWG < 0,5.5,0.0,True,True,True
20277,OKC,126,Thunder,2023-12-02,22300287,DAL,120,Mavericks,no,0,2024,0,0,0,0,0,0,18,away,5.5,1.0,False,0.0,-6.0,Post-COVID,0,,NWG = 0,5.5,0.0,True,True,True
18206,POR,113,Trail Blazers,2023-12-02,22300289,UTA,118,Jazz,no,0,2024,0,2,0,0,0,2,34,home,1.5,1.0,True,1.0,5.0,Post-COVID,-2,0.0,NWG < 0,-1.5,1.0,True,True,True
16693,BOS,112,Celtics,2023-12-04,22301202,IND,122,Pacers,TNT/truTV,0,2024,0,0,0,0,0,0,23,away,4.5,0.0,False,1.0,10.0,Post-COVID,0,,NWG = 0,4.5,1.0,True,True,True
18664,PHX,103,Suns,2023-12-05,22301203,LAL,106,Lakers,TNT,0,2024,0,3,0,0,0,3,13,home,2.5,1.0,True,1.0,3.0,Post-COVID,-3,0.0,NWG < 0,-2.5,1.0,True,True,True
15906,BKN,114,Nets,2023-12-06,22301209,ATL,113,Hawks,no,0,2024,0,0,0,0,0,0,28,home,3.5,0.0,True,0.0,-1.0,Post-COVID,0,,NWG = 0,-3.5,0.0,True,True,True
15568,PHI,131,76ers,2023-12-06,22301208,WAS,126,Wizards,no,0,2024,4,0,0,4,0,0,16,away,10.5,0.0,False,1.0,-5.0,Post-COVID,4,1.0,NWG > 0,10.5,1.0,True,True,True
18064,POR,106,Trail Blazers,2023-12-06,22301214,GSW,110,Warriors,no,0,2024,3,0,0,3,0,0,22,home,12.5,0.0,True,0.0,4.0,Post-COVID,3,1.0,NWG > 0,-12.5,0.0,True,True,True
16837,IND,128,Pacers,2023-12-07,22301229,MIL,119,Bucks,ESPN,0,2024,0,0,0,0,0,0,22,home,5.5,0.0,True,0.0,-9.0,Post-COVID,0,,NWG = 0,-5.5,0.0,True,True,True
17112,GSW,136,Warriors,2023-12-08,22301222,OKC,138,Thunder,no,0,2024,1,1,0,1,0,1,28,home,3.5,0.0,True,0.0,2.0,Post-COVID,0,0.5,NWG = 0,-3.5,0.0,True,True,True
11526,TOR,116,Raptors,2023-12-08,22301216,CHA,119,Hornets,no,0,2024,0,0,0,0,0,0,17,away,5.5,0.0,False,1.0,3.0,Post-COVID,0,,NWG = 0,5.5,1.0,True,True,True
17440,CHI,129,Bulls,2023-12-11,22300300,MIL,133,Bucks,no,0,2024,2,1,1,1,1,0,33,home,11.5,0.0,True,0.0,4.0,Post-COVID,1,0.6666666666666666,NWG > 0,-11.5,0.0,True,True,True
15543,MIA,116,Heat,2023-12-11,22300292,CHA,114,Hornets,no,0,2024,0,1,0,0,0,1,24,away,4.5,0.0,False,1.0,-2.0,Post-COVID,-1,0.0,NWG < 0,4.5,1.0,True,True,True
17102,POR,127,Trail Blazers,2023-12-11,22300304,LAC,132,Clippers,no,0,2024,0,1,1,0,0,0,18,home,14.5,0.0,True,0.0,5.0,Post-COVID,-1,0.0,NWG < 0,-14.5,0.0,True,True,True
17071,GSW,116,Warriors,2023-12-12,22300308,PHX,119,Suns,TNT,0,2024,0,1,0,0,0,1,17,away,1.5,0.0,False,1.0,3.0,Post-COVID,-1,0.0,NWG < 0,1.5,1.0,True,True,True
20377,LAL,125,Lakers,2023-12-12,22300306,DAL,127,Mavericks,TNT,0,2024,0,1,1,0,0,0,20,away,2.5,0.0,False,1.0,2.0,Post-COVID,-1,0.0,NWG < 0,2.5,1.0,True,True,True
17071,BKN,116,Nets,2023-12-13,22300317,PHX,112,Suns,no,0,2024,0,0,0,0,0,0,13,home,4.5,0.0,True,0.0,-4.0,Post-COVID,0,,NWG = 0,-4.5,0.0,True,True,True
18354,LAL,122,Lakers,2023-12-13,22300316,SAS,119,Spurs,NBA TV,0,2024,0,0,0,0,0,0,19,away,3.5,0.0,False,1.0,-3.0,Post-COVID,0,,NWG = 0,3.5,1.0,True,True,True
18206,NYK,113,Knicks,2023-12-13,22300318,UTA,117,Jazz,no,0,2024,1,0,0,1,0,0,13,away,5.5,0.0,False,1.0,4.0,Post-COVID,1,1.0,NWG > 0,5.5,1.0,True,True,True
17794,OKC,123,Thunder,2023-12-14,22300324,SAC,128,Kings,no,0,2024,0,0,0,0,0,0,20,home,2.5,1.0,True,1.0,5.0,Post-COVID,0,,NWG = 0,-2.5,1.0,True,True,True
16941,HOU,103,Rockets,2023-12-15,22300332,MEM,96,Grizzlies,no,0,2024,2,1,0,2,0,1,20,away,2.5,1.0,False,0.0,-7.0,Post-COVID,1,0.6666666666666666,NWG > 0,2.5,0.0,True,True,True
16080,NOP,112,Pelicans,2023-12-15,22300326,CHA,107,Hornets,no,0,2024,2,0,0,2,0,0,25,away,9.5,0.0,False,1.0,-5.0,Post-COVID,2,1.0,NWG > 0,9.5,1.0,True,True,True
18064,BKN,120,Nets,2023-12-16,22300339,GSW,124,Warriors,no,0,2024,0,0,0,0,0,0,10,home,3.5,1.0,True,1.0,4.0,Post-COVID,0,,NWG = 0,-3.5,1.0,True,True,True
19815,CHI,116,Bulls,2023-12-16,22300337,MIA,118,Heat,no,0,2024,0,1,0,0,0,1,12,home,4.5,0.0,True,0.0,2.0,Post-COVID,-1,0.0,NWG < 0,-4.5,0.0,True,True,True
19611,OKC,118,Thunder,2023-12-16,22300340,DEN,117,Nuggets,no,0,2024,0,1,1,0,0,0,18,home,5.5,0.0,True,0.0,-1.0,Post-COVID,-1,0.0,NWG < 0,-5.5,0.0,True,True,True
18547,GSW,118,Warriors,2023-12-17,22300348,POR,114,Trail Blazers,no,0,2024,1,2,1,1,0,1,23,away,5.5,0.0,False,1.0,-4.0,Post-COVID,-1,0.3333333333333333,NWG < 0,5.5,1.0,True,True,True
17071,WAS,108,Wizards,2023-12-17,22300347,PHX,112,Suns,no,0,2024,0,1,0,0,0,1,13,home,12.5,0.0,True,0.0,4.0,Post-COVID,-1,0.0,NWG < 0,-12.5,0.0,True,True,True
19773,CHI,108,Bulls,2023-12-18,22300351,PHI,104,76ers,no,0,2024,1,0,0,0,1,0,19,home,10.5,0.0,True,0.0,-4.0,Post-COVID,1,1.0,NWG > 0,-10.5,0.0,True,True,True
19432,HOU,130,Rockets,2023-12-18,22300349,CLE,135,Cavaliers,no,0,2024,0,1,0,0,0,1,21,home,3.5,1.0,True,1.0,5.0,Post-COVID,-1,0.0,NWG < 0,-3.5,1.0,True,True,True
19819,MIN,112,Timberwolves,2023-12-18,22300353,MIA,108,Heat,no,0,2024,1,0,0,1,0,0,20,away,1.5,1.0,False,0.0,-4.0,Post-COVID,1,1.0,NWG > 0,1.5,0.0,True,True,True
18997,NYK,114,Knicks,2023-12-18,22300359,LAL,109,Lakers,no,0,2024,1,0,0,1,0,0,25,home,5.5,0.0,True,0.0,-5.0,Post-COVID,1,1.0,NWG > 0,-5.5,0.0,True,True,True
18064,BOS,126,Celtics,2023-12-19,22300362,GSW,132,Warriors,TNT,0,2024,1,1,0,1,0,1,25,away,5.5,0.0,False,1.0,6.0,Post-COVID,0,0.5,NWG = 0,5.5,1.0,True,True,True
18355,MEM,115,Grizzlies,2023-12-19,22300360,NOP,113,Pelicans,TNT,0,2024,0,0,0,0,0,0,14,home,8.5,0.0,True,0.0,-2.0,Post-COVID,0,,NWG = 0,-8.5,0.0,True,True,True
18233,PHX,104,Suns,2023-12-19,22300363,POR,109,Trail Blazers,no,0,2024,0,2,0,0,0,2,16,away,7.5,0.0,False,1.0,5.0,Post-COVID,-2,0.0,NWG < 0,7.5,1.0,True,True,True
18690,WAS,118,Wizards,2023-12-21,22300381,POR,117,Trail Blazers,no,0,2024,1,0,0,1,0,0,15,home,4.5,0.0,True,0.0,-1.0,Post-COVID,1,1.0,NWG > 0,-4.5,0.0,True,True,True
17732,DEN,122,Nuggets,2023-12-22,22300383,BKN,117,Nets,NBA TV,0,2024,0,1,0,0,0,1,16,away,5.5,0.0,False,1.0,-5.0,Post-COVID,-1,0.0,NWG < 0,5.5,1.0,True,True,True
17399,HOU,106,Rockets,2023-12-23,22300392,NOP,104,Pelicans,no,0,2024,0,1,0,0,0,1,14,home,7.5,0.0,True,0.0,-2.0,Post-COVID,-1,0.0,NWG < 0,-7.5,0.0,True,True,True
21420,ATL,113,Hawks,2023-12-26,22300408,CHI,118,Bulls,no,0,2024,0,1,1,0,0,0,11,away,2.5,0.0,False,1.0,5.0,Post-COVID,-1,0.0,NWG < 0,2.5,1.0,True,True,True
19811,BKN,118,Nets,2023-12-26,22300406,DET,112,Pistons,no,0,2024,0,0,0,0,0,0,14,away,6.5,0.0,False,1.0,-6.0,Post-COVID,0,,NWG = 0,6.5,1.0,True,True,True
18055,IND,123,Pacers,2023-12-26,22300409,HOU,117,Rockets,NBA TV,0,2024,0,2,0,0,0,2,18,home,2.5,0.0,True,0.0,-6.0,Post-COVID,-2,0.0,NWG < 0,-2.5,0.0,True,True,True
18538,MEM,116,Grizzlies,2023-12-26,22300410,NOP,115,Pelicans,no,0,2024,0,0,0,0,0,0,29,home,4.5,0.0,True,0.0,-1.0,Post-COVID,0,,NWG = 0,-4.5,0.0,True,True,True
20377,CLE,113,Cavaliers,2023-12-27,22300420,DAL,110,Mavericks,no,0,2024,0,1,0,0,0,1,13,home,6.5,0.0,True,0.0,-3.0,Post-COVID,-1,0.0,NWG < 0,-6.5,0.0,True,True,True
19156,DET,122,Pistons,2023-12-28,22300421,BOS,128,Celtics,NBA TV,0,2024,0,0,0,0,0,0,20,home,17.5,0.0,True,0.0,6.0,Post-COVID,0,,NWG = 0,-17.5,0.0,True,True,True
17753,UTA,105,Jazz,2023-12-28,22300424,NOP,112,Pelicans,no,0,2024,1,0,0,0,1,0,24,home,8.5,0.0,True,0.0,7.0,Post-COVID,1,1.0,NWG > 0,-8.5,0.0,True,True,True
18055,PHI,131,76ers,2023-12-29,22300434,HOU,127,Rockets,no,0,2024,2,1,0,2,0,1,25,away,1.5,1.0,False,0.0,-4.0,Post-COVID,1,0.6666666666666666,NWG > 0,1.5,0.0,True,True,True
19156,TOR,118,Raptors,2023-12-29,22300432,BOS,120,Celtics,no,0,2024,0,2,0,0,0,2,13,home,5.5,0.0,True,0.0,2.0,Post-COVID,-2,0.0,NWG < 0,-5.5,0.0,True,True,True
18024,LAL,106,Lakers,2023-12-30,22300443,MIN,108,Timberwolves,no,0,2024,2,0,0,2,0,0,20,home,4.5,0.0,True,0.0,2.0,Post-COVID,2,1.0,NWG > 0,-4.5,0.0,True,True,True
18411,TOR,127,Raptors,2023-12-30,22300440,DET,129,Pistons,no,0,2024,0,2,0,0,0,2,25,away,3.5,0.0,False,1.0,2.0,Post-COVID,-2,0.0,NWG < 0,3.5,1.0,True,True,True
17042,ATL,130,Hawks,2023-12-31,22300445,WAS,126,Wizards,no,0,2024,0,1,0,0,0,1,22,away,6.5,0.0,False,1.0,-4.0,Post-COVID,-1,0.0,NWG < 0,6.5,1.0,True,True,True
19800,CLE,121,Cavaliers,2024-01-01,22300452,TOR,124,Raptors,no,0,2024,0,1,0,0,0,1,17,home,2.5,1.0,True,1.0,3.0,Post-COVID,-1,0.0,NWG < 0,-2.5,1.0,True,True,True
18203,BOS,123,Celtics,2024-01-02,22300462,OKC,127,Thunder,no,0,2024,0,0,0,0,0,0,19,away,4.5,0.0,False,1.0,4.0,Post-COVID,0,,NWG = 0,4.5,1.0,True,True,True
17832,CHA,111,Hornets,2024-01-02,22300464,SAC,104,Kings,no,0,2024,0,0,0,0,0,0,22,home,15.5,0.0,True,0.0,-7.0,Post-COVID,0,,NWG = 0,-15.5,0.0,True,True,True
18206,DET,148,Pistons,2024-01-03,22300474,UTA,154,Jazz,no,0,2024,1,1,0,1,0,1,37,home,8.5,0.0,True,0.0,6.0,Post-COVID,0,0.5,NWG = 0,-8.5,0.0,True,True,True
17770,OKC,138,Thunder,2024-01-03,22300467,ATL,141,Hawks,no,0,2024,0,1,0,0,0,1,19,home,1.5,1.0,True,1.0,3.0,Post-COVID,-1,0.0,NWG < 0,-1.5,1.0,True,True,True
17832,ORL,135,Magic,2024-01-03,22300476,SAC,138,Kings,no,0,2024,4,2,1,2,2,1,56,home,5.5,0.0,True,0.0,3.0,Post-COVID,2,0.6666666666666666,NWG > 0,-5.5,0.0,True,True,True
18064,DEN,130,Nuggets,2024-01-04,22300478,GSW,127,Warriors,TNT,0,2024,0,1,0,0,0,1,9,away,3.5,0.0,False,1.0,-3.0,Post-COVID,-1,0.0,NWG < 0,3.5,1.0,True,True,True
19082,MIL,125,Bucks,2024-01-04,22300477,SAS,121,Spurs,TNT,0,2024,0,2,0,0,0,2,13,away,11.5,0.0,False,1.0,-4.0,Post-COVID,-2,0.0,NWG < 0,11.5,1.0,True,True,True
18064,DET,109,Pistons,2024-01-05,22300490,GSW,113,Warriors,no,0,2024,1,2,0,0,1,2,18,home,10.5,0.0,True,0.0,4.0,Post-COVID,-1,0.3333333333333333,NWG < 0,-10.5,0.0,True,True,True
19659,ORL,122,Magic,2024-01-05,22300488,DEN,120,Nuggets,no,0,2024,0,0,0,0,0,0,20,home,9.5,0.0,True,0.0,-2.0,Post-COVID,0,,NWG = 0,-9.5,0.0,True,True,True
17941,TOR,130,Raptors,2024-01-05,22300492,SAC,135,Kings,no,0,2024,1,0,0,1,0,0,16,home,4.5,1.0,True,1.0,5.0,Post-COVID,1,1.0,NWG > 0,-4.5,1.0,True,True,True
19349,ATL,110,Hawks,2024-01-07,22300499,ORL,117,Magic,no,0,2024,2,2,0,2,0,2,34,away,2.5,0.0,False,1.0,7.0,Post-COVID,0,0.5,NWG = 0,2.5,1.0,True,True,True
18997,LAC,103,Clippers,2024-01-07,22300505,LAL,106,Lakers,no,0,2024,0,1,0,0,0,1,14,away,5.5,0.0,False,1.0,3.0,Post-COVID,-1,0.0,NWG < 0,5.5,1.0,True,True,True
17071,MEM,121,Grizzlies,2024-01-07,22300503,PHX,115,Suns,no,0,2024,0,1,0,0,0,1,15,home,8.5,0.0,True,0.0,-6.0,Post-COVID,-1,0.0,NWG < 0,-8.5,0.0,True,True,True
20111,MIN,108,Timberwolves,2024-01-07,22300501,DAL,115,Mavericks,no,0,2024,1,0,0,1,0,0,17,away,2.5,0.0,False,1.0,7.0,Post-COVID,1,1.0,NWG > 0,2.5,1.0,True,True,True
17732,POR,134,Trail Blazers,2024-01-07,22300498,BKN,127,Nets,no,0,2024,0,2,1,0,0,1,17,home,9.5,0.0,True,0.0,-7.0,Post-COVID,-2,0.0,NWG < 0,-9.5,0.0,True,True,True
19432,SAS,115,Spurs,2024-01-07,22300497,CLE,117,Cavaliers,no,0,2024,0,0,0,0,0,0,28,home,10.5,0.0,True,0.0,2.0,Post-COVID,0,,NWG = 0,-10.5,0.0,True,True,True
16009,BOS,131,Celtics,2024-01-08,22300507,IND,133,Pacers,no,0,2024,2,0,0,1,1,0,23,away,3.5,0.0,False,1.0,2.0,Post-COVID,2,1.0,NWG > 0,3.5,1.0,True,True,True
14418,CHI,119,Bulls,2024-01-08,22300506,CHA,112,Hornets,no,0,2024,2,0,0,2,0,0,34,away,6.5,1.0,False,0.0,-7.0,Post-COVID,2,1.0,NWG > 0,6.5,0.0,True,True,True
18997,TOR,131,Raptors,2024-01-09,22300516,LAL,132,Lakers,no,0,2024,0,2,0,0,0,2,15,home,4.5,0.0,True,0.0,1.0,Post-COVID,-2,0.0,NWG < 0,-4.5,0.0,True,True,True
21149,HOU,119,Rockets,2024-01-10,22300523,CHI,124,Bulls,no,0,2024,2,1,0,2,0,1,36,home,4.5,1.0,True,1.0,5.0,Post-COVID,1,0.6666666666666666,NWG > 0,-4.5,1.0,True,True,True
19156,MIN,120,Timberwolves,2024-01-10,22300517,BOS,127,Celtics,no,0,2024,0,3,0,0,0,3,30,home,10.5,0.0,True,0.0,7.0,Post-COVID,-3,0.0,NWG < 0,-10.5,0.0,True,True,True
16089,PHI,132,76ers,2024-01-10,22300521,ATL,139,Hawks,no,0,2024,3,0,0,1,2,0,31,home,0.5,1.0,True,1.0,7.0,Post-COVID,3,1.0,NWG > 0,-0.5,1.0,True,True,True
19370,TOR,120,Raptors,2024-01-10,22300526,LAC,126,Clippers,no,0,2024,0,0,0,0,0,0,13,home,11.5,0.0,True,0.0,6.0,Post-COVID,0,,NWG = 0,-11.5,0.0,True,True,True
20040,NYK,124,Knicks,2024-01-11,22300530,DAL,128,Mavericks,no,0,2024,1,3,1,1,0,2,18,away,4.5,0.0,False,1.0,4.0,Post-COVID,-2,0.25,NWG < 0,4.5,1.0,True,True,True
13987,HOU,112,Rockets,2024-01-12,22300534,DET,110,Pistons,no,0,2024,0,0,0,0,0,0,13,away,8.5,0.0,False,1.0,-2.0,Post-COVID,0,,NWG = 0,8.5,1.0,True,True,True
19650,ORL,96,Magic,2024-01-12,22300535,MIA,99,Heat,no,0,2024,1,1,0,0,1,1,14,home,1.5,1.0,True,1.0,3.0,Post-COVID,0,0.5,NWG = 0,-1.5,1.0,True,True,True
18354,CHI,122,Bulls,2024-01-13,22300548,SAS,116,Spurs,no,0,2024,0,0,0,0,0,0,9,away,6.5,0.0,False,1.0,-6.0,Post-COVID,0,,NWG = 0,6.5,1.0,True,True,True
18024,LAC,105,Clippers,2024-01-14,22300553,MIN,109,Timberwolves,no,0,2024,0,1,0,0,0,1,13,home,0.5,1.0,True,1.0,4.0,Post-COVID,-1,0.0,NWG < 0,-0.5,1.0,True,True,True
17612,SAC,142,Kings,2024-01-14,22300552,MIL,143,Bucks,no,0,2024,0,0,0,0,0,0,24,home,4.5,0.0,True,0.0,1.0,Post-COVID,0,,NWG = 0,-4.5,0.0,True,True,True
17893,MIA,96,Heat,2024-01-15,22300562,BKN,95,Nets,no,0,2024,1,0,0,1,0,0,26,home,0.5,0.0,True,0.0,-1.0,Post-COVID,1,1.0,NWG > 0,-0.5,0.0,True,True,True
20010,NOP,120,Pelicans,2024-01-15,22300556,DAL,125,Mavericks,no,0,2024,0,0,0,0,0,0,16,away,4.5,0.0,False,1.0,5.0,Post-COVID,0,,NWG = 0,4.5,1.0,True,True,True
19812,ORL,98,Magic,2024-01-15,22300557,NYK,94,Knicks,no,0,2024,0,0,0,0,0,0,20,home,5.5,0.0,True,0.0,-4.0,Post-COVID,0,,NWG = 0,-5.5,0.0,True,True,True
17071,SAC,117,Kings,2024-01-16,22300567,PHX,119,Suns,no,0,2024,0,0,0,0,0,0,12,home,4.5,0.0,True,0.0,2.0,Post-COVID,0,,NWG = 0,-4.5,0.0,True,True,True
17021,BKN,103,Nets,2024-01-17,22300578,POR,105,Trail Blazers,no,0,2024,1,0,0,0,1,0,16,away,5.5,0.0,False,1.0,2.0,Post-COVID,1,1.0,NWG > 0,5.5,1.0,True,True,True
14541,ORL,104,Magic,2024-01-17,22300570,ATL,106,Hawks,no,0,2024,1,1,0,1,0,1,17,home,4.5,0.0,True,0.0,2.0,Post-COVID,0,0.5,NWG = 0,-4.5,0.0,True,True,True
19312,CHI,116,Bulls,2024-01-18,22300580,TOR,110,Raptors,TNT,0,2024,2,0,0,2,0,0,15,away,1.5,1.0,False,0.0,-6.0,Post-COVID,2,1.0,NWG > 0,1.5,0.0,True,True,True
17832,IND,126,Pacers,2024-01-18,22300583,SAC,121,Kings,no,0,2024,1,0,0,1,0,0,14,home,8.5,0.0,True,0.0,-5.0,Post-COVID,1,1.0,NWG > 0,-8.5,0.0,True,True,True
19466,WAS,109,Wizards,2024-01-18,22300579,NYK,113,Knicks,no,0,2024,0,0,0,0,0,0,21,home,11.5,0.0,True,0.0,4.0,Post-COVID,0,,NWG = 0,-11.5,0.0,True,True,True
20040,ATL,109,Hawks,2024-01-19,22300587,MIA,108,Heat,no,0,2024,1,1,0,0,1,1,15,home,0.5,0.0,True,0.0,-1.0,Post-COVID,0,0.5,NWG = 0,-0.5,0.0,True,True,True
19156,DEN,102,Nuggets,2024-01-19,22300586,BOS,100,Celtics,ESPN,0,2024,0,0,0,0,0,0,17,home,7.5,0.0,True,0.0,-2.0,Post-COVID,0,,NWG = 0,-7.5,0.0,True,True,True
18595,IND,115,Pacers,2024-01-19,22300590,POR,118,Trail Blazers,no,0,2024,0,0,0,0,0,0,19,away,7.5,0.0,False,1.0,3.0,Post-COVID,0,,NWG = 0,7.5,1.0,True,True,True
19093,SAS,120,Spurs,2024-01-19,22300584,CHA,124,Hornets,no,0,2024,0,1,0,0,0,1,23,home,4.5,0.0,True,0.0,4.0,Post-COVID,-1,0.0,NWG < 0,-4.5,0.0,True,True,True
,OKC,102,Thunder,2024-01-20,22300599,MIN,97,Timberwolves,no,0,2024,1,0,0,1,0,0,19,home,3.5,0.0,True,0.0,-5.0,Post-COVID,1,1.0,NWG > 0,-3.5,0.0,True,True,True
17922,SAS,131,Spurs,2024-01-20,22300594,WAS,127,Wizards,no,0,2024,0,0,0,0,0,0,17,home,2.5,0.0,True,0.0,-4.0,Post-COVID,0,,NWG = 0,-2.5,0.0,True,True,True
16618,UTA,126,Jazz,2024-01-20,22300598,HOU,127,Rockets,no,0,2024,2,1,0,2,0,1,32,home,2.5,0.0,True,0.0,1.0,Post-COVID,1,0.6666666666666666,NWG > 0,-2.5,0.0,True,True,True
19370,BKN,114,Nets,2024-01-21,22300600,LAC,125,Clippers,no,0,2024,0,0,0,0,0,0,17,home,9.5,1.0,True,1.0,11.0,Post-COVID,0,,NWG = 0,-9.5,1.0,True,True,True
17071,IND,110,Pacers,2024-01-21,22300604,PHX,117,Suns,no,0,2024,1,1,0,1,0,1,17,home,6.5,1.0,True,1.0,7.0,Post-COVID,0,0.5,NWG = 0,-6.5,1.0,True,True,True
18024,CHA,128,Hornets,2024-01-22,22300610,MIN,125,Timberwolves,no,0,2024,4,6,0,3,1,6,26,home,13.5,0.0,True,0.0,-3.0,Post-COVID,-2,0.4,NWG < 0,-13.5,0.0,True,True,True
17071,CHI,113,Bulls,2024-01-22,22300612,PHX,115,Suns,no,0,2024,1,1,0,1,0,1,15,home,5.5,0.0,True,0.0,2.0,Post-COVID,0,0.5,NWG = 0,-5.5,0.0,True,True,True
16004,DEN,114,Nuggets,2024-01-23,22300614,IND,109,Pacers,no,0,2024,0,0,0,0,0,0,14,away,4.5,1.0,False,0.0,-5.0,Post-COVID,0,,NWG = 0,4.5,0.0,True,True,True
17732,NYK,108,Knicks,2024-01-23,22300615,BKN,103,Nets,TNT,0,2024,0,0,0,0,0,0,21,away,3.5,1.0,False,0.0,-5.0,Post-COVID,0,,NWG = 0,3.5,0.0,True,True,True
15874,POR,109,Trail Blazers,2024-01-23,22300617,OKC,111,Thunder,no,0,2024,0,0,0,0,0,0,12,home,13.5,0.0,True,0.0,2.0,Post-COVID,0,,NWG = 0,-13.5,0.0,True,True,True
15020,CHA,106,Hornets,2024-01-24,22300619,DET,113,Pistons,no,0,2024,1,0,0,1,0,0,29,home,2.5,1.0,True,1.0,7.0,Post-COVID,1,1.0,NWG > 0,-2.5,1.0,True,True,True
19600,MEM,105,Grizzlies,2024-01-24,22300621,MIA,96,Heat,no,0,2024,0,0,0,0,0,0,13,home,11.5,0.0,True,0.0,-9.0,Post-COVID,0,,NWG = 0,-11.5,0.0,True,True,True
18055,POR,137,Trail Blazers,2024-01-24,22300623,HOU,131,Rockets,no,0,2024,0,0,0,0,0,0,13,home,10.5,0.0,True,0.0,-6.0,Post-COVID,0,,NWG = 0,-10.5,0.0,True,True,True
17732,MIN,96,Timberwolves,2024-01-25,22300629,BKN,94,Nets,no,0,2024,0,0,0,0,0,0,13,away,3.5,0.0,False,1.0,-2.0,Post-COVID,0,,NWG = 0,3.5,1.0,True,True,True
18064,SAC,134,Kings,2024-01-25,22300632,GSW,133,Warriors,TNT,0,2024,1,0,0,1,0,0,33,away,1.5,0.0,False,1.0,-1.0,Post-COVID,1,1.0,NWG > 0,1.5,1.0,True,True,True
16149,DAL,148,Mavericks,2024-01-26,22300634,ATL,143,Hawks,NBA TV,0,2024,0,0,0,0,0,0,18,home,2.5,0.0,True,0.0,-5.0,Post-COVID,0,,NWG = 0,-2.5,0.0,True,True,True
16823,ORL,106,Magic,2024-01-26,22300638,MEM,107,Grizzlies,no,0,2024,0,0,0,0,0,0,13,away,6.5,0.0,False,1.0,1.0,Post-COVID,0,,NWG = 0,6.5,1.0,True,True,True
17274,PHX,131,Suns,2024-01-26,22300636,IND,133,Pacers,no,0,2024,0,1,0,0,0,1,15,away,4.5,0.0,False,1.0,2.0,Post-COVID,-1,0.0,NWG < 0,4.5,1.0,True,True,True
17732,HOU,104,Rockets,2024-01-27,22300645,BKN,106,Nets,no,0,2024,1,2,0,0,1,2,18,home,4.5,0.0,True,0.0,2.0,Post-COVID,-1,0.3333333333333333,NWG < 0,-4.5,0.0,True,True,True
18064,LAL,145,Lakers,2024-01-27,22300650,GSW,144,Warriors,ABC,0,2024,2,0,0,2,0,0,51,home,1.5,0.0,True,0.0,-1.0,Post-COVID,2,1.0,NWG > 0,-1.5,0.0,True,True,True
17726,MIN,112,Timberwolves,2024-01-27,22300649,SAS,113,Spurs,no,0,2024,1,1,0,1,0,1,13,away,10.5,0.0,False,1.0,1.0,Post-COVID,0,0.5,NWG = 0,10.5,1.0,True,True,True
19805,PHI,105,76ers,2024-01-27,22300644,DEN,111,Nuggets,ABC,0,2024,0,0,0,0,0,0,11,home,12.5,0.0,True,0.0,6.0,Post-COVID,0,,NWG = 0,-12.5,0.0,True,True,True
20373,SAC,120,Kings,2024-01-27,22300651,DAL,115,Mavericks,no,0,2024,2,0,0,2,0,0,16,away,4.5,1.0,False,0.0,-5.0,Post-COVID,2,1.0,NWG > 0,4.5,0.0,True,True,True
17899,CHI,104,Bulls,2024-01-28,22300656,POR,96,Trail Blazers,no,0,2024,0,0,0,0,0,0,11,away,5.5,1.0,False,0.0,-8.0,Post-COVID,0,,NWG = 0,5.5,0.0,True,True,True
16519,MEM,110,Grizzlies,2024-01-28,22300652,IND,116,Pacers,no,0,2024,1,0,0,1,0,0,20,home,7.5,0.0,True,0.0,6.0,Post-COVID,1,1.0,NWG > 0,-7.5,0.0,True,True,True
15658,TOR,125,Raptors,2024-01-28,22300653,ATL,126,Hawks,no,0,2024,1,1,0,1,0,1,18,home,7.5,0.0,True,0.0,1.0,Post-COVID,0,0.5,NWG = 0,-7.5,0.0,True,True,True
19801,MIL,107,Bucks,2024-01-29,22300667,DEN,113,Nuggets,no,0,2024,0,0,0,0,0,0,17,home,4.5,1.0,True,1.0,6.0,Post-COVID,0,,NWG = 0,-4.5,1.0,True,True,True
16870,MIN,107,Timberwolves,2024-01-29,22300664,OKC,101,Thunder,no,0,2024,0,0,0,0,0,0,16,home,2.5,0.0,True,0.0,-6.0,Post-COVID,0,,NWG = 0,-2.5,0.0,True,True,True
20020,ORL,129,Magic,2024-01-29,22300666,DAL,131,Mavericks,no,0,2024,1,1,0,1,0,1,33,home,3.5,0.0,True,0.0,2.0,Post-COVID,0,0.5,NWG = 0,-3.5,0.0,True,True,True
17020,WAS,118,Wizards,2024-01-29,22300665,SAS,113,Spurs,no,0,2024,0,2,0,0,0,2,16,home,3.5,0.0,True,0.0,-5.0,Post-COVID,-2,0.0,NWG < 0,-3.5,0.0,True,True,True
19156,IND,124,Pacers,2024-01-30,22300670,BOS,129,Celtics,TNT,0,2024,0,1,0,0,0,1,24,home,7.5,0.0,True,0.0,5.0,Post-COVID,-1,0.0,NWG < 0,-7.5,0.0,True,True,True
16723,DEN,100,Nuggets,2024-01-31,22300682,OKC,105,Thunder,no,0,2024,1,0,0,1,0,0,22,home,6.5,0.0,True,0.0,5.0,Post-COVID,1,1.0,NWG > 0,-6.5,0.0,True,True,True
19432,DET,121,Pistons,2024-01-31,22300675,CLE,128,Cavaliers,no,0,2024,1,0,0,0,1,0,12,home,13.5,0.0,True,0.0,7.0,Post-COVID,1,1.0,NWG > 0,-13.5,0.0,True,True,True
19335,MIL,116,Bucks,2024-01-31,22300683,POR,119,Trail Blazers,ESPN,0,2024,0,0,0,0,0,0,16,away,10.5,0.0,False,1.0,3.0,Post-COVID,0,,NWG = 0,10.5,1.0,True,True,True
15505,CLE,108,Cavaliers,2024-02-01,22300687,MEM,101,Grizzlies,no,0,2024,1,0,0,1,0,0,11,away,9.5,0.0,False,1.0,-7.0,Post-COVID,1,1.0,NWG > 0,9.5,1.0,True,True,True
19812,IND,105,Pacers,2024-02-01,22300685,NYK,109,Knicks,no,0,2024,0,0,0,0,0,0,20,home,1.5,1.0,True,1.0,4.0,Post-COVID,0,,NWG = 0,-1.5,1.0,True,True,True
18206,PHI,127,76ers,2024-02-01,22300686,UTA,124,Jazz,TNT,0,2024,0,1,0,0,0,1,16,home,4.5,0.0,True,0.0,-3.0,Post-COVID,-1,0.0,NWG < 0,-4.5,0.0,True,True,True
17207,NOP,114,Pelicans,2024-02-02,22300696,SAS,113,Spurs,no,0,2024,1,1,0,1,0,1,20,away,8.5,0.0,False,1.0,-1.0,Post-COVID,0,0.5,NWG = 0,8.5,1.0,True,True,True
18024,ORL,108,Magic,2024-02-02,22300694,MIN,106,Timberwolves,no,0,2024,1,1,0,1,0,1,24,home,6.5,0.0,True,0.0,-2.0,Post-COVID,0,0.5,NWG = 0,-6.5,0.0,True,True,True
17600,GSW,134,Warriors,2024-02-03,22300699,ATL,141,Hawks,no,0,2024,0,1,0,0,0,1,13,home,2.5,1.0,True,1.0,7.0,Post-COVID,-1,0.0,NWG < 0,-2.5,1.0,True,True,True
21579,SAC,123,Kings,2024-02-03,22300700,CHI,115,Bulls,no,0,2024,0,0,0,0,0,0,24,home,1.5,0.0,True,0.0,-8.0,Post-COVID,0,,NWG = 0,-1.5,0.0,True,True,True
17059,TOR,127,Raptors,2024-02-04,22300710,OKC,135,Thunder,no,0,2024,0,0,0,0,0,0,38,home,8.5,0.0,True,0.0,8.0,Post-COVID,0,,NWG = 0,-8.5,0.0,True,True,True
17093,LAC,149,Clippers,2024-02-05,22300716,ATL,144,Hawks,no,0,2024,1,0,0,0,1,0,23,away,4.5,1.0,False,0.0,-5.0,Post-COVID,1,1.0,NWG > 0,4.5,0.0,True,True,True
15571,HOU,129,Rockets,2024-02-06,22300719,IND,132,Pacers,no,0,2024,1,3,1,1,0,2,20,home,8.5,0.0,True,0.0,3.0,Post-COVID,-2,0.25,NWG < 0,-8.5,0.0,True,True,True
20949,MIN,123,Timberwolves,2024-02-06,22300723,CHI,129,Bulls,no,0,2024,0,1,0,0,0,1,28,away,4.5,0.0,False,1.0,6.0,Post-COVID,-1,0.0,NWG < 0,4.5,1.0,True,True,True
11720,TOR,123,Raptors,2024-02-07,22300726,CHA,117,Hornets,no,0,2024,0,0,0,0,0,0,13,away,7.5,0.0,False,1.0,-6.0,Post-COVID,0,,NWG = 0,7.5,1.0,True,True,True
18997,DEN,114,Nuggets,2024-02-08,22300740,LAL,106,Lakers,TNT,0,2024,0,0,0,0,0,0,8,away,3.5,1.0,False,0.0,-8.0,Post-COVID,0,,NWG = 0,3.5,0.0,True,True,True
18125,DET,128,Pistons,2024-02-08,22300741,POR,122,Trail Blazers,no,0,2024,0,0,0,0,0,0,15,home,4.5,0.0,True,0.0,-6.0,Post-COVID,0,,NWG = 0,-4.5,0.0,True,True,True
19800,HOU,104,Rockets,2024-02-09,22300744,TOR,107,Raptors,no,0,2024,0,0,0,0,0,0,14,home,2.5,1.0,True,1.0,3.0,Post-COVID,0,,NWG = 0,-2.5,1.0,True,True,True
19459,CHI,108,Bulls,2024-02-10,22300752,ORL,114,Magic,no,0,2024,1,4,0,0,1,4,27,home,5.5,1.0,True,1.0,6.0,Post-COVID,-3,0.2,NWG < 0,-5.5,1.0,True,True,True
18064,PHX,112,Suns,2024-02-10,22300757,GSW,113,Warriors,ABC,0,2024,0,0,0,0,0,0,16,away,1.5,0.0,False,1.0,1.0,Post-COVID,0,,NWG = 0,1.5,1.0,True,True,True
20049,BOS,110,Celtics,2024-02-11,22300759,MIA,106,Heat,ABC,0,2024,1,0,0,0,1,0,19,away,7.5,0.0,False,1.0,-4.0,Post-COVID,1,1.0,NWG > 0,7.5,1.0,True,True,True
16790,NYK,103,Knicks,2024-02-12,22300765,HOU,105,Rockets,no,0,2024,1,0,0,0,1,0,14,home,1.5,1.0,True,1.0,2.0,Post-COVID,1,1.0,NWG > 0,-1.5,1.0,True,True,True
19432,PHI,123,76ers,2024-02-12,22300762,CLE,121,Cavaliers,no,0,2024,3,1,0,3,0,1,19,home,11.5,0.0,True,0.0,-2.0,Post-COVID,2,0.75,NWG > 0,-11.5,0.0,True,True,True
17071,SAC,125,Kings,2024-02-13,22300774,PHX,130,Suns,TNT/truTV,0,2024,0,0,0,0,0,0,11,home,4.5,1.0,True,1.0,5.0,Post-COVID,0,,NWG = 0,-4.5,1.0,True,True,True
19432,CHI,105,Bulls,2024-02-14,22300781,CLE,108,Cavaliers,ESPN,0,2024,1,0,0,0,1,0,12,home,9.5,0.0,True,0.0,3.0,Post-COVID,1,1.0,NWG > 0,-9.5,0.0,True,True,True
19800,IND,127,Pacers,2024-02-14,22300782,TOR,125,Raptors,no,0,2024,1,0,0,1,0,0,18,away,2.5,0.0,False,1.0,-2.0,Post-COVID,1,1.0,NWG > 0,2.5,1.0,True,True,True
18064,LAC,130,Clippers,2024-02-14,22300789,GSW,125,Warriors,ESPN,0,2024,2,1,1,2,0,0,13,home,3.5,0.0,True,0.0,-5.0,Post-COVID,1,0.6666666666666666,NWG > 0,-3.5,0.0,True,True,True
20015,MIA,109,Heat,2024-02-14,22300779,PHI,104,76ers,no,0,2024,0,1,0,0,0,1,20,home,2.5,0.0,True,0.0,-5.0,Post-COVID,-1,0.0,NWG < 0,-2.5,0.0,True,True,True
19617,SAC,102,Kings,2024-02-14,22300786,DEN,98,Nuggets,no,0,2024,0,1,0,0,0,1,16,home,5.5,0.0,True,0.0,-4.0,Post-COVID,-1,0.0,NWG < 0,-5.5,0.0,True,True,True
18316,WAS,126,Wizards,2024-02-14,22300784,NOP,133,Pelicans,no,0,2024,1,0,0,1,0,0,16,home,14.5,0.0,True,0.0,7.0,Post-COVID,1,1.0,NWG > 0,-14.5,0.0,True,True,True
16544,MIL,110,Bucks,2024-02-15,22300790,MEM,113,Grizzlies,TNT/truTV,0,2024,2,1,0,2,0,1,27,away,14.5,0.0,False,1.0,3.0,Post-COVID,1,0.6666666666666666,NWG > 0,14.5,1.0,True,True,True
18153,SAS,122,Spurs,2024-02-22,22300803,SAC,127,Kings,no,0,2024,1,1,0,1,0,1,10,home,10.5,0.0,True,0.0,5.0,Post-COVID,0,0.5,NWG = 0,-10.5,0.0,True,True,True
19938,CLE,97,Cavaliers,2024-02-23,22300805,PHI,104,76ers,ESPN,0,2024,0,0,0,0,0,0,11,away,1.5,0.0,False,1.0,7.0,Post-COVID,0,,NWG = 0,1.5,1.0,True,True,True
17255,LAC,101,Clippers,2024-02-23,22300807,MEM,95,Grizzlies,no,0,2024,0,0,0,0,0,0,12,away,8.5,0.0,False,1.0,-6.0,Post-COVID,0,,NWG = 0,8.5,1.0,True,True,True
18024,MIL,112,Bucks,2024-02-23,22300808,MIN,107,Timberwolves,ESPN,0,2024,1,0,0,1,0,0,20,home,4.5,0.0,True,0.0,-5.0,Post-COVID,1,1.0,NWG > 0,-4.5,0.0,True,True,True
18055,PHX,110,Suns,2024-02-23,22300806,HOU,114,Rockets,no,0,2024,2,0,0,1,1,0,21,away,2.5,0.0,False,1.0,4.0,Post-COVID,2,1.0,NWG > 0,2.5,1.0,True,True,True
17625,TOR,123,Raptors,2024-02-23,22300804,ATL,121,Hawks,no,0,2024,1,0,0,0,1,0,16,home,7.5,0.0,True,0.0,-2.0,Post-COVID,1,1.0,NWG > 0,-7.5,0.0,True,True,True
19388,ORL,112,Magic,2024-02-24,22300814,DET,109,Pistons,no,0,2024,0,0,0,0,0,0,17,away,8.5,0.0,False,1.0,-3.0,Post-COVID,0,,NWG = 0,8.5,1.0,True,True,True
18684,CHI,114,Bulls,2024-02-25,22300823,NOP,106,Pelicans,no,0,2024,0,0,0,0,0,0,14,home,4.5,0.0,True,0.0,-8.0,Post-COVID,0,,NWG = 0,-4.5,0.0,True,True,True
19303,DET,111,Pistons,2024-02-26,22300828,NYK,113,Knicks,no,0,2024,1,2,0,1,0,2,24,home,11.5,0.0,True,0.0,2.0,Post-COVID,-1,0.3333333333333333,NWG < 0,-11.5,0.0,True,True,True
19432,DAL,119,Mavericks,2024-02-27,22300832,CLE,121,Cavaliers,no,0,2024,1,0,0,1,0,0,14,home,3.5,0.0,True,0.0,2.0,Post-COVID,1,1.0,NWG > 0,-3.5,0.0,True,True,True
21700,CLE,123,Cavaliers,2024-02-28,22300846,CHI,132,Bulls,no,0,2024,0,0,0,0,0,0,41,away,5.5,0.0,False,1.0,9.0,Post-COVID,0,,NWG = 0,5.5,1.0,True,True,True
19370,LAL,116,Lakers,2024-02-28,22300848,LAC,112,Clippers,ESPN,0,2024,1,0,0,1,0,0,14,home,1.5,0.0,True,0.0,-4.0,Post-COVID,1,1.0,NWG > 0,-1.5,0.0,True,True,True
19634,MIA,97,Heat,2024-02-29,22300855,DEN,103,Nuggets,TNT,0,2024,0,0,0,0,0,0,15,home,6.5,0.0,True,0.0,6.0,Post-COVID,0,,NWG = 0,-6.5,0.0,True,True,True
17848,UTA,107,Jazz,2024-02-29,22300850,ORL,115,Magic,no,0,2024,1,1,1,1,0,0,13,home,6.5,1.0,True,1.0,8.0,Post-COVID,0,0.5,NWG = 0,-6.5,1.0,True,True,True
18997,WAS,131,Wizards,2024-02-29,22300856,LAL,134,Lakers,no,0,2024,0,2,0,0,0,2,37,home,10.5,0.0,True,0.0,3.0,Post-COVID,-2,0.0,NWG < 0,-10.5,0.0,True,True,True
19788,CHA,114,Hornets,2024-03-01,22300858,PHI,121,76ers,no,0,2024,0,1,0,0,0,1,17,home,11.5,0.0,True,0.0,7.0,Post-COVID,-1,0.0,NWG < 0,-11.5,0.0,True,True,True
18024,SAC,124,Kings,2024-03-01,22300862,MIN,120,Timberwolves,no,0,2024,0,0,0,0,0,0,41,home,8.5,0.0,True,0.0,-4.0,Post-COVID,0,,NWG = 0,-8.5,0.0,True,True,True
16381,POR,107,Trail Blazers,2024-03-02,22300868,MEM,100,Grizzlies,no,0,2024,0,1,0,0,0,1,17,home,2.5,0.0,True,0.0,-7.0,Post-COVID,-1,0.0,NWG < 0,-2.5,0.0,True,True,True
19512,CHA,106,Hornets,2024-03-03,22300875,TOR,111,Raptors,no,0,2024,0,3,1,0,0,2,22,home,7.5,0.0,True,0.0,5.0,Post-COVID,-3,0.0,NWG < 0,-7.5,0.0,True,True,True
18024,LAC,89,Clippers,2024-03-03,22300873,MIN,88,Timberwolves,no,0,2024,0,0,0,0,0,0,12,home,2.5,0.0,True,0.0,-1.0,Post-COVID,0,,NWG = 0,-2.5,0.0,True,True,True
19432,NYK,107,Knicks,2024-03-03,22300876,CLE,98,Cavaliers,ESPN,0,2024,0,1,0,0,0,1,15,home,4.5,0.0,True,0.0,-9.0,Post-COVID,-1,0.0,NWG < 0,-4.5,0.0,True,True,True
20277,PHI,120,76ers,2024-03-03,22300871,DAL,116,Mavericks,ABC,0,2024,1,2,0,1,0,2,21,home,7.5,0.0,True,0.0,-4.0,Post-COVID,-1,0.3333333333333333,NWG < 0,-7.5,0.0,True,True,True
17832,CHI,113,Bulls,2024-03-04,22300883,SAC,109,Kings,no,0,2024,2,0,0,2,0,0,18,home,6.5,0.0,True,0.0,-4.0,Post-COVID,2,1.0,NWG > 0,-6.5,0.0,True,True,True
15847,MEM,106,Grizzlies,2024-03-04,22300879,BKN,102,Nets,no,0,2024,0,0,0,0,0,0,26,home,9.5,0.0,True,0.0,-4.0,Post-COVID,0,,NWG = 0,-9.5,0.0,True,True,True
19432,BOS,104,Celtics,2024-03-05,22300886,CLE,105,Cavaliers,TNT,0,2024,0,1,0,0,0,1,19,away,8.5,0.0,False,1.0,1.0,Post-COVID,-1,0.0,NWG < 0,8.5,1.0,True,True,True
19724,DET,110,Pistons,2024-03-05,22300888,MIA,118,Heat,no,0,2024,0,0,0,0,0,0,18,home,11.5,0.0,True,0.0,8.0,Post-COVID,0,,NWG = 0,-11.5,0.0,True,True,True
17086,PHI,107,76ers,2024-03-05,22300887,BKN,112,Nets,no,0,2024,1,0,0,1,0,0,11,home,0.5,1.0,True,1.0,5.0,Post-COVID,1,1.0,NWG > 0,-0.5,1.0,True,True,True
19589,PHX,117,Suns,2024-03-05,22300893,DEN,107,Nuggets,TNT,0,2024,2,1,1,2,0,0,12,home,8.5,0.0,True,0.0,-10.0,Post-COVID,1,0.6666666666666666,NWG > 0,-8.5,0.0,True,True,True
18206,CHI,119,Bulls,2024-03-06,22300898,UTA,117,Jazz,no,0,2024,3,1,1,2,1,0,26,away,4.5,0.0,False,1.0,-2.0,Post-COVID,2,0.75,NWG > 0,4.5,1.0,True,True,True
17033,LAC,122,Clippers,2024-03-06,22300897,HOU,116,Rockets,ESPN,0,2024,3,1,0,3,0,1,18,away,6.5,0.0,False,1.0,-6.0,Post-COVID,2,0.75,NWG > 0,6.5,1.0,True,True,True
19757,MEM,115,Grizzlies,2024-03-06,22300896,PHI,109,76ers,no,0,2024,0,1,0,0,0,1,22,home,4.5,0.0,True,0.0,-6.0,Post-COVID,-1,0.0,NWG < 0,-4.5,0.0,True,True,True
19855,BOS,109,Celtics,2024-03-07,22300906,DEN,115,Nuggets,TNT,0,2024,0,0,0,0,0,0,12,away,1.5,0.0,False,1.0,6.0,Post-COVID,0,,NWG = 0,1.5,1.0,True,True,True
18064,CHI,125,Bulls,2024-03-07,22300907,GSW,122,Warriors,no,0,2024,0,0,0,0,0,0,19,home,8.5,0.0,True,0.0,-3.0,Post-COVID,0,,NWG = 0,-8.5,0.0,True,True,True
20221,MIA,108,Heat,2024-03-07,22300904,DAL,114,Mavericks,TNT,0,2024,0,0,0,0,0,0,14,home,4.5,1.0,True,1.0,6.0,Post-COVID,0,,NWG = 0,-4.5,1.0,True,True,True
16580,MIN,113,Timberwolves,2024-03-07,22300903,IND,111,Pacers,no,0,2024,1,0,0,1,0,0,19,home,1.5,0.0,True,0.0,-2.0,Post-COVID,1,1.0,NWG > 0,-1.5,0.0,True,True,True
17968,SAS,129,Spurs,2024-03-07,22300908,SAC,131,Kings,no,0,2024,0,1,0,0,0,1,14,home,11.5,0.0,True,0.0,2.0,Post-COVID,-1,0.0,NWG < 0,-11.5,0.0,True,True,True
16667,ATL,99,Hawks,2024-03-08,22300913,MEM,92,Grizzlies,no,0,2024,1,2,0,1,0,2,10,away,3.5,1.0,False,0.0,-7.0,Post-COVID,-1,0.3333333333333333,NWG < 0,3.5,0.0,True,True,True
18997,MIL,122,Bucks,2024-03-08,22300915,LAL,123,Lakers,ESPN,0,2024,1,0,0,1,0,0,20,away,4.5,0.0,False,1.0,1.0,Post-COVID,1,1.0,NWG > 0,4.5,1.0,True,True,True
19432,MIN,104,Timberwolves,2024-03-08,22300911,CLE,113,Cavaliers,ESPN,0,2024,1,0,0,1,0,0,31,home,1.5,1.0,True,1.0,9.0,Post-COVID,1,1.0,NWG > 0,-1.5,1.0,True,True,True
18117,TOR,118,Raptors,2024-03-09,22300923,POR,128,Trail Blazers,no,0,2024,1,1,0,0,1,1,23,away,2.5,0.0,False,1.0,10.0,Post-COVID,0,0.5,NWG = 0,2.5,1.0,True,True,True
19730,WAS,110,Wizards,2024-03-10,22300926,MIA,108,Heat,no,0,2024,0,0,0,0,0,0,19,home,11.5,0.0,True,0.0,-2.0,Post-COVID,0,,NWG = 0,-11.5,0.0,True,True,True
19432,PHX,117,Suns,2024-03-11,22300934,CLE,111,Cavaliers,no,0,2024,0,0,0,0,0,0,16,away,7.5,0.0,False,1.0,-6.0,Post-COVID,0,,NWG = 0,7.5,1.0,True,True,True
19652,TOR,119,Raptors,2024-03-11,22300937,DEN,125,Nuggets,no,0,2024,0,1,0,0,0,1,14,home,16.5,0.0,True,0.0,6.0,Post-COVID,-1,0.0,NWG < 0,-16.5,0.0,True,True,True
18751,HOU,103,Rockets,2024-03-12,22300942,SAS,101,Spurs,no,0,2024,0,0,0,0,0,0,18,away,3.5,0.0,False,1.0,-2.0,Post-COVID,0,,NWG = 0,3.5,1.0,True,True,True
18064,ATL,102,Hawks,2024-03-13,22300953,POR,106,Trail Blazers,no,0,2024,1,2,0,0,1,2,20,away,4.5,0.0,False,1.0,4.0,Post-COVID,-1,0.3333333333333333,NWG < 0,4.5,1.0,True,True,True
17274,CHI,132,Bulls,2024-03-13,22300948,IND,129,Pacers,no,0,2024,0,0,0,0,0,0,28,home,5.5,0.0,True,0.0,-3.0,Post-COVID,0,,NWG = 0,-5.5,0.0,True,True,True
,ATL,122,Hawks,2024-03-15,22300966,UTA,124,Jazz,NBA TV,0,2024,0,0,0,0,0,0,11,away,1.5,0.0,False,1.0,2.0,Post-COVID,0,,NWG = 0,1.5,1.0,True,True,True
18311,NYK,98,Knicks,2024-03-16,22300975,SAC,91,Kings,no,0,2024,0,1,0,0,0,1,16,home,3.5,0.0,True,0.0,-7.0,Post-COVID,-1,0.0,NWG < 0,-3.5,0.0,True,True,True
16057,BKN,115,Nets,2024-03-17,22300981,SAS,122,Spurs,NBA TV,0,2024,0,2,0,0,0,2,25,home,1.5,1.0,True,1.0,7.0,Post-COVID,-2,0.0,NWG < 0,-1.5,1.0,True,True,True
20377,DEN,105,Nuggets,2024-03-17,22300978,DAL,107,Mavericks,ABC,0,2024,0,0,0,0,0,0,10,away,1.5,0.0,False,1.0,2.0,Post-COVID,0,,NWG = 0,1.5,1.0,True,True,True
20004,MIA,104,Heat,2024-03-17,22300977,DET,101,Pistons,no,0,2024,0,0,0,0,0,0,13,away,5.5,0.0,False,1.0,-3.0,Post-COVID,0,,NWG = 0,5.5,1.0,True,True,True
17274,CLE,108,Cavaliers,2024-03-18,22300983,IND,103,Pacers,no,0,2024,0,0,0,0,0,0,17,home,6.5,0.0,True,0.0,-5.0,Post-COVID,0,,NWG = 0,-6.5,0.0,True,True,True
17832,MEM,111,Grizzlies,2024-03-18,22300989,SAC,121,Kings,no,0,2024,0,2,0,0,0,2,24,home,11.5,0.0,True,0.0,10.0,Post-COVID,-2,0.0,NWG < 0,-11.5,0.0,True,True,True
20293,POR,107,Trail Blazers,2024-03-18,22300986,CHI,110,Bulls,no,0,2024,2,0,0,2,0,0,17,home,8.5,0.0,True,0.0,3.0,Post-COVID,2,1.0,NWG > 0,-8.5,0.0,True,True,True
18354,DAL,113,Mavericks,2024-03-19,22300994,SAS,107,Spurs,no,0,2024,0,1,0,0,0,1,18,away,9.5,0.0,False,1.0,-6.0,Post-COVID,-1,0.0,NWG < 0,9.5,1.0,True,True,True
18024,DEN,115,Nuggets,2024-03-19,22300995,MIN,112,Timberwolves,NBA TV,0,2024,2,0,0,2,0,0,19,away,7.5,0.0,False,1.0,-3.0,Post-COVID,2,1.0,NWG > 0,7.5,1.0,True,True,True
19432,MIA,107,Heat,2024-03-20,22300996,CLE,104,Cavaliers,no,0,2024,0,0,0,0,0,0,21,home,2.5,0.0,True,0.0,-3.0,Post-COVID,0,,NWG = 0,-2.5,0.0,True,True,True
19156,MIL,119,Bucks,2024-03-20,22300998,BOS,122,Celtics,ESPN,0,2024,0,0,0,0,0,0,22,home,10.5,0.0,True,0.0,3.0,Post-COVID,0,,NWG = 0,-10.5,0.0,True,True,True
17341,BKN,108,Nets,2024-03-21,22301007,MIL,115,Bucks,no,0,2024,0,1,0,0,0,1,13,home,10.5,0.0,True,0.0,7.0,Post-COVID,-1,0.0,NWG < 0,-10.5,0.0,True,True,True
17408,MEM,99,Grizzlies,2024-03-22,22301015,SAS,97,Spurs,no,0,2024,0,0,0,0,0,0,19,home,6.5,0.0,True,0.0,-2.0,Post-COVID,0,,NWG = 0,-6.5,0.0,True,True,True
18629,DEN,114,Nuggets,2024-03-23,22301026,POR,111,Trail Blazers,no,0,2024,0,1,0,0,0,1,25,away,10.5,0.0,False,1.0,-3.0,Post-COVID,-1,0.0,NWG < 0,10.5,1.0,True,True,True
18307,SAC,109,Kings,2024-03-23,22301020,ORL,107,Magic,no,0,2024,0,1,0,0,0,1,19,home,2.5,0.0,True,0.0,-2.0,Post-COVID,-1,0.0,NWG < 0,-2.5,0.0,True,True,True
15746,TOR,109,Raptors,2024-03-23,22301022,WAS,112,Wizards,no,0,2024,0,1,0,0,0,1,19,home,5.5,0.0,True,0.0,3.0,Post-COVID,-1,0.0,NWG < 0,-5.5,0.0,True,True,True
18024,GSW,110,Warriors,2024-03-24,22301031,MIN,114,Timberwolves,no,0,2024,1,1,0,1,0,1,28,home,2.5,1.0,True,1.0,4.0,Post-COVID,0,0.5,NWG = 0,-2.5,1.0,True,True,True
18997,IND,145,Pacers,2024-03-24,22301032,LAL,150,Lakers,NBA TV,0,2024,0,1,0,0,0,1,17,home,2.5,1.0,True,1.0,5.0,Post-COVID,-1,0.0,NWG < 0,-2.5,1.0,True,True,True
17405,BOS,118,Celtics,2024-03-25,22301034,ATL,120,Hawks,NBA TV,0,2024,1,0,0,1,0,0,23,away,10.5,0.0,False,1.0,2.0,Post-COVID,1,1.0,NWG > 0,10.5,1.0,True,True,True
18044,PHX,102,Suns,2024-03-25,22301039,SAS,104,Spurs,no,0,2024,0,0,0,0,0,0,14,away,12.5,0.0,False,1.0,2.0,Post-COVID,0,,NWG = 0,12.5,1.0,True,True,True
21726,WAS,107,Wizards,2024-03-25,22301037,CHI,105,Bulls,no,0,2024,1,1,0,1,0,1,23,home,12.5,0.0,True,0.0,-2.0,Post-COVID,0,0.5,NWG = 0,-12.5,0.0,True,True,True
18085,LAL,128,Lakers,2024-03-26,22301045,MIL,124,Bucks,TNT,0,2024,1,1,0,1,0,1,32,home,9.5,0.0,True,0.0,-4.0,Post-COVID,0,0.5,NWG = 0,-9.5,0.0,True,True,True
17436,OKC,119,Thunder,2024-03-26,22301046,NOP,112,Pelicans,no,0,2024,0,0,0,0,0,0,21,away,1.5,1.0,False,0.0,-7.0,Post-COVID,0,,NWG = 0,1.5,0.0,True,True,True
15159,BKN,122,Nets,2024-03-27,22301050,WAS,119,Wizards,no,0,2024,0,0,0,0,0,0,32,away,3.5,0.0,False,1.0,-3.0,Post-COVID,0,,NWG = 0,3.5,1.0,True,True,True
15303,CLE,111,Cavaliers,2024-03-27,22301048,CHA,118,Hornets,no,0,2024,0,1,0,0,0,1,16,away,9.5,0.0,False,1.0,7.0,Post-COVID,-1,0.0,NWG < 0,9.5,1.0,True,True,True
19210,GSW,101,Warriors,2024-03-27,22301049,ORL,93,Magic,no,0,2024,0,0,0,0,0,0,18,home,3.5,0.0,True,0.0,-8.0,Post-COVID,0,,NWG = 0,-3.5,0.0,True,True,True
17438,HOU,132,Rockets,2024-03-27,22301057,OKC,126,Thunder,no,0,2024,3,2,0,3,0,2,39,home,5.5,0.0,True,0.0,-6.0,Post-COVID,1,0.6,NWG > 0,-5.5,0.0,True,True,True
21022,LAC,108,Clippers,2024-03-27,22301052,PHI,107,76ers,ESPN,0,2024,1,1,0,1,0,1,17,away,6.5,0.0,False,1.0,-1.0,Post-COVID,0,0.5,NWG = 0,6.5,1.0,True,True,True
17743,BOS,122,Celtics,2024-03-28,22301060,ATL,123,Hawks,no,0,2024,1,0,0,1,0,0,26,away,15.5,0.0,False,1.0,1.0,Post-COVID,1,1.0,NWG > 0,15.5,1.0,True,True,True
17832,DAL,107,Mavericks,2024-03-29,22301073,SAC,103,Kings,NBA TV,0,2024,0,1,0,0,0,1,12,away,1.5,1.0,False,0.0,-4.0,Post-COVID,-1,0.0,NWG < 0,1.5,0.0,True,True,True
18206,HOU,101,Rockets,2024-03-29,22301072,UTA,100,Jazz,no,0,2024,0,0,0,0,0,0,13,away,8.5,0.0,False,1.0,-1.0,Post-COVID,0,,NWG = 0,8.5,1.0,True,True,True
19452,LAC,100,Clippers,2024-03-29,22301064,ORL,97,Magic,no,0,2024,1,1,1,0,1,0,21,away,1.5,1.0,False,0.0,-3.0,Post-COVID,0,0.5,NWG = 0,1.5,0.0,True,True,True
18604,NYK,126,Knicks,2024-03-29,22301070,SAS,130,Spurs,no,0,2024,1,3,1,1,0,2,32,away,8.5,0.0,False,1.0,4.0,Post-COVID,-2,0.25,NWG < 0,8.5,1.0,True,True,True
19432,PHI,114,76ers,2024-03-29,22301067,CLE,117,Cavaliers,no,0,2024,0,1,0,0,0,1,13,home,7.5,0.0,True,0.0,3.0,Post-COVID,-1,0.0,NWG < 0,-7.5,0.0,True,True,True
18718,GSW,117,Warriors,2024-03-31,22301085,SAS,113,Spurs,NBA TV,0,2024,0,0,0,0,0,0,10,away,10.5,0.0,False,1.0,-4.0,Post-COVID,0,,NWG = 0,10.5,1.0,True,True,True
19812,OKC,113,Thunder,2024-03-31,22301082,NYK,112,Knicks,no,0,2024,0,0,0,0,0,0,21,away,1.5,0.0,False,1.0,-1.0,Post-COVID,0,,NWG = 0,1.5,1.0,True,True,True
19999,MEM,110,Grizzlies,2024-04-01,22301088,DET,108,Pistons,no,0,2024,1,1,1,1,0,0,18,home,2.5,0.0,True,0.0,-2.0,Post-COVID,0,0.5,NWG = 0,-2.5,0.0,True,True,True
19004,POR,103,Trail Blazers,2024-04-01,22301090,ORL,104,Magic,no,0,2024,1,1,0,1,0,1,20,home,17.5,0.0,True,0.0,1.0,Post-COVID,0,0.5,NWG = 0,-17.5,0.0,True,True,True
18024,HOU,106,Rockets,2024-04-02,22301098,MIN,113,Timberwolves,no,0,2024,2,0,0,2,0,0,21,home,7.5,0.0,True,0.0,7.0,Post-COVID,2,1.0,NWG > 0,-7.5,0.0,True,True,True
16492,MIL,113,Bucks,2024-04-02,22301095,WAS,117,Wizards,no,0,2024,0,0,0,0,0,0,14,away,12.5,0.0,False,1.0,4.0,Post-COVID,0,,NWG = 0,12.5,1.0,True,True,True
20733,OKC,105,Thunder,2024-04-02,22301093,PHI,109,76ers,TNT/truTV,0,2024,0,0,0,0,0,0,19,home,2.5,1.0,True,1.0,4.0,Post-COVID,0,,NWG = 0,-2.5,1.0,True,True,True
19741,SAS,105,Spurs,2024-04-02,22301099,DEN,110,Nuggets,no,0,2024,1,0,0,0,1,0,21,home,15.5,0.0,True,0.0,5.0,Post-COVID,1,1.0,NWG > 0,-15.5,0.0,True,True,True
17732,IND,111,Pacers,2024-04-03,22301106,BKN,115,Nets,no,0,2024,0,0,0,0,0,0,20,away,6.5,0.0,False,1.0,4.0,Post-COVID,0,,NWG = 0,6.5,1.0,True,True,True
14209,POR,89,Trail Blazers,2024-04-03,22301102,CHA,86,Hornets,no,0,2024,0,0,0,0,0,0,19,home,1.5,0.0,True,0.0,-3.0,Post-COVID,0,,NWG = 0,-1.5,0.0,True,True,True
19370,DEN,100,Nuggets,2024-04-04,22301114,LAC,102,Clippers,TNT/truTV,0,2024,1,1,0,1,0,1,17,away,3.5,0.0,False,1.0,2.0,Post-COVID,0,0.5,NWG = 0,3.5,1.0,True,True,True
19719,PHI,109,76ers,2024-04-04,22301111,MIA,105,Heat,no,0,2024,0,1,0,0,0,1,13,home,2.5,0.0,True,0.0,-4.0,Post-COVID,-1,0.0,NWG < 0,-2.5,0.0,True,True,True
20425,GSW,106,Warriors,2024-04-05,22301097,DAL,108,Mavericks,no,0,2024,0,1,0,0,0,1,15,away,1.5,0.0,False,1.0,2.0,Post-COVID,-1,0.0,NWG < 0,1.5,1.0,True,True,True
18079,POR,108,Trail Blazers,2024-04-05,22301117,WAS,102,Wizards,no,0,2024,1,0,0,1,0,0,17,home,2.5,0.0,True,0.0,-6.0,Post-COVID,1,1.0,NWG > 0,-2.5,0.0,True,True,True
,SAC,100,Kings,2024-04-05,22301118,BOS,101,Celtics,NBA TV,0,2024,1,0,0,1,0,0,18,home,9.5,0.0,True,0.0,1.0,Post-COVID,1,1.0,NWG > 0,-9.5,0.0,True,True,True
17422,SAS,111,Spurs,2024-04-05,22301123,NOP,109,Pelicans,no,0,2024,2,0,0,2,0,0,14,home,11.5,0.0,True,0.0,-2.0,Post-COVID,2,1.0,NWG > 0,-11.5,0.0,True,True,True
17750,TOR,117,Raptors,2024-04-05,22301122,MIL,111,Bucks,no,0,2024,0,1,0,0,0,1,14,home,14.5,0.0,True,0.0,-6.0,Post-COVID,-1,0.0,NWG < 0,-14.5,0.0,True,True,True
17732,DET,103,Pistons,2024-04-06,22301128,BKN,113,Nets,no,0,2024,0,0,0,0,0,0,10,home,10.5,0.0,True,0.0,10.0,Post-COVID,0,,NWG = 0,-10.5,0.0,True,True,True
19370,CLE,118,Cavaliers,2024-04-07,22301132,LAC,120,Clippers,no,0,2024,0,0,0,0,0,0,17,home,4.5,0.0,True,0.0,2.0,Post-COVID,0,,NWG = 0,-4.5,0.0,True,True,True
20317,HOU,136,Rockets,2024-04-07,22301131,DAL,147,Mavericks,NBA TV,0,2024,1,1,0,1,0,1,34,home,9.5,1.0,True,1.0,11.0,Post-COVID,0,0.5,NWG = 0,-9.5,1.0,True,True,True
17274,MIA,115,Heat,2024-04-07,22301133,IND,117,Pacers,no,0,2024,2,0,0,1,1,0,19,home,2.5,0.0,True,0.0,2.0,Post-COVID,2,1.0,NWG > 0,-2.5,0.0,True,True,True
16556,OKC,121,Thunder,2024-04-07,22301135,CHA,118,Hornets,no,0,2024,0,1,0,0,0,1,21,away,7.5,0.0,False,1.0,-3.0,Post-COVID,-1,0.0,NWG < 0,7.5,1.0,True,True,True
18046,PHI,133,76ers,2024-04-07,22301140,SAS,126,Spurs,no,0,2024,1,0,0,0,1,0,33,away,3.5,1.0,False,0.0,-7.0,Post-COVID,1,1.0,NWG > 0,3.5,0.0,True,True,True
17049,MIA,117,Heat,2024-04-09,22301147,ATL,111,Hawks,no,0,2024,0,0,0,0,0,0,22,away,3.5,1.0,False,0.0,-6.0,Post-COVID,0,,NWG = 0,3.5,0.0,True,True,True
17509,SAC,105,Kings,2024-04-09,22301153,OKC,112,Thunder,no,0,2024,2,0,0,1,1,0,12,home,5.5,1.0,True,1.0,7.0,Post-COVID,2,1.0,NWG > 0,-5.5,1.0,True,True,True
16158,CHA,115,Hornets,2024-04-10,22301159,ATL,114,Hawks,no,0,2024,0,0,0,0,0,0,10,home,8.5,0.0,True,0.0,-1.0,Post-COVID,0,,NWG = 0,-8.5,0.0,True,True,True
17732,TOR,102,Raptors,2024-04-10,22301160,BKN,106,Nets,no,0,2024,0,0,0,0,0,0,28,home,11.5,0.0,True,0.0,4.0,Post-COVID,0,,NWG = 0,-11.5,0.0,True,True,True
18206,HOU,121,Rockets,2024-04-11,22301168,UTA,124,Jazz,no,0,2024,0,1,0,0,0,1,18,away,11.5,0.0,False,1.0,3.0,Post-COVID,-1,0.0,NWG < 0,11.5,1.0,True,True,True
18024,ATL,106,Hawks,2024-04-12,22301178,MIN,109,Timberwolves,no,0,2024,0,1,0,0,0,1,19,home,12.5,0.0,True,0.0,3.0,Post-COVID,-1,0.0,NWG < 0,-12.5,0.0,True,True,True
19812,BKN,107,Nets,2024-04-12,22301175,NYK,111,Knicks,no,0,2024,1,0,0,1,0,0,11,home,11.5,0.0,True,0.0,4.0,Post-COVID,1,1.0,NWG > 0,-11.5,0.0,True,True,True
20333,CHI,129,Bulls,2024-04-12,22301172,WAS,127,Wizards,no,0,2024,0,0,0,0,0,0,19,home,1.5,0.0,True,0.0,-2.0,Post-COVID,0,,NWG = 0,-1.5,0.0,True,True,True
18665,DEN,120,Nuggets,2024-04-12,22301180,SAS,121,Spurs,no,0,2024,0,0,0,0,0,0,15,away,11.5,0.0,False,1.0,1.0,Post-COVID,0,,NWG = 0,11.5,1.0,True,True,True
19432,IND,120,Pacers,2024-04-12,22301174,CLE,129,Cavaliers,no,0,2024,0,0,0,0,0,0,13,home,3.5,1.0,True,1.0,9.0,Post-COVID,0,,NWG = 0,-3.5,1.0,True,True,True
17794,LAL,123,Lakers,2024-04-12,22301177,MEM,120,Grizzlies,no,0,2024,0,3,0,0,0,3,21,away,16.5,0.0,False,1.0,-3.0,Post-COVID,-3,0.0,NWG < 0,16.5,1.0,True,True,True
18064,NOP,114,Pelicans,2024-04-12,22301182,GSW,109,Warriors,no,0,2024,0,0,0,0,0,0,13,home,3.5,0.0,True,0.0,-5.0,Post-COVID,0,,NWG = 0,-3.5,0.0,True,True,True
17832,PHX,108,Suns,2024-04-12,22301185,SAC,107,Kings,NBA TV,0,2024,1,0,0,1,0,0,23,away,4.5,0.0,False,1.0,-1.0,Post-COVID,1,1.0,NWG > 0,4.5,1.0,True,True,True
19370,UTA,110,Jazz,2024-04-12,22301184,LAC,109,Clippers,no,0,2024,0,0,0,0,0,0,11,home,15.5,0.0,True,0.0,-1.0,Post-COVID,0,,NWG = 0,-15.5,0.0,True,True,True
19812,CHI,119,Bulls,2024-04-14,22301190,NYK,120,Knicks,ESPN,0,2024,0,1,0,0,0,1,28,home,13.5,0.0,True,0.0,1.0,Post-COVID,-1,0.0,NWG < 0,-13.5,0.0,True,True,True
18064,UTA,116,Jazz,2024-04-14,22301198,GSW,123,Warriors,no,0,2024,0,1,0,0,0,1,13,home,11.5,0.0,True,0.0,7.0,Post-COVID,-1,0.0,NWG < 0,-11.5,0.0,True,True,True
18591,LAL,110,Lakers,2024-04-16,52300121,NOP,106,Pelicans,TNT/truTV,0,2024,0,0,0,0,0,0,19,home,1.5,0.0,True,0.0,-4.0,Post-COVID,0,,NWG = 0,-1.5,0.0,True,True,True
19788,MIA,104,Heat,2024-04-17,52300101,PHI,105,76ers,ESPN/ESPN2,0,2024,0,1,0,0,0,1,27,home,5.5,0.0,True,0.0,1.0,Post-COVID,-1,0.0,NWG < 0,-5.5,0.0,True,True,True
19812,PHI,104,76ers,2024-04-20,42300111,NYK,111,Knicks,ESPN,1,2024,2,0,0,2,0,0,21,home,4.5,1.0,True,1.0,7.0,Post-COVID,2,1.0,NWG > 0,-4.5,1.0,True,True,True
18203,NOP,92,Pelicans,2024-04-21,42300141,OKC,94,Thunder,TNT/truTV,1,2024,0,1,0,0,0,1,17,home,9.5,0.0,True,0.0,2.0,Post-COVID,-1,0.0,NWG < 0,-9.5,0.0,True,True,True
19711,LAL,99,Lakers,2024-04-22,42300152,DEN,101,Nuggets,TNT/truTV,1,2024,1,0,0,1,0,0,18,home,7.5,0.0,True,0.0,2.0,Post-COVID,1,1.0,NWG > 0,-7.5,0.0,True,True,True
19812,PHI,101,76ers,2024-04-22,42300112,NYK,104,Knicks,TNT/truTV,1,2024,3,1,0,3,0,1,33,home,4.5,0.0,True,0.0,3.0,Post-COVID,2,0.75,NWG > 0,-4.5,0.0,True,True,True
19370,DAL,96,Mavericks,2024-04-23,42300172,LAC,93,Clippers,TNT/truTV,1,2024,1,1,0,1,0,1,27,home,0.5,0.0,True,0.0,-3.0,Post-COVID,0,0.5,NWG = 0,-0.5,0.0,True,True,True
17274,MIL,118,Bucks,2024-04-26,42300123,IND,121,Pacers,ESPN,1,2024,2,0,0,2,0,0,43,home,6.5,0.0,True,0.0,3.0,Post-COVID,2,1.0,NWG > 0,-6.5,0.0,True,True,True
20411,LAC,116,Clippers,2024-04-28,42300174,DAL,111,Mavericks,ABC,1,2024,0,0,0,0,0,0,19,home,7.5,0.0,True,0.0,-5.0,Post-COVID,0,,NWG = 0,-7.5,0.0,True,True,True
21048,NYK,97,Knicks,2024-04-28,42300114,PHI,92,76ers,ABC,1,2024,1,1,0,1,0,1,34,home,5.5,0.0,True,0.0,-5.0,Post-COVID,0,0.5,NWG = 0,-5.5,0.0,True,True,True
19861,LAL,106,Lakers,2024-04-29,42300155,DEN,108,Nuggets,TNT/truTV,1,2024,0,1,0,0,0,1,30,home,6.5,0.0,True,0.0,2.0,Post-COVID,-1,0.0,NWG < 0,-6.5,0.0,True,True,True
19432,ORL,103,Magic,2024-04-30,42300135,CLE,104,Cavaliers,NBA TV,1,2024,1,0,0,1,0,0,19,home,4.5,0.0,True,0.0,1.0,Post-COVID,1,1.0,NWG > 0,-4.5,0.0,True,True,True
19812,PHI,112,76ers,2024-04-30,42300115,NYK,106,Knicks,TNT,1,2024,1,3,1,0,1,2,30,home,4.5,0.0,True,0.0,-6.0,Post-COVID,-2,0.25,NWG < 0,-4.5,0.0,True,True,True
21093,NYK,118,Knicks,2024-05-02,42300116,PHI,115,76ers,TNT/truTV,1,2024,0,0,0,0,0,0,22,home,3.5,0.0,True,0.0,-3.0,Post-COVID,0,,NWG = 0,-3.5,0.0,True,True,True
19193,CLE,96,Cavaliers,2024-05-03,42300136,ORL,103,Magic,ESPN,1,2024,0,0,0,0,0,0,11,home,4.5,1.0,True,1.0,7.0,Post-COVID,0,,NWG = 0,-4.5,1.0,True,True,True
19812,IND,117,Pacers,2024-05-06,42300211,NYK,121,Knicks,TNT/truTV,1,2024,2,2,0,1,1,2,24,home,5.5,0.0,True,0.0,4.0,Post-COVID,0,0.5,NWG = 0,-5.5,0.0,True,True,True
17274,NYK,106,Knicks,2024-05-10,42300213,IND,111,Pacers,ESPN,1,2024,1,0,0,1,0,0,15,home,7.5,0.0,True,0.0,5.0,Post-COVID,1,1.0,NWG > 0,-7.5,0.0,True,True,True
20325,OKC,101,Thunder,2024-05-11,42300223,DAL,105,Mavericks,ABC,1,2024,2,0,0,1,1,0,17,home,1.5,1.0,True,1.0,4.0,Post-COVID,2,1.0,NWG > 0,-1.5,1.0,True,True,True
20607,OKC,100,Thunder,2024-05-13,42300224,DAL,96,Mavericks,TNT/truTV,1,2024,2,1,0,2,0,1,24,home,1.5,0.0,True,0.0,-4.0,Post-COVID,1,0.6666666666666666,NWG > 0,-1.5,0.0,True,True,True
20555,OKC,116,Thunder,2024-05-18,42300226,DAL,117,Mavericks,ABC,1,2024,1,1,1,1,0,0,13,home,3.5,0.0,True,0.0,1.0,Post-COVID,0,0.5,NWG = 0,-3.5,0.0,True,True,True
19156,IND,128,Pacers,2024-05-21,42300301,BOS,133,Celtics,ESPN/ESPN2,1,2024,0,2,0,0,0,2,48,home,9.5,0.0,True,0.0,5.0,Post-COVID,-2,0.0,NWG < 0,-9.5,0.0,True,True,True
19433,DAL,108,Mavericks,2024-05-22,42300311,MIN,105,Timberwolves,TNT/truTV,1,2024,1,1,0,1,0,1,22,home,4.5,0.0,True,0.0,-3.0,Post-COVID,0,0.5,NWG = 0,-4.5,0.0,True,True,True
19636,DAL,109,Mavericks,2024-05-24,42300312,MIN,108,Timberwolves,TNT/truTV,1,2024,0,1,0,0,0,1,18,home,6.5,0.0,True,0.0,-1.0,Post-COVID,-1,0.0,NWG < 0,-6.5,0.0,True,True,True
17274,BOS,114,Celtics,2024-05-25,42300303,IND,111,Pacers,ABC,1,2024,0,0,0,0,0,0,16,away,7.5,0.0,False,1.0,-3.0,Post-COVID,0,,NWG = 0,7.5,1.0,True,True,True
17274,BOS,105,Celtics,2024-05-27,42300304,IND,102,Pacers,ESPN/ESPN2,1,2024,0,0,0,0,0,0,19,away,7.5,0.0,False,1.0,-3.0,Post-COVID,0,,NWG = 0,7.5,1.0,True,True,True
20477,MIN,105,Timberwolves,2024-05-28,42300314,DAL,100,Mavericks,TNT/truTV,1,2024,1,1,0,0,1,1,14,home,1.5,0.0,True,0.0,-5.0,Post-COVID,0,0.5,NWG = 0,-1.5,0.0,True,True,True
20311,BOS,106,Celtics,2024-06-12,42300403,DAL,99,Mavericks,ABC/ESPN,1,2024,1,1,0,0,1,1,15,home,2.5,0.0,True,0.0,-7.0,Post-COVID,0,0.5,NWG = 0,-2.5,0.0,True,True,True
17548,BKN,116,Nets,2024-10-23,22400064,ATL,120,Hawks,no,0,2025,0,0,0,0,0,0,22,home,7.5,0.0,True,0.0,4.0,Post-COVID,0,,NWG = 0,-7.5,0.0,True,True,True
18055,CHA,110,Hornets,2024-10-23,22400068,HOU,105,Rockets,no,0,2025,1,0,0,1,0,0,12,home,8.5,0.0,True,0.0,-5.0,Post-COVID,1,1.0,NWG > 0,-8.5,0.0,True,True,True
20062,IND,115,Pacers,2024-10-23,22400063,DET,109,Pistons,no,0,2025,1,0,0,1,0,0,15,away,5.5,1.0,False,0.0,-6.0,Post-COVID,1,1.0,NWG > 0,5.5,0.0,True,True,True
18175,MEM,126,Grizzlies,2024-10-23,22400070,UTA,124,Jazz,no,0,2025,0,0,0,0,0,0,15,away,2.5,0.0,False,1.0,-2.0,Post-COVID,0,,NWG = 0,2.5,1.0,True,True,True
17927,PHX,116,Suns,2024-10-23,22400071,LAC,113,Clippers,ESPN,0,2025,2,1,0,1,1,1,20,away,4.5,0.0,False,1.0,-3.0,Post-COVID,1,0.6666666666666666,NWG > 0,4.5,1.0,True,True,True
18049,MIN,117,Timberwolves,2024-10-24,22400076,SAC,115,Kings,no,0,2025,0,0,0,0,0,0,13,home,0.5,0.0,True,0.0,-2.0,Post-COVID,0,,NWG = 0,-0.5,0.0,True,True,True
14433,CHA,120,Hornets,2024-10-25,22400079,ATL,125,Hawks,no,0,2025,0,1,0,0,0,1,16,home,5.5,0.0,True,0.0,5.0,Post-COVID,-1,0.0,NWG < 0,-5.5,0.0,True,True,True
16190,NOP,105,Pelicans,2024-10-25,22400086,POR,103,Trail Blazers,no,0,2025,0,0,0,0,0,0,16,away,6.5,0.0,False,1.0,-2.0,Post-COVID,0,,NWG = 0,6.5,1.0,True,True,True
19311,BOS,124,Celtics,2024-10-26,22400089,DET,118,Pistons,no,0,2025,1,0,0,1,0,0,20,away,12.5,0.0,False,1.0,-6.0,Post-COVID,1,1.0,NWG > 0,12.5,1.0,True,True,True
18715,HOU,106,Rockets,2024-10-26,22400094,SAS,109,Spurs,no,0,2025,0,0,0,0,0,0,19,away,1.5,0.0,False,1.0,3.0,Post-COVID,0,,NWG = 0,1.5,1.0,True,True,True
19691,LAC,109,Clippers,2024-10-26,22400087,DEN,104,Nuggets,NBA TV,0,2025,1,0,0,0,1,0,14,home,7.5,0.0,True,0.0,-5.0,Post-COVID,1,1.0,NWG > 0,-7.5,0.0,True,True,True
19102,MIA,114,Heat,2024-10-26,22400088,CHA,106,Hornets,no,0,2025,0,0,0,0,0,0,12,away,5.5,1.0,False,0.0,-8.0,Post-COVID,0,,NWG = 0,5.5,0.0,True,True,True
18997,SAC,127,Kings,2024-10-26,22400096,LAL,131,Lakers,NBA TV,0,2025,0,1,0,0,0,1,12,home,0.5,1.0,True,1.0,4.0,Post-COVID,-1,0.0,NWG < 0,-0.5,1.0,True,True,True
17274,PHI,118,76ers,2024-10-27,22400097,IND,114,Pacers,no,0,2025,2,1,0,2,0,0,27,home,8.5,0.0,True,0.0,-4.0,Post-COVID,1,0.6666666666666666,NWG > 0,-8.5,0.0,True,True,True
15906,CHI,126,Bulls,2024-10-28,22400108,MEM,123,Grizzlies,no,0,2025,2,1,0,2,0,1,15,home,4.5,0.0,True,0.0,-3.0,Post-COVID,1,0.6666666666666666,NWG > 0,-4.5,0.0,True,True,True
19812,CLE,110,Cavaliers,2024-10-28,22400106,NYK,104,Knicks,no,0,2025,1,0,0,0,1,0,21,home,2.5,0.0,True,0.0,-6.0,Post-COVID,1,1.0,NWG > 0,-2.5,0.0,True,True,True
19082,DEN,127,Nuggets,2024-10-28,22400107,TOR,125,Raptors,no,0,2025,0,2,0,0,0,2,14,away,8.5,0.0,False,1.0,-2.0,Post-COVID,-2,0.0,NWG < 0,8.5,1.0,True,True,True
17519,HOU,106,Rockets,2024-10-28,22400109,SAS,101,Spurs,no,0,2025,0,1,1,0,0,0,9,away,2.5,1.0,False,0.0,-5.0,Post-COVID,-1,0.0,NWG < 0,2.5,0.0,True,True,True
18846,IND,115,Pacers,2024-10-28,22400102,ORL,119,Magic,no,0,2025,0,2,0,0,0,2,14,home,5.5,0.0,True,0.0,4.0,Post-COVID,-2,0.0,NWG < 0,-5.5,0.0,True,True,True
17071,LAL,105,Lakers,2024-10-28,22400111,PHX,109,Suns,NBA TV,0,2025,1,0,0,1,0,0,17,home,4.5,0.0,True,0.0,4.0,Post-COVID,1,1.0,NWG > 0,-4.5,0.0,True,True,True
14566,WAS,121,Wizards,2024-10-28,22400103,ATL,119,Hawks,no,0,2025,1,0,0,0,1,0,13,home,7.5,0.0,True,0.0,-2.0,Post-COVID,1,1.0,NWG > 0,-7.5,0.0,True,True,True
18978,DAL,120,Mavericks,2024-10-29,22400114,MIN,114,Timberwolves,TNT/Max,0,2025,1,2,0,1,0,2,18,home,4.5,0.0,True,0.0,-6.0,Post-COVID,-1,0.3333333333333333,NWG < 0,-4.5,0.0,True,True,True
17926,DEN,144,Nuggets,2024-10-29,22400113,BKN,139,Nets,no,0,2025,1,0,0,0,1,0,22,away,5.5,0.0,False,1.0,-5.0,Post-COVID,1,1.0,NWG > 0,5.5,1.0,True,True,True
17274,BOS,132,Celtics,2024-10-30,22400119,IND,135,Pacers,ESPN,0,2025,0,2,1,0,0,1,38,away,6.5,0.0,False,1.0,3.0,Post-COVID,-2,0.0,NWG < 0,6.5,1.0,True,True,True
19015,ORL,99,Magic,2024-10-30,22400123,CHI,102,Bulls,no,0,2025,2,0,0,2,0,0,17,away,5.5,0.0,False,1.0,3.0,Post-COVID,2,1.0,NWG > 0,5.5,1.0,True,True,True
16727,POR,106,Trail Blazers,2024-10-30,22400127,LAC,105,Clippers,no,0,2025,0,0,0,0,0,0,9,home,8.5,0.0,True,0.0,-1.0,Post-COVID,0,,NWG = 0,-8.5,0.0,True,True,True
13113,TOR,133,Raptors,2024-10-30,22400117,CHA,138,Hornets,no,0,2025,0,0,0,0,0,0,12,home,6.5,0.0,True,0.0,5.0,Post-COVID,0,,NWG = 0,-6.5,0.0,True,True,True
20011,HOU,108,Rockets,2024-10-31,22400129,DAL,102,Mavericks,no,0,2025,1,0,0,1,0,0,14,home,6.5,0.0,True,0.0,-6.0,Post-COVID,1,1.0,NWG > 0,-6.5,0.0,True,True,True
16827,PHX,125,Suns,2024-10-31,22400131,LAC,119,Clippers,NBA TV,0,2025,1,0,0,1,0,0,11,away,4.5,1.0,False,0.0,-6.0,Post-COVID,1,1.0,NWG > 0,4.5,0.0,True,True,True
18978,DEN,116,Nuggets,2024-11-01,22400139,MIN,119,Timberwolves,ESPN,0,2025,0,0,0,0,0,0,16,home,3.5,0.0,True,0.0,3.0,Post-COVID,0,,NWG = 0,-3.5,0.0,True,True,True
15133,IND,118,Pacers,2024-11-01,22400138,NOP,125,Pelicans,no,0,2025,0,1,0,0,0,1,19,away,4.5,0.0,False,1.0,7.0,Post-COVID,-1,0.0,NWG < 0,4.5,1.0,True,True,True
17341,CLE,114,Cavaliers,2024-11-02,22400145,MIL,113,Bucks,no,0,2025,1,0,0,1,0,0,14,home,1.5,0.0,True,0.0,-1.0,Post-COVID,1,1.0,NWG > 0,-1.5,0.0,True,True,True
18055,GSW,127,Warriors,2024-11-02,22400144,HOU,121,Rockets,no,0,2025,0,1,0,0,0,1,16,home,4.5,0.0,True,0.0,-6.0,Post-COVID,-1,0.0,NWG < 0,-4.5,0.0,True,True,True
17071,POR,97,Trail Blazers,2024-11-02,22400149,PHX,103,Suns,no,0,2025,1,1,0,1,0,1,13,home,12.5,0.0,True,0.0,6.0,Post-COVID,0,0.5,NWG = 0,-12.5,0.0,True,True,True
19815,SAC,128,Kings,2024-11-02,22400143,TOR,131,Raptors,no,0,2025,2,0,0,2,0,0,48,away,9.5,0.0,False,1.0,3.0,Post-COVID,2,1.0,NWG > 0,9.5,1.0,True,True,True
18088,MEM,104,Grizzlies,2024-11-04,22400158,BKN,106,Nets,no,0,2025,0,1,1,0,0,0,28,away,4.5,0.0,False,1.0,2.0,Post-COVID,-1,0.0,NWG < 0,4.5,1.0,True,True,True
19432,MIL,114,Bucks,2024-11-04,22400154,CLE,116,Cavaliers,NBA TV,0,2025,1,1,0,1,0,1,14,home,8.5,0.0,True,0.0,2.0,Post-COVID,0,0.5,NWG = 0,-8.5,0.0,True,True,True
16417,NYK,97,Knicks,2024-11-04,22400161,HOU,109,Rockets,no,0,2025,0,0,0,0,0,0,12,away,2.5,0.0,False,1.0,12.0,Post-COVID,0,,NWG = 0,2.5,1.0,True,True,True
17071,PHI,116,76ers,2024-11-04,22400167,PHX,118,Suns,NBA TV,0,2025,0,0,0,0,0,0,17,home,7.5,0.0,True,0.0,2.0,Post-COVID,0,,NWG = 0,-7.5,0.0,True,True,True
19604,SAC,111,Kings,2024-11-04,22400159,MIA,110,Heat,no,0,2025,0,0,0,0,0,0,16,home,0.5,0.0,True,0.0,-1.0,Post-COVID,0,,NWG = 0,-0.5,0.0,True,True,True
19525,TOR,119,Raptors,2024-11-04,22400166,DEN,121,Nuggets,no,0,2025,0,0,0,0,0,0,11,home,11.5,0.0,True,0.0,2.0,Post-COVID,0,,NWG = 0,-11.5,0.0,True,True,True
13247,DET,107,Pistons,2024-11-06,22400169,CHA,108,Hornets,no,0,2025,0,3,0,0,0,3,24,away,1.5,0.0,False,1.0,1.0,Post-COVID,-3,0.0,NWG < 0,1.5,1.0,True,True,True
19156,GSW,118,Warriors,2024-11-06,22400172,BOS,112,Celtics,ESPN,0,2025,0,1,0,0,0,1,13,home,6.5,0.0,True,0.0,-6.0,Post-COVID,-1,0.0,NWG < 0,-6.5,0.0,True,True,True
17071,MIA,112,Heat,2024-11-06,22400178,PHX,115,Suns,no,0,2025,1,0,0,1,0,0,15,home,5.5,0.0,True,0.0,3.0,Post-COVID,1,1.0,NWG > 0,-5.5,0.0,True,True,True
16072,NYK,116,Knicks,2024-11-06,22400171,ATL,121,Hawks,no,0,2025,0,0,0,0,0,0,14,away,7.5,0.0,False,1.0,5.0,Post-COVID,0,,NWG = 0,7.5,1.0,True,True,True
19522,OKC,122,Thunder,2024-11-06,22400177,DEN,124,Nuggets,no,0,2025,0,0,0,0,0,0,16,away,7.5,0.0,False,1.0,2.0,Post-COVID,0,,NWG = 0,7.5,1.0,True,True,True
16218,ORL,111,Magic,2024-11-06,22400170,IND,118,Pacers,no,0,2025,0,2,0,0,0,2,13,home,5.5,1.0,True,1.0,7.0,Post-COVID,-2,0.0,NWG < 0,-5.5,1.0,True,True,True
17913,ATL,121,Hawks,2024-11-08,22400185,DET,122,Pistons,no,0,2025,0,0,0,0,0,0,14,home,2.5,0.0,True,0.0,1.0,Post-COVID,0,,NWG = 0,-2.5,0.0,True,True,True
19156,BKN,104,Nets,2024-11-08,22400187,BOS,108,Celtics,no,0,2025,0,1,0,0,0,1,22,home,13.5,0.0,True,0.0,4.0,Post-COVID,-1,0.0,NWG < 0,-13.5,0.0,True,True,True
20277,PHX,114,Suns,2024-11-08,22400190,DAL,113,Mavericks,ESPN,0,2025,0,0,0,0,0,0,13,home,2.5,0.0,True,0.0,-1.0,Post-COVID,0,,NWG = 0,-2.5,0.0,True,True,True
19432,BKN,100,Nets,2024-11-09,22400199,CLE,105,Cavaliers,NBA TV,0,2025,0,0,0,0,0,0,5,home,12.5,0.0,True,0.0,5.0,Post-COVID,0,,NWG = 0,-12.5,0.0,True,True,True
17927,TOR,103,Raptors,2024-11-09,22400200,LAC,105,Clippers,NBA TV,0,2025,0,2,1,0,0,0,25,home,6.5,0.0,True,0.0,2.0,Post-COVID,-2,0.0,NWG < 0,-6.5,0.0,True,True,True
18354,UTA,111,Jazz,2024-11-09,22400197,SAS,110,Spurs,NBA TV,0,2025,0,0,0,0,0,0,16,home,6.5,0.0,True,0.0,-1.0,Post-COVID,0,,NWG = 0,-6.5,0.0,True,True,True
17341,BOS,113,Celtics,2024-11-10,22400202,MIL,107,Bucks,no,0,2025,0,0,0,0,0,0,13,away,5.5,1.0,False,0.0,-6.0,Post-COVID,0,,NWG = 0,5.5,0.0,True,True,True
19764,CHA,105,Hornets,2024-11-10,22400205,PHI,107,76ers,no,0,2025,2,0,0,1,1,0,42,home,4.5,0.0,True,0.0,2.0,Post-COVID,2,1.0,NWG > 0,-4.5,0.0,True,True,True
19908,DAL,120,Mavericks,2024-11-10,22400208,DEN,122,Nuggets,no,0,2025,0,0,0,0,0,0,11,home,2.5,0.0,True,0.0,2.0,Post-COVID,0,,NWG = 0,-2.5,0.0,True,True,True
18744,HOU,101,Rockets,2024-11-10,22400201,DET,99,Pistons,no,0,2025,1,0,0,1,0,0,16,away,3.5,0.0,False,1.0,-2.0,Post-COVID,1,1.0,NWG > 0,3.5,1.0,True,True,True
18978,MIA,95,Heat,2024-11-10,22400206,MIN,94,Timberwolves,no,0,2025,0,1,0,0,0,1,18,home,7.5,0.0,True,0.0,-1.0,Post-COVID,-1,0.0,NWG < 0,-7.5,0.0,True,True,True
17071,SAC,127,Kings,2024-11-10,22400209,PHX,118,Suns,no,0,2025,0,0,0,0,0,0,17,away,1.5,1.0,False,0.0,-9.0,Post-COVID,0,,NWG = 0,1.5,0.0,True,True,True
16895,BKN,107,Nets,2024-11-11,22400214,NOP,105,Pelicans,no,0,2025,1,0,0,1,0,0,10,away,1.5,1.0,False,0.0,-2.0,Post-COVID,1,1.0,NWG > 0,1.5,0.0,True,True,True
17430,LAC,128,Clippers,2024-11-11,22400215,OKC,134,Thunder,NBA TV,0,2025,0,0,0,0,0,0,11,home,6.5,0.0,True,0.0,6.0,Post-COVID,0,,NWG = 0,-6.5,0.0,True,True,True
19156,ATL,117,Hawks,2024-11-12,22400001,BOS,116,Celtics,no,0,2025,1,0,0,1,0,0,13,home,15.5,0.0,True,0.0,-1.0,Post-COVID,1,1.0,NWG > 0,-15.5,0.0,True,True,True
18064,DAL,117,Mavericks,2024-11-12,22400007,GSW,120,Warriors,TNT/Max,0,2025,0,0,0,0,0,0,10,home,2.5,1.0,True,1.0,3.0,Post-COVID,0,,NWG = 0,-2.5,1.0,True,True,True
17806,MIA,121,Heat,2024-11-12,22400002,DET,123,Pistons,no,0,2025,0,2,0,0,0,2,23,away,1.5,0.0,False,1.0,2.0,Post-COVID,-2,0.0,NWG < 0,1.5,1.0,True,True,True
19812,CHI,124,Bulls,2024-11-13,22400219,NYK,123,Knicks,no,0,2025,1,0,0,1,0,0,12,home,8.5,0.0,True,0.0,-1.0,Post-COVID,1,1.0,NWG > 0,-8.5,0.0,True,True,True
17341,DET,120,Pistons,2024-11-13,22400223,MIL,127,Bucks,no,0,2025,0,1,1,0,0,0,16,home,7.5,0.0,True,0.0,7.0,Post-COVID,-1,0.0,NWG < 0,-7.5,0.0,True,True,True
17087,IND,90,Pacers,2024-11-13,22400217,ORL,94,Magic,no,0,2025,0,1,1,0,0,0,13,home,1.5,1.0,True,1.0,4.0,Post-COVID,-1,0.0,NWG < 0,-1.5,1.0,True,True,True
18997,MEM,123,Grizzlies,2024-11-13,22400225,LAL,128,Lakers,ESPN,0,2025,0,1,0,0,0,1,18,home,7.5,0.0,True,0.0,5.0,Post-COVID,-1,0.0,NWG < 0,-7.5,0.0,True,True,True
18175,DAL,113,Mavericks,2024-11-14,22400228,UTA,115,Jazz,NBA TV,0,2025,0,0,0,0,0,0,12,away,7.5,0.0,False,1.0,2.0,Post-COVID,0,,NWG = 0,7.5,1.0,True,True,True
19812,BKN,122,Nets,2024-11-15,22400014,NYK,124,Knicks,no,0,2025,0,0,0,0,0,0,10,home,8.5,0.0,True,0.0,2.0,Post-COVID,0,,NWG = 0,-8.5,0.0,True,True,True
19245,DET,99,Pistons,2024-11-15,22400011,TOR,95,Raptors,no,0,2025,0,1,0,0,0,1,15,away,2.5,1.0,False,0.0,-4.0,Post-COVID,-1,0.0,NWG < 0,2.5,0.0,True,True,True
18916,LAL,120,Lakers,2024-11-15,22400015,SAS,115,Spurs,ESPN,0,2025,0,0,0,0,0,0,18,away,2.5,1.0,False,0.0,-5.0,Post-COVID,0,,NWG = 0,2.5,0.0,True,True,True
16478,MIN,130,Timberwolves,2024-11-15,22400020,SAC,126,Kings,no,0,2025,0,0,0,0,0,0,19,away,1.5,1.0,False,0.0,-4.0,Post-COVID,0,,NWG = 0,1.5,0.0,True,True,True
18761,LAL,104,Lakers,2024-11-16,22400231,NOP,99,Pelicans,no,0,2025,1,0,0,0,1,0,14,away,7.5,0.0,False,1.0,-5.0,Post-COVID,1,1.0,NWG > 0,7.5,1.0,True,True,True
19145,MIL,114,Bucks,2024-11-16,22400229,CHA,115,Hornets,no,0,2025,1,0,0,0,1,0,13,away,3.5,0.0,False,1.0,1.0,Post-COVID,1,1.0,NWG > 0,3.5,1.0,True,True,True
19156,TOR,123,Raptors,2024-11-16,22400230,BOS,126,Celtics,no,0,2025,2,2,0,2,0,1,35,home,16.5,0.0,True,0.0,3.0,Post-COVID,0,0.5,NWG = 0,-16.5,0.0,True,True,True
16568,UTA,117,Jazz,2024-11-16,22400233,SAC,121,Kings,no,0,2025,2,0,0,2,0,0,25,home,7.5,0.0,True,0.0,4.0,Post-COVID,2,1.0,NWG > 0,-7.5,0.0,True,True,True
17384,ATL,110,Hawks,2024-11-17,22400239,POR,114,Trail Blazers,no,0,2025,1,0,0,0,1,0,12,away,4.5,0.0,False,1.0,4.0,Post-COVID,1,1.0,NWG > 0,4.5,1.0,True,True,True
18203,DAL,121,Mavericks,2024-11-17,22400242,OKC,119,Thunder,no,0,2025,2,0,0,2,0,0,24,home,7.5,0.0,True,0.0,-2.0,Post-COVID,2,1.0,NWG > 0,-7.5,0.0,True,True,True
18978,PHX,117,Suns,2024-11-17,22400234,MIN,120,Timberwolves,no,0,2025,1,1,0,1,0,0,18,home,7.5,0.0,True,0.0,3.0,Post-COVID,0,0.5,NWG = 0,-7.5,0.0,True,True,True
16333,ATL,109,Hawks,2024-11-18,22400250,SAC,108,Kings,no,0,2025,0,0,0,0,0,0,16,home,4.5,0.0,True,0.0,-1.0,Post-COVID,0,,NWG = 0,-4.5,0.0,True,True,True
17927,GSW,99,Warriors,2024-11-18,22400251,LAC,102,Clippers,NBA TV,0,2025,3,0,0,3,0,0,16,away,5.5,0.0,False,1.0,3.0,Post-COVID,3,1.0,NWG > 0,5.5,1.0,True,True,True
17341,HOU,100,Rockets,2024-11-18,22400248,MIL,101,Bucks,NBA TV,0,2025,1,0,0,1,0,0,14,home,3.5,0.0,True,0.0,1.0,Post-COVID,1,1.0,NWG > 0,-3.5,0.0,True,True,True
18117,CHA,115,Hornets,2024-11-19,22400022,BKN,116,Nets,no,0,2025,0,0,0,0,0,0,17,home,1.5,0.0,True,0.0,1.0,Post-COVID,0,,NWG = 0,-1.5,0.0,True,True,True
19156,CLE,117,Cavaliers,2024-11-19,22400021,BOS,120,Celtics,TNT/truTV/Max,0,2025,0,0,0,0,0,0,12,home,6.5,0.0,True,0.0,3.0,Post-COVID,0,,NWG = 0,-6.5,0.0,True,True,True
14671,DET,121,Pistons,2024-11-21,22400260,CHA,123,Hornets,NBA TV,0,2025,2,1,0,1,1,1,21,away,2.5,0.0,False,1.0,2.0,Post-COVID,1,0.6666666666666666,NWG > 0,2.5,1.0,True,True,True
18997,ORL,119,Magic,2024-11-21,22400263,LAL,118,Lakers,no,0,2025,0,1,0,0,0,1,12,home,5.5,0.0,True,0.0,-1.0,Post-COVID,-1,0.0,NWG < 0,-5.5,0.0,True,True,True
19923,DAL,123,Mavericks,2024-11-22,22400033,DEN,120,Nuggets,ESPN,0,2025,0,0,0,0,0,0,26,home,4.5,0.0,True,0.0,-3.0,Post-COVID,0,,NWG = 0,-4.5,0.0,True,True,True
16820,GSW,112,Warriors,2024-11-22,22400032,NOP,108,Pelicans,ESPN,0,2025,0,0,0,0,0,0,22,away,10.5,0.0,False,1.0,-4.0,Post-COVID,0,,NWG = 0,10.5,1.0,True,True,True
17341,CHA,119,Hornets,2024-11-23,22400268,MIL,125,Bucks,no,0,2025,1,0,0,1,0,0,14,home,7.5,0.0,True,0.0,6.0,Post-COVID,1,1.0,NWG > 0,-7.5,0.0,True,True,True
16102,POR,104,Trail Blazers,2024-11-23,22400267,HOU,98,Rockets,no,0,2025,0,1,0,0,0,1,17,home,12.5,0.0,True,0.0,-6.0,Post-COVID,-1,0.0,NWG < 0,-12.5,0.0,True,True,True
19714,DAL,118,Mavericks,2024-11-24,22400273,MIA,123,Heat,no,0,2025,1,0,0,1,0,0,29,home,2.5,1.0,True,1.0,5.0,Post-COVID,1,1.0,NWG > 0,-2.5,1.0,True,True,True
19156,MIN,105,Timberwolves,2024-11-24,22400271,BOS,107,Celtics,no,0,2025,0,0,0,0,0,0,15,home,8.5,0.0,True,0.0,2.0,Post-COVID,0,,NWG = 0,-8.5,0.0,True,True,True
16059,NOP,110,Pelicans,2024-11-25,22400279,IND,114,Pacers,no,0,2025,0,0,0,0,0,0,20,home,7.5,0.0,True,0.0,4.0,Post-COVID,0,,NWG = 0,-7.5,0.0,True,True,True
18421,TOR,100,Raptors,2024-11-25,22400278,DET,102,Pistons,no,0,2025,0,0,0,0,0,0,12,home,4.5,0.0,True,0.0,2.0,Post-COVID,0,,NWG = 0,-4.5,0.0,True,True,True
18978,HOU,117,Rockets,2024-11-26,22400037,MIN,111,Timberwolves,no,0,2025,0,0,0,0,0,0,27,home,2.5,0.0,True,0.0,-6.0,Post-COVID,0,,NWG = 0,-2.5,0.0,True,True,True
19622,MIL,106,Bucks,2024-11-26,22400036,MIA,103,Heat,TNT/truTV/Max,0,2025,0,0,0,0,0,0,7,home,5.5,0.0,True,0.0,-3.0,Post-COVID,0,,NWG = 0,-5.5,0.0,True,True,True
19765,HOU,122,Rockets,2024-11-27,22400290,PHI,115,76ers,no,0,2025,0,0,0,0,0,0,13,away,5.5,1.0,False,0.0,-7.0,Post-COVID,0,,NWG = 0,5.5,0.0,True,True,True
17710,MIA,98,Heat,2024-11-27,22400286,CHA,94,Hornets,no,0,2025,1,0,0,1,0,0,16,away,4.5,0.0,False,1.0,-4.0,Post-COVID,1,1.0,NWG > 0,4.5,1.0,True,True,True
18064,OKC,105,Thunder,2024-11-27,22400299,GSW,101,Warriors,ESPN,0,2025,0,0,0,0,0,0,19,away,4.5,0.0,False,1.0,-4.0,Post-COVID,0,,NWG = 0,4.5,1.0,True,True,True
18978,SAC,115,Kings,2024-11-27,22400294,MIN,104,Timberwolves,no,0,2025,0,2,0,0,0,2,13,home,2.5,0.0,True,0.0,-11.0,Post-COVID,-2,0.0,NWG < 0,-2.5,0.0,True,True,True
18978,LAC,92,Clippers,2024-11-29,22400044,MIN,93,Timberwolves,ESPN,0,2025,0,0,0,0,0,0,17,home,5.5,0.0,True,0.0,1.0,Post-COVID,0,,NWG = 0,-5.5,0.0,True,True,True
19313,NYK,99,Knicks,2024-11-29,22400040,CHA,98,Hornets,NBA TV,0,2025,0,1,1,0,0,0,26,away,12.5,0.0,False,1.0,-1.0,Post-COVID,-1,0.0,NWG < 0,12.5,1.0,True,True,True
18997,OKC,101,Thunder,2024-11-29,22400048,LAL,93,Lakers,ESPN,0,2025,1,0,0,1,0,0,15,away,2.5,1.0,False,0.0,-8.0,Post-COVID,1,1.0,NWG > 0,2.5,0.0,True,True,True
17969,ATL,107,Hawks,2024-11-30,22400300,CHA,104,Hornets,no,0,2025,1,0,0,1,0,1,27,away,5.5,0.0,False,1.0,-3.0,Post-COVID,1,1.0,NWG > 0,5.5,1.0,True,True,True
19432,BOS,111,Celtics,2024-12-01,22400307,CLE,115,Cavaliers,NBA TV,0,2025,0,0,0,0,0,0,20,home,1.5,1.0,True,1.0,4.0,Post-COVID,0,,NWG = 0,-1.5,1.0,True,True,True
16205,DAL,137,Mavericks,2024-12-01,22400312,POR,131,Trail Blazers,no,0,2025,0,0,0,0,0,0,19,away,5.5,1.0,False,0.0,-6.0,Post-COVID,0,,NWG = 0,5.5,0.0,True,True,True
16182,DEN,122,Nuggets,2024-12-01,22400314,LAC,126,Clippers,no,0,2025,0,0,0,0,0,0,8,away,2.5,0.0,False,1.0,4.0,Post-COVID,0,,NWG = 0,2.5,1.0,True,True,True
18175,LAL,105,Lakers,2024-12-01,22400311,UTA,104,Jazz,no,0,2025,0,1,0,0,0,1,15,away,5.5,0.0,False,1.0,-1.0,Post-COVID,-1,0.0,NWG < 0,5.5,1.0,True,True,True
18153,MIA,116,Heat,2024-12-01,22400309,TOR,119,Raptors,no,0,2025,0,0,0,0,0,0,16,away,4.5,0.0,False,1.0,3.0,Post-COVID,0,,NWG = 0,4.5,1.0,True,True,True
18055,OKC,116,Thunder,2024-12-01,22400310,HOU,119,Rockets,no,0,2025,0,0,0,0,0,0,13,away,1.5,0.0,False,1.0,3.0,Post-COVID,0,,NWG = 0,1.5,1.0,True,True,True
16014,SAS,127,Spurs,2024-12-01,22400313,SAC,125,Kings,no,0,2025,1,0,0,1,0,0,14,home,6.5,0.0,True,0.0,-2.0,Post-COVID,1,1.0,NWG > 0,-6.5,0.0,True,True,True
19912,GSW,115,Warriors,2024-12-03,22400058,DEN,119,Nuggets,TNT/truTV/Max,0,2025,0,0,0,0,0,0,15,home,4.5,0.0,True,0.0,4.0,Post-COVID,0,,NWG = 0,-4.5,0.0,True,True,True
20277,MEM,116,Grizzlies,2024-12-03,22400056,DAL,121,Mavericks,no,0,2025,1,0,0,1,0,0,15,home,4.5,1.0,True,1.0,5.0,Post-COVID,1,1.0,NWG > 0,-4.5,1.0,True,True,True
14956,PHI,110,76ers,2024-12-03,22400050,CHA,104,Hornets,no,0,2025,0,0,0,0,0,0,15,away,4.5,1.0,False,0.0,-6.0,Post-COVID,0,,NWG = 0,4.5,0.0,True,True,True
19851,ORL,106,Magic,2024-12-04,22400322,PHI,102,76ers,no,0,2025,1,1,0,1,0,1,13,away,6.5,0.0,False,1.0,-4.0,Post-COVID,0,0.5,NWG = 0,6.5,1.0,True,True,True
18064,HOU,93,Rockets,2024-12-05,22400332,GSW,99,Warriors,NBA TV,0,2025,0,0,0,0,0,0,14,away,3.5,0.0,False,1.0,6.0,Post-COVID,0,,NWG = 0,3.5,1.0,True,True,True
16365,PHX,124,Suns,2024-12-05,22400330,NOP,126,Pelicans,no,0,2025,0,0,0,0,0,0,17,away,1.5,0.0,False,1.0,2.0,Post-COVID,0,,NWG = 0,1.5,1.0,True,True,True
15776,SAC,110,Kings,2024-12-05,22400329,MEM,115,Grizzlies,no,0,2025,1,0,0,1,0,0,14,home,2.5,1.0,True,1.0,5.0,Post-COVID,1,1.0,NWG > 0,-2.5,1.0,True,True,True
18040,LAL,132,Lakers,2024-12-06,22400334,ATL,134,Hawks,no,0,2025,1,1,0,1,0,1,29,home,3.5,0.0,True,0.0,2.0,Post-COVID,0,0.5,NWG = 0,-3.5,0.0,True,True,True
19156,MIL,105,Bucks,2024-12-06,22400335,BOS,111,Celtics,ESPN,0,2025,0,0,0,0,0,0,19,home,8.5,0.0,True,0.0,6.0,Post-COVID,0,,NWG = 0,-8.5,0.0,True,True,True
17274,CHA,113,Hornets,2024-12-08,22400349,IND,109,Pacers,no,0,2025,0,0,0,0,0,0,21,home,11.5,0.0,True,0.0,-4.0,Post-COVID,0,,NWG = 0,-11.5,0.0,True,True,True
17926,MIL,118,Bucks,2024-12-08,22400348,BKN,113,Nets,no,0,2025,0,0,0,0,0,0,13,away,6.5,0.0,False,1.0,-5.0,Post-COVID,0,,NWG = 0,6.5,1.0,True,True,True
18064,MIN,106,Timberwolves,2024-12-08,22400355,GSW,114,Warriors,no,0,2025,0,0,0,0,0,0,15,home,1.5,1.0,True,1.0,8.0,Post-COVID,0,,NWG = 0,-1.5,1.0,True,True,True
16840,NOP,116,Pelicans,2024-12-08,22400354,SAS,121,Spurs,no,0,2025,1,2,0,1,0,2,16,home,6.5,0.0,True,0.0,5.0,Post-COVID,-1,0.3333333333333333,NWG < 0,-6.5,0.0,True,True,True
18311,PHX,110,Suns,2024-12-08,22400352,ORL,115,Magic,no,0,2025,1,1,0,1,0,1,17,home,1.5,1.0,True,1.0,5.0,Post-COVID,0,0.5,NWG = 0,-1.5,1.0,True,True,True
18284,NYK,113,Knicks,2024-12-09,22400359,TOR,108,Raptors,NBA TV,0,2025,1,0,0,1,0,0,19,away,7.5,0.0,False,1.0,-5.0,Post-COVID,1,1.0,NWG > 0,7.5,1.0,True,True,True
17341,ORL,109,Magic,2024-12-10,22401201,MIL,114,Bucks,TNT/truTV/Max,0,2025,1,0,0,1,0,0,18,home,8.5,0.0,True,0.0,5.0,Post-COVID,1,1.0,NWG > 0,-8.5,0.0,True,True,True
18055,GSW,90,Warriors,2024-12-11,22401204,HOU,91,Rockets,TNT/truTV/Max,0,2025,1,1,0,1,0,1,22,home,3.5,0.0,True,0.0,1.0,Post-COVID,0,0.5,NWG = 0,-3.5,0.0,True,True,True
15488,SAC,111,Kings,2024-12-12,22401207,NOP,109,Pelicans,no,0,2025,0,0,0,0,0,0,15,away,6.5,0.0,False,1.0,-2.0,Post-COVID,0,,NWG = 0,6.5,1.0,True,True,True
17025,SAS,118,Spurs,2024-12-13,22401215,POR,116,Trail Blazers,no,0,2025,0,0,0,0,0,0,11,away,3.5,0.0,False,1.0,-2.0,Post-COVID,0,,NWG = 0,3.5,1.0,True,True,True
17113,ATL,102,Hawks,2024-12-14,22401229,MIL,110,Bucks,TNT/truTV/Max,0,2025,0,1,0,0,0,1,21,home,3.5,1.0,True,1.0,8.0,Post-COVID,-1,0.0,NWG < 0,-3.5,1.0,True,True,True
16324,CHI,122,Bulls,2024-12-16,22401223,TOR,121,Raptors,no,0,2025,0,0,0,0,0,0,13,away,1.5,0.0,False,1.0,-1.0,Post-COVID,0,,NWG = 0,1.5,1.0,True,True,True
16936,DEN,130,Nuggets,2024-12-16,22401225,SAC,129,Kings,no,0,2025,0,0,0,0,0,0,7,home,1.5,0.0,True,0.0,-1.0,Post-COVID,0,,NWG = 0,-1.5,0.0,True,True,True
17810,MIA,124,Heat,2024-12-16,22401221,DET,125,Pistons,no,0,2025,0,1,0,0,0,1,20,away,4.5,0.0,False,1.0,1.0,Post-COVID,-1,0.0,NWG < 0,4.5,1.0,True,True,True
17852,ATL,126,Hawks,2024-12-19,22400370,SAS,133,Spurs,no,0,2025,0,0,0,0,0,1,33,home,1.5,1.0,True,1.0,7.0,Post-COVID,0,,NWG = 0,-1.5,1.0,True,True,True
19214,BKN,101,Nets,2024-12-19,22400364,TOR,94,Raptors,no,0,2025,0,0,0,0,0,0,13,home,2.5,0.0,True,0.0,-7.0,Post-COVID,0,,NWG = 0,-2.5,0.0,True,True,True
16753,DEN,124,Nuggets,2024-12-19,22400371,POR,126,Trail Blazers,no,0,2025,0,0,0,0,0,0,8,away,8.5,0.0,False,1.0,2.0,Post-COVID,0,,NWG = 0,8.5,1.0,True,True,True
17832,LAL,103,Lakers,2024-12-21,22400376,SAC,99,Kings,no,0,2025,0,1,1,0,0,0,10,home,3.5,0.0,True,0.0,-4.0,Post-COVID,-1,0.0,NWG < 0,-3.5,0.0,True,True,True
18080,MIA,114,Heat,2024-12-21,22400377,ORL,121,Magic,no,0,2025,1,0,0,1,0,0,14,home,1.5,1.0,True,1.0,7.0,Post-COVID,1,1.0,NWG > 0,-1.5,1.0,True,True,True
17474,DEN,132,Nuggets,2024-12-22,22400390,NOP,129,Pelicans,no,0,2025,1,0,0,1,0,0,27,away,8.5,0.0,False,1.0,-3.0,Post-COVID,1,1.0,NWG > 0,8.5,1.0,True,True,True
19305,HOU,114,Rockets,2024-12-22,22400388,TOR,110,Raptors,no,0,2025,0,1,0,0,0,1,12,away,8.5,0.0,False,1.0,-4.0,Post-COVID,-1,0.0,NWG < 0,8.5,1.0,True,True,True
18846,BOS,104,Celtics,2024-12-23,22400393,ORL,108,Magic,no,0,2025,2,0,0,2,0,0,12,away,7.5,0.0,False,1.0,4.0,Post-COVID,2,1.0,NWG > 0,7.5,1.0,True,True,True
18997,DET,117,Pistons,2024-12-23,22400404,LAL,114,Lakers,no,0,2025,0,0,0,0,0,0,13,home,6.5,0.0,True,0.0,-3.0,Post-COVID,0,,NWG = 0,-6.5,0.0,True,True,True
18064,IND,111,Pacers,2024-12-23,22400403,GSW,105,Warriors,NBA TV,0,2025,0,0,0,0,0,0,11,home,5.5,0.0,True,0.0,-6.0,Post-COVID,0,,NWG = 0,-5.5,0.0,True,True,True
17265,LAC,114,Clippers,2024-12-23,22400399,MEM,110,Grizzlies,no,0,2025,1,0,0,0,1,0,10,home,6.5,0.0,True,0.0,-4.0,Post-COVID,1,1.0,NWG > 0,-6.5,0.0,True,True,True
19986,SAS,106,Spurs,2024-12-23,22400394,PHI,111,76ers,NBA TV,0,2025,0,1,0,0,0,1,13,home,5.5,0.0,True,0.0,5.0,Post-COVID,-1,0.0,NWG < 0,-5.5,0.0,True,True,True
19432,UTA,113,Jazz,2024-12-23,22400392,CLE,124,Cavaliers,no,0,2025,1,0,0,1,0,0,16,home,14.5,0.0,True,0.0,11.0,Post-COVID,1,1.0,NWG > 0,-14.5,0.0,True,True,True
18064,LAL,115,Lakers,2024-12-25,22400408,GSW,113,Warriors,ABC/ESPN/ESPN+/Disney+,0,2025,0,0,0,0,0,0,16,home,4.5,0.0,True,0.0,-2.0,Post-COVID,0,,NWG = 0,-4.5,0.0,True,True,True
20341,MIN,105,Timberwolves,2024-12-25,22400406,DAL,99,Mavericks,ABC/ESPN/ESPN+/Disney+,0,2025,0,0,0,0,0,0,14,home,5.5,0.0,True,0.0,-6.0,Post-COVID,0,,NWG = 0,-5.5,0.0,True,True,True
19156,PHI,118,76ers,2024-12-25,22400407,BOS,114,Celtics,ABC/ESPN/ESPN+/Disney+,0,2025,0,0,0,0,0,0,16,home,9.5,0.0,True,0.0,-4.0,Post-COVID,0,,NWG = 0,-9.5,0.0,True,True,True
19812,SAS,114,Spurs,2024-12-25,22400405,NYK,117,Knicks,ABC/ESPN/ESPN2/ESPN+/Disney+,0,2025,1,0,0,1,0,0,20,home,8.5,0.0,True,0.0,3.0,Post-COVID,1,1.0,NWG > 0,-8.5,0.0,True,True,True
17957,BKN,111,Nets,2024-12-26,22400415,MIL,105,Bucks,no,0,2025,0,0,0,0,0,0,14,home,6.5,0.0,True,0.0,-6.0,Post-COVID,0,,NWG = 0,-6.5,0.0,True,True,True
17193,CHA,110,Hornets,2024-12-26,22400412,WAS,113,Wizards,no,0,2025,0,0,0,0,0,0,18,away,4.5,0.0,False,1.0,3.0,Post-COVID,0,,NWG = 0,4.5,1.0,True,True,True
17760,CHI,133,Bulls,2024-12-26,22400413,ATL,141,Hawks,no,0,2025,0,0,0,0,0,0,10,home,4.5,1.0,True,1.0,8.0,Post-COVID,0,,NWG = 0,-4.5,1.0,True,True,True
17832,DET,114,Pistons,2024-12-26,22400418,SAC,113,Kings,no,0,2025,0,0,0,0,0,0,14,home,4.5,0.0,True,0.0,-1.0,Post-COVID,0,,NWG = 0,-4.5,0.0,True,True,True
18846,MIA,89,Heat,2024-12-26,22400411,ORL,88,Magic,no,0,2025,0,0,0,0,0,0,10,away,1.5,0.0,False,1.0,-1.0,Post-COVID,0,,NWG = 0,1.5,1.0,True,True,True
17274,OKC,120,Thunder,2024-12-26,22400410,IND,114,Pacers,NBA TV,0,2025,1,0,0,1,0,0,17,away,5.5,1.0,False,0.0,-6.0,Post-COVID,1,1.0,NWG > 0,5.5,0.0,True,True,True
16934,UTA,120,Jazz,2024-12-26,22400417,POR,122,Trail Blazers,NBA TV,0,2025,0,0,0,0,0,0,10,home,3.5,0.0,True,0.0,2.0,Post-COVID,0,,NWG = 0,-3.5,0.0,True,True,True
18055,MIN,113,Timberwolves,2024-12-27,22400422,HOU,112,Rockets,no,0,2025,1,0,0,1,0,0,20,home,0.5,0.0,True,0.0,-1.0,Post-COVID,1,1.0,NWG > 0,-0.5,0.0,True,True,True
21511,MIL,111,Bucks,2024-12-28,22400430,CHI,116,Bulls,no,0,2025,0,0,0,0,0,0,9,away,1.5,0.0,False,1.0,5.0,Post-COVID,0,,NWG = 0,1.5,1.0,True,True,True
20385,NYK,136,Knicks,2024-12-28,22400429,WAS,132,Wizards,no,0,2025,2,0,0,2,0,0,26,away,13.5,0.0,False,1.0,-4.0,Post-COVID,2,1.0,NWG > 0,13.5,1.0,True,True,True
18175,PHI,114,76ers,2024-12-28,22400433,UTA,111,Jazz,no,0,2025,0,1,0,0,0,1,24,away,7.5,0.0,False,1.0,-3.0,Post-COVID,-1,0.0,NWG < 0,7.5,1.0,True,True,True
18064,PHX,105,Suns,2024-12-28,22400431,GSW,109,Warriors,NBA TV,0,2025,0,1,0,0,1,1,15,home,6.5,0.0,True,0.0,4.0,Post-COVID,-1,0.0,NWG < 0,-6.5,0.0,True,True,True
19397,BKN,101,Nets,2024-12-29,22400436,ORL,102,Magic,no,0,2025,1,0,0,0,1,0,10,home,7.5,0.0,True,0.0,1.0,Post-COVID,1,1.0,NWG > 0,-7.5,0.0,True,True,True
18055,MIA,104,Heat,2024-12-29,22400439,HOU,100,Rockets,no,0,2025,0,0,0,0,0,0,20,home,8.5,0.0,True,0.0,-4.0,Post-COVID,0,,NWG = 0,-8.5,0.0,True,True,True
18978,SAS,110,Spurs,2024-12-29,22400441,MIN,112,Timberwolves,no,0,2025,0,1,0,0,0,1,13,home,6.5,0.0,True,0.0,2.0,Post-COVID,-1,0.0,NWG < 0,-6.5,0.0,True,True,True
19197,CHI,115,Bulls,2024-12-30,22400442,CHA,108,Hornets,no,0,2025,1,0,0,1,0,0,13,away,4.5,1.0,False,0.0,-7.0,Post-COVID,1,1.0,NWG > 0,4.5,0.0,True,True,True
17303,LAC,116,Clippers,2024-12-30,22400444,NOP,113,Pelicans,no,0,2025,0,0,0,0,0,0,14,away,4.5,0.0,False,1.0,-3.0,Post-COVID,0,,NWG = 0,4.5,1.0,True,True,True
17071,MEM,117,Grizzlies,2024-12-31,22400453,PHX,112,Suns,no,0,2025,0,0,0,0,0,0,19,home,5.5,0.0,True,0.0,-5.0,Post-COVID,0,,NWG = 0,-5.5,0.0,True,True,True
17274,MIL,120,Bucks,2024-12-31,22400450,IND,112,Pacers,no,0,2025,0,0,0,0,0,0,9,away,1.5,1.0,False,0.0,-8.0,Post-COVID,0,,NWG = 0,1.5,0.0,True,True,True
18203,MIN,105,Timberwolves,2024-12-31,22400452,OKC,113,Thunder,NBA TV,0,2025,1,0,0,0,1,0,16,home,6.5,1.0,True,1.0,8.0,Post-COVID,1,1.0,NWG > 0,-6.5,1.0,True,True,True
16024,PHI,107,76ers,2025-01-01,22400462,SAC,113,Kings,no,0,2025,1,0,0,1,0,0,16,home,6.5,0.0,True,0.0,6.0,Post-COVID,1,1.0,NWG > 0,-6.5,0.0,True,True,True
17341,BKN,113,Nets,2025-01-02,22400465,MIL,110,Bucks,no,0,2025,0,0,0,0,0,0,19,home,12.5,0.0,True,0.0,-3.0,Post-COVID,0,,NWG = 0,-12.5,0.0,True,True,True
18978,BOS,118,Celtics,2025-01-02,22400464,MIN,115,Timberwolves,TNT/truTV/Max,0,2025,1,0,0,1,0,0,21,away,2.5,1.0,False,0.0,-3.0,Post-COVID,1,1.0,NWG > 0,2.5,0.0,True,True,True
18866,CHA,94,Hornets,2025-01-03,22400469,DET,98,Pistons,no,0,2025,0,0,0,0,0,0,16,home,7.5,0.0,True,0.0,4.0,Post-COVID,0,,NWG = 0,-7.5,0.0,True,True,True
19922,SAS,113,Spurs,2025-01-03,22400475,DEN,110,Nuggets,no,0,2025,0,0,0,0,0,0,11,home,5.5,0.0,True,0.0,-3.0,Post-COVID,0,,NWG = 0,-5.5,0.0,True,True,True
19038,DEN,122,Nuggets,2025-01-04,22400484,SAS,111,Spurs,no,0,2025,0,1,0,0,0,1,18,away,3.5,1.0,False,0.0,-11.0,Post-COVID,-1,0.0,NWG < 0,3.5,0.0,True,True,True
17595,POR,105,Trail Blazers,2025-01-04,22400483,MIL,102,Bucks,no,0,2025,0,1,1,0,0,0,16,home,11.5,0.0,True,0.0,-3.0,Post-COVID,-1,0.0,NWG < 0,-11.5,0.0,True,True,True
18055,LAL,115,Lakers,2025-01-05,22400491,HOU,119,Rockets,no,0,2025,0,0,0,0,0,0,11,home,4.5,0.0,True,0.0,4.0,Post-COVID,0,,NWG = 0,-4.5,0.0,True,True,True
18978,LAC,106,Clippers,2025-01-06,22400500,MIN,108,Timberwolves,no,0,2025,0,0,0,0,0,0,25,home,2.5,0.0,True,0.0,2.0,Post-COVID,0,,NWG = 0,-2.5,0.0,True,True,True
17832,MIA,118,Heat,2025-01-06,22400501,SAC,123,Kings,NBA TV,0,2025,1,2,0,1,0,2,27,home,3.5,1.0,True,1.0,5.0,Post-COVID,-1,0.3333333333333333,NWG < 0,-3.5,1.0,True,True,True
16002,POR,115,Trail Blazers,2025-01-06,22400493,DET,118,Pistons,no,0,2025,0,0,0,0,0,0,18,home,6.5,0.0,True,0.0,3.0,Post-COVID,0,,NWG = 0,-6.5,0.0,True,True,True
18886,SAS,110,Spurs,2025-01-06,22400498,CHI,114,Bulls,no,0,2025,1,0,0,1,0,0,22,away,2.5,0.0,False,1.0,4.0,Post-COVID,1,1.0,NWG > 0,2.5,1.0,True,True,True
18175,ATL,124,Hawks,2025-01-07,22400506,UTA,121,Jazz,no,0,2025,0,0,0,0,0,0,17,away,5.5,0.0,False,1.0,-3.0,Post-COVID,0,,NWG = 0,5.5,1.0,True,True,True
16282,MIN,104,Timberwolves,2025-01-07,22400505,NOP,97,Pelicans,no,0,2025,0,0,0,0,0,0,11,away,3.5,1.0,False,0.0,-7.0,Post-COVID,0,,NWG = 0,3.5,0.0,True,True,True
19432,OKC,122,Thunder,2025-01-08,22400509,CLE,129,Cavaliers,ESPN,0,2025,1,0,0,1,0,0,20,home,2.5,1.0,True,1.0,7.0,Post-COVID,1,1.0,NWG > 0,-2.5,1.0,True,True,True
19762,WAS,103,Wizards,2025-01-08,22400512,PHI,109,76ers,no,0,2025,1,0,0,0,1,0,14,home,10.5,0.0,True,0.0,6.0,Post-COVID,1,1.0,NWG > 0,-10.5,0.0,True,True,True
20062,GSW,107,Warriors,2025-01-09,22400518,DET,104,Pistons,no,0,2025,0,0,0,0,0,0,25,away,2.5,1.0,False,0.0,-3.0,Post-COVID,0,,NWG = 0,2.5,0.0,True,True,True
16298,HOU,119,Rockets,2025-01-09,22400520,MEM,115,Grizzlies,no,0,2025,0,0,0,0,0,0,19,home,2.5,0.0,True,0.0,-4.0,Post-COVID,0,,NWG = 0,-2.5,0.0,True,True,True
18175,MIA,97,Heat,2025-01-09,22400523,UTA,92,Jazz,no,0,2025,0,0,0,0,0,0,13,away,5.5,0.0,False,1.0,-5.0,Post-COVID,0,,NWG = 0,5.5,1.0,True,True,True
19241,POR,111,Trail Blazers,2025-01-09,22400521,DAL,117,Mavericks,no,0,2025,1,0,0,1,0,0,9,home,7.5,0.0,True,0.0,6.0,Post-COVID,1,1.0,NWG > 0,-7.5,0.0,True,True,True
19432,TOR,126,Raptors,2025-01-09,22400517,CLE,132,Cavaliers,no,0,2025,0,0,0,0,0,0,9,home,13.5,0.0,True,0.0,6.0,Post-COVID,0,,NWG = 0,-13.5,0.0,True,True,True
18846,MIL,109,Bucks,2025-01-10,22400526,ORL,106,Magic,no,0,2025,1,0,0,1,0,0,22,away,6.5,0.0,False,1.0,-3.0,Post-COVID,1,1.0,NWG > 0,6.5,1.0,True,True,True
18978,MEM,127,Grizzlies,2025-01-11,22400535,MIN,125,Timberwolves,no,0,2025,1,0,0,1,0,0,26,home,1.5,0.0,True,0.0,-2.0,Post-COVID,1,1.0,NWG > 0,-1.5,0.0,True,True,True
18175,BKN,111,Nets,2025-01-12,22400546,UTA,112,Jazz,no,0,2025,0,2,1,0,0,1,23,home,3.5,0.0,True,0.0,1.0,Post-COVID,-2,0.0,NWG < 0,-3.5,0.0,True,True,True
17071,CHA,113,Hornets,2025-01-12,22400547,PHX,120,Suns,no,0,2025,0,1,0,0,0,1,10,home,6.5,1.0,True,1.0,7.0,Post-COVID,-1,0.0,NWG < 0,-6.5,1.0,True,True,True
19156,NOP,119,Pelicans,2025-01-12,22400542,BOS,120,Celtics,no,0,2025,0,0,0,0,0,0,9,home,14.5,0.0,True,0.0,1.0,Post-COVID,0,,NWG = 0,-14.5,0.0,True,True,True
17723,PHI,99,76ers,2025-01-12,22400544,ORL,104,Magic,no,0,2025,0,0,0,0,0,0,15,home,1.5,1.0,True,1.0,5.0,Post-COVID,0,,NWG = 0,-1.5,1.0,True,True,True
18233,SAC,124,Kings,2025-01-12,22400541,CHI,119,Bulls,no,0,2025,0,1,0,0,0,1,14,away,5.5,0.0,False,1.0,-5.0,Post-COVID,-1,0.0,NWG < 0,5.5,1.0,True,True,True
19812,DET,124,Pistons,2025-01-13,22400549,NYK,119,Knicks,no,0,2025,0,0,0,0,0,0,12,home,7.5,0.0,True,0.0,-5.0,Post-COVID,0,,NWG = 0,-7.5,0.0,True,True,True
19165,GSW,101,Warriors,2025-01-13,22400550,TOR,104,Raptors,no,0,2025,0,0,0,0,0,0,14,away,4.5,0.0,False,1.0,3.0,Post-COVID,0,,NWG = 0,4.5,1.0,True,True,True
18055,MEM,118,Grizzlies,2025-01-13,22400551,HOU,120,Rockets,NBA TV,0,2025,1,0,0,1,0,0,12,home,2.5,0.0,True,0.0,2.0,Post-COVID,1,1.0,NWG > 0,-2.5,0.0,True,True,True
16488,DAL,116,Mavericks,2025-01-15,22400566,NOP,119,Pelicans,no,0,2025,2,1,0,2,0,1,25,home,1.5,1.0,True,1.0,3.0,Post-COVID,1,0.6666666666666666,NWG > 0,-1.5,1.0,True,True,True
18978,GSW,116,Warriors,2025-01-15,22400565,MIN,115,Timberwolves,ESPN,0,2025,0,0,0,0,0,0,15,home,6.5,0.0,True,0.0,-1.0,Post-COVID,0,,NWG = 0,-6.5,0.0,True,True,True
20088,NYK,125,Knicks,2025-01-15,22400561,PHI,119,76ers,ESPN,0,2025,1,0,0,0,1,0,12,away,5.5,1.0,False,0.0,-6.0,Post-COVID,1,1.0,NWG > 0,5.5,0.0,True,True,True
18227,HOU,127,Rockets,2025-01-16,22400576,SAC,132,Kings,TNT/truTV/Max,0,2025,0,0,0,0,0,0,16,home,4.5,1.0,True,1.0,5.0,Post-COVID,0,,NWG = 0,-4.5,1.0,True,True,True
15792,PHX,130,Suns,2025-01-16,22400573,WAS,123,Wizards,no,0,2025,0,0,0,0,0,0,12,away,11.5,0.0,False,1.0,-7.0,Post-COVID,0,,NWG = 0,11.5,1.0,True,True,True
18473,BKN,101,Nets,2025-01-17,22400585,LAL,102,Lakers,no,0,2025,0,0,0,0,0,0,6,home,9.5,0.0,True,0.0,1.0,Post-COVID,0,,NWG = 0,-9.5,0.0,True,True,True
20598,CHA,125,Hornets,2025-01-17,22400584,CHI,123,Bulls,no,0,2025,1,0,0,1,0,1,21,home,4.5,0.0,True,0.0,-2.0,Post-COVID,1,1.0,NWG > 0,-4.5,0.0,True,True,True
19156,ATL,119,Hawks,2025-01-18,22400587,BOS,115,Celtics,no,0,2025,1,0,0,1,0,0,28,home,9.5,0.0,True,0.0,-4.0,Post-COVID,1,1.0,NWG > 0,-9.5,0.0,True,True,True
20062,PHX,125,Suns,2025-01-18,22400586,DET,121,Pistons,no,0,2025,0,0,0,0,0,0,28,home,0.5,0.0,True,0.0,-4.0,Post-COVID,0,,NWG = 0,-0.5,0.0,True,True,True
19314,DAL,105,Mavericks,2025-01-20,22400599,CHA,110,Hornets,NBA TV,0,2025,0,0,0,0,0,0,13,away,3.5,0.0,False,1.0,5.0,Post-COVID,0,,NWG = 0,3.5,1.0,True,True,True
17794,MIN,106,Timberwolves,2025-01-20,22400601,MEM,108,Grizzlies,TNT/truTV/Max,0,2025,1,2,0,0,1,2,15,home,5.5,0.0,True,0.0,2.0,Post-COVID,-1,0.3333333333333333,NWG < 0,-5.5,0.0,True,True,True
14830,UTA,119,Jazz,2025-01-20,22400605,NOP,123,Pelicans,no,0,2025,1,0,0,1,0,0,38,home,10.5,0.0,True,0.0,4.0,Post-COVID,1,1.0,NWG > 0,-10.5,0.0,True,True,True
17926,NYK,99,Knicks,2025-01-21,22400606,BKN,95,Nets,TNT/truTV/Max,0,2025,1,1,0,1,0,1,15,away,11.5,0.0,False,1.0,-4.0,Post-COVID,0,0.5,NWG = 0,11.5,1.0,True,True,True
15342,BOS,117,Celtics,2025-01-22,22400620,LAC,113,Clippers,no,0,2025,0,1,0,0,0,1,14,away,11.5,0.0,False,1.0,-4.0,Post-COVID,-1,0.0,NWG < 0,11.5,1.0,True,True,True
16719,CLE,108,Cavaliers,2025-01-22,22400615,HOU,109,Rockets,no,0,2025,1,0,0,1,0,0,13,home,0.5,1.0,True,1.0,1.0,Post-COVID,1,1.0,NWG > 0,-0.5,1.0,True,True,True
17832,GSW,117,Warriors,2025-01-22,22400619,SAC,123,Kings,ESPN,0,2025,0,0,0,0,0,0,12,home,7.5,0.0,True,0.0,6.0,Post-COVID,0,,NWG = 0,-7.5,0.0,True,True,True
20025,MIN,115,Timberwolves,2025-01-22,22400614,DAL,114,Mavericks,ESPN,0,2025,0,0,0,0,0,0,11,away,3.5,0.0,False,1.0,-1.0,Post-COVID,0,,NWG = 0,3.5,1.0,True,True,True
14662,TOR,122,Raptors,2025-01-23,22400623,ATL,119,Hawks,no,0,2025,1,0,0,1,0,0,24,home,5.5,0.0,True,0.0,-3.0,Post-COVID,1,1.0,NWG > 0,-5.5,0.0,True,True,True
19760,CLE,129,Cavaliers,2025-01-24,22400631,PHI,132,76ers,no,0,2025,1,0,0,1,0,0,18,away,9.5,0.0,False,1.0,3.0,Post-COVID,1,1.0,NWG > 0,9.5,1.0,True,True,True
19432,HOU,135,Rockets,2025-01-25,22400640,CLE,131,Cavaliers,no,0,2025,0,0,0,0,0,0,21,home,4.5,0.0,True,0.0,-4.0,Post-COVID,0,,NWG = 0,-4.5,0.0,True,True,True
19661,DEN,121,Nuggets,2025-01-27,22400655,CHI,129,Bulls,no,0,2025,1,0,0,1,0,0,10,away,9.5,0.0,False,1.0,8.0,Post-COVID,1,1.0,NWG > 0,9.5,1.0,True,True,True
19156,HOU,114,Rockets,2025-01-27,22400650,BOS,112,Celtics,no,0,2025,1,0,0,0,1,0,12,home,5.5,0.0,True,0.0,-2.0,Post-COVID,1,1.0,NWG > 0,-5.5,0.0,True,True,True
17071,LAC,109,Clippers,2025-01-27,22400659,PHX,111,Suns,NBA TV,0,2025,1,0,0,1,0,0,18,home,1.5,1.0,True,1.0,2.0,Post-COVID,1,1.0,NWG > 0,-1.5,1.0,True,True,True
19483,LAL,112,Lakers,2025-01-27,22400648,CHA,107,Hornets,no,0,2025,2,0,0,1,1,0,16,away,4.5,1.0,False,0.0,-5.0,Post-COVID,2,1.0,NWG > 0,4.5,0.0,True,True,True
19600,ORL,119,Magic,2025-01-27,22400652,MIA,125,Heat,no,0,2025,0,0,0,0,0,0,41,away,1.5,0.0,False,1.0,6.0,Post-COVID,0,,NWG = 0,1.5,1.0,True,True,True
15553,HOU,100,Rockets,2025-01-28,22400532,ATL,96,Hawks,no,0,2025,0,1,1,0,0,0,19,away,5.5,0.0,False,1.0,-4.0,Post-COVID,-1,0.0,NWG < 0,5.5,1.0,True,True,True
15656,DAL,137,Mavericks,2025-01-29,22400670,NOP,136,Pelicans,no,0,2025,1,0,0,0,1,0,16,away,1.5,0.0,False,1.0,-1.0,Post-COVID,1,1.0,NWG > 0,1.5,1.0,True,True,True
18064,OKC,109,Thunder,2025-01-29,22400673,GSW,116,Warriors,ESPN,0,2025,0,0,0,0,0,0,10,away,9.5,0.0,False,1.0,7.0,Post-COVID,0,,NWG = 0,9.5,1.0,True,True,True
16257,HOU,119,Rockets,2025-01-30,22400676,MEM,120,Grizzlies,TNT/truTV/Max,0,2025,0,0,0,0,0,0,13,home,4.5,0.0,True,0.0,1.0,Post-COVID,0,,NWG = 0,-4.5,0.0,True,True,True
16432,BOS,118,Celtics,2025-01-31,22400683,NOP,116,Pelicans,no,0,2025,2,0,0,1,1,0,20,away,11.5,0.0,False,1.0,-2.0,Post-COVID,2,1.0,NWG > 0,11.5,1.0,True,True,True
19764,DEN,137,Nuggets,2025-01-31,22400681,PHI,134,76ers,ESPN,0,2025,0,1,0,0,0,1,12,away,9.5,0.0,False,1.0,-3.0,Post-COVID,-1,0.0,NWG < 0,9.5,1.0,True,True,True
17274,ATL,127,Hawks,2025-02-01,22400686,IND,132,Pacers,no,0,2025,0,1,0,0,0,1,10,home,9.5,0.0,True,0.0,5.0,Post-COVID,-1,0.0,NWG < 0,-9.5,0.0,True,True,True
19106,DEN,107,Nuggets,2025-02-01,22400688,CHA,104,Hornets,no,0,2025,1,0,0,1,0,0,14,away,12.5,0.0,False,1.0,-3.0,Post-COVID,1,1.0,NWG > 0,12.5,1.0,True,True,True
18354,MIA,105,Heat,2025-02-01,22400693,SAS,103,Spurs,no,0,2025,0,0,0,0,0,0,11,away,2.5,0.0,False,1.0,-2.0,Post-COVID,0,,NWG = 0,2.5,1.0,True,True,True
18978,WAS,105,Wizards,2025-02-01,22400690,MIN,103,Timberwolves,no,0,2025,2,0,0,2,0,0,22,home,11.5,0.0,True,0.0,-2.0,Post-COVID,2,1.0,NWG > 0,-11.5,0.0,True,True,True
19766,BOS,118,Celtics,2025-02-02,22400698,PHI,110,76ers,ESPN,0,2025,0,0,0,0,0,0,12,away,12.5,0.0,False,1.0,-8.0,Post-COVID,0,,NWG = 0,12.5,1.0,True,True,True
15988,ATL,132,Hawks,2025-02-03,22400701,DET,130,Pistons,no,0,2025,0,0,0,0,0,0,14,home,4.5,0.0,True,0.0,-2.0,Post-COVID,0,,NWG = 0,-4.5,0.0,True,True,True
19812,HOU,118,Rockets,2025-02-03,22400702,NYK,124,Knicks,NBA TV,0,2025,0,1,0,0,0,1,16,home,7.5,0.0,True,0.0,6.0,Post-COVID,-1,0.0,NWG < 0,-7.5,0.0,True,True,True
18175,IND,112,Pacers,2025-02-03,22400707,UTA,111,Jazz,no,0,2025,2,0,0,1,1,0,23,away,6.5,0.0,False,1.0,-1.0,Post-COVID,2,1.0,NWG > 0,6.5,1.0,True,True,True
18064,ORL,99,Magic,2025-02-03,22400708,GSW,104,Warriors,NBA TV,0,2025,1,1,1,1,0,0,12,home,3.5,1.0,True,1.0,5.0,Post-COVID,0,0.5,NWG = 0,-3.5,1.0,True,True,True
16205,PHX,119,Suns,2025-02-03,22400709,POR,121,Trail Blazers,no,0,2025,0,1,0,0,0,1,34,away,4.5,0.0,False,1.0,2.0,Post-COVID,-1,0.0,NWG < 0,4.5,1.0,True,True,True
18978,SAC,116,Kings,2025-02-03,22400704,MIN,114,Timberwolves,no,0,2025,0,0,0,0,0,0,11,home,4.5,0.0,True,0.0,-2.0,Post-COVID,0,,NWG = 0,-4.5,0.0,True,True,True
19756,DAL,116,Mavericks,2025-02-04,22400712,PHI,118,76ers,no,0,2025,0,2,0,0,0,2,25,home,3.5,0.0,True,0.0,2.0,Post-COVID,-2,0.0,NWG < 0,-3.5,0.0,True,True,True
16564,HOU,97,Rockets,2025-02-04,22400711,BKN,99,Nets,no,0,2025,0,0,0,0,0,0,19,away,8.5,0.0,False,1.0,2.0,Post-COVID,0,,NWG = 0,8.5,1.0,True,True,True
19389,MIA,124,Heat,2025-02-04,22400714,CHI,133,Bulls,no,0,2025,0,0,0,0,0,0,13,away,3.5,0.0,False,1.0,9.0,Post-COVID,0,,NWG = 0,3.5,1.0,True,True,True
17398,NYK,121,Knicks,2025-02-04,22400713,TOR,115,Raptors,no,0,2025,1,0,0,1,0,0,8,away,5.5,1.0,False,0.0,-6.0,Post-COVID,1,1.0,NWG > 0,5.5,0.0,True,True,True
18734,CLE,118,Cavaliers,2025-02-05,22400718,DET,115,Pistons,no,0,2025,0,2,0,0,0,2,14,away,3.5,0.0,False,1.0,-3.0,Post-COVID,-2,0.0,NWG < 0,3.5,1.0,True,True,True
18175,GSW,128,Warriors,2025-02-05,22400725,UTA,131,Jazz,no,0,2025,0,0,0,0,0,0,18,away,6.5,0.0,False,1.0,3.0,Post-COVID,0,,NWG = 0,6.5,1.0,True,True,True
19770,MIA,108,Heat,2025-02-05,22400721,PHI,101,76ers,no,0,2025,0,0,0,0,0,0,12,home,1.5,0.0,True,0.0,-7.0,Post-COVID,0,,NWG = 0,-1.5,0.0,True,True,True
17191,SAS,126,Spurs,2025-02-05,22400719,ATL,125,Hawks,ESPN,0,2025,0,0,0,0,0,0,18,away,4.5,0.0,False,1.0,-1.0,Post-COVID,0,,NWG = 0,4.5,1.0,True,True,True
13458,IND,119,Pacers,2025-02-06,22400733,LAC,112,Clippers,no,0,2025,0,0,0,0,0,0,19,home,5.5,0.0,True,0.0,-7.0,Post-COVID,0,,NWG = 0,-5.5,0.0,True,True,True
19290,SAS,116,Spurs,2025-02-07,22400734,CHA,117,Hornets,no,0,2025,0,1,0,0,0,1,13,away,9.5,0.0,False,1.0,1.0,Post-COVID,-1,0.0,NWG < 0,9.5,1.0,True,True,True
17071,UTA,127,Jazz,2025-02-07,22400740,PHX,135,Suns,no,0,2025,0,0,0,0,0,0,20,home,7.5,1.0,True,1.0,8.0,Post-COVID,0,,NWG = 0,-7.5,1.0,True,True,True
17832,NOP,118,Pelicans,2025-02-08,22400750,SAC,123,Kings,no,0,2025,0,0,0,0,0,0,13,home,8.5,0.0,True,0.0,5.0,Post-COVID,0,,NWG = 0,-8.5,0.0,True,True,True
19354,SAS,111,Spurs,2025-02-08,22400743,ORL,112,Magic,no,0,2025,0,0,0,0,0,0,16,home,2.5,0.0,True,0.0,1.0,Post-COVID,0,,NWG = 0,-2.5,0.0,True,True,True
18055,ATL,112,Hawks,2025-02-10,22400756,ORL,106,Magic,no,0,2025,0,0,0,0,0,0,19,home,6.5,0.0,True,0.0,-6.0,Post-COVID,0,,NWG = 0,-6.5,0.0,True,True,True
19726,SAC,129,Kings,2025-02-10,22400762,DAL,128,Mavericks,no,0,2025,1,2,0,1,0,2,40,away,1.5,0.0,False,1.0,-1.0,Post-COVID,-1,0.3333333333333333,NWG < 0,1.5,1.0,True,True,True
19767,TOR,106,Raptors,2025-02-11,22400764,PHI,103,76ers,no,0,2025,0,0,0,0,0,0,11,home,10.5,0.0,True,0.0,-3.0,Post-COVID,0,,NWG = 0,-10.5,0.0,True,True,True
19812,ATL,148,Hawks,2025-02-12,22400773,NYK,149,Knicks,no,0,2025,0,0,0,0,0,0,29,home,8.5,0.0,True,0.0,1.0,Post-COVID,0,,NWG = 0,-8.5,0.0,True,True,True
20311,GSW,107,Warriors,2025-02-12,22400782,DAL,111,Mavericks,ESPN,0,2025,0,0,0,0,0,0,13,away,7.5,0.0,False,1.0,4.0,Post-COVID,0,,NWG = 0,7.5,1.0,True,True,True
11457,IND,134,Pacers,2025-02-12,22400771,WAS,130,Wizards,no,0,2025,0,0,0,0,0,0,18,away,9.5,0.0,False,1.0,-4.0,Post-COVID,0,,NWG = 0,9.5,1.0,True,True,True
18978,MIL,103,Bucks,2025-02-12,22400776,MIN,101,Timberwolves,no,0,2025,1,0,0,1,0,0,12,home,9.5,0.0,True,0.0,-2.0,Post-COVID,1,1.0,NWG > 0,-9.5,0.0,True,True,True
18175,LAC,120,Clippers,2025-02-13,22401004,UTA,116,Jazz,no,0,2025,0,0,0,0,0,0,20,away,9.5,0.0,False,1.0,-4.0,Post-COVID,0,,NWG = 0,9.5,1.0,True,True,True
19935,MIA,113,Heat,2025-02-13,22400786,DAL,118,Mavericks,no,0,2025,0,0,0,0,0,0,14,away,2.5,0.0,False,1.0,5.0,Post-COVID,0,,NWG = 0,2.5,1.0,True,True,True
16686,SAC,133,Kings,2025-02-13,22400785,NOP,140,Pelicans,no,0,2025,0,0,0,0,0,0,26,away,7.5,0.0,False,1.0,7.0,Post-COVID,0,,NWG = 0,7.5,1.0,True,True,True
18997,CHA,100,Hornets,2025-02-19,22400524,LAL,97,Lakers,no,0,2025,0,0,0,0,0,0,14,home,13.5,0.0,True,0.0,-3.0,Post-COVID,0,,NWG = 0,-13.5,0.0,True,True,True
19812,CHI,111,Bulls,2025-02-20,22400792,NYK,113,Knicks,no,0,2025,1,0,0,1,0,0,19,home,10.5,0.0,True,0.0,2.0,Post-COVID,1,1.0,NWG > 0,-10.5,0.0,True,True,True
17341,LAC,110,Clippers,2025-02-20,22400793,MIL,116,Bucks,no,0,2025,0,0,0,0,0,0,17,away,1.5,0.0,False,1.0,6.0,Post-COVID,0,,NWG = 0,1.5,1.0,True,True,True
18945,MEM,105,Grizzlies,2025-02-21,22400798,ORL,104,Magic,no,0,2025,1,0,0,1,0,0,14,away,1.5,0.0,False,1.0,-1.0,Post-COVID,1,1.0,NWG > 0,1.5,1.0,True,True,True
19584,MIA,120,Heat,2025-02-21,22400800,TOR,111,Raptors,no,0,2025,0,0,0,0,0,0,10,away,3.5,1.0,False,0.0,-9.0,Post-COVID,0,,NWG = 0,3.5,0.0,True,True,True
18865,MIL,104,Bucks,2025-02-21,22400799,WAS,101,Wizards,no,0,2025,0,1,0,0,0,1,13,away,5.5,0.0,False,1.0,-3.0,Post-COVID,-1,0.0,NWG < 0,5.5,1.0,True,True,True
18055,MIN,115,Timberwolves,2025-02-21,22400801,HOU,121,Rockets,ESPN,0,2025,0,0,0,0,0,0,21,home,4.5,1.0,True,1.0,6.0,Post-COVID,0,,NWG = 0,-4.5,1.0,True,True,True
20431,BKN,105,Nets,2025-02-22,22400807,PHI,103,76ers,no,0,2025,0,3,0,0,0,3,10,home,11.5,0.0,True,0.0,-2.0,Post-COVID,-3,0.0,NWG < 0,-11.5,0.0,True,True,True
21116,PHX,121,Suns,2025-02-22,22400806,CHI,117,Bulls,no,0,2025,0,0,0,0,0,0,15,away,5.5,0.0,False,1.0,-4.0,Post-COVID,0,,NWG = 0,5.5,1.0,True,True,True
17051,DET,148,Pistons,2025-02-23,22400814,ATL,143,Hawks,no,0,2025,1,1,1,0,1,0,18,away,1.5,1.0,False,0.0,-5.0,Post-COVID,0,0.5,NWG = 0,1.5,0.0,True,True,True
19432,MEM,123,Grizzlies,2025-02-23,22400819,CLE,129,Cavaliers,ESPN,0,2025,0,2,1,0,0,1,18,home,5.5,1.0,True,1.0,6.0,Post-COVID,-2,0.0,NWG < 0,-5.5,1.0,True,True,True
18203,MIN,131,Timberwolves,2025-02-24,22400826,OKC,128,Thunder,NBA TV,0,2025,0,0,0,0,0,0,28,home,12.5,0.0,True,0.0,-3.0,Post-COVID,0,,NWG = 0,-12.5,0.0,True,True,True
18175,POR,114,Trail Blazers,2025-02-24,22400827,UTA,112,Jazz,no,0,2025,0,0,0,0,0,0,21,away,7.5,0.0,False,1.0,-2.0,Post-COVID,0,,NWG = 0,7.5,1.0,True,True,True
18055,MIL,97,Bucks,2025-02-25,22400831,HOU,100,Rockets,no,0,2025,0,0,0,0,0,0,20,home,2.5,1.0,True,1.0,3.0,Post-COVID,0,,NWG = 0,-2.5,1.0,True,True,True
16202,PHX,148,Suns,2025-02-25,22400832,MEM,151,Grizzlies,no,0,2025,0,1,0,0,0,1,29,home,6.5,0.0,True,0.0,3.0,Post-COVID,-1,0.0,NWG < 0,-6.5,0.0,True,True,True
20356,LAC,122,Clippers,2025-02-26,22400842,CHI,117,Bulls,no,0,2025,0,0,0,0,0,0,13,away,9.5,0.0,False,1.0,-5.0,Post-COVID,0,,NWG = 0,9.5,1.0,True,True,True
19812,PHI,105,76ers,2025-02-26,22400838,NYK,110,Knicks,ESPN,0,2025,1,0,0,1,0,0,9,home,8.5,0.0,True,0.0,5.0,Post-COVID,1,1.0,NWG > 0,-8.5,0.0,True,True,True
20009,CHA,96,Hornets,2025-02-27,22400847,DAL,103,Mavericks,no,0,2025,0,0,0,0,0,0,15,home,10.5,0.0,True,0.0,7.0,Post-COVID,0,,NWG = 0,-10.5,0.0,True,True,True
18846,GSW,121,Warriors,2025-02-27,22400845,ORL,115,Magic,no,0,2025,0,0,0,0,0,0,14,away,4.5,1.0,False,0.0,-6.0,Post-COVID,0,,NWG = 0,4.5,0.0,True,True,True
19156,CLE,123,Cavaliers,2025-02-28,22400852,BOS,116,Celtics,ESPN,0,2025,0,0,0,0,0,0,19,home,0.5,0.0,True,0.0,-7.0,Post-COVID,0,,NWG = 0,-0.5,0.0,True,True,True
19850,IND,120,Pacers,2025-02-28,22400854,MIA,125,Heat,no,0,2025,1,1,0,1,0,1,12,away,2.5,0.0,False,1.0,5.0,Post-COVID,0,0.5,NWG = 0,2.5,1.0,True,True,True
18175,MIN,116,Timberwolves,2025-02-28,22400858,UTA,117,Jazz,no,0,2025,1,0,0,1,0,0,11,away,3.5,0.0,False,1.0,1.0,Post-COVID,1,1.0,NWG > 0,3.5,1.0,True,True,True
17794,NYK,114,Knicks,2025-02-28,22400856,MEM,113,Grizzlies,no,0,2025,0,0,0,0,0,0,20,home,2.5,0.0,True,0.0,-1.0,Post-COVID,0,,NWG = 0,-2.5,0.0,True,True,True
20938,TOR,115,Raptors,2025-02-28,22400855,CHI,125,Bulls,no,0,2025,0,0,0,0,0,0,19,home,1.5,1.0,True,1.0,10.0,Post-COVID,0,,NWG = 0,-1.5,1.0,True,True,True
20159,GSW,119,Warriors,2025-03-01,22400864,PHI,126,76ers,ABC/ESPN+,0,2025,1,1,0,0,1,1,15,away,6.5,0.0,False,1.0,7.0,Post-COVID,0,0.5,NWG = 0,6.5,1.0,True,True,True
16822,SAS,130,Spurs,2025-03-01,22400863,MEM,128,Grizzlies,no,0,2025,1,0,0,1,0,0,19,home,5.5,0.0,True,0.0,-2.0,Post-COVID,1,1.0,NWG > 0,-5.5,0.0,True,True,True
19156,DEN,103,Nuggets,2025-03-02,22400866,BOS,110,Celtics,ABC/ESPN+,0,2025,0,0,0,0,0,0,7,home,5.5,1.0,True,1.0,7.0,Post-COVID,0,,NWG = 0,-5.5,1.0,True,True,True
18175,NOP,128,Pelicans,2025-03-02,22400872,UTA,121,Jazz,no,0,2025,0,0,0,0,0,0,11,away,7.5,0.0,False,1.0,-7.0,Post-COVID,0,,NWG = 0,7.5,1.0,True,True,True
19725,NYK,116,Knicks,2025-03-02,22400869,MIA,112,Heat,no,0,2025,0,0,0,0,0,0,12,away,6.5,0.0,False,1.0,-4.0,Post-COVID,0,,NWG = 0,6.5,1.0,True,True,True
19432,POR,129,Trail Blazers,2025-03-02,22400867,CLE,133,Cavaliers,NBA TV,0,2025,0,2,2,0,0,0,30,home,10.5,0.0,True,0.0,4.0,Post-COVID,-2,0.0,NWG < 0,-10.5,0.0,True,True,True
19015,TOR,104,Raptors,2025-03-02,22400870,ORL,102,Magic,no,0,2025,1,0,0,0,1,0,19,home,6.5,0.0,True,0.0,-2.0,Post-COVID,1,1.0,NWG > 0,-6.5,0.0,True,True,True
15719,ATL,132,Hawks,2025-03-03,22400878,MEM,130,Grizzlies,no,0,2025,0,0,0,0,0,0,11,home,7.5,0.0,True,0.0,-2.0,Post-COVID,0,,NWG = 0,-7.5,0.0,True,True,True
17071,LAC,117,Clippers,2025-03-04,22400889,PHX,119,Suns,TNT/truTV/Max,0,2025,0,0,0,0,0,0,18,away,2.5,0.0,False,1.0,2.0,Post-COVID,0,,NWG = 0,2.5,1.0,True,True,True
16008,MIL,127,Bucks,2025-03-04,22400884,ATL,121,Hawks,no,0,2025,1,0,0,0,1,0,11,away,5.5,1.0,False,0.0,-6.0,Post-COVID,1,1.0,NWG > 0,5.5,0.0,True,True,True
17406,TOR,114,Raptors,2025-03-04,22400883,ORL,113,Magic,no,0,2025,0,2,0,0,0,2,14,home,6.5,0.0,True,0.0,-1.0,Post-COVID,-2,0.0,NWG < 0,-6.5,0.0,True,True,True
19432,MIA,107,Heat,2025-03-05,22400893,CLE,112,Cavaliers,ESPN,0,2025,0,0,0,0,0,0,12,home,13.5,0.0,True,0.0,5.0,Post-COVID,0,,NWG = 0,-13.5,0.0,True,True,True
19618,SAC,110,Kings,2025-03-05,22400896,DEN,116,Nuggets,no,0,2025,0,0,0,0,0,0,10,home,8.5,0.0,True,0.0,6.0,Post-COVID,0,,NWG = 0,-8.5,0.0,True,True,True
14761,UTA,122,Jazz,2025-03-05,22400894,WAS,125,Wizards,no,0,2025,2,0,0,2,0,0,20,home,5.5,0.0,True,0.0,3.0,Post-COVID,2,1.0,NWG > 0,-5.5,0.0,True,True,True
17717,CHI,125,Bulls,2025-03-06,22400944,ORL,123,Magic,no,0,2025,1,0,0,1,0,0,11,home,8.5,0.0,True,0.0,-2.0,Post-COVID,1,1.0,NWG > 0,-8.5,0.0,True,True,True
18413,GSW,121,Warriors,2025-03-06,22400901,BKN,119,Nets,no,0,2025,1,1,1,0,1,0,20,away,11.5,0.0,False,1.0,-2.0,Post-COVID,0,0.5,NWG = 0,11.5,1.0,True,True,True
18997,NYK,109,Knicks,2025-03-06,22400903,LAL,113,Lakers,TNT/truTV/Max,0,2025,1,0,0,1,0,1,25,home,2.5,1.0,True,1.0,4.0,Post-COVID,1,1.0,NWG > 0,-2.5,1.0,True,True,True
19296,CLE,118,Cavaliers,2025-03-07,22400904,CHA,117,Hornets,no,0,2025,0,1,1,0,0,0,16,away,16.5,0.0,False,1.0,-1.0,Post-COVID,-1,0.0,NWG < 0,16.5,1.0,True,True,True
19700,MIN,106,Timberwolves,2025-03-07,22400907,MIA,104,Heat,no,0,2025,2,0,0,1,1,0,29,away,3.5,0.0,False,1.0,-2.0,Post-COVID,2,1.0,NWG > 0,3.5,1.0,True,True,True
19808,PHX,141,Suns,2025-03-07,22400909,DEN,149,Nuggets,ESPN,0,2025,1,0,0,1,0,0,18,home,8.5,0.0,True,0.0,8.0,Post-COVID,1,1.0,NWG > 0,-8.5,0.0,True,True,True
18652,BKN,102,Nets,2025-03-08,22400912,CHA,105,Hornets,no,0,2025,0,1,0,0,0,1,17,away,5.5,0.0,False,1.0,3.0,Post-COVID,-1,0.0,NWG < 0,5.5,1.0,True,True,True
19700,CHI,114,Bulls,2025-03-08,22400916,MIA,109,Heat,no,0,2025,1,0,0,1,0,0,12,home,5.5,0.0,True,0.0,-5.0,Post-COVID,1,1.0,NWG > 0,-5.5,0.0,True,True,True
18064,DET,110,Pistons,2025-03-08,22400919,GSW,115,Warriors,no,0,2025,1,0,0,1,0,0,13,home,5.5,0.0,True,0.0,5.0,Post-COVID,1,1.0,NWG > 0,-5.5,0.0,True,True,True
17057,IND,118,Pacers,2025-03-08,22400914,ATL,120,Hawks,no,0,2025,0,0,0,0,0,0,13,away,1.5,0.0,False,1.0,2.0,Post-COVID,0,,NWG = 0,1.5,1.0,True,True,True
17815,ORL,111,Magic,2025-03-08,22400917,MIL,109,Bucks,no,0,2025,1,1,0,1,0,1,12,home,6.5,0.0,True,0.0,-2.0,Post-COVID,0,0.5,NWG = 0,-6.5,0.0,True,True,True
19042,WAS,118,Wizards,2025-03-08,22400915,TOR,117,Raptors,no,0,2025,0,0,0,0,0,0,18,home,4.5,0.0,True,0.0,-1.0,Post-COVID,0,,NWG = 0,-4.5,0.0,True,True,True
19661,DET,119,Pistons,2025-03-09,22400926,POR,112,Trail Blazers,no,0,2025,0,0,0,0,0,0,11,away,3.5,1.0,False,0.0,-7.0,Post-COVID,0,,NWG = 0,3.5,0.0,True,True,True
17435,MEM,107,Grizzlies,2025-03-09,22400923,NOP,104,Pelicans,no,0,2025,0,0,0,0,0,0,20,away,9.5,0.0,False,1.0,-3.0,Post-COVID,0,,NWG = 0,9.5,1.0,True,True,True
17927,SAC,110,Kings,2025-03-09,22400927,LAC,111,Clippers,no,0,2025,0,0,0,0,0,0,24,home,5.5,0.0,True,0.0,1.0,Post-COVID,0,,NWG = 0,-5.5,0.0,True,True,True
19757,UTA,122,Jazz,2025-03-09,22400924,PHI,126,76ers,no,0,2025,1,0,0,1,0,0,21,home,6.5,0.0,True,0.0,4.0,Post-COVID,1,1.0,NWG > 0,-6.5,0.0,True,True,True
19600,CHA,105,Hornets,2025-03-10,22400931,MIA,102,Heat,no,0,2025,0,1,0,0,0,1,20,home,9.5,0.0,True,0.0,-3.0,Post-COVID,-1,0.0,NWG < 0,-9.5,0.0,True,True,True
17735,DAL,133,Mavericks,2025-03-10,22400937,SAS,129,Spurs,no,0,2025,0,0,0,0,0,0,17,home,6.5,0.0,True,0.0,-4.0,Post-COVID,0,,NWG = 0,-6.5,0.0,True,True,True
18215,LAL,108,Lakers,2025-03-10,22400930,BKN,111,Nets,no,0,2025,0,1,0,0,0,1,19,away,5.5,0.0,False,1.0,3.0,Post-COVID,-1,0.0,NWG < 0,5.5,1.0,True,True,True
16545,PHX,118,Suns,2025-03-10,22400935,MEM,120,Grizzlies,no,0,2025,0,0,0,0,0,0,11,home,2.5,0.0,True,0.0,2.0,Post-COVID,0,,NWG = 0,-2.5,0.0,True,True,True
19156,UTA,108,Jazz,2025-03-10,22400929,BOS,114,Celtics,no,0,2025,0,0,0,0,0,0,10,home,15.5,0.0,True,0.0,6.0,Post-COVID,0,,NWG = 0,-15.5,0.0,True,True,True
19432,BKN,104,Nets,2025-03-11,22400940,CLE,109,Cavaliers,no,0,2025,0,0,0,0,0,0,17,home,14.5,0.0,True,0.0,5.0,Post-COVID,0,,NWG = 0,-14.5,0.0,True,True,True
17363,LAC,120,Clippers,2025-03-11,22400943,NOP,127,Pelicans,no,0,2025,0,0,0,0,0,0,19,away,7.5,0.0,False,1.0,7.0,Post-COVID,0,,NWG = 0,7.5,1.0,True,True,True
15008,MIL,114,Bucks,2025-03-11,22400942,IND,115,Pacers,TNT/truTV/Max,0,2025,0,1,1,0,0,0,16,home,1.5,0.0,True,0.0,1.0,Post-COVID,-1,0.0,NWG < 0,-1.5,0.0,True,True,True
17510,NYK,114,Knicks,2025-03-12,22400953,POR,113,Trail Blazers,no,0,2025,1,0,0,0,1,0,27,away,3.5,0.0,False,1.0,-1.0,Post-COVID,1,1.0,NWG > 0,3.5,1.0,True,True,True
16232,UTA,115,Jazz,2025-03-12,22400950,MEM,122,Grizzlies,no,0,2025,0,1,0,0,0,1,7,home,10.5,0.0,True,0.0,7.0,Post-COVID,-1,0.0,NWG < 0,-10.5,0.0,True,True,True
20062,WAS,129,Wizards,2025-03-13,22400954,DET,125,Pistons,no,0,2025,0,0,0,0,0,0,18,home,13.5,0.0,True,0.0,-4.0,Post-COVID,0,,NWG = 0,-13.5,0.0,True,True,True
19946,LAL,126,Lakers,2025-03-14,22400965,DEN,131,Nuggets,NBA TV,0,2025,0,0,0,0,0,0,15,home,15.5,0.0,True,0.0,5.0,Post-COVID,0,,NWG = 0,-15.5,0.0,True,True,True
18016,BOS,115,Celtics,2025-03-15,22400968,BKN,113,Nets,no,0,2025,1,1,0,1,0,1,14,away,11.5,0.0,False,1.0,-2.0,Post-COVID,0,0.5,NWG = 0,11.5,1.0,True,True,True
18055,CHI,114,Bulls,2025-03-15,22400970,HOU,117,Rockets,no,0,2025,0,0,0,0,0,0,16,home,8.5,0.0,True,0.0,3.0,Post-COVID,0,,NWG = 0,-8.5,0.0,True,True,True
17729,IND,119,Pacers,2025-03-15,22400972,MIL,126,Bucks,no,0,2025,1,0,0,1,0,0,18,home,3.5,1.0,True,1.0,7.0,Post-COVID,1,1.0,NWG > 0,-3.5,1.0,True,True,True
18549,NOP,115,Pelicans,2025-03-15,22400973,SAS,119,Spurs,no,0,2025,1,0,0,1,0,0,21,home,0.5,1.0,True,1.0,4.0,Post-COVID,1,1.0,NWG > 0,-0.5,1.0,True,True,True
18064,NYK,94,Knicks,2025-03-15,22400974,GSW,97,Warriors,ABC/ESPN+,0,2025,0,0,0,0,0,0,20,home,6.5,0.0,True,0.0,3.0,Post-COVID,0,,NWG = 0,-6.5,0.0,True,True,True
19833,WAS,126,Wizards,2025-03-15,22400975,DEN,123,Nuggets,no,0,2025,0,1,0,0,0,1,18,home,12.5,0.0,True,0.0,-3.0,Post-COVID,-1,0.0,NWG < 0,-12.5,0.0,True,True,True
19432,ORL,108,Magic,2025-03-16,22400979,CLE,103,Cavaliers,ABC/ESPN+,0,2025,0,1,0,0,0,1,21,home,10.5,0.0,True,0.0,-5.0,Post-COVID,-1,0.0,NWG < 0,-10.5,0.0,True,True,True
19825,PHI,130,76ers,2025-03-16,22400976,DAL,125,Mavericks,no,0,2025,0,0,0,0,0,0,11,home,6.5,0.0,True,0.0,-5.0,Post-COVID,0,,NWG = 0,-6.5,0.0,True,True,True
18154,TOR,102,Raptors,2025-03-16,22400980,POR,105,Trail Blazers,no,0,2025,1,1,0,1,0,1,13,home,7.5,0.0,True,0.0,3.0,Post-COVID,0,0.5,NWG = 0,-7.5,0.0,True,True,True
17955,IND,132,Pacers,2025-03-17,22400986,MIN,130,Timberwolves,no,0,2025,0,1,1,0,0,0,18,home,10.5,0.0,True,0.0,-2.0,Post-COVID,-1,0.0,NWG < 0,-10.5,0.0,True,True,True
16648,PHI,137,76ers,2025-03-17,22400985,HOU,144,Rockets,no,0,2025,0,2,2,0,0,0,24,home,16.5,0.0,True,0.0,7.0,Post-COVID,-2,0.0,NWG < 0,-16.5,0.0,True,True,True
15919,CLE,119,Cavaliers,2025-03-19,22401009,SAC,123,Kings,no,0,2025,0,0,0,0,0,0,9,away,6.5,0.0,False,1.0,4.0,Post-COVID,0,,NWG = 0,6.5,1.0,True,True,True
15078,DAL,131,Mavericks,2025-03-19,22400998,IND,135,Pacers,no,0,2025,0,0,0,0,0,0,25,home,10.5,0.0,True,0.0,4.0,Post-COVID,0,,NWG = 0,-10.5,0.0,True,True,True
19600,DET,116,Pistons,2025-03-19,22401000,MIA,113,Heat,ESPN,0,2025,0,0,0,0,0,0,13,away,4.5,0.0,False,1.0,-3.0,Post-COVID,0,,NWG = 0,4.5,1.0,True,True,True
16936,NOP,119,Pelicans,2025-03-19,22401001,MIN,115,Timberwolves,no,0,2025,0,0,0,0,0,0,9,home,13.5,0.0,True,0.0,-4.0,Post-COVID,0,,NWG = 0,-13.5,0.0,True,True,True
15008,BKN,99,Nets,2025-03-20,22401011,IND,105,Pacers,NBA TV,0,2025,0,1,0,0,0,1,29,home,7.5,0.0,True,0.0,6.0,Post-COVID,-1,0.0,NWG < 0,-7.5,0.0,True,True,True
18064,TOR,114,Raptors,2025-03-20,22401005,GSW,117,Warriors,no,0,2025,0,0,0,0,0,0,10,home,14.5,0.0,True,0.0,3.0,Post-COVID,0,,NWG = 0,-14.5,0.0,True,True,True
20071,DET,117,Pistons,2025-03-21,22401019,DAL,123,Mavericks,no,0,2025,0,0,0,0,0,0,13,away,9.5,0.0,False,1.0,6.0,Post-COVID,0,,NWG = 0,9.5,1.0,True,True,True
17803,PHI,120,76ers,2025-03-21,22401018,SAS,128,Spurs,no,0,2025,0,0,0,0,0,0,8,home,5.5,1.0,True,1.0,8.0,Post-COVID,0,,NWG = 0,-5.5,1.0,True,True,True
17274,BKN,103,Nets,2025-03-22,22401024,IND,108,Pacers,no,0,2025,0,1,0,0,0,1,21,home,13.5,0.0,True,0.0,5.0,Post-COVID,-1,0.0,NWG < 0,-13.5,0.0,True,True,True
16911,MIL,114,Bucks,2025-03-22,22401027,SAC,108,Kings,NBA TV,0,2025,2,0,0,1,1,0,18,home,1.5,0.0,True,0.0,-6.0,Post-COVID,2,1.0,NWG > 0,-1.5,0.0,True,True,True
18055,DEN,116,Nuggets,2025-03-23,22401035,HOU,111,Rockets,no,0,2025,1,0,0,0,1,0,16,home,7.5,0.0,True,0.0,-5.0,Post-COVID,1,1.0,NWG > 0,-7.5,0.0,True,True,True
17927,OKC,103,Thunder,2025-03-23,22401036,LAC,101,Clippers,NBA TV,0,2025,0,1,0,0,0,1,11,home,0.5,0.0,True,0.0,-2.0,Post-COVID,-1,0.0,NWG < 0,-0.5,0.0,True,True,True
17071,MIL,106,Bucks,2025-03-24,22401043,PHX,108,Suns,NBA TV,0,2025,0,0,0,0,0,0,11,home,2.5,0.0,True,0.0,2.0,Post-COVID,0,,NWG = 0,-2.5,0.0,True,True,True
16817,ATL,114,Hawks,2025-03-25,22401049,HOU,121,Rockets,no,0,2025,0,1,0,0,0,1,17,home,7.5,0.0,True,0.0,7.0,Post-COVID,-1,0.0,NWG < 0,-7.5,0.0,True,True,True
14639,ORL,111,Magic,2025-03-25,22401045,CHA,104,Hornets,no,0,2025,0,0,0,0,0,0,11,away,4.5,1.0,False,0.0,-7.0,Post-COVID,0,,NWG = 0,4.5,0.0,True,True,True
17274,LAL,120,Lakers,2025-03-26,22401055,IND,119,Pacers,ESPN,0,2025,1,0,0,1,0,0,13,home,0.5,0.0,True,0.0,-1.0,Post-COVID,1,1.0,NWG > 0,-0.5,0.0,True,True,True
19641,MIL,117,Bucks,2025-03-26,22401057,DEN,127,Nuggets,no,0,2025,0,1,0,0,0,1,15,home,11.5,0.0,True,0.0,10.0,Post-COVID,-1,0.0,NWG < 0,-11.5,0.0,True,True,True
21957,LAL,117,Lakers,2025-03-27,22401063,CHI,119,Bulls,no,0,2025,0,0,0,0,0,0,14,away,3.5,0.0,False,1.0,2.0,Post-COVID,0,,NWG = 0,3.5,1.0,True,True,True
19432,SAS,116,Spurs,2025-03-27,22401059,CLE,124,Cavaliers,no,0,2025,0,0,0,0,0,0,16,home,13.5,0.0,True,0.0,8.0,Post-COVID,0,,NWG = 0,-13.5,0.0,True,True,True
16316,BKN,115,Nets,2025-03-29,22401075,WAS,112,Wizards,no,0,2025,1,0,0,1,0,0,22,home,2.5,0.0,True,0.0,-3.0,Post-COVID,1,1.0,NWG > 0,-2.5,0.0,True,True,True
21045,DAL,120,Mavericks,2025-03-29,22401077,CHI,119,Bulls,no,0,2025,0,0,0,0,0,0,15,home,2.5,0.0,True,0.0,-1.0,Post-COVID,0,,NWG = 0,-2.5,0.0,True,True,True
17490,CHA,94,Hornets,2025-03-30,22401085,NOP,98,Pelicans,no,0,2025,0,0,0,0,0,0,17,home,2.5,1.0,True,1.0,4.0,Post-COVID,0,,NWG = 0,-2.5,1.0,True,True,True
19432,LAC,122,Clippers,2025-03-30,22401081,CLE,127,Cavaliers,no,0,2025,0,0,0,0,0,0,11,home,6.5,0.0,True,0.0,5.0,Post-COVID,0,,NWG = 0,-6.5,0.0,True,True,True
19790,BKN,113,Nets,2025-03-31,22401095,DAL,109,Mavericks,no,0,2025,0,0,0,0,0,0,16,home,9.5,0.0,True,0.0,-4.0,Post-COVID,0,,NWG = 0,-9.5,0.0,True,True,True
18997,HOU,98,Rockets,2025-03-31,22401096,LAL,104,Lakers,TNT/truTV/Max,0,2025,0,1,0,0,0,1,17,home,4.5,1.0,True,1.0,6.0,Post-COVID,-1,0.0,NWG < 0,-4.5,1.0,True,True,True
16341,SAC,109,Kings,2025-03-31,22401090,IND,111,Pacers,no,0,2025,1,1,0,1,0,1,24,home,3.5,0.0,True,0.0,2.0,Post-COVID,0,0.5,NWG = 0,-3.5,0.0,True,True,True
14410,UTA,106,Jazz,2025-03-31,22401089,CHA,110,Hornets,no,0,2025,0,0,0,0,0,0,20,home,4.5,0.0,True,0.0,4.0,Post-COVID,0,,NWG = 0,-4.5,0.0,True,True,True
17794,GSW,134,Warriors,2025-04-01,22401100,MEM,125,Grizzlies,no,0,2025,0,0,0,0,0,0,18,away,3.5,1.0,False,0.0,-9.0,Post-COVID,0,,NWG = 0,3.5,0.0,True,True,True
19927,MIN,140,Timberwolves,2025-04-01,22401102,DEN,139,Nuggets,TNT/truTV/Max,0,2025,1,1,0,0,1,1,56,home,1.5,0.0,True,0.0,-1.0,Post-COVID,0,0.5,NWG = 0,-1.5,0.0,True,True,True
19977,ATL,118,Hawks,2025-04-02,22401109,DAL,120,Mavericks,no,0,2025,1,0,0,1,0,0,14,home,3.5,0.0,True,0.0,2.0,Post-COVID,1,1.0,NWG > 0,-3.5,0.0,True,True,True
15018,SAC,111,Kings,2025-04-02,22401105,WAS,116,Wizards,no,0,2025,0,0,0,0,0,0,13,away,13.5,0.0,False,1.0,5.0,Post-COVID,0,,NWG = 0,13.5,1.0,True,True,True
19700,MEM,110,Grizzlies,2025-04-03,22401114,MIA,108,Heat,TNT/truTV/Max,0,2025,1,0,0,0,1,0,9,away,5.5,0.0,False,1.0,-2.0,Post-COVID,1,1.0,NWG > 0,5.5,1.0,True,True,True
17819,CLE,114,Cavaliers,2025-04-04,22401124,SAS,113,Spurs,no,0,2025,0,0,0,0,0,0,16,away,12.5,0.0,False,1.0,-1.0,Post-COVID,0,,NWG = 0,12.5,1.0,True,True,True
21572,POR,113,Trail Blazers,2025-04-04,22401122,CHI,118,Bulls,no,0,2025,0,0,0,0,0,0,11,home,6.5,0.0,True,0.0,5.0,Post-COVID,0,,NWG = 0,-6.5,0.0,True,True,True
20062,MEM,109,Grizzlies,2025-04-05,22401129,DET,103,Pistons,NBA TV,0,2025,1,0,0,1,0,0,28,away,1.5,1.0,False,0.0,-6.0,Post-COVID,1,1.0,NWG > 0,1.5,0.0,True,True,True
19734,MIL,121,Bucks,2025-04-05,22401131,MIA,115,Heat,no,0,2025,0,2,1,0,0,1,23,home,0.5,0.0,True,0.0,-6.0,Post-COVID,-2,0.0,NWG < 0,-0.5,0.0,True,True,True
19755,MIN,114,Timberwolves,2025-04-05,22401130,PHI,109,76ers,no,0,2025,0,0,0,0,0,0,12,away,16.5,0.0,False,1.0,-5.0,Post-COVID,0,,NWG = 0,16.5,1.0,True,True,True
19932,IND,125,Pacers,2025-04-06,22401142,DEN,120,Nuggets,no,0,2025,0,0,0,0,0,0,12,home,6.5,0.0,True,0.0,-5.0,Post-COVID,0,,NWG = 0,-6.5,0.0,True,True,True
17561,MIL,111,Bucks,2025-04-06,22400617,NOP,107,Pelicans,no,0,2025,1,0,0,1,0,0,9,away,6.5,0.0,False,1.0,-4.0,Post-COVID,1,1.0,NWG > 0,6.5,1.0,True,True,True
19432,SAC,120,Kings,2025-04-06,22401138,CLE,113,Cavaliers,NBA TV,0,2025,0,1,0,0,0,1,9,home,9.5,0.0,True,0.0,-7.0,Post-COVID,-1,0.0,NWG < 0,-9.5,0.0,True,True,True
17928,SAS,109,Spurs,2025-04-06,22401139,POR,120,Trail Blazers,no,0,2025,0,0,0,0,0,0,13,home,3.5,1.0,True,1.0,11.0,Post-COVID,0,,NWG = 0,-3.5,1.0,True,True,True
19812,BOS,119,Celtics,2025-04-08,22401151,NYK,117,Knicks,TNT/truTV/Max,0,2025,2,1,0,2,0,1,27,away,2.5,0.0,False,1.0,-2.0,Post-COVID,1,0.6666666666666666,NWG > 0,2.5,1.0,True,True,True
16144,WAS,98,Wizards,2025-04-08,22401148,IND,104,Pacers,no,0,2025,0,0,0,0,0,0,9,home,18.5,0.0,True,0.0,6.0,Post-COVID,0,,NWG = 0,-18.5,0.0,True,True,True
18175,POR,126,Trail Blazers,2025-04-09,22401162,UTA,133,Jazz,no,0,2025,1,1,0,1,0,1,25,away,6.5,0.0,False,1.0,7.0,Post-COVID,0,0.5,NWG = 0,6.5,1.0,True,True,True
18064,SAS,114,Spurs,2025-04-09,22401163,GSW,111,Warriors,no,0,2025,4,0,0,3,1,0,13,home,17.5,0.0,True,0.0,-3.0,Post-COVID,4,1.0,NWG > 0,-17.5,0.0,True,True,True
,CLE,112,Cavaliers,2025-04-10,22401168,IND,114,Pacers,TNT/truTV/Max,0,2025,0,0,0,0,0,0,15,home,9.5,0.0,True,0.0,2.0,Post-COVID,0,,NWG = 0,-9.5,0.0,True,True,True
,CLE,108,Cavaliers,2025-04-11,22401175,NYK,102,Knicks,no,0,2025,0,0,0,0,0,0,19,home,3.5,0.0,True,0.0,-6.0,Post-COVID,0,,NWG = 0,-3.5,0.0,True,True,True
,LAC,101,Clippers,2025-04-11,22401184,SAC,100,Kings,no,0,2025,0,0,0,0,0,0,14,away,7.5,0.0,False,1.0,-1.0,Post-COVID,0,,NWG = 0,7.5,1.0,True,True,True
,MIL,125,Bucks,2025-04-11,22401171,DET,119,Pistons,NBA TV,0,2025,0,0,0,0,0,0,21,home,4.5,0.0,True,0.0,-6.0,Post-COVID,0,,NWG = 0,-4.5,0.0,True,True,True
,CHA,86,Hornets,2025-04-13,22401187,BOS,93,Celtics,no,0,2025,0,0,0,0,0,0,11,home,10.5,0.0,True,0.0,7.0,Post-COVID,0,,NWG = 0,-10.5,0.0,True,True,True
,DET,133,Pistons,2025-04-13,22401192,MIL,140,Bucks,ESPN,0,2025,0,0,0,0,0,0,12,away,9.5,0.0,False,1.0,7.0,Post-COVID,0,,NWG = 0,9.5,1.0,True,True,True
,IND,126,Pacers,2025-04-13,22401189,CLE,118,Cavaliers,no,0,2025,0,0,0,0,0,0,19,away,6.5,1.0,False,0.0,-8.0,Post-COVID,0,,NWG = 0,6.5,0.0,True,True,True
,LAC,124,Clippers,2025-04-13,22401198,GSW,119,Warriors,ESPN,0,2025,0,0,0,0,0,0,46,home,3.5,0.0,True,0.0,-5.0,Post-COVID,0,,NWG = 0,-3.5,0.0,True,True,True
,WAS,119,Wizards,2025-04-13,22401190,MIA,118,Heat,no,0,2025,0,0,0,0,0,0,17,home,8.5,0.0,True,0.0,-1.0,Post-COVID,0,,NWG = 0,-8.5,0.0,True,True,True
,MEM,116,Grizzlies,2025-04-15,52400121,GSW,121,Warriors,TNT/truTV/Max,0,2025,0,1,0,0,0,0,21,home,6.5,0.0,True,0.0,5.0,Post-COVID,-1,0.0,NWG < 0,-6.5,0.0,True,True,True
,MIA,123,Heat,2025-04-18,52400201,ATL,114,Hawks,TNT/truTV/Max,0,2025,0,0,0,0,0,0,32,away,2.5,1.0,False,0.0,-9.0,Post-COVID,0,,NWG = 0,2.5,0.0,True,True,True
,LAC,110,Clippers,2025-04-19,42400171,DEN,112,Nuggets,ESPN,1,2025,0,0,0,0,0,0,33,home,3.5,0.0,True,0.0,2.0,Post-COVID,0,,NWG = 0,-3.5,0.0,True,True,True
,DET,100,Pistons,2025-04-21,42400122,NYK,94,Knicks,TNT/truTV/Max,1,2025,0,0,0,0,0,0,22,home,6.5,0.0,True,0.0,-6.0,Post-COVID,0,,NWG = 0,-6.5,0.0,True,True,True
,LAC,105,Clippers,2025-04-21,42400172,DEN,102,Nuggets,TNT/truTV/Max,1,2025,0,0,0,0,0,0,18,home,0.5,0.0,True,0.0,-3.0,Post-COVID,0,,NWG = 0,-0.5,0.0,True,True,True
,NYK,118,Knicks,2025-04-24,42400123,DET,116,Pistons,TNT/Max,1,2025,0,0,0,0,0,0,22,away,1.5,1.0,False,0.0,-2.0,Post-COVID,0,,NWG = 0,1.5,0.0,True,True,True
,OKC,114,Thunder,2025-04-24,42400143,MEM,108,Grizzlies,TNT/Max,1,2025,0,0,0,0,0,0,13,away,9.5,0.0,False,1.0,-6.0,Post-COVID,0,,NWG = 0,9.5,1.0,True,True,True
,BOS,93,Celtics,2025-04-25,42400113,ORL,95,Magic,ESPN,1,2025,0,0,0,0,0,0,10,away,4.5,0.0,False,1.0,2.0,Post-COVID,0,,NWG = 0,4.5,1.0,True,True,True
,DEN,101,Nuggets,2025-04-26,42400174,LAC,99,Clippers,TNT/Max,1,2025,0,0,0,0,0,0,17,home,6.5,0.0,True,0.0,-2.0,Post-COVID,0,,NWG = 0,-6.5,0.0,True,True,True
,OKC,117,Thunder,2025-04-26,42400144,MEM,115,Grizzlies,TNT/Max,1,2025,0,0,0,0,0,0,13,away,15.5,0.0,False,1.0,-2.0,Post-COVID,0,,NWG = 0,15.5,1.0,True,True,True
,LAL,113,Lakers,2025-04-27,42400164,MIN,116,Timberwolves,ABC,1,2025,0,0,0,0,0,0,15,home,2.5,1.0,True,1.0,3.0,Post-COVID,0,,NWG = 0,-2.5,1.0,True,True,True
,NYK,94,Knicks,2025-04-27,42400124,DET,93,Pistons,ABC,1,2025,0,0,0,0,0,0,14,home,2.5,0.0,True,0.0,-1.0,Post-COVID,0,,NWG = 0,-2.5,0.0,True,True,True
,HOU,106,Rockets,2025-04-28,42400154,GSW,109,Warriors,TNT/truTV/Max,1,2025,0,0,0,0,0,0,13,home,3.5,0.0,True,0.0,3.0,Post-COVID,0,,NWG = 0,-3.5,0.0,True,True,True
,DET,106,Pistons,2025-04-29,42400125,NYK,103,Knicks,TNT/truTV/Max,1,2025,0,0,0,0,0,0,25,home,5.5,0.0,True,0.0,-3.0,Post-COVID,0,,NWG = 0,-5.5,0.0,True,True,True
,MIL,118,Bucks,2025-04-29,42400135,IND,119,Pacers,NBA TV,1,2025,0,0,0,0,0,0,25,home,7.5,0.0,True,0.0,1.0,Post-COVID,0,,NWG = 0,-7.5,0.0,True,True,True
,MIN,103,Timberwolves,2025-04-30,42400165,LAL,96,Lakers,TNT/truTV/Max,1,2025,0,0,0,0,0,0,16,home,5.5,0.0,True,0.0,-7.0,Post-COVID,0,,NWG = 0,-5.5,0.0,True,True,True
,NYK,116,Knicks,2025-05-01,42400126,DET,113,Pistons,TNT/truTV/Max,1,2025,0,0,0,0,0,0,24,home,1.5,0.0,True,0.0,-3.0,Post-COVID,0,,NWG = 0,-1.5,0.0,True,True,True
,DEN,121,Nuggets,2025-05-05,42400221,OKC,119,Thunder,TNT/truTV/Max,1,2025,0,0,0,0,0,0,17,home,10.5,0.0,True,0.0,-2.0,Post-COVID,0,,NWG = 0,-10.5,0.0,True,True,True
,NYK,108,Knicks,2025-05-05,42400211,BOS,105,Celtics,TNT/truTV/Max,1,2025,0,0,0,0,0,0,36,home,8.5,0.0,True,0.0,-3.0,Post-COVID,0,,NWG = 0,-8.5,0.0,True,True,True
,IND,120,Pacers,2025-05-06,42400202,CLE,119,Cavaliers,TNT/truTV/Max,1,2025,1,1,0,1,0,1,20,home,5.5,0.0,True,0.0,-1.0,Post-COVID,0,0.5,NWG = 0,-5.5,0.0,True,True,True
,OKC,104,Thunder,2025-05-09,42400223,DEN,113,Nuggets,ESPN,1,2025,0,0,0,0,0,0,12,away,6.5,0.0,False,1.0,9.0,Post-COVID,0,,NWG = 0,6.5,1.0,True,True,True
,OKC,92,Thunder,2025-05-11,42400224,DEN,87,Nuggets,ABC,1,2025,0,0,0,0,0,0,12,away,6.5,0.0,False,1.0,-5.0,Post-COVID,0,,NWG = 0,6.5,1.0,True,True,True
,DEN,105,Nuggets,2025-05-13,42400225,OKC,112,Thunder,TNT/truTV/Max,1,2025,0,0,0,0,0,0,13,home,10.5,0.0,True,0.0,7.0,Post-COVID,0,,NWG = 0,-10.5,0.0,True,True,True
,IND,114,Pacers,2025-05-13,42400205,CLE,105,Cavaliers,TNT/truTV/Max,1,2025,0,0,0,0,0,0,11,home,8.5,0.0,True,0.0,-9.0,Post-COVID,0,,NWG = 0,-8.5,0.0,True,True,True
